Workbook

Sheet ReadMe
A1: Generic Comet (GC) TIMES Supply
B3: Sheet color
C4: Raw Data and Parameters
C6: City Specific Data
C8: Post processing for TIMES
C10: Table formatted for TIMES

Sheet >> City Data

Sheet City characteristics
B2: City Basic Data
B4: Calibration methodology | C4: GHG Inventory
B6: A. City Characteristics
B7: Data Item | C7: Value | D7: Units
B8: City Name | C8: New York
B9: Latitude | C9: 40.5
B10: Longitude | C10: -75
B11: County | C11: New York County
B12: State | C12: New York
B13: Census Division | C13: Middle Atlantic
B14: Climate Division | C14: Northeast
B15: Egrid Region | C15: NPCC NYC/Westchester
B16: Area of city (excluding water, natural and agricultural areas) | C16: 778 | D16: square kilometers
B17: * Division and Region Map can be found in the Maps sheet.
B18: B. Planning Base Year and Target Years
B19: Year | C19: Value | D19: Units
B20: Base Year | C20: 2019 | D20: Acceptable range [2018,2021]
B21: End Year | C21: 2050
B23: C. City Population and GDP
B24: Data Item | C24: Value | D24: Units
B25: Population in Base Year | C25: 8337 | D25: Thousand of people
B26: Annual population growth (Base Year - End Year) | C26: 0.5 | D26: % people
B27: GDP in Base Year | C27: 1206000 | D27: Million US$
B28: Annual GDP growth rate | C28: 2 | D28: % US$
B29: Share of manufacturing GDP | C29: 5 | D29: % US$
B30: Share of State population | C30: 0.42835123
B31: Share of State GDP | C31: 0.67251772
B32: Adjustment from state manufacturing GDP | C32: 1.0638298
B34: D. Climate Data
B35: Data Item | C35: 2000 | D35: 2050 | E35: 2100 | F35: Units
B36: Heating degree days (HDD) | C36: 4473.4625 | D36: 4066.4182 | E36: 3763.8582 | F36: F
B37: Cooling degree days (CDD) | C37: 1020.7333 | D37: 1224.2555 | E37: 1375.5355 | F37: F
B39: Data Item | C39: Value | D39: Units
B40: Correction from State HDD | C40: 0.72727402
B41: Correction from State CDD | C41: 1.5583715
B42: Annual precipitation | C42: 762 | D42: mm / year
B43: Climate change scenario | C43: RCP4.5
B44: Average temperature increase in 1980-2020 | C44: 1.4617857 | D44: F
B45: Forecasted average temperature increase in 2035-2065 | C45: 3.13 | D45: F
B46: Forecasted average temperature increase in 2070-2100 | C46: 4.37 | D46: F
B47: *Climate change scenario description can be found in the Lists sheet.
B48: E. Energy scenario
B49: Data Item | C49: Value | D49: Units
B50: AEO energy scenario | C50: lowmachighZTC
B51: Electricity technology scenario | C51: Moderate
B52: Transport technology scenario | C52: Mid
B53: District energy | C53: Yes
B54: * Energy scenario description can be foundin the Lists sheet.

Sheet >> GC_Resid

Sheet Demand
A1: Sector | B1: Sub-sector | C1: Archetype | D1: Vintage | E1: Demand Label | F1: Unit | G1: 2019 | H1: 2020 | I1: 2025 | J1: 2030 | K1: 2035 | L1: 2040 | M1: 2045 | N1: 2050 | O1: 2055 | P1: 2060 | Q1: 2065 | R1: 2070 | S1: 2075 | T1: 2080 | U1: 2085 | V1: 2090 | W1: 2095 | X1: 2100
A2: Commercial | B2: Hotel | D2: Old | E2: COMHOTOldDMD | F2: Mm2 | G2: 11.978701 | H2: 11.978701 | I2: 11.978701 | J2: 11.978701 | K2: 11.978701 | L2: 11.978701 | M2: 11.978701 | N2: 11.978701 | O2: 11.978701 | P2: 11.978701 | Q2: 11.978701 | R2: 11.978701 | S2: 11.978701 | T2: 11.978701 | U2: 11.978701 | V2: 11.978701 | W2: 11.978701 | X2: 11.978701
A3: Commercial | B3: Retail | D3: Old | E3: COMRETOldDMD | F3: Mm2 | G3: 23.081056 | H3: 23.081056 | I3: 23.081056 | J3: 23.081056 | K3: 23.081056 | L3: 23.081056 | M3: 23.081056 | N3: 23.081056 | O3: 23.081056 | P3: 23.081056 | Q3: 23.081056 | R3: 23.081056 | S3: 23.081056 | T3: 23.081056 | U3: 23.081056 | V3: 23.081056 | W3: 23.081056 | X3: 23.081056
A4: Commercial | B4: Office | D4: Old | E4: COMOFFOldDMD | F4: Mm2 | G4: 73.164819 | H4: 73.164819 | I4: 73.164819 | J4: 73.164819 | K4: 73.164819 | L4: 73.164819 | M4: 73.164819 | N4: 73.164819 | O4: 73.164819 | P4: 73.164819 | Q4: 73.164819 | R4: 73.164819 | S4: 73.164819 | T4: 73.164819 | U4: 73.164819 | V4: 73.164819 | W4: 73.164819 | X4: 73.164819
A5: Commercial | B5: Hospital | D5: Old | E5: COMHOPOldDMD | F5: Mm2 | G5: 44.382259 | H5: 44.382259 | I5: 44.382259 | J5: 44.382259 | K5: 44.382259 | L5: 44.382259 | M5: 44.382259 | N5: 44.382259 | O5: 44.382259 | P5: 44.382259 | Q5: 44.382259 | R5: 44.382259 | S5: 44.382259 | T5: 44.382259 | U5: 44.382259 | V5: 44.382259 | W5: 44.382259 | X5: 44.382259
A6: Commercial | B6: Educationnal | D6: Old | E6: COMEDUOldDMD | F6: Mm2 | G6: 48.565496 | H6: 48.565496 | I6: 48.565496 | J6: 48.565496 | K6: 48.565496 | L6: 48.565496 | M6: 48.565496 | N6: 48.565496 | O6: 48.565496 | P6: 48.565496 | Q6: 48.565496 | R6: 48.565496 | S6: 48.565496 | T6: 48.565496 | U6: 48.565496 | V6: 48.565496 | W6: 48.565496 | X6: 48.565496
A7: Commercial | B7: Warehouse | D7: Old | E7: COMWAROldDMD | F7: Mm2 | G7: 32.733587 | H7: 32.733587 | I7: 32.733587 | J7: 32.733587 | K7: 32.733587 | L7: 32.733587 | M7: 32.733587 | N7: 32.733587 | O7: 32.733587 | P7: 32.733587 | Q7: 32.733587 | R7: 32.733587 | S7: 32.733587 | T7: 32.733587 | U7: 32.733587 | V7: 32.733587 | W7: 32.733587 | X7: 32.733587
A8: Commercial | B8: Municipal | D8: Old | E8: COMMUNOldDMD | F8: Mm2 | G8: 16.841333 | H8: 16.841333 | I8: 16.841333 | J8: 16.841333 | K8: 16.841333 | L8: 16.841333 | M8: 16.841333 | N8: 16.841333 | O8: 16.841333 | P8: 16.841333 | Q8: 16.841333 | R8: 16.841333 | S8: 16.841333 | T8: 16.841333 | U8: 16.841333 | V8: 16.841333 | W8: 16.841333 | X8: 16.841333
A9: Commercial | B9: Other | D9: Old | E9: COMOTHOldDMD | F9: Mm2 | G9: 8.7602804 | H9: 8.7602804 | I9: 8.7602804 | J9: 8.7602804 | K9: 8.7602804 | L9: 8.7602804 | M9: 8.7602804 | N9: 8.7602804 | O9: 8.7602804 | P9: 8.7602804 | Q9: 8.7602804 | R9: 8.7602804 | S9: 8.7602804 | T9: 8.7602804 | U9: 8.7602804 | V9: 8.7602804 | W9: 8.7602804 | X9: 8.7602804
A10: Commercial | B10: Hotel | D10: New | E10: COMHOTNewDMD | F10: Mm2 | G10: 0 | H10: 0.23957402 | I10: 1.4374441 | J10: 2.6353143 | K10: 3.8331844 | L10: 5.0310545 | M10: 6.2289246 | N10: 7.4267947 | O10: 8.6246649 | P10: 9.822535 | Q10: 11.020405 | R10: 12.218275 | S10: 13.416145 | T10: 14.614015 | U10: 15.811886 | V10: 17.009756 | W10: 18.207626 | X10: 19.405496
A11: Commercial | B11: Retail | D11: New | E11: COMRETNewDMD | F11: Mm2 | G11: 0 | H11: 0.46162113 | I11: 2.7697268 | J11: 5.0778324 | K11: 7.3859381 | L11: 9.6940437 | M11: 12.002149 | N11: 14.310255 | O11: 16.618361 | P11: 18.926466 | Q11: 21.234572 | R11: 23.542678 | S11: 25.850783 | T11: 28.158889 | U11: 30.466995 | V11: 32.7751 | W11: 35.083206 | X11: 37.391311
A12: Commercial | B12: Office | D12: New | E12: COMOFFNewDMD | F12: Mm2 | G12: 0 | H12: 1.4632964 | I12: 8.7797783 | J12: 16.09626 | K12: 23.412742 | L12: 30.729224 | M12: 38.045706 | N12: 45.362188 | O12: 52.67867 | P12: 59.995152 | Q12: 67.311633 | R12: 74.628115 | S12: 81.944597 | T12: 89.261079 | U12: 96.577561 | V12: 103.89404 | W12: 111.21052 | X12: 118.52701
A13: Commercial | B13: Hospital | D13: New | E13: COMHOPNewDMD | F13: Mm2 | G13: 0 | H13: 0.88764519 | I13: 5.3258711 | J13: 9.764097 | K13: 14.202323 | L13: 18.640549 | M13: 23.078775 | N13: 27.517001 | O13: 31.955227 | P13: 36.393453 | Q13: 40.831679 | R13: 45.269904 | S13: 49.70813 | T13: 54.146356 | U13: 58.584582 | V13: 63.022808 | W13: 67.461034 | X13: 71.89926
... A17: Commercial | B17: Other | D17: New | E17: COMOTHNewDMD | F17: Mm2 | G17: 0 | H17: 0.17520561 | I17: 1.0512337 | J17: 1.9272617 | K17: 2.8032897 | L17: 3.6793178 | M17: 4.5553458 | N17: 5.4313739 | O17: 6.3074019 | P17: 7.18343 | Q17: 8.059458 | R17: 8.9354861 | S17: 9.8115141 | T17: 10.687542 | U17: 11.56357 | V17: 12.439598 | W17: 13.315626 | X17: 14.191654
A18: Residential | B18: Apartment | C18: Low Income | D18: Old | E18: RESAPALOOldDMD | F18: Mm2 | G18: 51.807877 | H18: 51.807877 | I18: 51.807877 | J18: 51.807877 | K18: 51.807877 | L18: 51.807877 | M18: 51.807877 | N18: 51.807877 | O18: 51.807877 | P18: 51.807877 | Q18: 51.807877 | R18: 51.807877 | S18: 51.807877 | T18: 51.807877 | U18: 51.807877 | V18: 51.807877 | W18: 51.807877 | X18: 51.807877
A19: Residential | B19: House | C19: Low Income | D19: Old | E19: RESHOULOOldDMD | F19: Mm2 | G19: 14.956798 | H19: 14.956798 | I19: 14.956798 | J19: 14.956798 | K19: 14.956798 | L19: 14.956798 | M19: 14.956798 | N19: 14.956798 | O19: 14.956798 | P19: 14.956798 | Q19: 14.956798 | R19: 14.956798 | S19: 14.956798 | T19: 14.956798 | U19: 14.956798 | V19: 14.956798 | W19: 14.956798 | X19: 14.956798
A20: Residential | B20: Apartment | C20: Lower-Middle Income | D20: Old | E20: RESAPALMOldDMD | F20: Mm2 | G20: 57.121976 | H20: 57.121976 | I20: 57.121976 | J20: 57.121976 | K20: 57.121976 | L20: 57.121976 | M20: 57.121976 | N20: 57.121976 | O20: 57.121976 | P20: 57.121976 | Q20: 57.121976 | R20: 57.121976 | S20: 57.121976 | T20: 57.121976 | U20: 57.121976 | V20: 57.121976 | W20: 57.121976 | X20: 57.121976
A21: Residential | B21: House | C21: Lower-Middle Income | D21: Old | E21: RESHOULMOldDMD | F21: Mm2 | G21: 38.299259 | H21: 38.299259 | I21: 38.299259 | J21: 38.299259 | K21: 38.299259 | L21: 38.299259 | M21: 38.299259 | N21: 38.299259 | O21: 38.299259 | P21: 38.299259 | Q21: 38.299259 | R21: 38.299259 | S21: 38.299259 | T21: 38.299259 | U21: 38.299259 | V21: 38.299259 | W21: 38.299259 | X21: 38.299259
A22: Residential | B22: Apartment | C22: Upper-Middle Income | D22: Old | E22: RESAPAUMOldDMD | F22: Mm2 | G22: 15.495888 | H22: 15.495888 | I22: 15.495888 | J22: 15.495888 | K22: 15.495888 | L22: 15.495888 | M22: 15.495888 | N22: 15.495888 | O22: 15.495888 | P22: 15.495888 | Q22: 15.495888 | R22: 15.495888 | S22: 15.495888 | T22: 15.495888 | U22: 15.495888 | V22: 15.495888 | W22: 15.495888 | X22: 15.495888
A23: Residential | B23: House | C23: Upper-Middle Income | D23: Old | E23: RESHOUUMOldDMD | F23: Mm2 | G23: 19.187214 | H23: 19.187214 | I23: 19.187214 | J23: 19.187214 | K23: 19.187214 | L23: 19.187214 | M23: 19.187214 | N23: 19.187214 | O23: 19.187214 | P23: 19.187214 | Q23: 19.187214 | R23: 19.187214 | S23: 19.187214 | T23: 19.187214 | U23: 19.187214 | V23: 19.187214 | W23: 19.187214 | X23: 19.187214
A24: Residential | B24: Apartment | C24: High Income | D24: Old | E24: RESAPAHIOldDMD | F24: Mm2 | G24: 66.398717 | H24: 66.398717 | I24: 66.398717 | J24: 66.398717 | K24: 66.398717 | L24: 66.398717 | M24: 66.398717 | N24: 66.398717 | O24: 66.398717 | P24: 66.398717 | Q24: 66.398717 | R24: 66.398717 | S24: 66.398717 | T24: 66.398717 | U24: 66.398717 | V24: 66.398717 | W24: 66.398717 | X24: 66.398717
A25: Residential | B25: House | C25: High Income | D25: Old | E25: RESHOUHIOldDMD | F25: Mm2 | G25: 96.552051 | H25: 96.552051 | I25: 96.552051 | J25: 96.552051 | K25: 96.552051 | L25: 96.552051 | M25: 96.552051 | N25: 96.552051 | O25: 96.552051 | P25: 96.552051 | Q25: 96.552051 | R25: 96.552051 | S25: 96.552051 | T25: 96.552051 | U25: 96.552051 | V25: 96.552051 | W25: 96.552051 | X25: 96.552051
A26: Residential | B26: Apartment | C26: Low Income | D26: New | E26: RESAPALONewDMD | F26: Mm2 | G26: 0 | H26: 0.25903939 | I26: 1.5542363 | J26: 2.8494333 | K26: 4.1446302 | L26: 5.4398271 | M26: 6.7350241 | N26: 8.030221 | O26: 9.3254179 | P26: 10.620615 | Q26: 11.915812 | R26: 13.211009 | S26: 14.506206 | T26: 15.801403 | U26: 17.0966 | V26: 18.391797 | W26: 19.686993 | X26: 20.98219
A27: Residential | B27: House | C27: Low Income | D27: New | E27: RESHOULONewDMD | F27: Mm2 | G27: 0 | H27: 0.07478399 | I27: 0.44870394 | J27: 0.82262389 | K27: 1.1965438 | L27: 1.5704638 | M27: 1.9443837 | N27: 2.3183037 | O27: 2.6922236 | P27: 3.0661436 | Q27: 3.4400635 | R27: 3.8139835 | S27: 4.1879034 | T27: 4.5618234 | U27: 4.9357433 | V27: 5.3096633 | W27: 5.6835832 | X27: 6.0575032
A28: Residential | B28: Apartment | C28: Lower-Middle Income | D28: New | E28: RESAPALMNewDMD | F28: Mm2 | G28: 0 | H28: 0.28560988 | I28: 1.7136593 | J28: 3.1417087 | K28: 4.5697581 | L28: 5.9978075 | M28: 7.4258569 | N28: 8.8539063 | O28: 10.281956 | P28: 11.710005 | Q28: 13.138055 | R28: 14.566104 | S28: 15.994153 | T28: 17.422203 | U28: 18.850252 | V28: 20.278302 | W28: 21.706351 | X28: 23.1344
A29: Residential | B29: House | C29: Lower-Middle Income | D29: New | E29: RESHOULMNewDMD | F29: Mm2 | G29: 0 | H29: 0.19149629 | I29: 1.1489778 | J29: 2.1064592 | K29: 3.0639407 | L29: 4.0214222 | M29: 4.9789036 | N29: 5.9363851 | O29: 6.8938665 | P29: 7.851348 | Q29: 8.8088295 | R29: 9.7663109 | S29: 10.723792 | T29: 11.681274 | U29: 12.638755 | V29: 13.596237 | W29: 14.553718 | X29: 15.5112
... A33: Residential | B33: House | C33: High Income | D33: New | E33: RESHOUHINewDMD | F33: Mm2 | G33: 0 | H33: 0.48276025 | I33: 2.8965615 | J33: 5.3103628 | K33: 7.7241641 | L33: 10.137965 | M33: 12.551767 | N33: 14.965568 | O33: 17.379369 | P33: 19.79317 | Q33: 22.206972 | R33: 24.620773 | S33: 27.034574 | T33: 29.448376 | U33: 31.862177 | V33: 34.275978 | W33: 36.689779 | X33: 39.103581
A34: Industrial | B34: All Industries | E34: INDAINDMD | F34: TJ | G34: 66716.461 | H34: 68050.79 | I34: 74855.869 | J34: 82341.456 | K34: 90575.602 | L34: 99633.162 | M34: 109596.48 | N34: 120556.13 | O34: 132611.74 | P34: 145872.91 | Q34: 160460.2 | R34: 176506.22 | S34: 194156.85 | T34: 213572.53 | U34: 234929.78 | V34: 258422.76 | W34: 284265.04 | X34: 312691.54
A35: Transportation | B35: Passenger | C35: Passenger Car | E35: TRAPASCARDMD | F35: M Vkm | G35: 68921.251 | H35: 69265.857 | I35: 70997.504 | J35: 72772.441 | K35: 74591.752 | L35: 76456.546 | M35: 78367.96 | N35: 80327.159 | O35: 82335.338 | P35: 84393.721 | Q35: 86503.564 | R35: 88666.153 | S35: 90882.807 | T35: 93154.877 | U35: 95483.749 | V35: 97870.843 | W35: 100317.61 | X35: 102825.55
A36: Transportation | B36: Passenger | C36: Passenger Truck | E36: TRAPASLDTDMD | F36: M Vkm | G36: 0 | H36: 0 | I36: 0 | J36: 0 | K36: 0 | L36: 0 | M36: 0 | N36: 0 | O36: 0 | P36: 0 | Q36: 0 | R36: 0 | S36: 0 | T36: 0 | U36: 0 | V36: 0 | W36: 0 | X36: 0
A37: Transportation | B37: Passenger | C37: Motorcycle | E37: TRAPASMOTDMD | F37: M Vkm | G37: 0 | H37: 0 | I37: 0 | J37: 0 | K37: 0 | L37: 0 | M37: 0 | N37: 0 | O37: 0 | P37: 0 | Q37: 0 | R37: 0 | S37: 0 | T37: 0 | U37: 0 | V37: 0 | W37: 0 | X37: 0
A38: Transportation | B38: Freight | C38: Light Commercial Truck | E38: TRAFRECLTDMD | F38: M Vkm | G38: 1578.5179 | H38: 1586.4105 | I38: 1626.0707 | J38: 1666.7225 | K38: 1708.3906 | L38: 1751.1003 | M38: 1794.8778 | N38: 1839.7498 | O38: 1885.7435 | P38: 1932.8871 | Q38: 1981.2093 | R38: 2030.7395 | S38: 2081.508 | T38: 2133.5457 | U38: 2186.8844 | V38: 2241.5565 | W38: 2297.5954 | X38: 2355.0353
A39: Transportation | B39: Freight | C39: Refuse Truck | E39: TRAFRERFTDMD | F39: M Vkm | G39: 70.026308 | H39: 70.37644 | I39: 72.135851 | J39: 73.939247 | K39: 75.787728 | L39: 77.682421 | M39: 79.624482 | N39: 81.615094 | O39: 83.655471 | P39: 85.746858 | Q39: 87.89053 | R39: 90.087793 | S39: 92.339988 | T39: 94.648487 | U39: 97.0147 | V39: 99.440067 | W39: 101.92607 | X39: 104.47422
A40: Transportation | B40: Freight | C40: Single Unit Long-haul Truck | E40: TRAFRESLHDMD | F40: M Vkm | G40: 0 | H40: 0 | I40: 0 | J40: 0 | K40: 0 | L40: 0 | M40: 0 | N40: 0 | O40: 0 | P40: 0 | Q40: 0 | R40: 0 | S40: 0 | T40: 0 | U40: 0 | V40: 0 | W40: 0 | X40: 0
A41: Transportation | B41: Freight | C41: Single Unit Short-haul Truck | E41: TRAFRESSHDMD | F41: M Vkm | G41: 0 | H41: 0 | I41: 0 | J41: 0 | K41: 0 | L41: 0 | M41: 0 | N41: 0 | O41: 0 | P41: 0 | Q41: 0 | R41: 0 | S41: 0 | T41: 0 | U41: 0 | V41: 0 | W41: 0 | X41: 0
A42: Transportation | B42: Freight | C42: Combination Long-haul Truck | E42: TRAFRECLHDMD | F42: M Vkm | G42: 1367.6202 | H42: 1374.4583 | I42: 1408.8197 | J42: 1444.0402 | K42: 1480.1412 | L42: 1517.1447 | M42: 1555.0734 | N42: 1593.9502 | O42: 1633.7989 | P42: 1674.6439 | Q42: 1716.51 | R42: 1759.4228 | S42: 1803.4083 | T42: 1848.4935 | U42: 1894.7059 | V42: 1942.0735 | W42: 1990.6254 | X42: 2040.391
A43: Transportation | B43: Freight | C43: Combination Short-haul Truck | E43: TRAFRECSHDMD | F43: M Vkm | G43: 0 | H43: 0 | I43: 0 | J43: 0 | K43: 0 | L43: 0 | M43: 0 | N43: 0 | O43: 0 | P43: 0 | Q43: 0 | R43: 0 | S43: 0 | T43: 0 | U43: 0 | V43: 0 | W43: 0 | X43: 0
A44: Transportation | B44: Passenger | C44: Transit Bus | E44: TRAPASTBUDMD | F44: M Vkm | G44: 498.20419 | H44: 500.69521 | I44: 513.21259 | J44: 526.0429 | K44: 539.19397 | L44: 552.67382 | M44: 566.49067 | N44: 580.65294 | O44: 595.16926 | P44: 610.04849 | Q44: 625.2997 | R44: 640.93219 | S44: 656.9555 | T44: 673.37939 | U44: 690.21387 | V44: 707.46922 | W44: 725.15595 | X44: 743.28485
A45: Transportation | B45: Passenger | C45: School Bus | E45: TRAPASSBUDMD | F45: M Vkm | G45: 86.053217 | H45: 86.483483 | I45: 88.645571 | J45: 90.86171 | K45: 93.133253 | L45: 95.461584 | M45: 97.848123 | N45: 100.29433 | O45: 102.80168 | P45: 105.37173 | Q45: 108.00602 | R45: 110.70617 | S45: 113.47382 | T45: 116.31067 | U45: 119.21844 | V45: 122.1989 | W45: 125.25387 | X45: 128.38522
A46: Transportation | B46: Passenger | C46: Other Buses | E46: TRAPASOBUDMD | F46: M Vkm | G46: 0 | H46: 0 | I46: 0 | J46: 0 | K46: 0 | L46: 0 | M46: 0 | N46: 0 | O46: 0 | P46: 0 | Q46: 0 | R46: 0 | S46: 0 | T46: 0 | U46: 0 | V46: 0 | W46: 0 | X46: 0
... A64: Waste | B64: Water | C64: Annual Precipitation | E64: WASWATAPRDMD | F64: Mm3 | G64: 118.5672 | H64: 118.5672 | I64: 118.5672 | J64: 118.5672 | K64: 118.5672 | L64: 118.5672 | M64: 118.5672 | N64: 118.5672 | O64: 118.5672 | P64: 118.5672 | Q64: 118.5672 | R64: 118.5672 | S64: 118.5672 | T64: 118.5672 | U64: 118.5672 | V64: 118.5672 | W64: 118.5672 | X64: 118.5672
A65: Electricity | B65: Miscellanous EGRID electricity demand | E65: ELCMISEGRIDDMD | F65: TJ | G65: -43034.141 | H65: -43034.141 | I65: -43034.141 | J65: -43034.141 | K65: -43034.141 | L65: -43034.141 | M65: -43034.141 | N65: -43034.141 | O65: -43034.141 | P65: -43034.141 | Q65: -43034.141 | R65: -43034.141 | S65: -43034.141 | T65: -43034.141 | U65: -43034.141 | V65: -43034.141 | W65: -43034.141 | X65: -43034.141
A66: Waste | B66: Water | C66: Treatment | E66: WASWATTRTDMD | F66: Mm3 | G66: 1718.8259 | H66: 1727.42 | I66: 1770.6055 | J66: 1814.8706 | K66: 1860.2424 | L66: 1906.7485 | M66: 1954.4172 | N66: 2003.2776 | O66: 2053.3595 | P66: 2104.6935 | Q66: 2157.3109 | R66: 2211.2436 | S66: 2266.5247 | T66: 2323.1879 | U66: 2381.2676 | V66: 2440.7992 | W66: 2501.8192 | X66: 2564.3647

Sheet WAS RESID
A1: Sector | B1: Sub-sector | C1: Archetype | D1: Vintage | E1: End Use | F1: Technology | G1: Energy | H1: Input Label | I1: Output Label | J1: Demand Label | K1: Technology Label | L1: Included | M1: MODE DEMAND (k tonnes/ M m3) | N1: SPLIT (%) | O1: DEMAND (k tonnes / Mm3) | P1: RESID (k tonnes / Mm3) | Q1: CFA | R1: C2A | S1: Energy flow (TJ/ktonnes) | T1: CH4 (tonnes/ktonnes) | U1: CO2 (tonnes/ktonnes) | V1: N2O (tonnes/ktonnes) | W1: Energy flow (TJ)
A2: Waste | B2: Solid | C2: Paper | E2: Compost | F2: IN | G2: Electricity | H2: WASELC | J2: WASSOLPAPDMDTOT | K2: WASSOLPAPCMP19 | L2: 1 | M2: 3375.0741 | N2: 0 | O2: 0 | P2: 0 | Q2: 0.9 | R2: 1 | S2: 0.0037198608 | T2: 0.59045559 | U2: 0 | V2: 0.011231423 | W2: 0
A3: Waste | B3: Solid | C3: Paper | E3: Compost | F3: IN | G3: Diesel | H3: WASDSL | J3: WASSOLPAPDMDTOT | K3: WASSOLPAPCMP19 | L3: 1 | M3: 3375.0741 | N3: 0 | O3: 0 | P3: 0 | Q3: 0.9 | R3: 1 | S3: 0.0050435779 | T3: 0.59045559 | U3: 0 | V3: 0.011231423 | W3: 0
A4: Waste | B4: Solid | C4: Glass | E4: Compost | F4: IN | G4: Electricity | H4: WASELC | J4: WASSOLGLADMDTOT | K4: WASSOLGLACMP19 | L4: 0 | M4: 405.00889 | N4: 0 | O4: 0 | P4: 0 | Q4: 0.9 | R4: 1 | S4: 0.0032929234 | T4: 0 | U4: 0 | V4: 0 | W4: 0
A5: Waste | B5: Solid | C5: Glass | E5: Compost | F5: IN | G5: Diesel | H5: WASDSL | J5: WASSOLGLADMDTOT | K5: WASSOLGLACMP19 | L5: 0 | M5: 405.00889 | N5: 0 | O5: 0 | P5: 0 | Q5: 0.9 | R5: 1 | S5: 0.0038630599 | T5: 0 | U5: 0 | V5: 0 | W5: 0
A6: Waste | B6: Solid | C6: Metals | E6: Compost | F6: IN | G6: Electricity | H6: WASELC | J6: WASSOLMETDMDTOT | K6: WASSOLMETCMP19 | L6: 0 | M6: 540.01185 | N6: 0 | O6: 0 | P6: 0 | Q6: 0.9 | R6: 1 | S6: 0.0032855945 | T6: 0 | U6: 0 | V6: 0.0076625933 | W6: 0
A7: Waste | B7: Solid | C7: Metals | E7: Compost | F7: IN | G7: Diesel | H7: WASDSL | J7: WASSOLMETDMDTOT | K7: WASSOLMETCMP19 | L7: 0 | M7: 540.01185 | N7: 0 | O7: 0 | P7: 0 | Q7: 0.9 | R7: 1 | S7: 0.0038606586 | T7: 0 | U7: 0 | V7: 0.0076625933 | W7: 0
A8: Waste | B8: Solid | C8: Plastics | E8: Compost | F8: IN | G8: Electricity | H8: WASELC | J8: WASSOLPLADMDTOT | K8: WASSOLPLACMP19 | L8: 0 | M8: 1350.0296 | N8: 0 | O8: 0 | P8: 0 | Q8: 0.9 | R8: 1 | S8: 0.0032574407 | T8: 0 | U8: 0 | V8: 0.048992718 | W8: 0
A9: Waste | B9: Solid | C9: Plastics | E9: Compost | F9: IN | G9: Diesel | H9: WASDSL | J9: WASSOLPLADMDTOT | K9: WASSOLPLACMP19 | L9: 0 | M9: 1350.0296 | N9: 0 | O9: 0 | P9: 0 | Q9: 0.9 | R9: 1 | S9: 0.0041616592 | T9: 0 | U9: 0 | V9: 0.048992718 | W9: 0
A10: Waste | B10: Solid | C10: Food | E10: Compost | F10: IN | G10: Electricity | H10: WASELC | J10: WASSOLFOODMDTOT | K10: WASSOLFOOCMP19 | L10: 1 | M10: 1485.0326 | N10: 0.063636364 | O10: 94.502074 | P10: 105.0023 | Q10: 0.9 | R10: 1 | S10: 0.0048784913 | T10: 1.9885477 | U10: 0 | V10: 0.22987519 | W10: 0.46102755
A11: Waste | B11: Solid | C11: Food | E11: Compost | F11: IN | G11: Diesel | H11: WASDSL | J11: WASSOLFOODMDTOT | K11: WASSOLFOOCMP19 | L11: 1 | M11: 1485.0326 | N11: 0.063636364 | O11: 94.502074 | P11: 105.0023 | Q11: 0.9 | R11: 1 | S11: 0.0065600031 | T11: 1.9885477 | U11: 0 | V11: 0.22987519 | W11: 0.6199339
A12: Waste | B12: Solid | C12: Yard trimmings | E12: Compost | F12: IN | G12: Electricity | H12: WASELC | J12: WASSOLYARDMDTOT | K12: WASSOLYARCMP19 | L12: 1 | M12: 1080.0237 | N12: 0.026530134 | O12: 28.653174 | P12: 31.83686 | Q12: 0.9 | R12: 1 | S12: 0.0044521368 | T12: 1.969548 | U12: 0 | V12: 0.2558003 | W12: 0.12756785
A13: Waste | B13: Solid | C13: Yard trimmings | E13: Compost | F13: IN | G13: Diesel | H13: WASDSL | J13: WASSOLYARDMDTOT | K13: WASSOLYARCMP19 | L13: 1 | M13: 1080.0237 | N13: 0.026530134 | O13: 28.653174 | P13: 31.83686 | Q13: 0.9 | R13: 1 | S13: 0.0088196441 | T13: 1.969548 | U13: 0 | V13: 0.2558003 | W13: 0.25271079
... A17: Waste | B17: Solid | C17: Paper | E17: Anaerobic Digestion | F17: IN | G17: Diesel | H17: WASDSL | J17: WASSOLPAPDMDTOT | K17: WASSOLPAPADG19 | L17: 1 | M17: 3375.0741 | N17: 0 | O17: 0 | P17: 0 | Q17: 0.9 | R17: 1 | S17: 0.020209815 | T17: 4.0822852 | U17: 0 | V17: 0.048656387 | W17: 0
A18: Waste | B18: Solid | C18: Paper | E18: Anaerobic Digestion | F18: OUT | G18: Biogas | I18: WASSOLADGBGA | J18: WASSOLPAPDMDTOT | K18: WASSOLPAPADG19 | L18: 1 | M18: 3375.0741 | N18: 0 | O18: 0 | P18: 0 | Q18: 0.9 | R18: 1 | S18: 2.5551929 | T18: 4.0822852 | U18: 0 | V18: 0.048656387 | W18: 0
A19: Waste | B19: Solid | C19: Glass | E19: Anaerobic Digestion | F19: IN | G19: Electricity | H19: WASELC | J19: WASSOLGLADMDTOT | K19: WASSOLGLAADG19 | L19: 0 | M19: 405.00889 | N19: 0 | O19: 0 | P19: 0 | Q19: 0.9 | R19: 1 | S19: 0.22186353 | T19: 0 | U19: 0 | V19: 0 | W19: 0
A20: Waste | B20: Solid | C20: Glass | E20: Anaerobic Digestion | F20: IN | G20: Diesel | H20: WASDSL | J20: WASSOLGLADMDTOT | K20: WASSOLGLAADG19 | L20: 0 | M20: 405.00889 | N20: 0 | O20: 0 | P20: 0 | Q20: 0.9 | R20: 1 | S20: 0.0025027737 | T20: 0 | U20: 0 | V20: 0 | W20: 0
A21: Waste | B21: Solid | C21: Glass | E21: Anaerobic Digestion | F21: OUT | G21: Biogas | I21: WASSOLADGBGA | J21: WASSOLGLADMDTOT | K21: WASSOLGLAADG19 | L21: 0 | M21: 405.00889 | N21: 0 | O21: 0 | P21: 0 | Q21: 0.9 | R21: 1 | S21: 0 | T21: 0 | U21: 0 | V21: 0 | W21: 0
A22: Waste | B22: Solid | C22: Metals | E22: Anaerobic Digestion | F22: IN | G22: Electricity | H22: WASELC | J22: WASSOLMETDMDTOT | K22: WASSOLMETADG19 | L22: 0 | M22: 540.01185 | N22: 0 | O22: 0 | P22: 0 | Q22: 0.9 | R22: 1 | S22: 0.22087012 | T22: 0 | U22: 0 | V22: 0 | W22: 0
A23: Waste | B23: Solid | C23: Metals | E23: Anaerobic Digestion | F23: IN | G23: Diesel | H23: WASDSL | J23: WASSOLMETDMDTOT | K23: WASSOLMETADG19 | L23: 0 | M23: 540.01185 | N23: 0 | O23: 0 | P23: 0 | Q23: 0.9 | R23: 1 | S23: 0.0023948008 | T23: 0 | U23: 0 | V23: 0 | W23: 0
A24: Waste | B24: Solid | C24: Metals | E24: Anaerobic Digestion | F24: OUT | G24: Biogas | I24: WASSOLADGBGA | J24: WASSOLMETDMDTOT | K24: WASSOLMETADG19 | L24: 0 | M24: 540.01185 | N24: 0 | O24: 0 | P24: 0 | Q24: 0.9 | R24: 1 | S24: 0 | T24: 0 | U24: 0 | V24: 0 | W24: 0
A25: Waste | B25: Solid | C25: Plastics | E25: Anaerobic Digestion | F25: IN | G25: Electricity | H25: WASELC | J25: WASSOLPLADMDTOT | K25: WASSOLPLAADG19 | L25: 0 | M25: 1350.0296 | N25: 0 | O25: 0 | P25: 0 | Q25: 0.9 | R25: 1 | S25: 0.22185413 | T25: 0 | U25: 0 | V25: 0 | W25: 0
A26: Waste | B26: Solid | C26: Plastics | E26: Anaerobic Digestion | F26: IN | G26: Diesel | H26: WASDSL | J26: WASSOLPLADMDTOT | K26: WASSOLPLAADG19 | L26: 0 | M26: 1350.0296 | N26: 0 | O26: 0 | P26: 0 | Q26: 0.9 | R26: 1 | S26: 0.0025017494 | T26: 0 | U26: 0 | V26: 0 | W26: 0
A27: Waste | B27: Solid | C27: Plastics | E27: Anaerobic Digestion | F27: OUT | G27: Biogas | I27: WASSOLADGBGA | J27: WASSOLPLADMDTOT | K27: WASSOLPLAADG19 | L27: 0 | M27: 1350.0296 | N27: 0 | O27: 0 | P27: 0 | Q27: 0.9 | R27: 1 | S27: 0 | T27: 0 | U27: 0 | V27: 0 | W27: 0
A28: Waste | B28: Solid | C28: Food | E28: Anaerobic Digestion | F28: IN | G28: Electricity | H28: WASELC | J28: WASSOLFOODMDTOT | K28: WASSOLFOOADG19 | L28: 1 | M28: 1485.0326 | N28: 0 | O28: 0 | P28: 0 | Q28: 0.9 | R28: 1 | S28: 0.24057902 | T28: 3.9766619 | U28: 0 | V28: 0.53538242 | W28: 0
A29: Waste | B29: Solid | C29: Food | E29: Anaerobic Digestion | F29: IN | G29: Diesel | H29: WASDSL | J29: WASSOLFOODMDTOT | K29: WASSOLFOOADG19 | L29: 1 | M29: 1485.0326 | N29: 0 | O29: 0 | P29: 0 | Q29: 0.9 | R29: 1 | S29: 0.0041551694 | T29: 3.9766619 | U29: 0 | V29: 0.53538242 | W29: 0
A30: Waste | B30: Solid | C30: Food | E30: Anaerobic Digestion | F30: OUT | G30: Biogas | I30: WASSOLADGBGA | J30: WASSOLFOODMDTOT | K30: WASSOLFOOADG19 | L30: 1 | M30: 1485.0326 | N30: 0 | O30: 0 | P30: 0 | Q30: 0.9 | R30: 1 | S30: 4.2239471 | T30: 3.9766619 | U30: 0 | V30: 0.53538242 | W30: 0
A31: Waste | B31: Solid | C31: Yard trimmings | E31: Anaerobic Digestion | F31: IN | G31: Electricity | H31: WASELC | J31: WASSOLYARDMDTOT | K31: WASSOLYARADG19 | L31: 1 | M31: 1080.0237 | N31: 0 | O31: 0 | P31: 0 | Q31: 0.9 | R31: 1 | S31: 0.3146294 | T31: 3.1453229 | U31: 0 | V31: 0.23841367 | W31: 0
A32: Waste | B32: Solid | C32: Yard trimmings | E32: Anaerobic Digestion | F32: IN | G32: Diesel | H32: WASDSL | J32: WASSOLYARDMDTOT | K32: WASSOLYARADG19 | L32: 1 | M32: 1080.0237 | N32: 0 | O32: 0 | P32: 0 | Q32: 0.9 | R32: 1 | S32: 0.011869074 | T32: 3.1453229 | U32: 0 | V32: 0.23841367 | W32: 0
A33: Waste | B33: Solid | C33: Yard trimmings | E33: Anaerobic Digestion | F33: OUT | G33: Biogas | I33: WASSOLADGBGA | J33: WASSOLYARDMDTOT | K33: WASSOLYARADG19 | L33: 1 | M33: 1080.0237 | N33: 0 | O33: 0 | P33: 0 | Q33: 0.9 | R33: 1 | S33: 1.2089642 | T33: 3.1453229 | U33: 0 | V33: 0.23841367 | W33: 0
A34: Waste | B34: Solid | C34: All Other | E34: Anaerobic Digestion | F34: IN | G34: Electricity | H34: WASELC | J34: WASSOLAOTDMDTOT | K34: WASSOLAOTADG19 | L34: 1 | M34: 5265.1156 | N34: 0 | O34: 0 | P34: 0 | Q34: 0.9 | R34: 1 | S34: 0.30609766 | T34: 0.14920915 | U34: 0 | V34: 0.15032975 | W34: 0
A35: Waste | B35: Solid | C35: All Other | E35: Anaerobic Digestion | F35: IN | G35: Diesel | H35: WASDSL | J35: WASSOLAOTDMDTOT | K35: WASSOLAOTADG19 | L35: 1 | M35: 5265.1156 | N35: 0 | O35: 0 | P35: 0 | Q35: 0.9 | R35: 1 | S35: 0.011309843 | T35: 0.14920915 | U35: 0 | V35: 0.15032975 | W35: 0
A36: Waste | B36: Solid | C36: All Other | E36: Anaerobic Digestion | F36: OUT | G36: Biogas | I36: WASSOLADGBGA | J36: WASSOLAOTDMDTOT | K36: WASSOLAOTADG19 | L36: 1 | M36: 5265.1156 | N36: 0 | O36: 0 | P36: 0 | Q36: 0.9 | R36: 1 | S36: 0.19326305 | T36: 0.14920915 | U36: 0 | V36: 0.15032975 | W36: 0
A37: Waste | B37: Solid | C37: Paper | E37: Incineration | F37: OUT | G37: Electricity | I37: CELC | J37: WASSOLPAPDMDTOT | K37: WASSOLPAPINC19 | L37: 1 | M37: 3375.0741 | N37: 0 | O37: 0 | P37: 0 | Q37: 0.9 | R37: 1 | S37: 2.70904 | T37: 0.011449374 | U37: 20.609799 | V37: 0.014901106 | W37: 0
A38: Waste | B38: Solid | C38: Paper | E38: Incineration | F38: OUT | G38: Steam | I38: STM | J38: WASSOLPAPDMDTOT | K38: WASSOLPAPINC19 | L38: 1 | M38: 3375.0741 | N38: 0 | O38: 0 | P38: 0 | Q38: 0.9 | R38: 1 | S38: 5.41808 | T38: 0.011449374 | U38: 20.609799 | V38: 0.014901106 | W38: 0
A39: Waste | B39: Solid | C39: Glass | E39: Incineration | F39: OUT | G39: Electricity | I39: CELC | J39: WASSOLGLADMDTOT | K39: WASSOLGLAINC19 | L39: 1 | M39: 405.00889 | N39: 0 | O39: 0 | P39: 0 | Q39: 0.9 | R39: 1 | S39: 0 | T39: 0.011858224 | U39: 10.258114 | V39: 0.016227641 | W39: 0
A40: Waste | B40: Solid | C40: Glass | E40: Incineration | F40: OUT | G40: Steam | I40: STM | J40: WASSOLGLADMDTOT | K40: WASSOLGLAINC19 | L40: 1 | M40: 405.00889 | N40: 0 | O40: 0 | P40: 0 | Q40: 0.9 | R40: 1 | S40: 0 | T40: 0.011858224 | U40: 10.258114 | V40: 0.016227641 | W40: 0
A41: Waste | B41: Solid | C41: Metals | E41: Incineration | F41: OUT | G41: Electricity | I41: CELC | J41: WASSOLMETDMDTOT | K41: WASSOLMETINC19 | L41: 1 | M41: 540.01185 | N41: 0 | O41: 0 | P41: 0 | Q41: 0.9 | R41: 1 | S41: 0.25614365 | T41: 0.011480252 | U41: 12.099667 | V41: 0.015001292 | W41: 0
A42: Waste | B42: Solid | C42: Metals | E42: Incineration | F42: OUT | G42: Steam | I42: STM | J42: WASSOLMETDMDTOT | K42: WASSOLMETINC19 | L42: 1 | M42: 540.01185 | N42: 0 | O42: 0 | P42: 0 | Q42: 0.9 | R42: 1 | S42: 0.5122873 | T42: 0.011480252 | U42: 12.099667 | V42: 0.015001292 | W42: 0
A43: Waste | B43: Solid | C43: Plastics | E43: Incineration | F43: OUT | G43: Electricity | I43: CELC | J43: WASSOLPLADMDTOT | K43: WASSOLPLAINC19 | L43: 1 | M43: 1350.0296 | N43: 0 | O43: 0 | P43: 0 | Q43: 0.9 | R43: 1 | S43: 7.6697525 | T43: 0.011854638 | U43: 2402.8615 | V43: 0.016216007 | W43: 0
A44: Waste | B44: Solid | C44: Plastics | E44: Incineration | F44: OUT | G44: Steam | I44: STM | J44: WASSOLPLADMDTOT | K44: WASSOLPLAINC19 | L44: 1 | M44: 1350.0296 | N44: 0 | O44: 0 | P44: 0 | Q44: 0.9 | R44: 1 | S44: 15.339505 | T44: 0.011854638 | U44: 2402.8615 | V44: 0.016216007 | W44: 0
A45: Waste | B45: Solid | C45: Food | E45: Incineration | F45: OUT | G45: Electricity | I45: CELC | J45: WASSOLFOODMDTOT | K45: WASSOLFOOINC19 | L45: 1 | M45: 1485.0326 | N45: 0 | O45: 0 | P45: 0 | Q45: 0.9 | R45: 1 | S45: 1.3159445 | T45: 0.0086599125 | U45: 19.656156 | V45: 0.0058505526 | W45: 0
A46: Waste | B46: Solid | C46: Food | E46: Incineration | F46: OUT | G46: Steam | I46: STM | J46: WASSOLFOODMDTOT | K46: WASSOLFOOINC19 | L46: 1 | M46: 1485.0326 | N46: 0 | O46: 0 | P46: 0 | Q46: 0.9 | R46: 1 | S46: 2.631889 | T46: 0.0086599125 | U46: 19.656156 | V46: 0.0058505526 | W46: 0
A47: Waste | B47: Solid | C47: Yard trimmings | E47: Incineration | F47: OUT | G47: Electricity | I47: CELC | J47: WASSOLYARDMDTOT | K47: WASSOLYARINC19 | L47: 1 | M47: 1080.0237 | N47: 0 | O47: 0 | P47: 0 | Q47: 0.9 | R47: 1 | S47: 1.3486953 | T47: 0.0093531684 | U47: 23.967659 | V47: 0.0080998576 | W47: 0
... A50: Waste | B50: Solid | C50: All Other | E50: Incineration | F50: OUT | G50: Steam | I50: STM | J50: WASSOLAOTDMDTOT | K50: WASSOLAOTINC19 | L50: 1 | M50: 5265.1156 | N50: 0 | O50: 0 | P50: 0 | Q50: 0.9 | R50: 1 | S50: 2.8832352 | T50: 0.010833832 | U50: 94.605252 | V50: 0.012903947 | W50: 0
A51: Waste | B51: Solid | C51: Paper | E51: Landfill | F51: IN | G51: Electricity | H51: WASELC | J51: WASSOLPAPDMDTOTTOLDF | K51: WASSOLPAPLDF19 | L51: 1 | M51: 3375.0741 | N51: 0.68 | O51: 2295.0504 | P51: 2550.056 | Q51: 0.9 | R51: 1 | S51: 0.0016318801 | T51: 0 | U51: 0 | V51: 4.2025429e-05 | W51: 3.7452469
A52: Waste | B52: Solid | C52: Paper | E52: Landfill | F52: IN | G52: Diesel | H52: WASDSL | J52: WASSOLPAPDMDTOTTOLDF | K52: WASSOLPAPLDF19 | L52: 1 | M52: 3375.0741 | N52: 0.68 | O52: 2295.0504 | P52: 2550.056 | Q52: 0.9 | R52: 1 | S52: 0.00042171587 | T52: 0 | U52: 0 | V52: 4.2025429e-05 | W52: 0.96785916
A53: Waste | B53: Solid | C53: Paper | E53: Landfill | F53: OUT | G53: Biogas | I53: WASSOLLDFBGA | J53: WASSOLPAPDMDTOTTOLDF | K53: WASSOLPAPLDF19 | L53: 1 | M53: 3375.0741 | N53: 0.68 | O53: 2295.0504 | P53: 2550.056 | Q53: 0.9 | R53: 1 | S53: 0.073642392 | T53: 0 | U53: 0 | V53: 4.2025429e-05 | W53: 169.013
A54: Waste | B54: Solid | C54: Glass | E54: Landfill | F54: IN | G54: Electricity | H54: WASELC | J54: WASSOLGLADMDTOTTOLDF | K54: WASSOLGLALDF19 | L54: 1 | M54: 405.00889 | N54: 0.52936102 | O54: 214.39592 | P54: 238.21769 | Q54: 0.9 | R54: 1 | S54: 0.00011412324 | T54: 0 | U54: 0 | V54: 4.2025429e-05 | W54: 0.024467556
A55: Waste | B55: Solid | C55: Glass | E55: Landfill | F55: IN | G55: Diesel | H55: WASDSL | J55: WASSOLGLADMDTOTTOLDF | K55: WASSOLGLALDF19 | L55: 1 | M55: 405.00889 | N55: 0.52936102 | O55: 214.39592 | P55: 238.21769 | Q55: 0.9 | R55: 1 | S55: 0.00042171587 | T55: 0 | U55: 0 | V55: 4.2025429e-05 | W55: 0.090414161
A56: Waste | B56: Solid | C56: Glass | E56: Landfill | F56: OUT | G56: Biogas | I56: WASSOLLDFBGA | J56: WASSOLGLADMDTOTTOLDF | K56: WASSOLGLALDF19 | L56: 1 | M56: 405.00889 | N56: 0.52936102 | O56: 214.39592 | P56: 238.21769 | Q56: 0.9 | R56: 1 | S56: 0 | T56: 0 | U56: 0 | V56: 4.2025429e-05 | W56: 0
A57: Waste | B57: Solid | C57: Metals | E57: Landfill | F57: IN | G57: Electricity | H57: WASELC | J57: WASSOLMETDMDTOTTOLDF | K57: WASSOLMETLDF19 | L57: 1 | M57: 540.01185 | N57: 0.52936102 | O57: 285.86123 | P57: 317.62359 | Q57: 0.9 | R57: 1 | S57: 0.00011412324 | T57: 0 | U57: 0 | V57: 4.2025429e-05 | W57: 0.032623408
A58: Waste | B58: Solid | C58: Metals | E58: Landfill | F58: IN | G58: Diesel | H58: WASDSL | J58: WASSOLMETDMDTOTTOLDF | K58: WASSOLMETLDF19 | L58: 1 | M58: 540.01185 | N58: 0.52936102 | O58: 285.86123 | P58: 317.62359 | Q58: 0.9 | R58: 1 | S58: 0.00042171587 | T58: 0 | U58: 0 | V58: 4.2025429e-05 | W58: 0.12055221
A59: Waste | B59: Solid | C59: Metals | E59: Landfill | F59: OUT | G59: Biogas | I59: WASSOLLDFBGA | J59: WASSOLMETDMDTOTTOLDF | K59: WASSOLMETLDF19 | L59: 1 | M59: 540.01185 | N59: 0.52936102 | O59: 285.86123 | P59: 317.62359 | Q59: 0.9 | R59: 1 | S59: 0 | T59: 0 | U59: 0 | V59: 4.2025429e-05 | W59: 0
A60: Waste | B60: Solid | C60: Plastics | E60: Landfill | F60: IN | G60: Electricity | H60: WASELC | J60: WASSOLPLADMDTOTTOLDF | K60: WASSOLPLALDF19 | L60: 1 | M60: 1350.0296 | N60: 0.52936102 | O60: 714.65307 | P60: 794.05896 | Q60: 0.9 | R60: 1 | S60: 0.00011412324 | T60: 0 | U60: 0 | V60: 4.2025429e-05 | W60: 0.08155852
A61: Waste | B61: Solid | C61: Plastics | E61: Landfill | F61: IN | G61: Diesel | H61: WASDSL | J61: WASSOLPLADMDTOTTOLDF | K61: WASSOLPLALDF19 | L61: 1 | M61: 1350.0296 | N61: 0.52936102 | O61: 714.65307 | P61: 794.05896 | Q61: 0.9 | R61: 1 | S61: 0.00042171587 | T61: 0 | U61: 0 | V61: 4.2025429e-05 | W61: 0.30138054
A62: Waste | B62: Solid | C62: Plastics | E62: Landfill | F62: OUT | G62: Biogas | I62: WASSOLLDFBGA | J62: WASSOLPLADMDTOTTOLDF | K62: WASSOLPLALDF19 | L62: 1 | M62: 1350.0296 | N62: 0.52936102 | O62: 714.65307 | P62: 794.05896 | Q62: 0.9 | R62: 1 | S62: 0 | T62: 0 | U62: 0 | V62: 4.2025429e-05 | W62: 0
A63: Waste | B63: Solid | C63: Food | E63: Landfill | F63: IN | G63: Electricity | H63: WASELC | J63: WASSOLFOODMDTOTTOLDF | K63: WASSOLFOOLDF19 | L63: 1 | M63: 1485.0326 | N63: 0.93636364 | O63: 1390.5305 | P63: 1545.0339 | Q63: 0.9 | R63: 1 | S63: 0.0016116324 | T63: 0 | U63: 0 | V63: 0.00010544145 | W63: 2.241024
A64: Waste | B64: Solid | C64: Food | E64: Landfill | F64: IN | G64: Diesel | H64: WASDSL | J64: WASSOLFOODMDTOTTOLDF | K64: WASSOLFOOLDF19 | L64: 1 | M64: 1485.0326 | N64: 0.93636364 | O64: 1390.5305 | P64: 1545.0339 | Q64: 0.9 | R64: 1 | S64: 0.00042171587 | T64: 0 | U64: 0 | V64: 0.00010544145 | W64: 0.58640878
A65: Waste | B65: Solid | C65: Food | E65: Landfill | F65: OUT | G65: Biogas | I65: WASSOLLDFBGA | J65: WASSOLFOODMDTOTTOLDF | K65: WASSOLFOOLDF19 | L65: 1 | M65: 1485.0326 | N65: 0.93636364 | O65: 1390.5305 | P65: 1545.0339 | Q65: 0.9 | R65: 1 | S65: 0.21037728 | T65: 0 | U65: 0 | V65: 0.00010544145 | W65: 292.53603
A66: Waste | B66: Solid | C66: Yard trimmings | E66: Landfill | F66: IN | G66: Electricity | H66: WASELC | J66: WASSOLYARDMDTOTTOLDF | K66: WASSOLYARLDF19 | L66: 1 | M66: 1080.0237 | N66: 0.97346987 | O66: 1051.3705 | P66: 1168.1895 | Q66: 0.9 | R66: 1 | S66: 0.00066457556 | T66: 0 | U66: 0 | V66: 0.00011362262 | W66: 0.69871516
A67: Waste | B67: Solid | C67: Yard trimmings | E67: Landfill | F67: IN | G67: Diesel | H67: WASDSL | J67: WASSOLYARDMDTOTTOLDF | K67: WASSOLYARLDF19 | L67: 1 | M67: 1080.0237 | N67: 0.97346987 | O67: 1051.3705 | P67: 1168.1895 | Q67: 0.9 | R67: 1 | S67: 0.00042171587 | T67: 0 | U67: 0 | V67: 0.00011362262 | W67: 0.44337963
A68: Waste | B68: Solid | C68: Yard trimmings | E68: Landfill | F68: OUT | G68: Biogas | I68: WASSOLLDFBGA | J68: WASSOLYARDMDTOTTOLDF | K68: WASSOLYARLDF19 | L68: 1 | M68: 1080.0237 | N68: 0.97346987 | O68: 1051.3705 | P68: 1168.1895 | Q68: 0.9 | R68: 1 | S68: 0.071053021 | T68: 0 | U68: 0 | V68: 0.00011362262 | W68: 74.703053
A69: Waste | B69: Solid | C69: All Other | E69: Landfill | F69: IN | G69: Electricity | H69: WASELC | J69: WASSOLAOTDMDTOTTOLDF | K69: WASSOLAOTLDF19 | L69: 1 | M69: 5265.1156 | N69: 1 | O69: 5265.1156 | P69: 5850.1284 | Q69: 0.9 | R69: 1 | S69: 0.00025635641 | T69: 0 | U69: 0 | V69: 0.00049064861 | W69: 1.3497461
A70: Waste | B70: Solid | C70: All Other | E70: Landfill | F70: IN | G70: Diesel | H70: WASDSL | J70: WASSOLAOTDMDTOTTOLDF | K70: WASSOLAOTLDF19 | L70: 1 | M70: 5265.1156 | N70: 1 | O70: 5265.1156 | P70: 5850.1284 | Q70: 0.9 | R70: 1 | S70: 0.00042171587 | T70: 0 | U70: 0 | V70: 0.00049064861 | W70: 2.2203828
A71: Waste | B71: Solid | C71: All Other | E71: Landfill | F71: OUT | G71: Biogas | I71: WASSOLLDFBGA | J71: WASSOLAOTDMDTOTTOLDF | K71: WASSOLAOTLDF19 | L71: 1 | M71: 5265.1156 | N71: 1 | O71: 5265.1156 | P71: 5850.1284 | Q71: 0.9 | R71: 1 | S71: 0.0057069987 | T71: 0 | U71: 0 | V71: 0.00049064861 | W71: 30.048008
A72: Waste | B72: Solid | C72: Paper | E72: Recycle | F72: IN | G72: Diesel | H72: WASDSL | J72: WASSOLPAPDMDTOT | K72: WASSOLPAPREC19 | L72: 1 | M72: 3375.0741 | N72: 0.32 | O72: 1080.0237 | P72: 1200.0263 | Q72: 0.9 | R72: 1 | S72: 0.00042171587 | T72: 0 | U72: 0 | V72: 0 | W72: 0.45546313
A73: Waste | B73: Solid | C73: Glass | E73: Recycle | F73: IN | G73: Diesel | H73: WASDSL | J73: WASSOLGLADMDTOT | K73: WASSOLGLAREC19 | L73: 1 | M73: 405.00889 | N73: 0.47063898 | O73: 190.61297 | P73: 211.79219 | Q73: 0.9 | R73: 1 | S73: 0.00042171587 | T73: 0 | U73: 0 | V73: 0 | W73: 0.080384514
A74: Waste | B74: Solid | C74: Metals | E74: Recycle | F74: IN | G74: Diesel | H74: WASDSL | J74: WASSOLMETDMDTOT | K74: WASSOLMETREC19 | L74: 1 | M74: 540.01185 | N74: 0.47063898 | O74: 254.15063 | P74: 282.38959 | Q74: 0.9 | R74: 1 | S74: 0.00042171587 | T74: 0 | U74: 0 | V74: 0 | W74: 0.10717935
A75: Waste | B75: Solid | C75: Plastics | E75: Recycle | F75: IN | G75: Diesel | H75: WASDSL | J75: WASSOLPLADMDTOT | K75: WASSOLPLAREC19 | L75: 1 | M75: 1350.0296 | N75: 0.47063898 | O75: 635.37657 | P75: 705.97396 | Q75: 0.9 | R75: 1 | S75: 0.00042171587 | T75: 0 | U75: 0 | V75: 0 | W75: 0.26794838
A76: Waste | B76: Solid | C76: Food | E76: Recycle | F76: IN | G76: Diesel | H76: WASDSL | J76: WASSOLFOODMDTOT | K76: WASSOLFOOREC19 | L76: 0 | M76: 1485.0326 | N76: 0 | O76: 0 | P76: 0 | Q76: 0.9 | R76: 1 | S76: 0.00042171587 | T76: 0 | U76: 0 | V76: 0 | W76: 0
A77: Waste | B77: Solid | C77: Yard trimmings | E77: Recycle | F77: IN | G77: Diesel | H77: WASDSL | J77: WASSOLYARDMDTOT | K77: WASSOLYARREC19 | L77: 0 | M77: 1080.0237 | N77: 0 | O77: 0 | P77: 0 | Q77: 0.9 | R77: 1 | S77: 0.00042171587 | T77: 0 | U77: 0 | V77: 0 | W77: 0
A78: Waste | B78: Solid | C78: All Other | E78: Recycle | F78: IN | G78: Diesel | H78: WASDSL | J78: WASSOLAOTDMDTOT | K78: WASSOLAOTREC19 | L78: 0 | M78: 5265.1156 | N78: 0 | O78: 0 | P78: 0 | Q78: 0.9 | R78: 1 | S78: 0.00042171587 | T78: 0 | U78: 0 | V78: 0 | W78: 0
A79: Waste | B79: Solid | C79: Historical | E79: Landfill | F79: IN | G79: Electricity | H79: WASELC | J79: WASSOLHISDMDTOTTOLDF | K79: WASSOLHISLDF19 | L79: 1 | M79: 206463.07 | N79: 1 | O79: 206463.07 | P79: 229403.41 | Q79: 0.9 | R79: 1 | S79: 0.00060542239 | T79: 0 | U79: 0 | V79: 0.00022198833 | W79: 124.99736
A80: Waste | B80: Solid | C80: Historical | E80: Landfill | F80: IN | G80: Diesel | H80: WASDSL | J80: WASSOLHISDMDTOTTOLDF | K80: WASSOLHISLDF19 | L80: 1 | M80: 206463.07 | N80: 1 | O80: 206463.07 | P80: 229403.41 | Q80: 0.9 | R80: 1 | S80: 0.00035039062 | T80: 0 | U80: 0 | V80: 0.00022198833 | W80: 72.342723
A81: Waste | B81: Solid | C81: Historical | E81: Landfill | F81: OUT | G81: Biogas | I81: WASSOLLDFBGA | J81: WASSOLHISDMDTOTTOLDF | K81: WASSOLHISLDF19 | L81: 1 | M81: 206463.07 | N81: 1 | O81: 206463.07 | P81: 229403.41 | Q81: 0.9 | R81: 1 | S81: 0.041947234 | T81: 0 | U81: 0 | V81: 0.00022198833 | W81: 8660.5546
A82: Waste | B82: Water | C82: Treatment | E82: Treatment Plant without De-Nitrification and without Anaerobic Digesters | F82: IN | G82: Electricity | H82: WASELC | J82: WASWATTRTDMDTOT | K82: WASWATTRTNOT19 | L82: 1 | M82: 1718.8259 | N82: 0 | O82: 0 | P82: 0 | Q82: 0.9 | R82: 1 | S82: 2 | T82: 0 | U82: 0 | V82: 0.38551982 | W82: 0
A83: Waste | B83: Water | C83: Treatment | E83: Treatment Plant without De-Nitrification and without Anaerobic Digesters | F83: IN | G83: Natural gas | H83: WASNGA | J83: WASWATTRTDMDTOT | K83: WASWATTRTNOT19 | L83: 1 | M83: 1718.8259 | N83: 0 | O83: 0 | P83: 0 | Q83: 0.9 | R83: 1 | S83: 6 | T83: 0 | U83: 0 | V83: 0.38551982 | W83: 0
A84: Waste | B84: Water | C84: Treatment | E84: Treatment Plant without De-Nitrification and without Anaerobic Digesters | F84: OUT | G84: Biogas | I84: WASWATNOTBGA | J84: WASWATTRTDMDTOT | K84: WASWATTRTNOT19 | L84: 1 | M84: 1718.8259 | N84: 0 | O84: 0 | P84: 0 | Q84: 0.9 | R84: 1 | S84: 0 | T84: 0 | U84: 0 | V84: 0.38551982 | W84: 0
A85: Waste | B85: Water | C85: Treatment | E85: Treatment Plant without De-Nitrification and with Anaerobic Digesters | F85: IN | G85: Electricity | H85: WASELC | J85: WASWATTRTDMDTOT | K85: WASWATTRTWAD19 | L85: 1 | M85: 1718.8259 | N85: 0.75 | O85: 1289.1194 | P85: 1432.3549 | Q85: 0.9 | R85: 1 | S85: 2 | T85: 0 | U85: 0 | V85: 0.38551982 | W85: 2578.2388
A86: Waste | B86: Water | C86: Treatment | E86: Treatment Plant without De-Nitrification and with Anaerobic Digesters | F86: IN | G86: Natural gas | H86: WASNGA | J86: WASWATTRTDMDTOT | K86: WASWATTRTWAD19 | L86: 1 | M86: 1718.8259 | N86: 0.75 | O86: 1289.1194 | P86: 1432.3549 | Q86: 0.9 | R86: 1 | S86: 6 | T86: 0 | U86: 0 | V86: 0.38551982 | W86: 7734.7164
A87: Waste | B87: Water | C87: Treatment | E87: Treatment Plant without De-Nitrification and with Anaerobic Digesters | F87: OUT | G87: Biogas | I87: WASWATWADBGA | J87: WASWATTRTDMDTOT | K87: WASWATTRTWAD19 | L87: 1 | M87: 1718.8259 | N87: 0.75 | O87: 1289.1194 | P87: 1432.3549 | Q87: 0.9 | R87: 1 | S87: 2.7543379 | T87: 0 | U87: 0 | V87: 0.38551982 | W87: 3550.6704
A88: Waste | B88: Water | C88: Treatment | E88: Treatment Plant with De-Nitrification and without Anaerobic Digesters | F88: IN | G88: Electricity | H88: WASELC | J88: WASWATTRTDMDTOT | K88: WASWATTRTWDN19 | L88: 1 | M88: 1718.8259 | N88: 0 | O88: 0 | P88: 0 | Q88: 0.9 | R88: 1 | S88: 2 | T88: 0 | U88: 0 | V88: 0.060746946 | W88: 0
A89: Waste | B89: Water | C89: Treatment | E89: Treatment Plant with De-Nitrification and without Anaerobic Digesters | F89: IN | G89: Natural gas | H89: WASNGA | J89: WASWATTRTDMDTOT | K89: WASWATTRTWDN19 | L89: 1 | M89: 1718.8259 | N89: 0 | O89: 0 | P89: 0 | Q89: 0.9 | R89: 1 | S89: 6 | T89: 0 | U89: 0 | V89: 0.060746946 | W89: 0
A90: Waste | B90: Water | C90: Treatment | E90: Treatment Plant with De-Nitrification and without Anaerobic Digesters | F90: OUT | G90: Biogas | I90: WASWATWDNBGA | J90: WASWATTRTDMDTOT | K90: WASWATTRTWDN19 | L90: 1 | M90: 1718.8259 | N90: 0 | O90: 0 | P90: 0 | Q90: 0.9 | R90: 1 | S90: 0 | T90: 0 | U90: 0 | V90: 0.060746946 | W90: 0
A91: Waste | B91: Water | C91: Treatment | E91: Treatment Plant with De-Nitrification and with Anaerobic Digesters | F91: IN | G91: Electricity | H91: WASELC | J91: WASWATTRTDMDTOT | K91: WASWATTRTWAN19 | L91: 1 | M91: 1718.8259 | N91: 0.25 | O91: 429.70647 | P91: 477.45163 | Q91: 0.9 | R91: 1 | S91: 2 | T91: 0 | U91: 0 | V91: 0.060746946 | W91: 859.41294
A92: Waste | B92: Water | C92: Treatment | E92: Treatment Plant with De-Nitrification and with Anaerobic Digesters | F92: IN | G92: Natural gas | H92: WASNGA | J92: WASWATTRTDMDTOT | K92: WASWATTRTWAN19 | L92: 1 | M92: 1718.8259 | N92: 0.25 | O92: 429.70647 | P92: 477.45163 | Q92: 0.9 | R92: 1 | S92: 6 | T92: 0 | U92: 0 | V92: 0.060746946 | W92: 2578.2388
A93: Waste | B93: Water | C93: Treatment | E93: Treatment Plant with De-Nitrification and with Anaerobic Digesters | F93: OUT | G93: Biogas | I93: WASWATWANBGA | J93: WASWATTRTDMDTOT | K93: WASWATTRTWAN19 | L93: 1 | M93: 1718.8259 | N93: 0.25 | O93: 429.70647 | P93: 477.45163 | Q93: 0.9 | R93: 1 | S93: 2.7543379 | T93: 0 | U93: 0 | V93: 0.060746946 | W93: 1183.5568
A94: *
A95: * | L95: Included | M95: MODE DEMAND (k tonnes) | N95: SPLIT (%) | O95: DEMAND (k tonnes) | P95: RESID (k tonnes) | Q95: CFA | R95: C2A | S95: Energy flow (TJ/ktonnes) | T95: CH4 (tonnes/ktonnes) | U95: CO2 (tonnes/ktonnes) | V95: N2O (tonnes/ktonnes) | W95: Energy flow (TJ) | X95: Efficiency
A96: Waste | B96: Solid | C96: Paper | E96: Landfill | F96: IN | G96: Decay | H96: WASSOLPAPLDFDEC | K96: WASSOLPAPLDFDEC19 | L96: 1 | M96: 3375.0741 | N96: 0.68 | O96: 2295.0504 | P96: 2550.056 | Q96: 0.9 | R96: 1 | S96: 0 | T96: 0 | U96: 0 | V96: 0 | W96: 0 | X96: 0.9467354
A97: Waste | B97: Solid | C97: Paper | E97: Landfill | F97: OUT | G97: Biogas | I97: WASSOLLDFBGA | K97: WASSOLPAPLDFDEC19 | L97: 1 | M97: 3375.0741 | N97: 0.68 | O97: 2295.0504 | P97: 2550.056 | Q97: 0.9 | R97: 1 | S97: 0.14728478 | T97: 0 | U97: 0 | V97: 0 | W97: 169.013 | X97: 0.9467354
A98: Waste | B98: Solid | C98: Glass | E98: Landfill | F98: IN | G98: Decay | H98: WASSOLGLALDFDEC | K98: WASSOLGLALDFDEC19 | L98: 1 | M98: 405.00889 | N98: 0.52936102 | O98: 214.39592 | P98: 238.21769 | Q98: 0.9 | R98: 1 | S98: 0 | T98: 0 | U98: 0 | V98: 0 | W98: 0 | X98: 0
A99: Waste | B99: Solid | C99: Glass | E99: Landfill | F99: OUT | G99: Biogas | I99: WASSOLLDFBGA | K99: WASSOLGLALDFDEC19 | L99: 1 | M99: 405.00889 | N99: 0.52936102 | O99: 214.39592 | P99: 238.21769 | Q99: 0.9 | R99: 1 | S99: 0 | T99: 0 | U99: 0 | V99: 0 | W99: 0 | X99: 0
A100: Waste | B100: Solid | C100: Metals | E100: Landfill | F100: IN | G100: Decay | H100: WASSOLMETLDFDEC | K100: WASSOLMETLDFDEC19 | L100: 1 | M100: 540.01185 | N100: 0.52936102 | O100: 285.86123 | P100: 317.62359 | Q100: 0.9 | R100: 1 | S100: 0 | T100: 0 | U100: 0 | V100: 0 | W100: 0 | X100: 0
A101: Waste | B101: Solid | C101: Metals | E101: Landfill | F101: OUT | G101: Biogas | I101: WASSOLLDFBGA | K101: WASSOLMETLDFDEC19 | L101: 1 | M101: 540.01185 | N101: 0.52936102 | O101: 285.86123 | P101: 317.62359 | Q101: 0.9 | R101: 1 | S101: 0 | T101: 0 | U101: 0 | V101: 0 | W101: 0 | X101: 0
A102: Waste | B102: Solid | C102: Plastics | E102: Landfill | F102: IN | G102: Decay | H102: WASSOLPLALDFDEC | K102: WASSOLPLALDFDEC19 | L102: 1 | M102: 1350.0296 | N102: 0.52936102 | O102: 714.65307 | P102: 794.05896 | Q102: 0.9 | R102: 1 | S102: 0 | T102: 0 | U102: 0 | V102: 0 | W102: 0 | X102: 0
A103: Waste | B103: Solid | C103: Plastics | E103: Landfill | F103: OUT | G103: Biogas | I103: WASSOLLDFBGA | K103: WASSOLPLALDFDEC19 | L103: 1 | M103: 1350.0296 | N103: 0.52936102 | O103: 714.65307 | P103: 794.05896 | Q103: 0.9 | R103: 1 | S103: 0 | T103: 0 | U103: 0 | V103: 0 | W103: 0 | X103: 0
A104: Waste | B104: Solid | C104: Food | E104: Landfill | F104: IN | G104: Decay | H104: WASSOLFOOLDFDEC | K104: WASSOLFOOLDFDEC19 | L104: 1 | M104: 1485.0326 | N104: 0.93636364 | O104: 1390.5305 | P104: 1545.0339 | Q104: 0.9 | R104: 1 | S104: 0 | T104: 0 | U104: 0 | V104: 0 | W104: 0 | X104: 0.90820782
A105: Waste | B105: Solid | C105: Food | E105: Landfill | F105: OUT | G105: Biogas | I105: WASSOLLDFBGA | K105: WASSOLFOOLDFDEC19 | L105: 1 | M105: 1485.0326 | N105: 0.93636364 | O105: 1390.5305 | P105: 1545.0339 | Q105: 0.9 | R105: 1 | S105: 0.42075455 | T105: 0 | U105: 0 | V105: 0 | W105: 292.53603 | X105: 0.90820782
...

Sheet >> TIMES

Sheet Def_Tech
B2: ~FI_Process
B3: Sets | C3: Region | D3: TechName | E3: TechDesc | F3: Tact | G3: Tcap | H3: Tslvl | I3: PrimaryCG | J3: Vintage
B4: *Process Set Membership | C4: Region | D4: Technology Name | E4: Technology Description | F4: Activity Unit | G4: Capacity Unit | H4: TimeSlice level of Process Activity | I4: Primary Commodity Group | J4: Vintage Tracking
B5: PRW | C5: CITY | D5: =LEFT(Def_Comm!C5,LEN(Def_Comm!C5)-3)&"INV" -> WASSOLPAPINV | E5: =Def_Comm!D5&" Inversion" -> Waste Solid Paper demand Inversion | F5: =Def_Comm!E5 -> kt | G5: =F5&"a" -> kta
C6: CITY | D6: =LEFT(Def_Comm!C6,LEN(Def_Comm!C6)-3)&"INV" -> WASSOLGLAINV | E6: =Def_Comm!D6&" Inversion" -> Waste Solid Glass demand Inversion | F6: =Def_Comm!E6 -> kt | G6: =F6&"a" -> kta
C7: CITY | D7: =LEFT(Def_Comm!C7,LEN(Def_Comm!C7)-3)&"INV" -> WASSOLMETINV | E7: =Def_Comm!D7&" Inversion" -> Waste Solid Metals demand Inversion | F7: =Def_Comm!E7 -> kt | G7: =F7&"a" -> kta
C8: CITY | D8: =LEFT(Def_Comm!C8,LEN(Def_Comm!C8)-3)&"INV" -> WASSOLPLAINV | E8: =Def_Comm!D8&" Inversion" -> Waste Solid Plastics demand Inversion | F8: =Def_Comm!E8 -> kt | G8: =F8&"a" -> kta
C9: CITY | D9: =LEFT(Def_Comm!C9,LEN(Def_Comm!C9)-3)&"INV" -> WASSOLFOOINV | E9: =Def_Comm!D9&" Inversion" -> Waste Solid Food demand Inversion | F9: =Def_Comm!E9 -> kt | G9: =F9&"a" -> kta
C10: CITY | D10: =LEFT(Def_Comm!C10,LEN(Def_Comm!C10)-3)&"INV" -> WASSOLYARINV | E10: =Def_Comm!D10&" Inversion" -> Waste Solid Yard trimmings demand Inversion | F10: =Def_Comm!E10 -> kt | G10: =F10&"a" -> kta
C11: CITY | D11: =LEFT(Def_Comm!C11,LEN(Def_Comm!C11)-3)&"INV" -> WASSOLAOTINV | E11: =Def_Comm!D11&" Inversion" -> Waste Solid All other demand Inversion | F11: =Def_Comm!E11 -> kt | G11: =F11&"a" -> kta
C12: CITY | D12: =LEFT(Def_Comm!C12,LEN(Def_Comm!C12)-3)&"INV" -> WASSOLHISINV | E12: =Def_Comm!D12&" Inversion" -> Waste Solid Historical demand Inversion | F12: =Def_Comm!E12 -> kt | G12: =F12&"a" -> kta
C13: CITY | D13: =LEFT(Def_Comm!C13,LEN(Def_Comm!C13)-3)&"INV" -> WASWATFWAINV | E13: =Def_Comm!D13&" Inversion" -> Waste Water Fresh Water demand Inversion | F13: =Def_Comm!E13 -> Mm3 | G13: =F13&"a" -> Mm3a
C14: CITY | D14: =LEFT(Def_Comm!C14,LEN(Def_Comm!C14)-3)&"INV" -> WASWATAPRINV | E14: =Def_Comm!D14&" Inversion" -> Waste Water Annual Precipitation demand Inversion | F14: =Def_Comm!E14 -> Mm3 | G14: =F14&"a" -> Mm3a
C15: CITY | D15: =LEFT(Def_Comm!C15,LEN(Def_Comm!C15)-3)&"INV" -> WASWATTRTINV | E15: =Def_Comm!D15&" Inversion" -> Waste Water Treatment demand Inversion | F15: =Def_Comm!E15 -> Mm3 | G15: =F15&"a" -> Mm3a
B16: *
B17: PRW | C17: CITY | D17: =LEFT(Def_Comm!C5,LEN(Def_Comm!C5)-3)&"TOLDF" -> WASSOLPAPTOLDF | E17: =Def_Comm!D5&" to landfill" -> Waste Solid Paper demand to landfill | F17: =Def_Comm!E17 -> kt | G17: =F17&"a" -> kta
C18: CITY | D18: =LEFT(Def_Comm!C6,LEN(Def_Comm!C6)-3)&"TOLDF" -> WASSOLGLATOLDF | E18: =Def_Comm!D6&" to landfill" -> Waste Solid Glass demand to landfill | F18: =Def_Comm!E18 -> kt | G18: =F18&"a" -> kta
C19: CITY | D19: =LEFT(Def_Comm!C7,LEN(Def_Comm!C7)-3)&"TOLDF" -> WASSOLMETTOLDF | E19: =Def_Comm!D7&" to landfill" -> Waste Solid Metals demand to landfill | F19: =Def_Comm!E19 -> kt | G19: =F19&"a" -> kta
C20: CITY | D20: =LEFT(Def_Comm!C8,LEN(Def_Comm!C8)-3)&"TOLDF" -> WASSOLPLATOLDF | E20: =Def_Comm!D8&" to landfill" -> Waste Solid Plastics demand to landfill | F20: =Def_Comm!E20 -> kt | G20: =F20&"a" -> kta
C21: CITY | D21: =LEFT(Def_Comm!C9,LEN(Def_Comm!C9)-3)&"TOLDF" -> WASSOLFOOTOLDF | E21: =Def_Comm!D9&" to landfill" -> Waste Solid Food demand to landfill | F21: =Def_Comm!E21 -> kt | G21: =F21&"a" -> kta
C22: CITY | D22: =LEFT(Def_Comm!C10,LEN(Def_Comm!C10)-3)&"TOLDF" -> WASSOLYARTOLDF | E22: =Def_Comm!D10&" to landfill" -> Waste Solid Yard trimmings demand to landfill | F22: =Def_Comm!E22 -> kt | G22: =F22&"a" -> kta
C23: CITY | D23: =LEFT(Def_Comm!C11,LEN(Def_Comm!C11)-3)&"TOLDF" -> WASSOLAOTTOLDF | E23: =Def_Comm!D11&" to landfill" -> Waste Solid All other demand to landfill | F23: =Def_Comm!E23 -> kt | G23: =F23&"a" -> kta
C24: CITY | D24: =LEFT(Def_Comm!C12,LEN(Def_Comm!C12)-3)&"TOLDF" -> WASSOLHISTOLDF | E24: =Def_Comm!D12&" to landfill" -> Waste Solid Historical demand to landfill | F24: =Def_Comm!E24 -> kt | G24: =F24&"a" -> kta
B25: *
B26: PRW | C26: CITY | D26: {=_xlfn.UNIQUE('WAS RESID'!K2:K93)} -> WASSOLPAPCMP19 | E26: =_xlfn.XLOOKUP(D26,'WAS RESID'!K:K,'WAS RESID'!A:A)&" "&_xlfn.XLOOKUP(D26,'WAS RESID'!K:K,'WAS RESID'!B:B)&" "&_xlfn.XLOOKUP(D26,'WAS RESID'!K:K,'WAS RESID'!C:C)&" "&_xlfn.XLOOKUP(D26,'WAS RESID'!K:K,'WAS RESID'!E:E) -> Waste Solid Paper Compost | F26: =IF(_xlfn.XLOOKUP(D26,'WAS RESID'!K:K,'WAS RESID'!B:B)="Solid","kt","Mm3") -> kt | G26: =IF(_xlfn.XLOOKUP(D26,'WAS RESID'!K:K,'WAS RESID'!B:B)="Solid","kta","Mm3a") -> kta | I26: =_xlfn.XLOOKUP(D26,'WAS RESID'!K:K,'WAS RESID'!J:J) -> WASSOLPAPDMDTOT
C27: CITY | D27: WASSOLGLACMP19 | E27: =_xlfn.XLOOKUP(D27,'WAS RESID'!K:K,'WAS RESID'!A:A)&" "&_xlfn.XLOOKUP(D27,'WAS RESID'!K:K,'WAS RESID'!B:B)&" "&_xlfn.XLOOKUP(D27,'WAS RESID'!K:K,'WAS RESID'!C:C)&" "&_xlfn.XLOOKUP(D27,'WAS RESID'!K:K,'WAS RESID'!E:E) -> Waste Solid Glass Compost | F27: =IF(_xlfn.XLOOKUP(D27,'WAS RESID'!K:K,'WAS RESID'!B:B)="Solid","kt","Mm3") -> kt | G27: =IF(_xlfn.XLOOKUP(D27,'WAS RESID'!K:K,'WAS RESID'!B:B)="Solid","kta","Mm3a") -> kta | I27: =_xlfn.XLOOKUP(D27,'WAS RESID'!K:K,'WAS RESID'!J:J) -> WASSOLGLADMDTOT
C28: CITY | D28: WASSOLMETCMP19 | E28: =_xlfn.XLOOKUP(D28,'WAS RESID'!K:K,'WAS RESID'!A:A)&" "&_xlfn.XLOOKUP(D28,'WAS RESID'!K:K,'WAS RESID'!B:B)&" "&_xlfn.XLOOKUP(D28,'WAS RESID'!K:K,'WAS RESID'!C:C)&" "&_xlfn.XLOOKUP(D28,'WAS RESID'!K:K,'WAS RESID'!E:E) -> Waste Solid Metals Compost | F28: =IF(_xlfn.XLOOKUP(D28,'WAS RESID'!K:K,'WAS RESID'!B:B)="Solid","kt","Mm3") -> kt | G28: =IF(_xlfn.XLOOKUP(D28,'WAS RESID'!K:K,'WAS RESID'!B:B)="Solid","kta","Mm3a") -> kta | I28: =_xlfn.XLOOKUP(D28,'WAS RESID'!K:K,'WAS RESID'!J:J) -> WASSOLMETDMDTOT
C29: CITY | D29: WASSOLPLACMP19 | E29: =_xlfn.XLOOKUP(D29,'WAS RESID'!K:K,'WAS RESID'!A:A)&" "&_xlfn.XLOOKUP(D29,'WAS RESID'!K:K,'WAS RESID'!B:B)&" "&_xlfn.XLOOKUP(D29,'WAS RESID'!K:K,'WAS RESID'!C:C)&" "&_xlfn.XLOOKUP(D29,'WAS RESID'!K:K,'WAS RESID'!E:E) -> Waste Solid Plastics Compost | F29: =IF(_xlfn.XLOOKUP(D29,'WAS RESID'!K:K,'WAS RESID'!B:B)="Solid","kt","Mm3") -> kt | G29: =IF(_xlfn.XLOOKUP(D29,'WAS RESID'!K:K,'WAS RESID'!B:B)="Solid","kta","Mm3a") -> kta | I29: =_xlfn.XLOOKUP(D29,'WAS RESID'!K:K,'WAS RESID'!J:J) -> WASSOLPLADMDTOT
C30: CITY | D30: WASSOLFOOCMP19 | E30: =_xlfn.XLOOKUP(D30,'WAS RESID'!K:K,'WAS RESID'!A:A)&" "&_xlfn.XLOOKUP(D30,'WAS RESID'!K:K,'WAS RESID'!B:B)&" "&_xlfn.XLOOKUP(D30,'WAS RESID'!K:K,'WAS RESID'!C:C)&" "&_xlfn.XLOOKUP(D30,'WAS RESID'!K:K,'WAS RESID'!E:E) -> Waste Solid Food Compost | F30: =IF(_xlfn.XLOOKUP(D30,'WAS RESID'!K:K,'WAS RESID'!B:B)="Solid","kt","Mm3") -> kt | G30: =IF(_xlfn.XLOOKUP(D30,'WAS RESID'!K:K,'WAS RESID'!B:B)="Solid","kta","Mm3a") -> kta | I30: =_xlfn.XLOOKUP(D30,'WAS RESID'!K:K,'WAS RESID'!J:J) -> WASSOLFOODMDTOT
C31: CITY | D31: WASSOLYARCMP19 | E31: =_xlfn.XLOOKUP(D31,'WAS RESID'!K:K,'WAS RESID'!A:A)&" "&_xlfn.XLOOKUP(D31,'WAS RESID'!K:K,'WAS RESID'!B:B)&" "&_xlfn.XLOOKUP(D31,'WAS RESID'!K:K,'WAS RESID'!C:C)&" "&_xlfn.XLOOKUP(D31,'WAS RESID'!K:K,'WAS RESID'!E:E) -> Waste Solid Yard trimmings Compost | F31: =IF(_xlfn.XLOOKUP(D31,'WAS RESID'!K:K,'WAS RESID'!B:B)="Solid","kt","Mm3") -> kt | G31: =IF(_xlfn.XLOOKUP(D31,'WAS RESID'!K:K,'WAS RESID'!B:B)="Solid","kta","Mm3a") -> kta | I31: =_xlfn.XLOOKUP(D31,'WAS RESID'!K:K,'WAS RESID'!J:J) -> WASSOLYARDMDTOT
C32: CITY | D32: WASSOLAOTCMP19 | E32: =_xlfn.XLOOKUP(D32,'WAS RESID'!K:K,'WAS RESID'!A:A)&" "&_xlfn.XLOOKUP(D32,'WAS RESID'!K:K,'WAS RESID'!B:B)&" "&_xlfn.XLOOKUP(D32,'WAS RESID'!K:K,'WAS RESID'!C:C)&" "&_xlfn.XLOOKUP(D32,'WAS RESID'!K:K,'WAS RESID'!E:E) -> Waste Solid All Other Compost | F32: =IF(_xlfn.XLOOKUP(D32,'WAS RESID'!K:K,'WAS RESID'!B:B)="Solid","kt","Mm3") -> kt | G32: =IF(_xlfn.XLOOKUP(D32,'WAS RESID'!K:K,'WAS RESID'!B:B)="Solid","kta","Mm3a") -> kta | I32: =_xlfn.XLOOKUP(D32,'WAS RESID'!K:K,'WAS RESID'!J:J) -> WASSOLAOTDMDTOT
C33: CITY | D33: WASSOLPAPADG19 | E33: =_xlfn.XLOOKUP(D33,'WAS RESID'!K:K,'WAS RESID'!A:A)&" "&_xlfn.XLOOKUP(D33,'WAS RESID'!K:K,'WAS RESID'!B:B)&" "&_xlfn.XLOOKUP(D33,'WAS RESID'!K:K,'WAS RESID'!C:C)&" "&_xlfn.XLOOKUP(D33,'WAS RESID'!K:K,'WAS RESID'!E:E) -> Waste Solid Paper Anaerobic Digestion | F33: =IF(_xlfn.XLOOKUP(D33,'WAS RESID'!K:K,'WAS RESID'!B:B)="Solid","kt","Mm3") -> kt | G33: =IF(_xlfn.XLOOKUP(D33,'WAS RESID'!K:K,'WAS RESID'!B:B)="Solid","kta","Mm3a") -> kta | I33: =_xlfn.XLOOKUP(D33,'WAS RESID'!K:K,'WAS RESID'!J:J) -> WASSOLPAPDMDTOT
C34: CITY | D34: WASSOLGLAADG19 | E34: =_xlfn.XLOOKUP(D34,'WAS RESID'!K:K,'WAS RESID'!A:A)&" "&_xlfn.XLOOKUP(D34,'WAS RESID'!K:K,'WAS RESID'!B:B)&" "&_xlfn.XLOOKUP(D34,'WAS RESID'!K:K,'WAS RESID'!C:C)&" "&_xlfn.XLOOKUP(D34,'WAS RESID'!K:K,'WAS RESID'!E:E) -> Waste Solid Glass Anaerobic Digestion | F34: =IF(_xlfn.XLOOKUP(D34,'WAS RESID'!K:K,'WAS RESID'!B:B)="Solid","kt","Mm3") -> kt | G34: =IF(_xlfn.XLOOKUP(D34,'WAS RESID'!K:K,'WAS RESID'!B:B)="Solid","kta","Mm3a") -> kta | I34: =_xlfn.XLOOKUP(D34,'WAS RESID'!K:K,'WAS RESID'!J:J) -> WASSOLGLADMDTOT
C35: CITY | D35: WASSOLMETADG19 | E35: =_xlfn.XLOOKUP(D35,'WAS RESID'!K:K,'WAS RESID'!A:A)&" "&_xlfn.XLOOKUP(D35,'WAS RESID'!K:K,'WAS RESID'!B:B)&" "&_xlfn.XLOOKUP(D35,'WAS RESID'!K:K,'WAS RESID'!C:C)&" "&_xlfn.XLOOKUP(D35,'WAS RESID'!K:K,'WAS RESID'!E:E) -> Waste Solid Metals Anaerobic Digestion | F35: =IF(_xlfn.XLOOKUP(D35,'WAS RESID'!K:K,'WAS RESID'!B:B)="Solid","kt","Mm3") -> kt | G35: =IF(_xlfn.XLOOKUP(D35,'WAS RESID'!K:K,'WAS RESID'!B:B)="Solid","kta","Mm3a") -> kta | I35: =_xlfn.XLOOKUP(D35,'WAS RESID'!K:K,'WAS RESID'!J:J) -> WASSOLMETDMDTOT
C36: CITY | D36: WASSOLPLAADG19 | E36: =_xlfn.XLOOKUP(D36,'WAS RESID'!K:K,'WAS RESID'!A:A)&" "&_xlfn.XLOOKUP(D36,'WAS RESID'!K:K,'WAS RESID'!B:B)&" "&_xlfn.XLOOKUP(D36,'WAS RESID'!K:K,'WAS RESID'!C:C)&" "&_xlfn.XLOOKUP(D36,'WAS RESID'!K:K,'WAS RESID'!E:E) -> Waste Solid Plastics Anaerobic Digestion | F36: =IF(_xlfn.XLOOKUP(D36,'WAS RESID'!K:K,'WAS RESID'!B:B)="Solid","kt","Mm3") -> kt | G36: =IF(_xlfn.XLOOKUP(D36,'WAS RESID'!K:K,'WAS RESID'!B:B)="Solid","kta","Mm3a") -> kta | I36: =_xlfn.XLOOKUP(D36,'WAS RESID'!K:K,'WAS RESID'!J:J) -> WASSOLPLADMDTOT
C37: CITY | D37: WASSOLFOOADG19 | E37: =_xlfn.XLOOKUP(D37,'WAS RESID'!K:K,'WAS RESID'!A:A)&" "&_xlfn.XLOOKUP(D37,'WAS RESID'!K:K,'WAS RESID'!B:B)&" "&_xlfn.XLOOKUP(D37,'WAS RESID'!K:K,'WAS RESID'!C:C)&" "&_xlfn.XLOOKUP(D37,'WAS RESID'!K:K,'WAS RESID'!E:E) -> Waste Solid Food Anaerobic Digestion | F37: =IF(_xlfn.XLOOKUP(D37,'WAS RESID'!K:K,'WAS RESID'!B:B)="Solid","kt","Mm3") -> kt | G37: =IF(_xlfn.XLOOKUP(D37,'WAS RESID'!K:K,'WAS RESID'!B:B)="Solid","kta","Mm3a") -> kta | I37: =_xlfn.XLOOKUP(D37,'WAS RESID'!K:K,'WAS RESID'!J:J) -> WASSOLFOODMDTOT
C38: CITY | D38: WASSOLYARADG19 | E38: =_xlfn.XLOOKUP(D38,'WAS RESID'!K:K,'WAS RESID'!A:A)&" "&_xlfn.XLOOKUP(D38,'WAS RESID'!K:K,'WAS RESID'!B:B)&" "&_xlfn.XLOOKUP(D38,'WAS RESID'!K:K,'WAS RESID'!C:C)&" "&_xlfn.XLOOKUP(D38,'WAS RESID'!K:K,'WAS RESID'!E:E) -> Waste Solid Yard trimmings Anaerobic Digestion | F38: =IF(_xlfn.XLOOKUP(D38,'WAS RESID'!K:K,'WAS RESID'!B:B)="Solid","kt","Mm3") -> kt | G38: =IF(_xlfn.XLOOKUP(D38,'WAS RESID'!K:K,'WAS RESID'!B:B)="Solid","kta","Mm3a") -> kta | I38: =_xlfn.XLOOKUP(D38,'WAS RESID'!K:K,'WAS RESID'!J:J) -> WASSOLYARDMDTOT
C39: CITY | D39: WASSOLAOTADG19 | E39: =_xlfn.XLOOKUP(D39,'WAS RESID'!K:K,'WAS RESID'!A:A)&" "&_xlfn.XLOOKUP(D39,'WAS RESID'!K:K,'WAS RESID'!B:B)&" "&_xlfn.XLOOKUP(D39,'WAS RESID'!K:K,'WAS RESID'!C:C)&" "&_xlfn.XLOOKUP(D39,'WAS RESID'!K:K,'WAS RESID'!E:E) -> Waste Solid All Other Anaerobic Digestion | F39: =IF(_xlfn.XLOOKUP(D39,'WAS RESID'!K:K,'WAS RESID'!B:B)="Solid","kt","Mm3") -> kt | G39: =IF(_xlfn.XLOOKUP(D39,'WAS RESID'!K:K,'WAS RESID'!B:B)="Solid","kta","Mm3a") -> kta | I39: =_xlfn.XLOOKUP(D39,'WAS RESID'!K:K,'WAS RESID'!J:J) -> WASSOLAOTDMDTOT
B40: ELE | C40: CITY | D40: WASSOLPAPINC19 | E40: =_xlfn.XLOOKUP(D40,'WAS RESID'!K:K,'WAS RESID'!A:A)&" "&_xlfn.XLOOKUP(D40,'WAS RESID'!K:K,'WAS RESID'!B:B)&" "&_xlfn.XLOOKUP(D40,'WAS RESID'!K:K,'WAS RESID'!C:C)&" "&_xlfn.XLOOKUP(D40,'WAS RESID'!K:K,'WAS RESID'!E:E) -> Waste Solid Paper Incineration | F40: =IF(_xlfn.XLOOKUP(D40,'WAS RESID'!K:K,'WAS RESID'!B:B)="Solid","kt","Mm3") -> kt | G40: =IF(_xlfn.XLOOKUP(D40,'WAS RESID'!K:K,'WAS RESID'!B:B)="Solid","kta","Mm3a") -> kta | H40: DAYNITE | I40: =_xlfn.XLOOKUP(D40,'WAS RESID'!K:K,'WAS RESID'!J:J) -> WASSOLPAPDMDTOT
C41: CITY | D41: WASSOLGLAINC19 | E41: =_xlfn.XLOOKUP(D41,'WAS RESID'!K:K,'WAS RESID'!A:A)&" "&_xlfn.XLOOKUP(D41,'WAS RESID'!K:K,'WAS RESID'!B:B)&" "&_xlfn.XLOOKUP(D41,'WAS RESID'!K:K,'WAS RESID'!C:C)&" "&_xlfn.XLOOKUP(D41,'WAS RESID'!K:K,'WAS RESID'!E:E) -> Waste Solid Glass Incineration | F41: =IF(_xlfn.XLOOKUP(D41,'WAS RESID'!K:K,'WAS RESID'!B:B)="Solid","kt","Mm3") -> kt | G41: =IF(_xlfn.XLOOKUP(D41,'WAS RESID'!K:K,'WAS RESID'!B:B)="Solid","kta","Mm3a") -> kta | H41: DAYNITE | I41: =_xlfn.XLOOKUP(D41,'WAS RESID'!K:K,'WAS RESID'!J:J) -> WASSOLGLADMDTOT
C42: CITY | D42: WASSOLMETINC19 | E42: =_xlfn.XLOOKUP(D42,'WAS RESID'!K:K,'WAS RESID'!A:A)&" "&_xlfn.XLOOKUP(D42,'WAS RESID'!K:K,'WAS RESID'!B:B)&" "&_xlfn.XLOOKUP(D42,'WAS RESID'!K:K,'WAS RESID'!C:C)&" "&_xlfn.XLOOKUP(D42,'WAS RESID'!K:K,'WAS RESID'!E:E) -> Waste Solid Metals Incineration | F42: =IF(_xlfn.XLOOKUP(D42,'WAS RESID'!K:K,'WAS RESID'!B:B)="Solid","kt","Mm3") -> kt | G42: =IF(_xlfn.XLOOKUP(D42,'WAS RESID'!K:K,'WAS RESID'!B:B)="Solid","kta","Mm3a") -> kta | H42: DAYNITE | I42: =_xlfn.XLOOKUP(D42,'WAS RESID'!K:K,'WAS RESID'!J:J) -> WASSOLMETDMDTOT
C43: CITY | D43: WASSOLPLAINC19 | E43: =_xlfn.XLOOKUP(D43,'WAS RESID'!K:K,'WAS RESID'!A:A)&" "&_xlfn.XLOOKUP(D43,'WAS RESID'!K:K,'WAS RESID'!B:B)&" "&_xlfn.XLOOKUP(D43,'WAS RESID'!K:K,'WAS RESID'!C:C)&" "&_xlfn.XLOOKUP(D43,'WAS RESID'!K:K,'WAS RESID'!E:E) -> Waste Solid Plastics Incineration | F43: =IF(_xlfn.XLOOKUP(D43,'WAS RESID'!K:K,'WAS RESID'!B:B)="Solid","kt","Mm3") -> kt | G43: =IF(_xlfn.XLOOKUP(D43,'WAS RESID'!K:K,'WAS RESID'!B:B)="Solid","kta","Mm3a") -> kta | H43: DAYNITE | I43: =_xlfn.XLOOKUP(D43,'WAS RESID'!K:K,'WAS RESID'!J:J) -> WASSOLPLADMDTOT
C44: CITY | D44: WASSOLFOOINC19 | E44: =_xlfn.XLOOKUP(D44,'WAS RESID'!K:K,'WAS RESID'!A:A)&" "&_xlfn.XLOOKUP(D44,'WAS RESID'!K:K,'WAS RESID'!B:B)&" "&_xlfn.XLOOKUP(D44,'WAS RESID'!K:K,'WAS RESID'!C:C)&" "&_xlfn.XLOOKUP(D44,'WAS RESID'!K:K,'WAS RESID'!E:E) -> Waste Solid Food Incineration | F44: =IF(_xlfn.XLOOKUP(D44,'WAS RESID'!K:K,'WAS RESID'!B:B)="Solid","kt","Mm3") -> kt | G44: =IF(_xlfn.XLOOKUP(D44,'WAS RESID'!K:K,'WAS RESID'!B:B)="Solid","kta","Mm3a") -> kta | H44: DAYNITE | I44: =_xlfn.XLOOKUP(D44,'WAS RESID'!K:K,'WAS RESID'!J:J) -> WASSOLFOODMDTOT
C45: CITY | D45: WASSOLYARINC19 | E45: =_xlfn.XLOOKUP(D45,'WAS RESID'!K:K,'WAS RESID'!A:A)&" "&_xlfn.XLOOKUP(D45,'WAS RESID'!K:K,'WAS RESID'!B:B)&" "&_xlfn.XLOOKUP(D45,'WAS RESID'!K:K,'WAS RESID'!C:C)&" "&_xlfn.XLOOKUP(D45,'WAS RESID'!K:K,'WAS RESID'!E:E) -> Waste Solid Yard trimmings Incineration | F45: =IF(_xlfn.XLOOKUP(D45,'WAS RESID'!K:K,'WAS RESID'!B:B)="Solid","kt","Mm3") -> kt | G45: =IF(_xlfn.XLOOKUP(D45,'WAS RESID'!K:K,'WAS RESID'!B:B)="Solid","kta","Mm3a") -> kta | H45: DAYNITE | I45: =_xlfn.XLOOKUP(D45,'WAS RESID'!K:K,'WAS RESID'!J:J) -> WASSOLYARDMDTOT
C46: CITY | D46: WASSOLAOTINC19 | E46: =_xlfn.XLOOKUP(D46,'WAS RESID'!K:K,'WAS RESID'!A:A)&" "&_xlfn.XLOOKUP(D46,'WAS RESID'!K:K,'WAS RESID'!B:B)&" "&_xlfn.XLOOKUP(D46,'WAS RESID'!K:K,'WAS RESID'!C:C)&" "&_xlfn.XLOOKUP(D46,'WAS RESID'!K:K,'WAS RESID'!E:E) -> Waste Solid All Other Incineration | F46: =IF(_xlfn.XLOOKUP(D46,'WAS RESID'!K:K,'WAS RESID'!B:B)="Solid","kt","Mm3") -> kt | G46: =IF(_xlfn.XLOOKUP(D46,'WAS RESID'!K:K,'WAS RESID'!B:B)="Solid","kta","Mm3a") -> kta | H46: DAYNITE | I46: =_xlfn.XLOOKUP(D46,'WAS RESID'!K:K,'WAS RESID'!J:J) -> WASSOLAOTDMDTOT
B47: PRW | C47: CITY | D47: WASSOLPAPLDF19 | E47: =_xlfn.XLOOKUP(D47,'WAS RESID'!K:K,'WAS RESID'!A:A)&" "&_xlfn.XLOOKUP(D47,'WAS RESID'!K:K,'WAS RESID'!B:B)&" "&_xlfn.XLOOKUP(D47,'WAS RESID'!K:K,'WAS RESID'!C:C)&" "&_xlfn.XLOOKUP(D47,'WAS RESID'!K:K,'WAS RESID'!E:E) -> Waste Solid Paper Landfill | F47: =IF(_xlfn.XLOOKUP(D47,'WAS RESID'!K:K,'WAS RESID'!B:B)="Solid","kt","Mm3") -> kt | G47: =IF(_xlfn.XLOOKUP(D47,'WAS RESID'!K:K,'WAS RESID'!B:B)="Solid","kta","Mm3a") -> kta | I47: =_xlfn.XLOOKUP(D47,'WAS RESID'!K:K,'WAS RESID'!J:J) -> WASSOLPAPDMDTOTTOLDF
C48: CITY | D48: WASSOLGLALDF19 | E48: =_xlfn.XLOOKUP(D48,'WAS RESID'!K:K,'WAS RESID'!A:A)&" "&_xlfn.XLOOKUP(D48,'WAS RESID'!K:K,'WAS RESID'!B:B)&" "&_xlfn.XLOOKUP(D48,'WAS RESID'!K:K,'WAS RESID'!C:C)&" "&_xlfn.XLOOKUP(D48,'WAS RESID'!K:K,'WAS RESID'!E:E) -> Waste Solid Glass Landfill | F48: =IF(_xlfn.XLOOKUP(D48,'WAS RESID'!K:K,'WAS RESID'!B:B)="Solid","kt","Mm3") -> kt | G48: =IF(_xlfn.XLOOKUP(D48,'WAS RESID'!K:K,'WAS RESID'!B:B)="Solid","kta","Mm3a") -> kta | I48: =_xlfn.XLOOKUP(D48,'WAS RESID'!K:K,'WAS RESID'!J:J) -> WASSOLGLADMDTOTTOLDF
C49: CITY | D49: WASSOLMETLDF19 | E49: =_xlfn.XLOOKUP(D49,'WAS RESID'!K:K,'WAS RESID'!A:A)&" "&_xlfn.XLOOKUP(D49,'WAS RESID'!K:K,'WAS RESID'!B:B)&" "&_xlfn.XLOOKUP(D49,'WAS RESID'!K:K,'WAS RESID'!C:C)&" "&_xlfn.XLOOKUP(D49,'WAS RESID'!K:K,'WAS RESID'!E:E) -> Waste Solid Metals Landfill | F49: =IF(_xlfn.XLOOKUP(D49,'WAS RESID'!K:K,'WAS RESID'!B:B)="Solid","kt","Mm3") -> kt | G49: =IF(_xlfn.XLOOKUP(D49,'WAS RESID'!K:K,'WAS RESID'!B:B)="Solid","kta","Mm3a") -> kta | I49: =_xlfn.XLOOKUP(D49,'WAS RESID'!K:K,'WAS RESID'!J:J) -> WASSOLMETDMDTOTTOLDF
C50: CITY | D50: WASSOLPLALDF19 | E50: =_xlfn.XLOOKUP(D50,'WAS RESID'!K:K,'WAS RESID'!A:A)&" "&_xlfn.XLOOKUP(D50,'WAS RESID'!K:K,'WAS RESID'!B:B)&" "&_xlfn.XLOOKUP(D50,'WAS RESID'!K:K,'WAS RESID'!C:C)&" "&_xlfn.XLOOKUP(D50,'WAS RESID'!K:K,'WAS RESID'!E:E) -> Waste Solid Plastics Landfill | F50: =IF(_xlfn.XLOOKUP(D50,'WAS RESID'!K:K,'WAS RESID'!B:B)="Solid","kt","Mm3") -> kt | G50: =IF(_xlfn.XLOOKUP(D50,'WAS RESID'!K:K,'WAS RESID'!B:B)="Solid","kta","Mm3a") -> kta | I50: =_xlfn.XLOOKUP(D50,'WAS RESID'!K:K,'WAS RESID'!J:J) -> WASSOLPLADMDTOTTOLDF
C51: CITY | D51: WASSOLFOOLDF19 | E51: =_xlfn.XLOOKUP(D51,'WAS RESID'!K:K,'WAS RESID'!A:A)&" "&_xlfn.XLOOKUP(D51,'WAS RESID'!K:K,'WAS RESID'!B:B)&" "&_xlfn.XLOOKUP(D51,'WAS RESID'!K:K,'WAS RESID'!C:C)&" "&_xlfn.XLOOKUP(D51,'WAS RESID'!K:K,'WAS RESID'!E:E) -> Waste Solid Food Landfill | F51: =IF(_xlfn.XLOOKUP(D51,'WAS RESID'!K:K,'WAS RESID'!B:B)="Solid","kt","Mm3") -> kt | G51: =IF(_xlfn.XLOOKUP(D51,'WAS RESID'!K:K,'WAS RESID'!B:B)="Solid","kta","Mm3a") -> kta | I51: =_xlfn.XLOOKUP(D51,'WAS RESID'!K:K,'WAS RESID'!J:J) -> WASSOLFOODMDTOTTOLDF
C52: CITY | D52: WASSOLYARLDF19 | E52: =_xlfn.XLOOKUP(D52,'WAS RESID'!K:K,'WAS RESID'!A:A)&" "&_xlfn.XLOOKUP(D52,'WAS RESID'!K:K,'WAS RESID'!B:B)&" "&_xlfn.XLOOKUP(D52,'WAS RESID'!K:K,'WAS RESID'!C:C)&" "&_xlfn.XLOOKUP(D52,'WAS RESID'!K:K,'WAS RESID'!E:E) -> Waste Solid Yard trimmings Landfill | F52: =IF(_xlfn.XLOOKUP(D52,'WAS RESID'!K:K,'WAS RESID'!B:B)="Solid","kt","Mm3") -> kt | G52: =IF(_xlfn.XLOOKUP(D52,'WAS RESID'!K:K,'WAS RESID'!B:B)="Solid","kta","Mm3a") -> kta | I52: =_xlfn.XLOOKUP(D52,'WAS RESID'!K:K,'WAS RESID'!J:J) -> WASSOLYARDMDTOTTOLDF
C53: CITY | D53: WASSOLAOTLDF19 | E53: =_xlfn.XLOOKUP(D53,'WAS RESID'!K:K,'WAS RESID'!A:A)&" "&_xlfn.XLOOKUP(D53,'WAS RESID'!K:K,'WAS RESID'!B:B)&" "&_xlfn.XLOOKUP(D53,'WAS RESID'!K:K,'WAS RESID'!C:C)&" "&_xlfn.XLOOKUP(D53,'WAS RESID'!K:K,'WAS RESID'!E:E) -> Waste Solid All Other Landfill | F53: =IF(_xlfn.XLOOKUP(D53,'WAS RESID'!K:K,'WAS RESID'!B:B)="Solid","kt","Mm3") -> kt | G53: =IF(_xlfn.XLOOKUP(D53,'WAS RESID'!K:K,'WAS RESID'!B:B)="Solid","kta","Mm3a") -> kta | I53: =_xlfn.XLOOKUP(D53,'WAS RESID'!K:K,'WAS RESID'!J:J) -> WASSOLAOTDMDTOTTOLDF
C54: CITY | D54: WASSOLPAPREC19 | E54: =_xlfn.XLOOKUP(D54,'WAS RESID'!K:K,'WAS RESID'!A:A)&" "&_xlfn.XLOOKUP(D54,'WAS RESID'!K:K,'WAS RESID'!B:B)&" "&_xlfn.XLOOKUP(D54,'WAS RESID'!K:K,'WAS RESID'!C:C)&" "&_xlfn.XLOOKUP(D54,'WAS RESID'!K:K,'WAS RESID'!E:E) -> Waste Solid Paper Recycle | F54: =IF(_xlfn.XLOOKUP(D54,'WAS RESID'!K:K,'WAS RESID'!B:B)="Solid","kt","Mm3") -> kt | G54: =IF(_xlfn.XLOOKUP(D54,'WAS RESID'!K:K,'WAS RESID'!B:B)="Solid","kta","Mm3a") -> kta | I54: =_xlfn.XLOOKUP(D54,'WAS RESID'!K:K,'WAS RESID'!J:J) -> WASSOLPAPDMDTOT
C55: CITY | D55: WASSOLGLAREC19 | E55: =_xlfn.XLOOKUP(D55,'WAS RESID'!K:K,'WAS RESID'!A:A)&" "&_xlfn.XLOOKUP(D55,'WAS RESID'!K:K,'WAS RESID'!B:B)&" "&_xlfn.XLOOKUP(D55,'WAS RESID'!K:K,'WAS RESID'!C:C)&" "&_xlfn.XLOOKUP(D55,'WAS RESID'!K:K,'WAS RESID'!E:E) -> Waste Solid Glass Recycle | F55: =IF(_xlfn.XLOOKUP(D55,'WAS RESID'!K:K,'WAS RESID'!B:B)="Solid","kt","Mm3") -> kt | G55: =IF(_xlfn.XLOOKUP(D55,'WAS RESID'!K:K,'WAS RESID'!B:B)="Solid","kta","Mm3a") -> kta | I55: =_xlfn.XLOOKUP(D55,'WAS RESID'!K:K,'WAS RESID'!J:J) -> WASSOLGLADMDTOT
C56: CITY | D56: WASSOLMETREC19 | E56: =_xlfn.XLOOKUP(D56,'WAS RESID'!K:K,'WAS RESID'!A:A)&" "&_xlfn.XLOOKUP(D56,'WAS RESID'!K:K,'WAS RESID'!B:B)&" "&_xlfn.XLOOKUP(D56,'WAS RESID'!K:K,'WAS RESID'!C:C)&" "&_xlfn.XLOOKUP(D56,'WAS RESID'!K:K,'WAS RESID'!E:E) -> Waste Solid Metals Recycle | F56: =IF(_xlfn.XLOOKUP(D56,'WAS RESID'!K:K,'WAS RESID'!B:B)="Solid","kt","Mm3") -> kt | G56: =IF(_xlfn.XLOOKUP(D56,'WAS RESID'!K:K,'WAS RESID'!B:B)="Solid","kta","Mm3a") -> kta | I56: =_xlfn.XLOOKUP(D56,'WAS RESID'!K:K,'WAS RESID'!J:J) -> WASSOLMETDMDTOT
C57: CITY | D57: WASSOLPLAREC19 | E57: =_xlfn.XLOOKUP(D57,'WAS RESID'!K:K,'WAS RESID'!A:A)&" "&_xlfn.XLOOKUP(D57,'WAS RESID'!K:K,'WAS RESID'!B:B)&" "&_xlfn.XLOOKUP(D57,'WAS RESID'!K:K,'WAS RESID'!C:C)&" "&_xlfn.XLOOKUP(D57,'WAS RESID'!K:K,'WAS RESID'!E:E) -> Waste Solid Plastics Recycle | F57: =IF(_xlfn.XLOOKUP(D57,'WAS RESID'!K:K,'WAS RESID'!B:B)="Solid","kt","Mm3") -> kt | G57: =IF(_xlfn.XLOOKUP(D57,'WAS RESID'!K:K,'WAS RESID'!B:B)="Solid","kta","Mm3a") -> kta | I57: =_xlfn.XLOOKUP(D57,'WAS RESID'!K:K,'WAS RESID'!J:J) -> WASSOLPLADMDTOT
C58: CITY | D58: WASSOLFOOREC19 | E58: =_xlfn.XLOOKUP(D58,'WAS RESID'!K:K,'WAS RESID'!A:A)&" "&_xlfn.XLOOKUP(D58,'WAS RESID'!K:K,'WAS RESID'!B:B)&" "&_xlfn.XLOOKUP(D58,'WAS RESID'!K:K,'WAS RESID'!C:C)&" "&_xlfn.XLOOKUP(D58,'WAS RESID'!K:K,'WAS RESID'!E:E) -> Waste Solid Food Recycle | F58: =IF(_xlfn.XLOOKUP(D58,'WAS RESID'!K:K,'WAS RESID'!B:B)="Solid","kt","Mm3") -> kt | G58: =IF(_xlfn.XLOOKUP(D58,'WAS RESID'!K:K,'WAS RESID'!B:B)="Solid","kta","Mm3a") -> kta | I58: =_xlfn.XLOOKUP(D58,'WAS RESID'!K:K,'WAS RESID'!J:J) -> WASSOLFOODMDTOT
C59: CITY | D59: WASSOLYARREC19 | E59: =_xlfn.XLOOKUP(D59,'WAS RESID'!K:K,'WAS RESID'!A:A)&" "&_xlfn.XLOOKUP(D59,'WAS RESID'!K:K,'WAS RESID'!B:B)&" "&_xlfn.XLOOKUP(D59,'WAS RESID'!K:K,'WAS RESID'!C:C)&" "&_xlfn.XLOOKUP(D59,'WAS RESID'!K:K,'WAS RESID'!E:E) -> Waste Solid Yard trimmings Recycle | F59: =IF(_xlfn.XLOOKUP(D59,'WAS RESID'!K:K,'WAS RESID'!B:B)="Solid","kt","Mm3") -> kt | G59: =IF(_xlfn.XLOOKUP(D59,'WAS RESID'!K:K,'WAS RESID'!B:B)="Solid","kta","Mm3a") -> kta | I59: =_xlfn.XLOOKUP(D59,'WAS RESID'!K:K,'WAS RESID'!J:J) -> WASSOLYARDMDTOT
... C65: CITY | D65: WASWATTRTWAN19 | E65: =_xlfn.XLOOKUP(D65,'WAS RESID'!K:K,'WAS RESID'!A:A)&" "&_xlfn.XLOOKUP(D65,'WAS RESID'!K:K,'WAS RESID'!B:B)&" "&_xlfn.XLOOKUP(D65,'WAS RESID'!K:K,'WAS RESID'!C:C)&" "&_xlfn.XLOOKUP(D65,'WAS RESID'!K:K,'WAS RESID'!E:E) -> Waste Water Treatment Treatment Plant with De-Nitrification and with Anaerobic Digesters | F65: =IF(_xlfn.XLOOKUP(D65,'WAS RESID'!K:K,'WAS RESID'!B:B)="Solid","kt","Mm3") -> Mm3 | G65: =IF(_xlfn.XLOOKUP(D65,'WAS RESID'!K:K,'WAS RESID'!B:B)="Solid","kta","Mm3a") -> Mm3a | I65: =_xlfn.XLOOKUP(D65,'WAS RESID'!K:K,'WAS RESID'!J:J) -> WASWATTRTDMDTOT
B66: *
B67: PRE | C67: CITY | D67: {=_xlfn.UNIQUE('WAS RESID'!K114:K149)} -> WASSOLADGVEN19 | E67: =_xlfn.XLOOKUP(D67,'WAS RESID'!K:K,'WAS RESID'!A:A)&" "&_xlfn.XLOOKUP(D67,'WAS RESID'!K:K,'WAS RESID'!B:B)&" "&_xlfn.XLOOKUP(D67,'WAS RESID'!K:K,'WAS RESID'!C:C)&" "&_xlfn.XLOOKUP(D67,'WAS RESID'!K:K,'WAS RESID'!E:E) -> Waste Solid Anaerobic Digestion Venting | F67: TJ | G67: MW | I67: ='WAS RESID'!H114 -> WASSOLADGBGA
C68: CITY | D68: WASSOLADGFLA19 | E68: =_xlfn.XLOOKUP(D68,'WAS RESID'!K:K,'WAS RESID'!A:A)&" "&_xlfn.XLOOKUP(D68,'WAS RESID'!K:K,'WAS RESID'!B:B)&" "&_xlfn.XLOOKUP(D68,'WAS RESID'!K:K,'WAS RESID'!C:C)&" "&_xlfn.XLOOKUP(D68,'WAS RESID'!K:K,'WAS RESID'!E:E) -> Waste Solid Anaerobic Digestion Flaring | F68: TJ | G68: MW | I68: ='WAS RESID'!H115 -> WASSOLADGBGA
B69: CHP | C69: CITY | D69: WASSOLADGCOG19 | E69: =_xlfn.XLOOKUP(D69,'WAS RESID'!K:K,'WAS RESID'!A:A)&" "&_xlfn.XLOOKUP(D69,'WAS RESID'!K:K,'WAS RESID'!B:B)&" "&_xlfn.XLOOKUP(D69,'WAS RESID'!K:K,'WAS RESID'!C:C)&" "&_xlfn.XLOOKUP(D69,'WAS RESID'!K:K,'WAS RESID'!E:E) -> Waste Solid Anaerobic Digestion Cogeneration | F69: TJ | G69: MW | H69: DAYNITE
B70: ELE | C70: CITY | D70: WASSOLADGPOW19 | E70: =_xlfn.XLOOKUP(D70,'WAS RESID'!K:K,'WAS RESID'!A:A)&" "&_xlfn.XLOOKUP(D70,'WAS RESID'!K:K,'WAS RESID'!B:B)&" "&_xlfn.XLOOKUP(D70,'WAS RESID'!K:K,'WAS RESID'!C:C)&" "&_xlfn.XLOOKUP(D70,'WAS RESID'!K:K,'WAS RESID'!E:E) -> Waste Solid Anaerobic Digestion Power | F70: TJ | G70: MW | H70: DAYNITE
B71: PRE | C71: CITY | D71: WASSOLADGPUR19 | E71: =_xlfn.XLOOKUP(D71,'WAS RESID'!K:K,'WAS RESID'!A:A)&" "&_xlfn.XLOOKUP(D71,'WAS RESID'!K:K,'WAS RESID'!B:B)&" "&_xlfn.XLOOKUP(D71,'WAS RESID'!K:K,'WAS RESID'!C:C)&" "&_xlfn.XLOOKUP(D71,'WAS RESID'!K:K,'WAS RESID'!E:E) -> Waste Solid Anaerobic Digestion Purification | F71: TJ | G71: MW | I71: ='WAS RESID'!H121 -> WASSOLADGBGA
B72: PRE | C72: CITY | D72: WASSOLLDFVEN19 | E72: =_xlfn.XLOOKUP(D72,'WAS RESID'!K:K,'WAS RESID'!A:A)&" "&_xlfn.XLOOKUP(D72,'WAS RESID'!K:K,'WAS RESID'!B:B)&" "&_xlfn.XLOOKUP(D72,'WAS RESID'!K:K,'WAS RESID'!C:C)&" "&_xlfn.XLOOKUP(D72,'WAS RESID'!K:K,'WAS RESID'!E:E) -> Waste Solid Landfill Venting | F72: TJ | G72: MW | I72: ='WAS RESID'!H123 -> WASSOLLDFBGA
C73: CITY | D73: WASSOLLDFFLA19 | E73: =_xlfn.XLOOKUP(D73,'WAS RESID'!K:K,'WAS RESID'!A:A)&" "&_xlfn.XLOOKUP(D73,'WAS RESID'!K:K,'WAS RESID'!B:B)&" "&_xlfn.XLOOKUP(D73,'WAS RESID'!K:K,'WAS RESID'!C:C)&" "&_xlfn.XLOOKUP(D73,'WAS RESID'!K:K,'WAS RESID'!E:E) -> Waste Solid Landfill Flaring | F73: TJ | G73: MW | I73: ='WAS RESID'!H124 -> WASSOLLDFBGA
B74: CHP | C74: CITY | D74: WASSOLLDFCOG19 | E74: =_xlfn.XLOOKUP(D74,'WAS RESID'!K:K,'WAS RESID'!A:A)&" "&_xlfn.XLOOKUP(D74,'WAS RESID'!K:K,'WAS RESID'!B:B)&" "&_xlfn.XLOOKUP(D74,'WAS RESID'!K:K,'WAS RESID'!C:C)&" "&_xlfn.XLOOKUP(D74,'WAS RESID'!K:K,'WAS RESID'!E:E) -> Waste Solid Landfill Cogeneration | F74: TJ | G74: MW | H74: DAYNITE
B75: ELE | C75: CITY | D75: WASSOLLDFPOW19 | E75: =_xlfn.XLOOKUP(D75,'WAS RESID'!K:K,'WAS RESID'!A:A)&" "&_xlfn.XLOOKUP(D75,'WAS RESID'!K:K,'WAS RESID'!B:B)&" "&_xlfn.XLOOKUP(D75,'WAS RESID'!K:K,'WAS RESID'!C:C)&" "&_xlfn.XLOOKUP(D75,'WAS RESID'!K:K,'WAS RESID'!E:E) -> Waste Solid Landfill Power | F75: TJ | G75: MW | H75: DAYNITE
B76: PRE | C76: CITY | D76: WASSOLLDFPUR19 | E76: =_xlfn.XLOOKUP(D76,'WAS RESID'!K:K,'WAS RESID'!A:A)&" "&_xlfn.XLOOKUP(D76,'WAS RESID'!K:K,'WAS RESID'!B:B)&" "&_xlfn.XLOOKUP(D76,'WAS RESID'!K:K,'WAS RESID'!C:C)&" "&_xlfn.XLOOKUP(D76,'WAS RESID'!K:K,'WAS RESID'!E:E) -> Waste Solid Landfill Purification | F76: TJ | G76: MW | I76: ='WAS RESID'!H130 -> WASSOLLDFBGA
B77: PRE | C77: CITY | D77: WASWATWADVEN19 | E77: =_xlfn.XLOOKUP(D77,'WAS RESID'!K:K,'WAS RESID'!A:A)&" "&_xlfn.XLOOKUP(D77,'WAS RESID'!K:K,'WAS RESID'!B:B)&" "&_xlfn.XLOOKUP(D77,'WAS RESID'!K:K,'WAS RESID'!C:C)&" "&_xlfn.XLOOKUP(D77,'WAS RESID'!K:K,'WAS RESID'!E:E) -> Waste Water Treatment Plant without De-Nitrification and with Anaerobic Digesters Venting | F77: TJ | G77: MW | I77: ='WAS RESID'!H132 -> WASWATWADBGA
C78: CITY | D78: WASWATWADFLA19 | E78: =_xlfn.XLOOKUP(D78,'WAS RESID'!K:K,'WAS RESID'!A:A)&" "&_xlfn.XLOOKUP(D78,'WAS RESID'!K:K,'WAS RESID'!B:B)&" "&_xlfn.XLOOKUP(D78,'WAS RESID'!K:K,'WAS RESID'!C:C)&" "&_xlfn.XLOOKUP(D78,'WAS RESID'!K:K,'WAS RESID'!E:E) -> Waste Water Treatment Plant without De-Nitrification and with Anaerobic Digesters Flaring | F78: TJ | G78: MW | I78: ='WAS RESID'!H133 -> WASWATWADBGA
B79: CHP | C79: CITY | D79: WASWATWADCOG19 | E79: =_xlfn.XLOOKUP(D79,'WAS RESID'!K:K,'WAS RESID'!A:A)&" "&_xlfn.XLOOKUP(D79,'WAS RESID'!K:K,'WAS RESID'!B:B)&" "&_xlfn.XLOOKUP(D79,'WAS RESID'!K:K,'WAS RESID'!C:C)&" "&_xlfn.XLOOKUP(D79,'WAS RESID'!K:K,'WAS RESID'!E:E) -> Waste Water Treatment Plant without De-Nitrification and with Anaerobic Digesters Cogeneration | F79: TJ | G79: MW | H79: DAYNITE
B80: ELE | C80: CITY | D80: WASWATWADPOW19 | E80: =_xlfn.XLOOKUP(D80,'WAS RESID'!K:K,'WAS RESID'!A:A)&" "&_xlfn.XLOOKUP(D80,'WAS RESID'!K:K,'WAS RESID'!B:B)&" "&_xlfn.XLOOKUP(D80,'WAS RESID'!K:K,'WAS RESID'!C:C)&" "&_xlfn.XLOOKUP(D80,'WAS RESID'!K:K,'WAS RESID'!E:E) -> Waste Water Treatment Plant without De-Nitrification and with Anaerobic Digesters Power | F80: TJ | G80: MW | H80: DAYNITE
B81: PRE | C81: CITY | D81: WASWATWADPUR19 | E81: =_xlfn.XLOOKUP(D81,'WAS RESID'!K:K,'WAS RESID'!A:A)&" "&_xlfn.XLOOKUP(D81,'WAS RESID'!K:K,'WAS RESID'!B:B)&" "&_xlfn.XLOOKUP(D81,'WAS RESID'!K:K,'WAS RESID'!C:C)&" "&_xlfn.XLOOKUP(D81,'WAS RESID'!K:K,'WAS RESID'!E:E) -> Waste Water Treatment Plant without De-Nitrification and with Anaerobic Digesters Purification | F81: TJ | G81: MW | I81: ='WAS RESID'!H139 -> WASWATWADBGA
B82: PRE | C82: CITY | D82: WASWATWANVEN19 | E82: =_xlfn.XLOOKUP(D82,'WAS RESID'!K:K,'WAS RESID'!A:A)&" "&_xlfn.XLOOKUP(D82,'WAS RESID'!K:K,'WAS RESID'!B:B)&" "&_xlfn.XLOOKUP(D82,'WAS RESID'!K:K,'WAS RESID'!C:C)&" "&_xlfn.XLOOKUP(D82,'WAS RESID'!K:K,'WAS RESID'!E:E) -> Waste Water Treatment Plant with De-Nitrification and with Anaerobic Digesters Venting | F82: TJ | G82: MW | I82: ='WAS RESID'!H141 -> WASWATWANBGA
C83: CITY | D83: WASWATWANFLA19 | E83: =_xlfn.XLOOKUP(D83,'WAS RESID'!K:K,'WAS RESID'!A:A)&" "&_xlfn.XLOOKUP(D83,'WAS RESID'!K:K,'WAS RESID'!B:B)&" "&_xlfn.XLOOKUP(D83,'WAS RESID'!K:K,'WAS RESID'!C:C)&" "&_xlfn.XLOOKUP(D83,'WAS RESID'!K:K,'WAS RESID'!E:E) -> Waste Water Treatment Plant with De-Nitrification and with Anaerobic Digesters Flaring | F83: TJ | G83: MW | I83: ='WAS RESID'!H142 -> WASWATWANBGA
B84: CHP | C84: CITY | D84: WASWATWANCOG19 | E84: =_xlfn.XLOOKUP(D84,'WAS RESID'!K:K,'WAS RESID'!A:A)&" "&_xlfn.XLOOKUP(D84,'WAS RESID'!K:K,'WAS RESID'!B:B)&" "&_xlfn.XLOOKUP(D84,'WAS RESID'!K:K,'WAS RESID'!C:C)&" "&_xlfn.XLOOKUP(D84,'WAS RESID'!K:K,'WAS RESID'!E:E) -> Waste Water Treatment Plant with De-Nitrification and with Anaerobic Digesters Cogeneration | F84: TJ | G84: MW | H84: DAYNITE
B85: ELE | C85: CITY | D85: WASWATWANPOW19 | E85: =_xlfn.XLOOKUP(D85,'WAS RESID'!K:K,'WAS RESID'!A:A)&" "&_xlfn.XLOOKUP(D85,'WAS RESID'!K:K,'WAS RESID'!B:B)&" "&_xlfn.XLOOKUP(D85,'WAS RESID'!K:K,'WAS RESID'!C:C)&" "&_xlfn.XLOOKUP(D85,'WAS RESID'!K:K,'WAS RESID'!E:E) -> Waste Water Treatment Plant with De-Nitrification and with Anaerobic Digesters Power | F85: TJ | G85: MW | H85: DAYNITE
B86: PRE | C86: CITY | D86: WASWATWANPUR19 | E86: =_xlfn.XLOOKUP(D86,'WAS RESID'!K:K,'WAS RESID'!A:A)&" "&_xlfn.XLOOKUP(D86,'WAS RESID'!K:K,'WAS RESID'!B:B)&" "&_xlfn.XLOOKUP(D86,'WAS RESID'!K:K,'WAS RESID'!C:C)&" "&_xlfn.XLOOKUP(D86,'WAS RESID'!K:K,'WAS RESID'!E:E) -> Waste Water Treatment Plant with De-Nitrification and with Anaerobic Digesters Purification | F86: TJ | G86: MW | I86: ='WAS RESID'!H148 -> WASWATWANBGA
B87: *
B88: STK | C88: CITY | D88: ='WAS RESID'!K96 -> WASSOLPAPLDFDEC19 | E88: =_xlfn.XLOOKUP(D88,'WAS RESID'!K:K,'WAS RESID'!A:A)&" "&_xlfn.XLOOKUP(D88,'WAS RESID'!K:K,'WAS RESID'!B:B)&" "&_xlfn.XLOOKUP(D88,'WAS RESID'!K:K,'WAS RESID'!C:C)&" "&_xlfn.XLOOKUP(D88,'WAS RESID'!K:K,'WAS RESID'!E:E)&" "&_xlfn.XLOOKUP(D88,'WAS RESID'!K:K,'WAS RESID'!F:F) -> Waste Solid Paper Landfill IN | F88: =IF(_xlfn.XLOOKUP(D88,'WAS RESID'!K:K,'WAS RESID'!B:B)="Solid","kt","Mm3") -> kt | G88: =IF(_xlfn.XLOOKUP(D88,'WAS RESID'!K:K,'WAS RESID'!B:B)="Solid","kta","Mm3a") -> kta | H88: ANNUAL | I88: ='WAS RESID'!H96 -> WASSOLPAPLDFDEC
C89: CITY | D89: ='WAS RESID'!K98 -> WASSOLGLALDFDEC19 | E89: =_xlfn.XLOOKUP(D89,'WAS RESID'!K:K,'WAS RESID'!A:A)&" "&_xlfn.XLOOKUP(D89,'WAS RESID'!K:K,'WAS RESID'!B:B)&" "&_xlfn.XLOOKUP(D89,'WAS RESID'!K:K,'WAS RESID'!C:C)&" "&_xlfn.XLOOKUP(D89,'WAS RESID'!K:K,'WAS RESID'!E:E)&" "&_xlfn.XLOOKUP(D89,'WAS RESID'!K:K,'WAS RESID'!F:F) -> Waste Solid Glass Landfill IN | F89: =IF(_xlfn.XLOOKUP(D89,'WAS RESID'!K:K,'WAS RESID'!B:B)="Solid","kt","Mm3") -> kt | G89: =IF(_xlfn.XLOOKUP(D89,'WAS RESID'!K:K,'WAS RESID'!B:B)="Solid","kta","Mm3a") -> kta | H89: ANNUAL | I89: ='WAS RESID'!H98 -> WASSOLGLALDFDEC
C90: CITY | D90: ='WAS RESID'!K100 -> WASSOLMETLDFDEC19 | E90: =_xlfn.XLOOKUP(D90,'WAS RESID'!K:K,'WAS RESID'!A:A)&" "&_xlfn.XLOOKUP(D90,'WAS RESID'!K:K,'WAS RESID'!B:B)&" "&_xlfn.XLOOKUP(D90,'WAS RESID'!K:K,'WAS RESID'!C:C)&" "&_xlfn.XLOOKUP(D90,'WAS RESID'!K:K,'WAS RESID'!E:E)&" "&_xlfn.XLOOKUP(D90,'WAS RESID'!K:K,'WAS RESID'!F:F) -> Waste Solid Metals Landfill IN | F90: =IF(_xlfn.XLOOKUP(D90,'WAS RESID'!K:K,'WAS RESID'!B:B)="Solid","kt","Mm3") -> kt | G90: =IF(_xlfn.XLOOKUP(D90,'WAS RESID'!K:K,'WAS RESID'!B:B)="Solid","kta","Mm3a") -> kta | H90: ANNUAL | I90: ='WAS RESID'!H100 -> WASSOLMETLDFDEC
C91: CITY | D91: ='WAS RESID'!K102 -> WASSOLPLALDFDEC19 | E91: =_xlfn.XLOOKUP(D91,'WAS RESID'!K:K,'WAS RESID'!A:A)&" "&_xlfn.XLOOKUP(D91,'WAS RESID'!K:K,'WAS RESID'!B:B)&" "&_xlfn.XLOOKUP(D91,'WAS RESID'!K:K,'WAS RESID'!C:C)&" "&_xlfn.XLOOKUP(D91,'WAS RESID'!K:K,'WAS RESID'!E:E)&" "&_xlfn.XLOOKUP(D91,'WAS RESID'!K:K,'WAS RESID'!F:F) -> Waste Solid Plastics Landfill IN | F91: =IF(_xlfn.XLOOKUP(D91,'WAS RESID'!K:K,'WAS RESID'!B:B)="Solid","kt","Mm3") -> kt | G91: =IF(_xlfn.XLOOKUP(D91,'WAS RESID'!K:K,'WAS RESID'!B:B)="Solid","kta","Mm3a") -> kta | H91: ANNUAL | I91: ='WAS RESID'!H102 -> WASSOLPLALDFDEC
C92: CITY | D92: ='WAS RESID'!K104 -> WASSOLFOOLDFDEC19 | E92: =_xlfn.XLOOKUP(D92,'WAS RESID'!K:K,'WAS RESID'!A:A)&" "&_xlfn.XLOOKUP(D92,'WAS RESID'!K:K,'WAS RESID'!B:B)&" "&_xlfn.XLOOKUP(D92,'WAS RESID'!K:K,'WAS RESID'!C:C)&" "&_xlfn.XLOOKUP(D92,'WAS RESID'!K:K,'WAS RESID'!E:E)&" "&_xlfn.XLOOKUP(D92,'WAS RESID'!K:K,'WAS RESID'!F:F) -> Waste Solid Food Landfill IN | F92: =IF(_xlfn.XLOOKUP(D92,'WAS RESID'!K:K,'WAS RESID'!B:B)="Solid","kt","Mm3") -> kt | G92: =IF(_xlfn.XLOOKUP(D92,'WAS RESID'!K:K,'WAS RESID'!B:B)="Solid","kta","Mm3a") -> kta | H92: ANNUAL | I92: ='WAS RESID'!H104 -> WASSOLFOOLDFDEC
C93: CITY | D93: ='WAS RESID'!K106 -> WASSOLYARLDFDEC19 | E93: =_xlfn.XLOOKUP(D93,'WAS RESID'!K:K,'WAS RESID'!A:A)&" "&_xlfn.XLOOKUP(D93,'WAS RESID'!K:K,'WAS RESID'!B:B)&" "&_xlfn.XLOOKUP(D93,'WAS RESID'!K:K,'WAS RESID'!C:C)&" "&_xlfn.XLOOKUP(D93,'WAS RESID'!K:K,'WAS RESID'!E:E)&" "&_xlfn.XLOOKUP(D93,'WAS RESID'!K:K,'WAS RESID'!F:F) -> Waste Solid Yard trimmings Landfill IN | F93: =IF(_xlfn.XLOOKUP(D93,'WAS RESID'!K:K,'WAS RESID'!B:B)="Solid","kt","Mm3") -> kt | G93: =IF(_xlfn.XLOOKUP(D93,'WAS RESID'!K:K,'WAS RESID'!B:B)="Solid","kta","Mm3a") -> kta | H93: ANNUAL | I93: ='WAS RESID'!H106 -> WASSOLYARLDFDEC
C94: CITY | D94: ='WAS RESID'!K108 -> WASSOLAOTLDFDEC19 | E94: =_xlfn.XLOOKUP(D94,'WAS RESID'!K:K,'WAS RESID'!A:A)&" "&_xlfn.XLOOKUP(D94,'WAS RESID'!K:K,'WAS RESID'!B:B)&" "&_xlfn.XLOOKUP(D94,'WAS RESID'!K:K,'WAS RESID'!C:C)&" "&_xlfn.XLOOKUP(D94,'WAS RESID'!K:K,'WAS RESID'!E:E)&" "&_xlfn.XLOOKUP(D94,'WAS RESID'!K:K,'WAS RESID'!F:F) -> Waste Solid All Other Landfill IN | F94: =IF(_xlfn.XLOOKUP(D94,'WAS RESID'!K:K,'WAS RESID'!B:B)="Solid","kt","Mm3") -> kt | G94: =IF(_xlfn.XLOOKUP(D94,'WAS RESID'!K:K,'WAS RESID'!B:B)="Solid","kta","Mm3a") -> kta | H94: ANNUAL | I94: ='WAS RESID'!H108 -> WASSOLAOTLDFDEC
C95: CITY | D95: ='WAS RESID'!K110 -> WASSOLHISLDFDEC19 | E95: =_xlfn.XLOOKUP(D95,'WAS RESID'!K:K,'WAS RESID'!A:A)&" "&_xlfn.XLOOKUP(D95,'WAS RESID'!K:K,'WAS RESID'!B:B)&" "&_xlfn.XLOOKUP(D95,'WAS RESID'!K:K,'WAS RESID'!C:C)&" "&_xlfn.XLOOKUP(D95,'WAS RESID'!K:K,'WAS RESID'!E:E)&" "&_xlfn.XLOOKUP(D95,'WAS RESID'!K:K,'WAS RESID'!F:F) -> Waste Solid Historical Landfill IN | F95: =IF(_xlfn.XLOOKUP(D95,'WAS RESID'!K:K,'WAS RESID'!B:B)="Solid","kt","Mm3") -> kt | G95: =IF(_xlfn.XLOOKUP(D95,'WAS RESID'!K:K,'WAS RESID'!B:B)="Solid","kta","Mm3a") -> kta | H95: ANNUAL | I95: ='WAS RESID'!H110 -> WASSOLHISLDFDEC

Sheet Def_Comm
B2: ~FI_Comm
B3: Csets | C3: CommName | D3: CommDesc | E3: Unit | F3: LimType | G3: CTSLvl | H3: PeakTS | I3: Ctype
B4: *Commodity Set Membership | C4: Commodity Name | D4: Commodity Description | E4: Unit | F4: Sense of the Balance EQN. | G4: Timeslice Level | H4: Peak Monitoring | I4: Electricity Indicator
B5: DEM | C5: =Demand!E55 -> WASSOLPAPDMD | D5: =Demand!A55&" "&Demand!B55&" "&Demand!C55&" "&Demand!D55&" "&"demand" -> Waste Solid Paper demand | E5: =IF(Demand!B55="Solid","kt","Mm3") -> kt | F5: FX
B6: DEM | C6: =Demand!E56 -> WASSOLGLADMD | D6: =Demand!A56&" "&Demand!B56&" "&Demand!C56&" "&Demand!D56&" "&"demand" -> Waste Solid Glass demand | E6: =IF(Demand!B56="Solid","kt","Mm3") -> kt | F6: FX
B7: DEM | C7: =Demand!E57 -> WASSOLMETDMD | D7: =Demand!A57&" "&Demand!B57&" "&Demand!C57&" "&Demand!D57&" "&"demand" -> Waste Solid Metals demand | E7: =IF(Demand!B57="Solid","kt","Mm3") -> kt | F7: FX
B8: DEM | C8: =Demand!E58 -> WASSOLPLADMD | D8: =Demand!A58&" "&Demand!B58&" "&Demand!C58&" "&Demand!D58&" "&"demand" -> Waste Solid Plastics demand | E8: =IF(Demand!B58="Solid","kt","Mm3") -> kt | F8: FX
B9: DEM | C9: =Demand!E59 -> WASSOLFOODMD | D9: =Demand!A59&" "&Demand!B59&" "&Demand!C59&" "&Demand!D59&" "&"demand" -> Waste Solid Food demand | E9: =IF(Demand!B59="Solid","kt","Mm3") -> kt | F9: FX
B10: DEM | C10: =Demand!E60 -> WASSOLYARDMD | D10: =Demand!A60&" "&Demand!B60&" "&Demand!C60&" "&Demand!D60&" "&"demand" -> Waste Solid Yard trimmings demand | E10: =IF(Demand!B60="Solid","kt","Mm3") -> kt | F10: FX
B11: DEM | C11: =Demand!E61 -> WASSOLAOTDMD | D11: =Demand!A61&" "&Demand!B61&" "&Demand!C61&" "&Demand!D61&" "&"demand" -> Waste Solid All other demand | E11: =IF(Demand!B61="Solid","kt","Mm3") -> kt | F11: FX
B12: DEM | C12: =Demand!E62 -> WASSOLHISDMD | D12: =Demand!A62&" "&Demand!B62&" "&Demand!C62&" "&Demand!D62&" "&"demand" -> Waste Solid Historical demand | E12: =IF(Demand!B62="Solid","kt","Mm3") -> kt | F12: FX
B13: DEM | C13: =Demand!E63 -> WASWATFWADMD | D13: =Demand!A63&" "&Demand!B63&" "&Demand!C63&" "&Demand!D63&" "&"demand" -> Waste Water Fresh Water demand | E13: =IF(Demand!B63="Solid","kt","Mm3") -> Mm3 | F13: FX
B14: DEM | C14: =Demand!E64 -> WASWATAPRDMD | D14: =Demand!A64&" "&Demand!B64&" "&Demand!C64&" "&Demand!D64&" "&"demand" -> Waste Water Annual Precipitation demand | E14: =IF(Demand!B64="Solid","kt","Mm3") -> Mm3 | F14: FX
B15: DEM | C15: =Demand!E66 -> WASWATTRTDMD | D15: =Demand!A66&" "&Demand!B66&" "&Demand!C66&" "&Demand!D66&" "&"demand" -> Waste Water Treatment demand | E15: =IF(Demand!B66="Solid","kt","Mm3") -> Mm3 | F15: FX
B16: *
B17: MAT | C17: =C5&"TOT" -> WASSOLPAPDMDTOT | D17: =D5&" total" -> Waste Solid Paper demand total | E17: =IF(Demand!B55="Solid","kt","Mm3") -> kt | F17: FX
B18: MAT | C18: =C6&"TOT" -> WASSOLGLADMDTOT | D18: =D6&" total" -> Waste Solid Glass demand total | E18: =IF(Demand!B56="Solid","kt","Mm3") -> kt | F18: FX
B19: MAT | C19: =C7&"TOT" -> WASSOLMETDMDTOT | D19: =D7&" total" -> Waste Solid Metals demand total | E19: =IF(Demand!B57="Solid","kt","Mm3") -> kt | F19: FX
B20: MAT | C20: =C8&"TOT" -> WASSOLPLADMDTOT | D20: =D8&" total" -> Waste Solid Plastics demand total | E20: =IF(Demand!B58="Solid","kt","Mm3") -> kt | F20: FX
B21: MAT | C21: =C9&"TOT" -> WASSOLFOODMDTOT | D21: =D9&" total" -> Waste Solid Food demand total | E21: =IF(Demand!B59="Solid","kt","Mm3") -> kt | F21: FX
B22: MAT | C22: =C10&"TOT" -> WASSOLYARDMDTOT | D22: =D10&" total" -> Waste Solid Yard trimmings demand total | E22: =IF(Demand!B60="Solid","kt","Mm3") -> kt | F22: FX
B23: MAT | C23: =C11&"TOT" -> WASSOLAOTDMDTOT | D23: =D11&" total" -> Waste Solid All other demand total | E23: =IF(Demand!B61="Solid","kt","Mm3") -> kt | F23: FX
B24: MAT | C24: =C12&"TOT" -> WASSOLHISDMDTOT | D24: =D12&" total" -> Waste Solid Historical demand total | E24: =IF(Demand!B62="Solid","kt","Mm3") -> kt | F24: FX
B25: MAT | C25: =C13&"TOT" -> WASWATFWADMDTOT | D25: =D13&" total" -> Waste Water Fresh Water demand total | E25: =IF(Demand!B63="Solid","kt","Mm3") -> Mm3 | F25: FX
B26: MAT | C26: =C14&"TOT" -> WASWATAPRDMDTOT | D26: =D14&" total" -> Waste Water Annual Precipitation demand total | E26: =IF(Demand!B64="Solid","kt","Mm3") -> Mm3 | F26: FX
B27: MAT | C27: =C15&"TOT" -> WASWATTRTDMDTOT | D27: =D15&" total" -> Waste Water Treatment demand total | E27: =IF(Demand!B66="Solid","kt","Mm3") -> Mm3 | F27: FX
B28: *
B29: MAT | C29: =C17&"TOLDF" -> WASSOLPAPDMDTOTTOLDF | D29: =D17&" to landfill" -> Waste Solid Paper demand total to landfill | E29: =E17 -> kt | F29: FX
B30: MAT | C30: =C18&"TOLDF" -> WASSOLGLADMDTOTTOLDF | D30: =D18&" to landfill" -> Waste Solid Glass demand total to landfill | E30: =E18 -> kt | F30: FX
B31: MAT | C31: =C19&"TOLDF" -> WASSOLMETDMDTOTTOLDF | D31: =D19&" to landfill" -> Waste Solid Metals demand total to landfill | E31: =E19 -> kt | F31: FX
B32: MAT | C32: =C20&"TOLDF" -> WASSOLPLADMDTOTTOLDF | D32: =D20&" to landfill" -> Waste Solid Plastics demand total to landfill | E32: =E20 -> kt | F32: FX
B33: MAT | C33: =C21&"TOLDF" -> WASSOLFOODMDTOTTOLDF | D33: =D21&" to landfill" -> Waste Solid Food demand total to landfill | E33: =E21 -> kt | F33: FX
B34: MAT | C34: =C22&"TOLDF" -> WASSOLYARDMDTOTTOLDF | D34: =D22&" to landfill" -> Waste Solid Yard trimmings demand total to landfill | E34: =E22 -> kt | F34: FX
B35: MAT | C35: =C23&"TOLDF" -> WASSOLAOTDMDTOTTOLDF | D35: =D23&" to landfill" -> Waste Solid All other demand total to landfill | E35: =E23 -> kt | F35: FX
B36: MAT | C36: =C24&"TOLDF" -> WASSOLHISDMDTOTTOLDF | D36: =D24&" to landfill" -> Waste Solid Historical demand total to landfill | E36: =E24 -> kt | F36: FX
B37: *
B38: NRG | C38: {=_xlfn._xlws.FILTER(_xlfn.UNIQUE('WAS RESID'!H114:H145),_xlfn.UNIQUE('WAS RESID'!H114:H145)<>0,"")} -> WASSOLADGBGA | D38: =_xlfn.XLOOKUP(C38,'WAS RESID'!$H$114:$H$145,'WAS RESID'!$A$114:$A$145)&" "&_xlfn.XLOOKUP(C38,'WAS RESID'!$H$114:$H$145,'WAS RESID'!$B$114:$B$145)&" "&_xlfn.XLOOKUP(C38,'WAS RESID'!$H$114:$H$145,'WAS RESID'!$C$114:$C$145)&" "&_xlfn.XLOOKUP(C38,'WAS RESID'!$H$114:$H$145,'WAS RESID'!$G$114:$G$145) -> Waste Solid Anaerobic Digestion Biogas | E38: TJ | F38: FX
B39: NRG | C39: WASSOLLDFBGA | D39: =_xlfn.XLOOKUP(C39,'WAS RESID'!$H$114:$H$145,'WAS RESID'!$A$114:$A$145)&" "&_xlfn.XLOOKUP(C39,'WAS RESID'!$H$114:$H$145,'WAS RESID'!$B$114:$B$145)&" "&_xlfn.XLOOKUP(C39,'WAS RESID'!$H$114:$H$145,'WAS RESID'!$C$114:$C$145)&" "&_xlfn.XLOOKUP(C39,'WAS RESID'!$H$114:$H$145,'WAS RESID'!$G$114:$G$145) -> Waste Solid Landfill Biogas | E39: TJ | F39: FX
B40: NRG | C40: WASWATWADBGA | D40: =_xlfn.XLOOKUP(C40,'WAS RESID'!$H$114:$H$145,'WAS RESID'!$A$114:$A$145)&" "&_xlfn.XLOOKUP(C40,'WAS RESID'!$H$114:$H$145,'WAS RESID'!$B$114:$B$145)&" "&_xlfn.XLOOKUP(C40,'WAS RESID'!$H$114:$H$145,'WAS RESID'!$C$114:$C$145)&" "&_xlfn.XLOOKUP(C40,'WAS RESID'!$H$114:$H$145,'WAS RESID'!$G$114:$G$145) -> Waste Water Treatment Plant without De-Nitrification and with Anaerobic Digesters Biogas | E40: TJ | F40: FX
B41: NRG | C41: WASWATWANBGA | D41: =_xlfn.XLOOKUP(C41,'WAS RESID'!$H$114:$H$145,'WAS RESID'!$A$114:$A$145)&" "&_xlfn.XLOOKUP(C41,'WAS RESID'!$H$114:$H$145,'WAS RESID'!$B$114:$B$145)&" "&_xlfn.XLOOKUP(C41,'WAS RESID'!$H$114:$H$145,'WAS RESID'!$C$114:$C$145)&" "&_xlfn.XLOOKUP(C41,'WAS RESID'!$H$114:$H$145,'WAS RESID'!$G$114:$G$145) -> Waste Water Treatment Plant with De-Nitrification and with Anaerobic Digesters Biogas | E41: TJ | F41: FX
B42: *
B43: MAT | C43: ='WAS RESID'!H96 -> WASSOLPAPLDFDEC | D43: ='WAS RESID'!A96&" "&'WAS RESID'!B96&" "&'WAS RESID'!C96&" "&'WAS RESID'!E96&" "&'WAS RESID'!F96 -> Waste Solid Paper Landfill IN | E43: =IF(Demand!B55="Solid","kt","Mm3") -> kt | F43: FX
B44: MAT | C44: ='WAS RESID'!H98 -> WASSOLGLALDFDEC | D44: ='WAS RESID'!A98&" "&'WAS RESID'!B98&" "&'WAS RESID'!C98&" "&'WAS RESID'!E98&" "&'WAS RESID'!F98 -> Waste Solid Glass Landfill IN | E44: =IF(Demand!B56="Solid","kt","Mm3") -> kt | F44: FX
B45: MAT | C45: ='WAS RESID'!H100 -> WASSOLMETLDFDEC | D45: ='WAS RESID'!A100&" "&'WAS RESID'!B100&" "&'WAS RESID'!C100&" "&'WAS RESID'!E100&" "&'WAS RESID'!F100 -> Waste Solid Metals Landfill IN | E45: =IF(Demand!B57="Solid","kt","Mm3") -> kt | F45: FX
B46: MAT | C46: ='WAS RESID'!H102 -> WASSOLPLALDFDEC | D46: ='WAS RESID'!A102&" "&'WAS RESID'!B102&" "&'WAS RESID'!C102&" "&'WAS RESID'!E102&" "&'WAS RESID'!F102 -> Waste Solid Plastics Landfill IN | E46: =IF(Demand!B58="Solid","kt","Mm3") -> kt | F46: FX
B47: MAT | C47: ='WAS RESID'!H104 -> WASSOLFOOLDFDEC | D47: ='WAS RESID'!A104&" "&'WAS RESID'!B104&" "&'WAS RESID'!C104&" "&'WAS RESID'!E104&" "&'WAS RESID'!F104 -> Waste Solid Food Landfill IN | E47: =IF(Demand!B59="Solid","kt","Mm3") -> kt | F47: FX
B48: MAT | C48: ='WAS RESID'!H106 -> WASSOLYARLDFDEC | D48: ='WAS RESID'!A106&" "&'WAS RESID'!B106&" "&'WAS RESID'!C106&" "&'WAS RESID'!E106&" "&'WAS RESID'!F106 -> Waste Solid Yard trimmings Landfill IN | E48: =IF(Demand!B60="Solid","kt","Mm3") -> kt | F48: FX
B49: MAT | C49: ='WAS RESID'!H108 -> WASSOLAOTLDFDEC | D49: ='WAS RESID'!A108&" "&'WAS RESID'!B108&" "&'WAS RESID'!C108&" "&'WAS RESID'!E108&" "&'WAS RESID'!F108 -> Waste Solid All Other Landfill IN | E49: =IF(Demand!B61="Solid","kt","Mm3") -> kt | F49: FX
B50: MAT | C50: ='WAS RESID'!H110 -> WASSOLHISLDFDEC | D50: ='WAS RESID'!A110&" "&'WAS RESID'!B110&" "&'WAS RESID'!C110&" "&'WAS RESID'!E110&" "&'WAS RESID'!F110 -> Waste Solid Historical Landfill IN | E50: =IF(Demand!B62="Solid","kt","Mm3") -> kt | F50: FX
B51: *
B52: NRG | C52: WASHET | D52: Waste Heat | E52: TJ
B53: *
B54: ENV | C54: WASCO2P | D54: Waste Carbon dioxyde Process | E54: t
C55: WASCH4P | D55: Waste Methane Process | E55: t
C56: WASN2OP | D56: Waste Nitrogen dioxyde Process | E56: t
C57: WASCO2eP | D57: Waste Carbon dioxyde equivalent Process | E57: t
B58: NRG | C58: DummyVENT | D58: DummyVENT | E58: TJ
C59: DummyFLAR | D59: DummyFLAR | E59: TJ

Sheet DemandTrans
C2: ~FI_T | J2: ~FI_T
B3: TechName | C3: Comm-OUT | D3: Attribute | E3: CITY | H3: TechName | I3: Comm-IN | J3: Comm-OUT | K3: Attribute | L3: CITY
B4: * | H4: *
B5: =Def_Tech!D5 -> WASSOLPAPINV | C5: =Def_Comm!C5 -> WASSOLPAPDMD | D5: Output | E5: 1 | H5: =Def_Tech!D17 -> WASSOLPAPTOLDF | I5: =C16 -> WASSOLPAPDMDTOT | J5: =Def_Comm!C29 -> WASSOLPAPDMDTOTTOLDF | K5: Output | L5: 1
B6: =Def_Tech!D6 -> WASSOLGLAINV | C6: =Def_Comm!C6 -> WASSOLGLADMD | D6: Output | E6: 1 | H6: =Def_Tech!D18 -> WASSOLGLATOLDF | I6: =C17 -> WASSOLGLADMDTOT | J6: =Def_Comm!C30 -> WASSOLGLADMDTOTTOLDF | K6: Output | L6: 1
B7: =Def_Tech!D7 -> WASSOLMETINV | C7: =Def_Comm!C7 -> WASSOLMETDMD | D7: Output | E7: 1 | H7: =Def_Tech!D19 -> WASSOLMETTOLDF | I7: =C18 -> WASSOLMETDMDTOT | J7: =Def_Comm!C31 -> WASSOLMETDMDTOTTOLDF | K7: Output | L7: 1
B8: =Def_Tech!D8 -> WASSOLPLAINV | C8: =Def_Comm!C8 -> WASSOLPLADMD | D8: Output | E8: 1 | H8: =Def_Tech!D20 -> WASSOLPLATOLDF | I8: =C19 -> WASSOLPLADMDTOT | J8: =Def_Comm!C32 -> WASSOLPLADMDTOTTOLDF | K8: Output | L8: 1
B9: =Def_Tech!D9 -> WASSOLFOOINV | C9: =Def_Comm!C9 -> WASSOLFOODMD | D9: Output | E9: 1 | H9: =Def_Tech!D21 -> WASSOLFOOTOLDF | I9: =C20 -> WASSOLFOODMDTOT | J9: =Def_Comm!C33 -> WASSOLFOODMDTOTTOLDF | K9: Output | L9: 1
B10: =Def_Tech!D10 -> WASSOLYARINV | C10: =Def_Comm!C10 -> WASSOLYARDMD | D10: Output | E10: 1 | H10: =Def_Tech!D22 -> WASSOLYARTOLDF | I10: =C21 -> WASSOLYARDMDTOT | J10: =Def_Comm!C34 -> WASSOLYARDMDTOTTOLDF | K10: Output | L10: 1
B11: =Def_Tech!D11 -> WASSOLAOTINV | C11: =Def_Comm!C11 -> WASSOLAOTDMD | D11: Output | E11: 1 | H11: =Def_Tech!D23 -> WASSOLAOTTOLDF | I11: =C22 -> WASSOLAOTDMDTOT | J11: =Def_Comm!C35 -> WASSOLAOTDMDTOTTOLDF | K11: Output | L11: 1
B12: =Def_Tech!D12 -> WASSOLHISINV | C12: =Def_Comm!C12 -> WASSOLHISDMD | D12: Output | E12: 1 | H12: =Def_Tech!D24 -> WASSOLHISTOLDF | I12: =C23 -> WASSOLHISDMDTOT | J12: =Def_Comm!C36 -> WASSOLHISDMDTOTTOLDF | K12: Output | L12: 1
B13: =Def_Tech!D13 -> WASWATFWAINV | C13: =Def_Comm!C13 -> WASWATFWADMD | D13: Output | E13: 1 | H13: =H5 -> WASSOLPAPTOLDF | I13: =I5 -> WASSOLPAPDMDTOT | J13: =J5 -> WASSOLPAPDMDTOTTOLDF | K13: Input | L13: 1
B14: =Def_Tech!D14 -> WASWATAPRINV | C14: =Def_Comm!C14 -> WASWATAPRDMD | D14: Output | E14: 1 | H14: =H6 -> WASSOLGLATOLDF | I14: =I6 -> WASSOLGLADMDTOT | J14: =J6 -> WASSOLGLADMDTOTTOLDF | K14: Input | L14: 1
B15: =Def_Tech!D15 -> WASWATTRTINV | C15: =Def_Comm!C15 -> WASWATTRTDMD | D15: Output | E15: 1 | H15: =H7 -> WASSOLMETTOLDF | I15: =I7 -> WASSOLMETDMDTOT | J15: =J7 -> WASSOLMETDMDTOTTOLDF | K15: Input | L15: 1
B16: =Def_Tech!D5 -> WASSOLPAPINV | C16: =Def_Comm!C17 -> WASSOLPAPDMDTOT | D16: Output | E16: 1 | H16: =H8 -> WASSOLPLATOLDF | I16: =I8 -> WASSOLPLADMDTOT | J16: =J8 -> WASSOLPLADMDTOTTOLDF | K16: Input | L16: 1
B17: =Def_Tech!D6 -> WASSOLGLAINV | C17: =Def_Comm!C18 -> WASSOLGLADMDTOT | D17: Output | E17: 1 | H17: =H9 -> WASSOLFOOTOLDF | I17: =I9 -> WASSOLFOODMDTOT | J17: =J9 -> WASSOLFOODMDTOTTOLDF | K17: Input | L17: 1
B18: =Def_Tech!D7 -> WASSOLMETINV | C18: =Def_Comm!C19 -> WASSOLMETDMDTOT | D18: Output | E18: 1 | H18: =H10 -> WASSOLYARTOLDF | I18: =I10 -> WASSOLYARDMDTOT | J18: =J10 -> WASSOLYARDMDTOTTOLDF | K18: Input | L18: 1
B19: =Def_Tech!D8 -> WASSOLPLAINV | C19: =Def_Comm!C20 -> WASSOLPLADMDTOT | D19: Output | E19: 1 | H19: =H11 -> WASSOLAOTTOLDF | I19: =I11 -> WASSOLAOTDMDTOT | J19: =J11 -> WASSOLAOTDMDTOTTOLDF | K19: Input | L19: 1
B20: =Def_Tech!D9 -> WASSOLFOOINV | C20: =Def_Comm!C21 -> WASSOLFOODMDTOT | D20: Output | E20: 1 | H20: =H12 -> WASSOLHISTOLDF | I20: =I12 -> WASSOLHISDMDTOT | J20: =J12 -> WASSOLHISDMDTOTTOLDF | K20: Input | L20: 1
B21: =Def_Tech!D10 -> WASSOLYARINV | C21: =Def_Comm!C22 -> WASSOLYARDMDTOT | D21: Output | E21: 1
B22: =Def_Tech!D11 -> WASSOLAOTINV | C22: =Def_Comm!C23 -> WASSOLAOTDMDTOT | D22: Output | E22: 1
B23: =Def_Tech!D12 -> WASSOLHISINV | C23: =Def_Comm!C24 -> WASSOLHISDMDTOT | D23: Output | E23: 1
B24: =Def_Tech!D13 -> WASWATFWAINV | C24: =Def_Comm!C25 -> WASWATFWADMDTOT | D24: Output | E24: 0
B25: =Def_Tech!D14 -> WASWATAPRINV | C25: =Def_Comm!C26 -> WASWATAPRDMDTOT | D25: Output | E25: 0
B26: =Def_Tech!D15 -> WASWATTRTINV | C26: =Def_Comm!C27 -> WASWATTRTDMDTOT | D26: Output | E26: 1

Sheet ResidWAS
AB1: ='City characteristics'!C20 -> 2019
AB2: PRC_RESID
C4: ~FI_T | H4: ~FI_T | M4: ~FI_T | R4: ~FI_T | X4: ~FI_T
B5: TechName | C5: Comm-IN | D5: Attribute | E5: CITY | G5: TechName | H5: Comm-OUT | I5: Attribute | J5: CITY | L5: TechName | M5: Comm-IN | N5: Attribute | O5: CITY | Q5: TechName | R5: Comm-OUT | S5: Attribute | T5: CITY | V5: Region | W5: TechName | X5: PRC_CAPACT | Y5: NCAP_AFA | Z5: NCAP_TLIFE | AA5: NCAP_FOM | AB5: =AB2&"~"&AB1 -> PRC_RESID~2019
B6: * | G6: * | L6: * | Q6: * | V6: * | W6: * | X6: kta/kt | Y6: % | Z6: Yr | AA6: $ /kW / Yr | AB6: kt
B7: =Def_Tech!D26 -> WASSOLPAPCMP19 | C7: =Def_Tech!I26 -> WASSOLPAPDMDTOT | D7: Input | E7: 1 | G7: =Def_Tech!D47 -> WASSOLPAPLDF19 | H7: =Def_Comm!C43 -> WASSOLPAPLDFDEC | I7: Output | J7: 1 | L7: {=_xlfn._xlws.FILTER('WAS RESID'!K2:K93,'WAS RESID'!F2:F93="IN","")} -> WASSOLPAPCMP19 | M7: {=_xlfn._xlws.FILTER('WAS RESID'!H2:H93,'WAS RESID'!F2:F93="IN","")} -> WASELC | N7: Input | O7: {=_xlfn._xlws.FILTER('WAS RESID'!S2:S93,'WAS RESID'!F2:F93="IN","")} -> 0.0037198608 | Q7: {=_xlfn._xlws.FILTER('WAS RESID'!K2:K93,'WAS RESID'!F2:F93="OUT","")} -> WASSOLPAPADG19 | R7: {=_xlfn._xlws.FILTER('WAS RESID'!I2:I93,'WAS RESID'!F2:F93="OUT","")} -> WASSOLADGBGA | S7: Output | T7: {=_xlfn._xlws.FILTER('WAS RESID'!S2:S93,'WAS RESID'!F2:F93="OUT","")} -> 2.5551929 | V7: =Def_Tech!C26 -> CITY | W7: =Def_Tech!D26 -> WASSOLPAPCMP19 | X7: =_xlfn.XLOOKUP(W7,'WAS RESID'!K:K,'WAS RESID'!R:R) -> 1 | Y7: =_xlfn.XLOOKUP(W7,'WAS RESID'!K:K,'WAS RESID'!Q:Q) -> 0.9 | Z7: 20 | AA7: 1 | AB7: =_xlfn.XLOOKUP(W7,'WAS RESID'!K:K,'WAS RESID'!P:P) -> 0
B8: =Def_Tech!D27 -> WASSOLGLACMP19 | C8: =Def_Tech!I27 -> WASSOLGLADMDTOT | D8: Input | E8: 1 | G8: =Def_Tech!D48 -> WASSOLGLALDF19 | H8: =Def_Comm!C44 -> WASSOLGLALDFDEC | I8: Output | J8: 1 | L8: WASSOLPAPCMP19 | M8: WASDSL | N8: Input | O8: 0.0050435779 | Q8: WASSOLGLAADG19 | R8: WASSOLADGBGA | S8: Output | T8: 0 | V8: =Def_Tech!C27 -> CITY | W8: =Def_Tech!D27 -> WASSOLGLACMP19 | X8: =_xlfn.XLOOKUP(W8,'WAS RESID'!K:K,'WAS RESID'!R:R) -> 1 | Y8: =_xlfn.XLOOKUP(W8,'WAS RESID'!K:K,'WAS RESID'!Q:Q) -> 0.9 | Z8: 20 | AA8: 1 | AB8: =_xlfn.XLOOKUP(W8,'WAS RESID'!K:K,'WAS RESID'!P:P) -> 0
B9: =Def_Tech!D28 -> WASSOLMETCMP19 | C9: =Def_Tech!I28 -> WASSOLMETDMDTOT | D9: Input | E9: 1 | G9: =Def_Tech!D49 -> WASSOLMETLDF19 | H9: =Def_Comm!C45 -> WASSOLMETLDFDEC | I9: Output | J9: 1 | L9: WASSOLGLACMP19 | M9: WASELC | N9: Input | O9: 0.0032929234 | Q9: WASSOLMETADG19 | R9: WASSOLADGBGA | S9: Output | T9: 0 | V9: =Def_Tech!C28 -> CITY | W9: =Def_Tech!D28 -> WASSOLMETCMP19 | X9: =_xlfn.XLOOKUP(W9,'WAS RESID'!K:K,'WAS RESID'!R:R) -> 1 | Y9: =_xlfn.XLOOKUP(W9,'WAS RESID'!K:K,'WAS RESID'!Q:Q) -> 0.9 | Z9: 20 | AA9: 1 | AB9: =_xlfn.XLOOKUP(W9,'WAS RESID'!K:K,'WAS RESID'!P:P) -> 0
B10: =Def_Tech!D29 -> WASSOLPLACMP19 | C10: =Def_Tech!I29 -> WASSOLPLADMDTOT | D10: Input | E10: 1 | G10: =Def_Tech!D50 -> WASSOLPLALDF19 | H10: =Def_Comm!C46 -> WASSOLPLALDFDEC | I10: Output | J10: 1 | L10: WASSOLGLACMP19 | M10: WASDSL | N10: Input | O10: 0.0038630599 | Q10: WASSOLPLAADG19 | R10: WASSOLADGBGA | S10: Output | T10: 0 | V10: =Def_Tech!C29 -> CITY | W10: =Def_Tech!D29 -> WASSOLPLACMP19 | X10: =_xlfn.XLOOKUP(W10,'WAS RESID'!K:K,'WAS RESID'!R:R) -> 1 | Y10: =_xlfn.XLOOKUP(W10,'WAS RESID'!K:K,'WAS RESID'!Q:Q) -> 0.9 | Z10: 20 | AA10: 1 | AB10: =_xlfn.XLOOKUP(W10,'WAS RESID'!K:K,'WAS RESID'!P:P) -> 0
B11: =Def_Tech!D30 -> WASSOLFOOCMP19 | C11: =Def_Tech!I30 -> WASSOLFOODMDTOT | D11: Input | E11: 1 | G11: =Def_Tech!D51 -> WASSOLFOOLDF19 | H11: =Def_Comm!C47 -> WASSOLFOOLDFDEC | I11: Output | J11: 1 | L11: WASSOLMETCMP19 | M11: WASELC | N11: Input | O11: 0.0032855945 | Q11: WASSOLFOOADG19 | R11: WASSOLADGBGA | S11: Output | T11: 4.2239471 | V11: =Def_Tech!C30 -> CITY | W11: =Def_Tech!D30 -> WASSOLFOOCMP19 | X11: =_xlfn.XLOOKUP(W11,'WAS RESID'!K:K,'WAS RESID'!R:R) -> 1 | Y11: =_xlfn.XLOOKUP(W11,'WAS RESID'!K:K,'WAS RESID'!Q:Q) -> 0.9 | Z11: 20 | AA11: 1 | AB11: =_xlfn.XLOOKUP(W11,'WAS RESID'!K:K,'WAS RESID'!P:P) -> 105.0023
B12: =Def_Tech!D31 -> WASSOLYARCMP19 | C12: =Def_Tech!I31 -> WASSOLYARDMDTOT | D12: Input | E12: 1 | G12: =Def_Tech!D52 -> WASSOLYARLDF19 | H12: =Def_Comm!C48 -> WASSOLYARLDFDEC | I12: Output | J12: 1 | L12: WASSOLMETCMP19 | M12: WASDSL | N12: Input | O12: 0.0038606586 | Q12: WASSOLYARADG19 | R12: WASSOLADGBGA | S12: Output | T12: 1.2089642 | V12: =Def_Tech!C31 -> CITY | W12: =Def_Tech!D31 -> WASSOLYARCMP19 | X12: =_xlfn.XLOOKUP(W12,'WAS RESID'!K:K,'WAS RESID'!R:R) -> 1 | Y12: =_xlfn.XLOOKUP(W12,'WAS RESID'!K:K,'WAS RESID'!Q:Q) -> 0.9 | Z12: 20 | AA12: 1 | AB12: =_xlfn.XLOOKUP(W12,'WAS RESID'!K:K,'WAS RESID'!P:P) -> 31.83686
B13: =Def_Tech!D32 -> WASSOLAOTCMP19 | C13: =Def_Tech!I32 -> WASSOLAOTDMDTOT | D13: Input | E13: 1 | G13: =Def_Tech!D53 -> WASSOLAOTLDF19 | H13: =Def_Comm!C49 -> WASSOLAOTLDFDEC | I13: Output | J13: 1 | L13: WASSOLPLACMP19 | M13: WASELC | N13: Input | O13: 0.0032574407 | Q13: WASSOLAOTADG19 | R13: WASSOLADGBGA | S13: Output | T13: 0.19326305 | V13: =Def_Tech!C32 -> CITY | W13: =Def_Tech!D32 -> WASSOLAOTCMP19 | X13: =_xlfn.XLOOKUP(W13,'WAS RESID'!K:K,'WAS RESID'!R:R) -> 1 | Y13: =_xlfn.XLOOKUP(W13,'WAS RESID'!K:K,'WAS RESID'!Q:Q) -> 0.9 | Z13: 20 | AA13: 1 | AB13: =_xlfn.XLOOKUP(W13,'WAS RESID'!K:K,'WAS RESID'!P:P) -> 0
B14: =Def_Tech!D33 -> WASSOLPAPADG19 | C14: =Def_Tech!I33 -> WASSOLPAPDMDTOT | D14: Input | E14: 1 | G14: =Def_Tech!D61 -> WASSOLHISLDF19 | H14: =Def_Comm!C50 -> WASSOLHISLDFDEC | I14: Output | J14: 1 | L14: WASSOLPLACMP19 | M14: WASDSL | N14: Input | O14: 0.0041616592 | Q14: WASSOLPAPINC19 | R14: CELC | S14: Output | T14: 2.70904 | V14: =Def_Tech!C33 -> CITY | W14: =Def_Tech!D33 -> WASSOLPAPADG19 | X14: =_xlfn.XLOOKUP(W14,'WAS RESID'!K:K,'WAS RESID'!R:R) -> 1 | Y14: =_xlfn.XLOOKUP(W14,'WAS RESID'!K:K,'WAS RESID'!Q:Q) -> 0.9 | Z14: 20 | AA14: 1 | AB14: =_xlfn.XLOOKUP(W14,'WAS RESID'!K:K,'WAS RESID'!P:P) -> 0
B15: =Def_Tech!D34 -> WASSOLGLAADG19 | C15: =Def_Tech!I34 -> WASSOLGLADMDTOT | D15: Input | E15: 1 | L15: WASSOLFOOCMP19 | M15: WASELC | N15: Input | O15: 0.0048784913 | Q15: WASSOLPAPINC19 | R15: STM | S15: Output | T15: 5.41808 | V15: =Def_Tech!C34 -> CITY | W15: =Def_Tech!D34 -> WASSOLGLAADG19 | X15: =_xlfn.XLOOKUP(W15,'WAS RESID'!K:K,'WAS RESID'!R:R) -> 1 | Y15: =_xlfn.XLOOKUP(W15,'WAS RESID'!K:K,'WAS RESID'!Q:Q) -> 0.9 | Z15: 20 | AA15: 1 | AB15: =_xlfn.XLOOKUP(W15,'WAS RESID'!K:K,'WAS RESID'!P:P) -> 0
B16: =Def_Tech!D35 -> WASSOLMETADG19 | C16: =Def_Tech!I35 -> WASSOLMETDMDTOT | D16: Input | E16: 1 | L16: WASSOLFOOCMP19 | M16: WASDSL | N16: Input | O16: 0.0065600031 | Q16: WASSOLGLAINC19 | R16: CELC | S16: Output | T16: 0 | V16: =Def_Tech!C35 -> CITY | W16: =Def_Tech!D35 -> WASSOLMETADG19 | X16: =_xlfn.XLOOKUP(W16,'WAS RESID'!K:K,'WAS RESID'!R:R) -> 1 | Y16: =_xlfn.XLOOKUP(W16,'WAS RESID'!K:K,'WAS RESID'!Q:Q) -> 0.9 | Z16: 20 | AA16: 1 | AB16: =_xlfn.XLOOKUP(W16,'WAS RESID'!K:K,'WAS RESID'!P:P) -> 0
B17: =Def_Tech!D36 -> WASSOLPLAADG19 | C17: =Def_Tech!I36 -> WASSOLPLADMDTOT | D17: Input | E17: 1 | L17: WASSOLYARCMP19 | M17: WASELC | N17: Input | O17: 0.0044521368 | Q17: WASSOLGLAINC19 | R17: STM | S17: Output | T17: 0 | V17: =Def_Tech!C36 -> CITY | W17: =Def_Tech!D36 -> WASSOLPLAADG19 | X17: =_xlfn.XLOOKUP(W17,'WAS RESID'!K:K,'WAS RESID'!R:R) -> 1 | Y17: =_xlfn.XLOOKUP(W17,'WAS RESID'!K:K,'WAS RESID'!Q:Q) -> 0.9 | Z17: 20 | AA17: 1 | AB17: =_xlfn.XLOOKUP(W17,'WAS RESID'!K:K,'WAS RESID'!P:P) -> 0
B18: =Def_Tech!D37 -> WASSOLFOOADG19 | C18: =Def_Tech!I37 -> WASSOLFOODMDTOT | D18: Input | E18: 1 | L18: WASSOLYARCMP19 | M18: WASDSL | N18: Input | O18: 0.0088196441 | Q18: WASSOLMETINC19 | R18: CELC | S18: Output | T18: 0.25614365 | V18: =Def_Tech!C37 -> CITY | W18: =Def_Tech!D37 -> WASSOLFOOADG19 | X18: =_xlfn.XLOOKUP(W18,'WAS RESID'!K:K,'WAS RESID'!R:R) -> 1 | Y18: =_xlfn.XLOOKUP(W18,'WAS RESID'!K:K,'WAS RESID'!Q:Q) -> 0.9 | Z18: 20 | AA18: 1 | AB18: =_xlfn.XLOOKUP(W18,'WAS RESID'!K:K,'WAS RESID'!P:P) -> 0
B19: =Def_Tech!D38 -> WASSOLYARADG19 | C19: =Def_Tech!I38 -> WASSOLYARDMDTOT | D19: Input | E19: 1 | L19: WASSOLAOTCMP19 | M19: WASELC | N19: Input | O19: 0.004931836 | Q19: WASSOLMETINC19 | R19: STM | S19: Output | T19: 0.5122873 | V19: =Def_Tech!C38 -> CITY | W19: =Def_Tech!D38 -> WASSOLYARADG19 | X19: =_xlfn.XLOOKUP(W19,'WAS RESID'!K:K,'WAS RESID'!R:R) -> 1 | Y19: =_xlfn.XLOOKUP(W19,'WAS RESID'!K:K,'WAS RESID'!Q:Q) -> 0.9 | Z19: 20 | AA19: 1 | AB19: =_xlfn.XLOOKUP(W19,'WAS RESID'!K:K,'WAS RESID'!P:P) -> 0
B20: =Def_Tech!D39 -> WASSOLAOTADG19 | C20: =Def_Tech!I39 -> WASSOLAOTDMDTOT | D20: Input | E20: 1 | L20: WASSOLAOTCMP19 | M20: WASDSL | N20: Input | O20: 0.0082128727 | Q20: WASSOLPLAINC19 | R20: CELC | S20: Output | T20: 7.6697525 | V20: =Def_Tech!C39 -> CITY | W20: =Def_Tech!D39 -> WASSOLAOTADG19 | X20: =_xlfn.XLOOKUP(W20,'WAS RESID'!K:K,'WAS RESID'!R:R) -> 1 | Y20: =_xlfn.XLOOKUP(W20,'WAS RESID'!K:K,'WAS RESID'!Q:Q) -> 0.9 | Z20: 20 | AA20: 1 | AB20: =_xlfn.XLOOKUP(W20,'WAS RESID'!K:K,'WAS RESID'!P:P) -> 0
B21: =Def_Tech!D40 -> WASSOLPAPINC19 | C21: =Def_Tech!I40 -> WASSOLPAPDMDTOT | D21: Input | E21: 1 | L21: WASSOLPAPADG19 | M21: WASELC | N21: Input | O21: 0.3969933 | Q21: WASSOLPLAINC19 | R21: STM | S21: Output | T21: 15.339505 | V21: =Def_Tech!C40 -> CITY | W21: =Def_Tech!D40 -> WASSOLPAPINC19 | X21: =_xlfn.XLOOKUP(W21,'WAS RESID'!K:K,'WAS RESID'!R:R) -> 1 | Y21: =_xlfn.XLOOKUP(W21,'WAS RESID'!K:K,'WAS RESID'!Q:Q) -> 0.9 | Z21: 20 | AA21: 1 | AB21: =_xlfn.XLOOKUP(W21,'WAS RESID'!K:K,'WAS RESID'!P:P) -> 0
B22: =Def_Tech!D41 -> WASSOLGLAINC19 | C22: =Def_Tech!I41 -> WASSOLGLADMDTOT | D22: Input | E22: 1 | L22: WASSOLPAPADG19 | M22: WASDSL | N22: Input | O22: 0.020209815 | Q22: WASSOLFOOINC19 | R22: CELC | S22: Output | T22: 1.3159445 | V22: =Def_Tech!C41 -> CITY | W22: =Def_Tech!D41 -> WASSOLGLAINC19 | X22: =_xlfn.XLOOKUP(W22,'WAS RESID'!K:K,'WAS RESID'!R:R) -> 1 | Y22: =_xlfn.XLOOKUP(W22,'WAS RESID'!K:K,'WAS RESID'!Q:Q) -> 0.9 | Z22: 20 | AA22: 1 | AB22: =_xlfn.XLOOKUP(W22,'WAS RESID'!K:K,'WAS RESID'!P:P) -> 0
B23: =Def_Tech!D42 -> WASSOLMETINC19 | C23: =Def_Tech!I42 -> WASSOLMETDMDTOT | D23: Input | E23: 1 | L23: WASSOLGLAADG19 | M23: WASELC | N23: Input | O23: 0.22186353 | Q23: WASSOLFOOINC19 | R23: STM | S23: Output | T23: 2.631889 | V23: =Def_Tech!C42 -> CITY | W23: =Def_Tech!D42 -> WASSOLMETINC19 | X23: =_xlfn.XLOOKUP(W23,'WAS RESID'!K:K,'WAS RESID'!R:R) -> 1 | Y23: =_xlfn.XLOOKUP(W23,'WAS RESID'!K:K,'WAS RESID'!Q:Q) -> 0.9 | Z23: 20 | AA23: 1 | AB23: =_xlfn.XLOOKUP(W23,'WAS RESID'!K:K,'WAS RESID'!P:P) -> 0
B24: =Def_Tech!D43 -> WASSOLPLAINC19 | C24: =Def_Tech!I43 -> WASSOLPLADMDTOT | D24: Input | E24: 1 | L24: WASSOLGLAADG19 | M24: WASDSL | N24: Input | O24: 0.0025027737 | Q24: WASSOLYARINC19 | R24: CELC | S24: Output | T24: 1.3486953 | V24: =Def_Tech!C43 -> CITY | W24: =Def_Tech!D43 -> WASSOLPLAINC19 | X24: =_xlfn.XLOOKUP(W24,'WAS RESID'!K:K,'WAS RESID'!R:R) -> 1 | Y24: =_xlfn.XLOOKUP(W24,'WAS RESID'!K:K,'WAS RESID'!Q:Q) -> 0.9 | Z24: 20 | AA24: 1 | AB24: =_xlfn.XLOOKUP(W24,'WAS RESID'!K:K,'WAS RESID'!P:P) -> 0
B25: =Def_Tech!D44 -> WASSOLFOOINC19 | C25: =Def_Tech!I44 -> WASSOLFOODMDTOT | D25: Input | E25: 1 | L25: WASSOLMETADG19 | M25: WASELC | N25: Input | O25: 0.22087012 | Q25: WASSOLYARINC19 | R25: STM | S25: Output | T25: 2.6973905 | V25: =Def_Tech!C44 -> CITY | W25: =Def_Tech!D44 -> WASSOLFOOINC19 | X25: =_xlfn.XLOOKUP(W25,'WAS RESID'!K:K,'WAS RESID'!R:R) -> 1 | Y25: =_xlfn.XLOOKUP(W25,'WAS RESID'!K:K,'WAS RESID'!Q:Q) -> 0.9 | Z25: 20 | AA25: 1 | AB25: =_xlfn.XLOOKUP(W25,'WAS RESID'!K:K,'WAS RESID'!P:P) -> 0
B26: =Def_Tech!D45 -> WASSOLYARINC19 | C26: =Def_Tech!I45 -> WASSOLYARDMDTOT | D26: Input | E26: 1 | L26: WASSOLMETADG19 | M26: WASDSL | N26: Input | O26: 0.0023948008 | Q26: WASSOLAOTINC19 | R26: CELC | S26: Output | T26: 1.4416176 | V26: =Def_Tech!C45 -> CITY | W26: =Def_Tech!D45 -> WASSOLYARINC19 | X26: =_xlfn.XLOOKUP(W26,'WAS RESID'!K:K,'WAS RESID'!R:R) -> 1 | Y26: =_xlfn.XLOOKUP(W26,'WAS RESID'!K:K,'WAS RESID'!Q:Q) -> 0.9 | Z26: 20 | AA26: 1 | AB26: =_xlfn.XLOOKUP(W26,'WAS RESID'!K:K,'WAS RESID'!P:P) -> 0
... B39: =Def_Tech!D58 -> WASSOLFOOREC19 | C39: =Def_Tech!I58 -> WASSOLFOODMDTOT | D39: Input | E39: 1 | L39: WASSOLMETLDF19 | M39: WASELC | N39: Input | O39: 0.00011412324 | Q39: WASWATTRTWAN19 | R39: WASWATWANBGA | S39: Output | T39: 2.7543379 | V39: =Def_Tech!C58 -> CITY | W39: =Def_Tech!D58 -> WASSOLFOOREC19 | X39: =_xlfn.XLOOKUP(W39,'WAS RESID'!K:K,'WAS RESID'!R:R) -> 1 | Y39: =_xlfn.XLOOKUP(W39,'WAS RESID'!K:K,'WAS RESID'!Q:Q) -> 0.9 | Z39: 20 | AA39: 1 | AB39: =_xlfn.XLOOKUP(W39,'WAS RESID'!K:K,'WAS RESID'!P:P) -> 0
B40: =Def_Tech!D59 -> WASSOLYARREC19 | C40: =Def_Tech!I59 -> WASSOLYARDMDTOT | D40: Input | E40: 1 | L40: WASSOLMETLDF19 | M40: WASDSL | N40: Input | O40: 0.00042171587 | V40: =Def_Tech!C59 -> CITY | W40: =Def_Tech!D59 -> WASSOLYARREC19 | X40: =_xlfn.XLOOKUP(W40,'WAS RESID'!K:K,'WAS RESID'!R:R) -> 1 | Y40: =_xlfn.XLOOKUP(W40,'WAS RESID'!K:K,'WAS RESID'!Q:Q) -> 0.9 | Z40: 20 | AA40: 1 | AB40: =_xlfn.XLOOKUP(W40,'WAS RESID'!K:K,'WAS RESID'!P:P) -> 0
B41: =Def_Tech!D60 -> WASSOLAOTREC19 | C41: =Def_Tech!I60 -> WASSOLAOTDMDTOT | D41: Input | E41: 1 | L41: WASSOLPLALDF19 | M41: WASELC | N41: Input | O41: 0.00011412324 | V41: =Def_Tech!C60 -> CITY | W41: =Def_Tech!D60 -> WASSOLAOTREC19 | X41: =_xlfn.XLOOKUP(W41,'WAS RESID'!K:K,'WAS RESID'!R:R) -> 1 | Y41: =_xlfn.XLOOKUP(W41,'WAS RESID'!K:K,'WAS RESID'!Q:Q) -> 0.9 | Z41: 20 | AA41: 1 | AB41: =_xlfn.XLOOKUP(W41,'WAS RESID'!K:K,'WAS RESID'!P:P) -> 0
B42: =Def_Tech!D61 -> WASSOLHISLDF19 | C42: =Def_Tech!I61 -> WASSOLHISDMDTOTTOLDF | D42: Input | E42: 1 | L42: WASSOLPLALDF19 | M42: WASDSL | N42: Input | O42: 0.00042171587 | V42: =Def_Tech!C61 -> CITY | W42: =Def_Tech!D61 -> WASSOLHISLDF19 | X42: =_xlfn.XLOOKUP(W42,'WAS RESID'!K:K,'WAS RESID'!R:R) -> 1 | Y42: =_xlfn.XLOOKUP(W42,'WAS RESID'!K:K,'WAS RESID'!Q:Q) -> 0.9 | Z42: 20 | AA42: 1 | AB42: =_xlfn.XLOOKUP(W42,'WAS RESID'!K:K,'WAS RESID'!P:P) -> 229403.41
B43: =Def_Tech!D62 -> WASWATTRTNOT19 | C43: =Def_Tech!I62 -> WASWATTRTDMDTOT | D43: Input | E43: 1 | L43: WASSOLFOOLDF19 | M43: WASELC | N43: Input | O43: 0.0016116324 | V43: =Def_Tech!C62 -> CITY | W43: =Def_Tech!D62 -> WASWATTRTNOT19 | X43: =_xlfn.XLOOKUP(W43,'WAS RESID'!K:K,'WAS RESID'!R:R) -> 1 | Y43: =_xlfn.XLOOKUP(W43,'WAS RESID'!K:K,'WAS RESID'!Q:Q) -> 0.9 | Z43: 20 | AA43: 1 | AB43: =_xlfn.XLOOKUP(W43,'WAS RESID'!K:K,'WAS RESID'!P:P) -> 0
B44: =Def_Tech!D63 -> WASWATTRTWAD19 | C44: =Def_Tech!I63 -> WASWATTRTDMDTOT | D44: Input | E44: 1 | L44: WASSOLFOOLDF19 | M44: WASDSL | N44: Input | O44: 0.00042171587 | V44: =Def_Tech!C63 -> CITY | W44: =Def_Tech!D63 -> WASWATTRTWAD19 | X44: =_xlfn.XLOOKUP(W44,'WAS RESID'!K:K,'WAS RESID'!R:R) -> 1 | Y44: =_xlfn.XLOOKUP(W44,'WAS RESID'!K:K,'WAS RESID'!Q:Q) -> 0.9 | Z44: 20 | AA44: 1 | AB44: =_xlfn.XLOOKUP(W44,'WAS RESID'!K:K,'WAS RESID'!P:P) -> 1432.3549
B45: =Def_Tech!D64 -> WASWATTRTWDN19 | C45: =Def_Tech!I64 -> WASWATTRTDMDTOT | D45: Input | E45: 1 | L45: WASSOLYARLDF19 | M45: WASELC | N45: Input | O45: 0.00066457556 | V45: =Def_Tech!C64 -> CITY | W45: =Def_Tech!D64 -> WASWATTRTWDN19 | X45: =_xlfn.XLOOKUP(W45,'WAS RESID'!K:K,'WAS RESID'!R:R) -> 1 | Y45: =_xlfn.XLOOKUP(W45,'WAS RESID'!K:K,'WAS RESID'!Q:Q) -> 0.9 | Z45: 20 | AA45: 1 | AB45: =_xlfn.XLOOKUP(W45,'WAS RESID'!K:K,'WAS RESID'!P:P) -> 0
B46: =Def_Tech!D65 -> WASWATTRTWAN19 | C46: =Def_Tech!I65 -> WASWATTRTDMDTOT | D46: Input | E46: 1 | L46: WASSOLYARLDF19 | M46: WASDSL | N46: Input | O46: 0.00042171587 | V46: =Def_Tech!C65 -> CITY | W46: =Def_Tech!D65 -> WASWATTRTWAN19 | X46: =_xlfn.XLOOKUP(W46,'WAS RESID'!K:K,'WAS RESID'!R:R) -> 1 | Y46: =_xlfn.XLOOKUP(W46,'WAS RESID'!K:K,'WAS RESID'!Q:Q) -> 0.9 | Z46: 20 | AA46: 1 | AB46: =_xlfn.XLOOKUP(W46,'WAS RESID'!K:K,'WAS RESID'!P:P) -> 477.45163
L47: WASSOLAOTLDF19 | M47: WASELC | N47: Input | O47: 0.00025635641
L48: WASSOLAOTLDF19 | M48: WASDSL | N48: Input | O48: 0.00042171587
L49: WASSOLPAPREC19 | M49: WASDSL | N49: Input | O49: 0.00042171587
L50: WASSOLGLAREC19 | M50: WASDSL | N50: Input | O50: 0.00042171587
L51: WASSOLMETREC19 | M51: WASDSL | N51: Input | O51: 0.00042171587
L52: WASSOLPLAREC19 | M52: WASDSL | N52: Input | O52: 0.00042171587
L53: WASSOLFOOREC19 | M53: WASDSL | N53: Input | O53: 0.00042171587
L54: WASSOLYARREC19 | M54: WASDSL | N54: Input | O54: 0.00042171587
L55: WASSOLAOTREC19 | M55: WASDSL | N55: Input | O55: 0.00042171587
L56: WASSOLHISLDF19 | M56: WASELC | N56: Input | O56: 0.00060542239
L57: WASSOLHISLDF19 | M57: WASDSL | N57: Input | O57: 0.00035039062
L58: WASWATTRTNOT19 | M58: WASELC | N58: Input | O58: 2
... L65: WASWATTRTWAN19 | M65: WASNGA | N65: Input | O65: 6

Sheet ResidBGA
Q1: ='City characteristics'!C20 -> 2019
Q2: PRC_RESID
C4: ~FI_T | J4: ~FI_T
B5: TechName | C5: Comm-OUT | D5: Attribute | E5: LimType | F5: CITY | H5: Region | I5: TechName | J5: Comm-IN | K5: EFF | L5: Input | M5: PRC_CAPACT | N5: NCAP_AFA | O5: NCAP_TLIFE | P5: NCAP_FOM | Q5: =Q2&"~"&Q1 -> PRC_RESID~2019 | R5: NCAP_CHPR | T5: ACT_BND
B6: * | H6: * | I6: * | K6: TJ/TJ | M6: TJ/MW | N6: % | O6: Yr | P6: $ /kW / Yr | Q6: MW | R6: TJ/TJ | T6: TJ/TJ
B7: {=_xlfn._xlws.FILTER('WAS RESID'!K114:K149,'WAS RESID'!F114:F149="OUT","")} -> WASSOLADGCOG19 | C7: {=_xlfn._xlws.FILTER('WAS RESID'!I114:I149,'WAS RESID'!F114:F149="OUT","")} -> CELC | D7: Share | E7: UP | F7: =IF(LEFT(RIGHT(B7,5),3)="COG","",IFERROR(SUMIFS('WAS RESID'!P:P,'WAS RESID'!K:K,ResidBGA!B7,'WAS RESID'!I:I,ResidBGA!C7)/_xlfn.XLOOKUP(B7,'WAS RESID'!K:K,'WAS RESID'!Q:Q),1)) | H7: =Def_Tech!C67 -> CITY | I7: =Def_Tech!D67 -> WASSOLADGVEN19 | J7: =_xlfn.XLOOKUP(ResidBGA!I7,'WAS RESID'!K:K,'WAS RESID'!H:H) -> WASSOLADGBGA | K7: =IF(OR(LEFT(RIGHT(I7,5),3)="VEN",LEFT(RIGHT(I7,5),3)="FLA"),"",IF(LEFT(RIGHT(I7,5),3)="COG",IF(_xlfn.XLOOKUP(I7,'WAS RESID'!K:K,'WAS RESID'!Q:Q)=0,1,IFERROR(SUMIFS('WAS RESID'!P:P,'WAS RESID'!K:K,I7,'WAS RESID'!I:I,"CELC")/_xlfn.XLOOKUP(I7,'WAS RESID'!K:K,'WAS RESID'!O:O),1)),IF(_xlfn.XLOOKUP(I7,'WAS RESID'!K:K,'WAS RESID'!Q:Q)=0,1,IFERROR(_xlfn.XLOOKUP(I7,'WAS RESID'!K:K,'WAS RESID'!Q:Q)/_xlfn.XLOOKUP(I7,'WAS RESID'!K:K,'WAS RESID'!O:O),1)))) | L7: =IF(OR(LEFT(RIGHT(I7,5),3)="VEN",LEFT(RIGHT(I7,5),3)="FLA"),1,"") -> 1 | M7: =_xlfn.XLOOKUP(I7,'WAS RESID'!K:K,'WAS RESID'!T:T) -> 31.536 | N7: =_xlfn.XLOOKUP(I7,'WAS RESID'!K:K,'WAS RESID'!S:S) -> 0.9 | O7: 20 | P7: 1 | Q7: =_xlfn.XLOOKUP(I7,'WAS RESID'!K:K,'WAS RESID'!R:R) -> 0 | R7: =IF(_xlfn.XLOOKUP(I7,'WAS RESID'!K:K,'WAS RESID'!X:X)="","",_xlfn.XLOOKUP(I7,'WAS RESID'!K:K,'WAS RESID'!X:X))
B8: WASSOLADGCOG19 | C8: STM | D8: Share | E8: UP | F8: =IF(LEFT(RIGHT(B8,5),3)="COG","",IFERROR(SUMIFS('WAS RESID'!P:P,'WAS RESID'!K:K,ResidBGA!B8,'WAS RESID'!I:I,ResidBGA!C8)/_xlfn.XLOOKUP(B8,'WAS RESID'!K:K,'WAS RESID'!Q:Q),1)) | H8: =Def_Tech!C68 -> CITY | I8: =Def_Tech!D68 -> WASSOLADGFLA19 | J8: =_xlfn.XLOOKUP(ResidBGA!I8,'WAS RESID'!K:K,'WAS RESID'!H:H) -> WASSOLADGBGA | K8: =IF(OR(LEFT(RIGHT(I8,5),3)="VEN",LEFT(RIGHT(I8,5),3)="FLA"),"",IF(LEFT(RIGHT(I8,5),3)="COG",IF(_xlfn.XLOOKUP(I8,'WAS RESID'!K:K,'WAS RESID'!Q:Q)=0,1,IFERROR(SUMIFS('WAS RESID'!P:P,'WAS RESID'!K:K,I8,'WAS RESID'!I:I,"CELC")/_xlfn.XLOOKUP(I8,'WAS RESID'!K:K,'WAS RESID'!O:O),1)),IF(_xlfn.XLOOKUP(I8,'WAS RESID'!K:K,'WAS RESID'!Q:Q)=0,1,IFERROR(_xlfn.XLOOKUP(I8,'WAS RESID'!K:K,'WAS RESID'!Q:Q)/_xlfn.XLOOKUP(I8,'WAS RESID'!K:K,'WAS RESID'!O:O),1)))) | L8: =IF(OR(LEFT(RIGHT(I8,5),3)="VEN",LEFT(RIGHT(I8,5),3)="FLA"),1,"") -> 1 | M8: =_xlfn.XLOOKUP(I8,'WAS RESID'!K:K,'WAS RESID'!T:T) -> 31.536 | N8: =_xlfn.XLOOKUP(I8,'WAS RESID'!K:K,'WAS RESID'!S:S) -> 0.9 | O8: 20 | P8: 1 | Q8: =_xlfn.XLOOKUP(I8,'WAS RESID'!K:K,'WAS RESID'!R:R) -> 0 | R8: =IF(_xlfn.XLOOKUP(I8,'WAS RESID'!K:K,'WAS RESID'!X:X)="","",_xlfn.XLOOKUP(I8,'WAS RESID'!K:K,'WAS RESID'!X:X))
B9: WASSOLADGPOW19 | C9: CELC | D9: Share | E9: UP | F9: =IF(LEFT(RIGHT(B9,5),3)="COG","",IFERROR(SUMIFS('WAS RESID'!P:P,'WAS RESID'!K:K,ResidBGA!B9,'WAS RESID'!I:I,ResidBGA!C9)/_xlfn.XLOOKUP(B9,'WAS RESID'!K:K,'WAS RESID'!Q:Q),1)) -> 1 | H9: =Def_Tech!C69 -> CITY | I9: =Def_Tech!D69 -> WASSOLADGCOG19 | J9: =_xlfn.XLOOKUP(ResidBGA!I9,'WAS RESID'!K:K,'WAS RESID'!H:H) -> WASSOLADGBGA | K9: =IF(OR(LEFT(RIGHT(I9,5),3)="VEN",LEFT(RIGHT(I9,5),3)="FLA"),"",IF(LEFT(RIGHT(I9,5),3)="COG",IF(_xlfn.XLOOKUP(I9,'WAS RESID'!K:K,'WAS RESID'!Q:Q)=0,1,IFERROR(SUMIFS('WAS RESID'!P:P,'WAS RESID'!K:K,I9,'WAS RESID'!I:I,"CELC")/_xlfn.XLOOKUP(I9,'WAS RESID'!K:K,'WAS RESID'!O:O),1)),IF(_xlfn.XLOOKUP(I9,'WAS RESID'!K:K,'WAS RESID'!Q:Q)=0,1,IFERROR(_xlfn.XLOOKUP(I9,'WAS RESID'!K:K,'WAS RESID'!Q:Q)/_xlfn.XLOOKUP(I9,'WAS RESID'!K:K,'WAS RESID'!O:O),1)))) -> 1 | L9: =IF(OR(LEFT(RIGHT(I9,5),3)="VEN",LEFT(RIGHT(I9,5),3)="FLA"),1,"") | M9: =_xlfn.XLOOKUP(I9,'WAS RESID'!K:K,'WAS RESID'!T:T) -> 31.536 | N9: =_xlfn.XLOOKUP(I9,'WAS RESID'!K:K,'WAS RESID'!S:S) -> 0.9 | O9: 20 | P9: 1 | Q9: =_xlfn.XLOOKUP(I9,'WAS RESID'!K:K,'WAS RESID'!R:R) -> 0 | R9: =IF(_xlfn.XLOOKUP(I9,'WAS RESID'!K:K,'WAS RESID'!X:X)="","",_xlfn.XLOOKUP(I9,'WAS RESID'!K:K,'WAS RESID'!X:X)) -> 0
B10: WASSOLADGPUR19 | C10: RNG | D10: Share | E10: UP | F10: =IF(LEFT(RIGHT(B10,5),3)="COG","",IFERROR(SUMIFS('WAS RESID'!P:P,'WAS RESID'!K:K,ResidBGA!B10,'WAS RESID'!I:I,ResidBGA!C10)/_xlfn.XLOOKUP(B10,'WAS RESID'!K:K,'WAS RESID'!Q:Q),1)) -> 1 | H10: =Def_Tech!C70 -> CITY | I10: =Def_Tech!D70 -> WASSOLADGPOW19 | J10: =_xlfn.XLOOKUP(ResidBGA!I10,'WAS RESID'!K:K,'WAS RESID'!H:H) -> WASSOLADGBGA | K10: =IF(OR(LEFT(RIGHT(I10,5),3)="VEN",LEFT(RIGHT(I10,5),3)="FLA"),"",IF(LEFT(RIGHT(I10,5),3)="COG",IF(_xlfn.XLOOKUP(I10,'WAS RESID'!K:K,'WAS RESID'!Q:Q)=0,1,IFERROR(SUMIFS('WAS RESID'!P:P,'WAS RESID'!K:K,I10,'WAS RESID'!I:I,"CELC")/_xlfn.XLOOKUP(I10,'WAS RESID'!K:K,'WAS RESID'!O:O),1)),IF(_xlfn.XLOOKUP(I10,'WAS RESID'!K:K,'WAS RESID'!Q:Q)=0,1,IFERROR(_xlfn.XLOOKUP(I10,'WAS RESID'!K:K,'WAS RESID'!Q:Q)/_xlfn.XLOOKUP(I10,'WAS RESID'!K:K,'WAS RESID'!O:O),1)))) -> 1 | L10: =IF(OR(LEFT(RIGHT(I10,5),3)="VEN",LEFT(RIGHT(I10,5),3)="FLA"),1,"") | M10: =_xlfn.XLOOKUP(I10,'WAS RESID'!K:K,'WAS RESID'!T:T) -> 31.536 | N10: =_xlfn.XLOOKUP(I10,'WAS RESID'!K:K,'WAS RESID'!S:S) -> 0.9 | O10: 20 | P10: 1 | Q10: =_xlfn.XLOOKUP(I10,'WAS RESID'!K:K,'WAS RESID'!R:R) -> 0 | R10: =IF(_xlfn.XLOOKUP(I10,'WAS RESID'!K:K,'WAS RESID'!X:X)="","",_xlfn.XLOOKUP(I10,'WAS RESID'!K:K,'WAS RESID'!X:X))
B11: WASSOLLDFCOG19 | C11: CELC | D11: Share | E11: UP | F11: =IF(LEFT(RIGHT(B11,5),3)="COG","",IFERROR(SUMIFS('WAS RESID'!P:P,'WAS RESID'!K:K,ResidBGA!B11,'WAS RESID'!I:I,ResidBGA!C11)/_xlfn.XLOOKUP(B11,'WAS RESID'!K:K,'WAS RESID'!Q:Q),1)) | H11: =Def_Tech!C71 -> CITY | I11: =Def_Tech!D71 -> WASSOLADGPUR19 | J11: =_xlfn.XLOOKUP(ResidBGA!I11,'WAS RESID'!K:K,'WAS RESID'!H:H) -> WASSOLADGBGA | K11: =IF(OR(LEFT(RIGHT(I11,5),3)="VEN",LEFT(RIGHT(I11,5),3)="FLA"),"",IF(LEFT(RIGHT(I11,5),3)="COG",IF(_xlfn.XLOOKUP(I11,'WAS RESID'!K:K,'WAS RESID'!Q:Q)=0,1,IFERROR(SUMIFS('WAS RESID'!P:P,'WAS RESID'!K:K,I11,'WAS RESID'!I:I,"CELC")/_xlfn.XLOOKUP(I11,'WAS RESID'!K:K,'WAS RESID'!O:O),1)),IF(_xlfn.XLOOKUP(I11,'WAS RESID'!K:K,'WAS RESID'!Q:Q)=0,1,IFERROR(_xlfn.XLOOKUP(I11,'WAS RESID'!K:K,'WAS RESID'!Q:Q)/_xlfn.XLOOKUP(I11,'WAS RESID'!K:K,'WAS RESID'!O:O),1)))) -> 1 | L11: =IF(OR(LEFT(RIGHT(I11,5),3)="VEN",LEFT(RIGHT(I11,5),3)="FLA"),1,"") | M11: =_xlfn.XLOOKUP(I11,'WAS RESID'!K:K,'WAS RESID'!T:T) -> 31.536 | N11: =_xlfn.XLOOKUP(I11,'WAS RESID'!K:K,'WAS RESID'!S:S) -> 0.9 | O11: 20 | P11: 1 | Q11: =_xlfn.XLOOKUP(I11,'WAS RESID'!K:K,'WAS RESID'!R:R) -> 0 | R11: =IF(_xlfn.XLOOKUP(I11,'WAS RESID'!K:K,'WAS RESID'!X:X)="","",_xlfn.XLOOKUP(I11,'WAS RESID'!K:K,'WAS RESID'!X:X))
B12: WASSOLLDFCOG19 | C12: STM | D12: Share | E12: UP | F12: =IF(LEFT(RIGHT(B12,5),3)="COG","",IFERROR(SUMIFS('WAS RESID'!P:P,'WAS RESID'!K:K,ResidBGA!B12,'WAS RESID'!I:I,ResidBGA!C12)/_xlfn.XLOOKUP(B12,'WAS RESID'!K:K,'WAS RESID'!Q:Q),1)) | H12: =Def_Tech!C72 -> CITY | I12: =Def_Tech!D72 -> WASSOLLDFVEN19 | J12: =_xlfn.XLOOKUP(ResidBGA!I12,'WAS RESID'!K:K,'WAS RESID'!H:H) -> WASSOLLDFBGA | K12: =IF(OR(LEFT(RIGHT(I12,5),3)="VEN",LEFT(RIGHT(I12,5),3)="FLA"),"",IF(LEFT(RIGHT(I12,5),3)="COG",IF(_xlfn.XLOOKUP(I12,'WAS RESID'!K:K,'WAS RESID'!Q:Q)=0,1,IFERROR(SUMIFS('WAS RESID'!P:P,'WAS RESID'!K:K,I12,'WAS RESID'!I:I,"CELC")/_xlfn.XLOOKUP(I12,'WAS RESID'!K:K,'WAS RESID'!O:O),1)),IF(_xlfn.XLOOKUP(I12,'WAS RESID'!K:K,'WAS RESID'!Q:Q)=0,1,IFERROR(_xlfn.XLOOKUP(I12,'WAS RESID'!K:K,'WAS RESID'!Q:Q)/_xlfn.XLOOKUP(I12,'WAS RESID'!K:K,'WAS RESID'!O:O),1)))) | L12: =IF(OR(LEFT(RIGHT(I12,5),3)="VEN",LEFT(RIGHT(I12,5),3)="FLA"),1,"") -> 1 | M12: =_xlfn.XLOOKUP(I12,'WAS RESID'!K:K,'WAS RESID'!T:T) -> 31.536 | N12: =_xlfn.XLOOKUP(I12,'WAS RESID'!K:K,'WAS RESID'!S:S) -> 0.9 | O12: 20 | P12: 1 | Q12: =_xlfn.XLOOKUP(I12,'WAS RESID'!K:K,'WAS RESID'!R:R) -> 162.54536 | R12: =IF(_xlfn.XLOOKUP(I12,'WAS RESID'!K:K,'WAS RESID'!X:X)="","",_xlfn.XLOOKUP(I12,'WAS RESID'!K:K,'WAS RESID'!X:X))
B13: WASSOLLDFPOW19 | C13: CELC | D13: Share | E13: UP | F13: =IF(LEFT(RIGHT(B13,5),3)="COG","",IFERROR(SUMIFS('WAS RESID'!P:P,'WAS RESID'!K:K,ResidBGA!B13,'WAS RESID'!I:I,ResidBGA!C13)/_xlfn.XLOOKUP(B13,'WAS RESID'!K:K,'WAS RESID'!Q:Q),1)) -> 1 | H13: =Def_Tech!C73 -> CITY | I13: =Def_Tech!D73 -> WASSOLLDFFLA19 | J13: =_xlfn.XLOOKUP(ResidBGA!I13,'WAS RESID'!K:K,'WAS RESID'!H:H) -> WASSOLLDFBGA | K13: =IF(OR(LEFT(RIGHT(I13,5),3)="VEN",LEFT(RIGHT(I13,5),3)="FLA"),"",IF(LEFT(RIGHT(I13,5),3)="COG",IF(_xlfn.XLOOKUP(I13,'WAS RESID'!K:K,'WAS RESID'!Q:Q)=0,1,IFERROR(SUMIFS('WAS RESID'!P:P,'WAS RESID'!K:K,I13,'WAS RESID'!I:I,"CELC")/_xlfn.XLOOKUP(I13,'WAS RESID'!K:K,'WAS RESID'!O:O),1)),IF(_xlfn.XLOOKUP(I13,'WAS RESID'!K:K,'WAS RESID'!Q:Q)=0,1,IFERROR(_xlfn.XLOOKUP(I13,'WAS RESID'!K:K,'WAS RESID'!Q:Q)/_xlfn.XLOOKUP(I13,'WAS RESID'!K:K,'WAS RESID'!O:O),1)))) | L13: =IF(OR(LEFT(RIGHT(I13,5),3)="VEN",LEFT(RIGHT(I13,5),3)="FLA"),1,"") -> 1 | M13: =_xlfn.XLOOKUP(I13,'WAS RESID'!K:K,'WAS RESID'!T:T) -> 31.536 | N13: =_xlfn.XLOOKUP(I13,'WAS RESID'!K:K,'WAS RESID'!S:S) -> 0.9 | O13: 20 | P13: 1 | Q13: =_xlfn.XLOOKUP(I13,'WAS RESID'!K:K,'WAS RESID'!R:R) -> 487.63607 | R13: =IF(_xlfn.XLOOKUP(I13,'WAS RESID'!K:K,'WAS RESID'!X:X)="","",_xlfn.XLOOKUP(I13,'WAS RESID'!K:K,'WAS RESID'!X:X))
B14: WASSOLLDFPUR19 | C14: RNG | D14: Share | E14: UP | F14: =IF(LEFT(RIGHT(B14,5),3)="COG","",IFERROR(SUMIFS('WAS RESID'!P:P,'WAS RESID'!K:K,ResidBGA!B14,'WAS RESID'!I:I,ResidBGA!C14)/_xlfn.XLOOKUP(B14,'WAS RESID'!K:K,'WAS RESID'!Q:Q),1)) -> 1 | H14: =Def_Tech!C74 -> CITY | I14: =Def_Tech!D74 -> WASSOLLDFCOG19 | J14: =_xlfn.XLOOKUP(ResidBGA!I14,'WAS RESID'!K:K,'WAS RESID'!H:H) -> WASSOLLDFBGA | K14: =IF(OR(LEFT(RIGHT(I14,5),3)="VEN",LEFT(RIGHT(I14,5),3)="FLA"),"",IF(LEFT(RIGHT(I14,5),3)="COG",IF(_xlfn.XLOOKUP(I14,'WAS RESID'!K:K,'WAS RESID'!Q:Q)=0,1,IFERROR(SUMIFS('WAS RESID'!P:P,'WAS RESID'!K:K,I14,'WAS RESID'!I:I,"CELC")/_xlfn.XLOOKUP(I14,'WAS RESID'!K:K,'WAS RESID'!O:O),1)),IF(_xlfn.XLOOKUP(I14,'WAS RESID'!K:K,'WAS RESID'!Q:Q)=0,1,IFERROR(_xlfn.XLOOKUP(I14,'WAS RESID'!K:K,'WAS RESID'!Q:Q)/_xlfn.XLOOKUP(I14,'WAS RESID'!K:K,'WAS RESID'!O:O),1)))) -> 1 | L14: =IF(OR(LEFT(RIGHT(I14,5),3)="VEN",LEFT(RIGHT(I14,5),3)="FLA"),1,"") | M14: =_xlfn.XLOOKUP(I14,'WAS RESID'!K:K,'WAS RESID'!T:T) -> 31.536 | N14: =_xlfn.XLOOKUP(I14,'WAS RESID'!K:K,'WAS RESID'!S:S) -> 0.9 | O14: 20 | P14: 1 | Q14: =_xlfn.XLOOKUP(I14,'WAS RESID'!K:K,'WAS RESID'!R:R) -> 0 | R14: =IF(_xlfn.XLOOKUP(I14,'WAS RESID'!K:K,'WAS RESID'!X:X)="","",_xlfn.XLOOKUP(I14,'WAS RESID'!K:K,'WAS RESID'!X:X)) -> 0
B15: WASWATWADCOG19 | C15: CELC | D15: Share | E15: UP | F15: =IF(LEFT(RIGHT(B15,5),3)="COG","",IFERROR(SUMIFS('WAS RESID'!P:P,'WAS RESID'!K:K,ResidBGA!B15,'WAS RESID'!I:I,ResidBGA!C15)/_xlfn.XLOOKUP(B15,'WAS RESID'!K:K,'WAS RESID'!Q:Q),1)) | H15: =Def_Tech!C75 -> CITY | I15: =Def_Tech!D75 -> WASSOLLDFPOW19 | J15: =_xlfn.XLOOKUP(ResidBGA!I15,'WAS RESID'!K:K,'WAS RESID'!H:H) -> WASSOLLDFBGA | K15: =IF(OR(LEFT(RIGHT(I15,5),3)="VEN",LEFT(RIGHT(I15,5),3)="FLA"),"",IF(LEFT(RIGHT(I15,5),3)="COG",IF(_xlfn.XLOOKUP(I15,'WAS RESID'!K:K,'WAS RESID'!Q:Q)=0,1,IFERROR(SUMIFS('WAS RESID'!P:P,'WAS RESID'!K:K,I15,'WAS RESID'!I:I,"CELC")/_xlfn.XLOOKUP(I15,'WAS RESID'!K:K,'WAS RESID'!O:O),1)),IF(_xlfn.XLOOKUP(I15,'WAS RESID'!K:K,'WAS RESID'!Q:Q)=0,1,IFERROR(_xlfn.XLOOKUP(I15,'WAS RESID'!K:K,'WAS RESID'!Q:Q)/_xlfn.XLOOKUP(I15,'WAS RESID'!K:K,'WAS RESID'!O:O),1)))) -> 1 | L15: =IF(OR(LEFT(RIGHT(I15,5),3)="VEN",LEFT(RIGHT(I15,5),3)="FLA"),1,"") | M15: =_xlfn.XLOOKUP(I15,'WAS RESID'!K:K,'WAS RESID'!T:T) -> 31.536 | N15: =_xlfn.XLOOKUP(I15,'WAS RESID'!K:K,'WAS RESID'!S:S) -> 0.9 | O15: 20 | P15: 1 | Q15: =_xlfn.XLOOKUP(I15,'WAS RESID'!K:K,'WAS RESID'!R:R) -> 0 | R15: =IF(_xlfn.XLOOKUP(I15,'WAS RESID'!K:K,'WAS RESID'!X:X)="","",_xlfn.XLOOKUP(I15,'WAS RESID'!K:K,'WAS RESID'!X:X))
B16: WASWATWADCOG19 | C16: STM | D16: Share | E16: UP | F16: =IF(LEFT(RIGHT(B16,5),3)="COG","",IFERROR(SUMIFS('WAS RESID'!P:P,'WAS RESID'!K:K,ResidBGA!B16,'WAS RESID'!I:I,ResidBGA!C16)/_xlfn.XLOOKUP(B16,'WAS RESID'!K:K,'WAS RESID'!Q:Q),1)) | H16: =Def_Tech!C76 -> CITY | I16: =Def_Tech!D76 -> WASSOLLDFPUR19 | J16: =_xlfn.XLOOKUP(ResidBGA!I16,'WAS RESID'!K:K,'WAS RESID'!H:H) -> WASSOLLDFBGA | K16: =IF(OR(LEFT(RIGHT(I16,5),3)="VEN",LEFT(RIGHT(I16,5),3)="FLA"),"",IF(LEFT(RIGHT(I16,5),3)="COG",IF(_xlfn.XLOOKUP(I16,'WAS RESID'!K:K,'WAS RESID'!Q:Q)=0,1,IFERROR(SUMIFS('WAS RESID'!P:P,'WAS RESID'!K:K,I16,'WAS RESID'!I:I,"CELC")/_xlfn.XLOOKUP(I16,'WAS RESID'!K:K,'WAS RESID'!O:O),1)),IF(_xlfn.XLOOKUP(I16,'WAS RESID'!K:K,'WAS RESID'!Q:Q)=0,1,IFERROR(_xlfn.XLOOKUP(I16,'WAS RESID'!K:K,'WAS RESID'!Q:Q)/_xlfn.XLOOKUP(I16,'WAS RESID'!K:K,'WAS RESID'!O:O),1)))) -> 1 | L16: =IF(OR(LEFT(RIGHT(I16,5),3)="VEN",LEFT(RIGHT(I16,5),3)="FLA"),1,"") | M16: =_xlfn.XLOOKUP(I16,'WAS RESID'!K:K,'WAS RESID'!T:T) -> 31.536 | N16: =_xlfn.XLOOKUP(I16,'WAS RESID'!K:K,'WAS RESID'!S:S) -> 0.9 | O16: 20 | P16: 1 | Q16: =_xlfn.XLOOKUP(I16,'WAS RESID'!K:K,'WAS RESID'!R:R) -> 0 | R16: =IF(_xlfn.XLOOKUP(I16,'WAS RESID'!K:K,'WAS RESID'!X:X)="","",_xlfn.XLOOKUP(I16,'WAS RESID'!K:K,'WAS RESID'!X:X))
B17: WASWATWADPOW19 | C17: CELC | D17: Share | E17: UP | F17: =IF(LEFT(RIGHT(B17,5),3)="COG","",IFERROR(SUMIFS('WAS RESID'!P:P,'WAS RESID'!K:K,ResidBGA!B17,'WAS RESID'!I:I,ResidBGA!C17)/_xlfn.XLOOKUP(B17,'WAS RESID'!K:K,'WAS RESID'!Q:Q),1)) -> 1 | H17: =Def_Tech!C77 -> CITY | I17: =Def_Tech!D77 -> WASWATWADVEN19 | J17: =_xlfn.XLOOKUP(ResidBGA!I17,'WAS RESID'!K:K,'WAS RESID'!H:H) -> WASWATWADBGA | K17: =IF(OR(LEFT(RIGHT(I17,5),3)="VEN",LEFT(RIGHT(I17,5),3)="FLA"),"",IF(LEFT(RIGHT(I17,5),3)="COG",IF(_xlfn.XLOOKUP(I17,'WAS RESID'!K:K,'WAS RESID'!Q:Q)=0,1,IFERROR(SUMIFS('WAS RESID'!P:P,'WAS RESID'!K:K,I17,'WAS RESID'!I:I,"CELC")/_xlfn.XLOOKUP(I17,'WAS RESID'!K:K,'WAS RESID'!O:O),1)),IF(_xlfn.XLOOKUP(I17,'WAS RESID'!K:K,'WAS RESID'!Q:Q)=0,1,IFERROR(_xlfn.XLOOKUP(I17,'WAS RESID'!K:K,'WAS RESID'!Q:Q)/_xlfn.XLOOKUP(I17,'WAS RESID'!K:K,'WAS RESID'!O:O),1)))) | L17: =IF(OR(LEFT(RIGHT(I17,5),3)="VEN",LEFT(RIGHT(I17,5),3)="FLA"),1,"") -> 1 | M17: =_xlfn.XLOOKUP(I17,'WAS RESID'!K:K,'WAS RESID'!T:T) -> 31.536 | N17: =_xlfn.XLOOKUP(I17,'WAS RESID'!K:K,'WAS RESID'!S:S) -> 0.9 | O17: 20 | P17: 1 | Q17: =_xlfn.XLOOKUP(I17,'WAS RESID'!K:K,'WAS RESID'!R:R) -> 1.2510113 | R17: =IF(_xlfn.XLOOKUP(I17,'WAS RESID'!K:K,'WAS RESID'!X:X)="","",_xlfn.XLOOKUP(I17,'WAS RESID'!K:K,'WAS RESID'!X:X)) | T17: =Q17*M17*N17 -> 35.506704
B18: WASWATWADPUR19 | C18: RNG | D18: Share | E18: UP | F18: =IF(LEFT(RIGHT(B18,5),3)="COG","",IFERROR(SUMIFS('WAS RESID'!P:P,'WAS RESID'!K:K,ResidBGA!B18,'WAS RESID'!I:I,ResidBGA!C18)/_xlfn.XLOOKUP(B18,'WAS RESID'!K:K,'WAS RESID'!Q:Q),1)) -> 1 | H18: =Def_Tech!C78 -> CITY | I18: =Def_Tech!D78 -> WASWATWADFLA19 | J18: =_xlfn.XLOOKUP(ResidBGA!I18,'WAS RESID'!K:K,'WAS RESID'!H:H) -> WASWATWADBGA | K18: =IF(OR(LEFT(RIGHT(I18,5),3)="VEN",LEFT(RIGHT(I18,5),3)="FLA"),"",IF(LEFT(RIGHT(I18,5),3)="COG",IF(_xlfn.XLOOKUP(I18,'WAS RESID'!K:K,'WAS RESID'!Q:Q)=0,1,IFERROR(SUMIFS('WAS RESID'!P:P,'WAS RESID'!K:K,I18,'WAS RESID'!I:I,"CELC")/_xlfn.XLOOKUP(I18,'WAS RESID'!K:K,'WAS RESID'!O:O),1)),IF(_xlfn.XLOOKUP(I18,'WAS RESID'!K:K,'WAS RESID'!Q:Q)=0,1,IFERROR(_xlfn.XLOOKUP(I18,'WAS RESID'!K:K,'WAS RESID'!Q:Q)/_xlfn.XLOOKUP(I18,'WAS RESID'!K:K,'WAS RESID'!O:O),1)))) | L18: =IF(OR(LEFT(RIGHT(I18,5),3)="VEN",LEFT(RIGHT(I18,5),3)="FLA"),1,"") -> 1 | M18: =_xlfn.XLOOKUP(I18,'WAS RESID'!K:K,'WAS RESID'!T:T) -> 31.536 | N18: =_xlfn.XLOOKUP(I18,'WAS RESID'!K:K,'WAS RESID'!S:S) -> 0.9 | O18: 20 | P18: 1 | Q18: =_xlfn.XLOOKUP(I18,'WAS RESID'!K:K,'WAS RESID'!R:R) -> 61.299556 | R18: =IF(_xlfn.XLOOKUP(I18,'WAS RESID'!K:K,'WAS RESID'!X:X)="","",_xlfn.XLOOKUP(I18,'WAS RESID'!K:K,'WAS RESID'!X:X)) | T18: =Q18*M18*N18 -> 1739.8285
B19: WASWATWANCOG19 | C19: CELC | D19: Share | E19: UP | F19: =IF(LEFT(RIGHT(B19,5),3)="COG","",IFERROR(SUMIFS('WAS RESID'!P:P,'WAS RESID'!K:K,ResidBGA!B19,'WAS RESID'!I:I,ResidBGA!C19)/_xlfn.XLOOKUP(B19,'WAS RESID'!K:K,'WAS RESID'!Q:Q),1)) | H19: =Def_Tech!C79 -> CITY | I19: =Def_Tech!D79 -> WASWATWADCOG19 | J19: =_xlfn.XLOOKUP(ResidBGA!I19,'WAS RESID'!K:K,'WAS RESID'!H:H) -> WASWATWADBGA | K19: =IF(OR(LEFT(RIGHT(I19,5),3)="VEN",LEFT(RIGHT(I19,5),3)="FLA"),"",IF(LEFT(RIGHT(I19,5),3)="COG",IF(_xlfn.XLOOKUP(I19,'WAS RESID'!K:K,'WAS RESID'!Q:Q)=0,1,IFERROR(SUMIFS('WAS RESID'!P:P,'WAS RESID'!K:K,I19,'WAS RESID'!I:I,"CELC")/_xlfn.XLOOKUP(I19,'WAS RESID'!K:K,'WAS RESID'!O:O),1)),IF(_xlfn.XLOOKUP(I19,'WAS RESID'!K:K,'WAS RESID'!Q:Q)=0,1,IFERROR(_xlfn.XLOOKUP(I19,'WAS RESID'!K:K,'WAS RESID'!Q:Q)/_xlfn.XLOOKUP(I19,'WAS RESID'!K:K,'WAS RESID'!O:O),1)))) -> 0.35 | L19: =IF(OR(LEFT(RIGHT(I19,5),3)="VEN",LEFT(RIGHT(I19,5),3)="FLA"),1,"") | M19: =_xlfn.XLOOKUP(I19,'WAS RESID'!K:K,'WAS RESID'!T:T) -> 31.536 | N19: =_xlfn.XLOOKUP(I19,'WAS RESID'!K:K,'WAS RESID'!S:S) -> 0.9 | O19: 20 | P19: 1 | Q19: =_xlfn.XLOOKUP(I19,'WAS RESID'!K:K,'WAS RESID'!R:R) -> 10.946349 | R19: =IF(_xlfn.XLOOKUP(I19,'WAS RESID'!K:K,'WAS RESID'!X:X)="","",_xlfn.XLOOKUP(I19,'WAS RESID'!K:K,'WAS RESID'!X:X)) -> 1.2857143 | T19: =Q19*M19*N19 -> 310.68366
B20: WASWATWANCOG19 | C20: STM | D20: Share | E20: UP | F20: =IF(LEFT(RIGHT(B20,5),3)="COG","",IFERROR(SUMIFS('WAS RESID'!P:P,'WAS RESID'!K:K,ResidBGA!B20,'WAS RESID'!I:I,ResidBGA!C20)/_xlfn.XLOOKUP(B20,'WAS RESID'!K:K,'WAS RESID'!Q:Q),1)) | H20: =Def_Tech!C80 -> CITY | I20: =Def_Tech!D80 -> WASWATWADPOW19 | J20: =_xlfn.XLOOKUP(ResidBGA!I20,'WAS RESID'!K:K,'WAS RESID'!H:H) -> WASWATWADBGA | K20: =IF(OR(LEFT(RIGHT(I20,5),3)="VEN",LEFT(RIGHT(I20,5),3)="FLA"),"",IF(LEFT(RIGHT(I20,5),3)="COG",IF(_xlfn.XLOOKUP(I20,'WAS RESID'!K:K,'WAS RESID'!Q:Q)=0,1,IFERROR(SUMIFS('WAS RESID'!P:P,'WAS RESID'!K:K,I20,'WAS RESID'!I:I,"CELC")/_xlfn.XLOOKUP(I20,'WAS RESID'!K:K,'WAS RESID'!O:O),1)),IF(_xlfn.XLOOKUP(I20,'WAS RESID'!K:K,'WAS RESID'!Q:Q)=0,1,IFERROR(_xlfn.XLOOKUP(I20,'WAS RESID'!K:K,'WAS RESID'!Q:Q)/_xlfn.XLOOKUP(I20,'WAS RESID'!K:K,'WAS RESID'!O:O),1)))) -> 0.35 | L20: =IF(OR(LEFT(RIGHT(I20,5),3)="VEN",LEFT(RIGHT(I20,5),3)="FLA"),1,"") | M20: =_xlfn.XLOOKUP(I20,'WAS RESID'!K:K,'WAS RESID'!T:T) -> 31.536 | N20: =_xlfn.XLOOKUP(I20,'WAS RESID'!K:K,'WAS RESID'!S:S) -> 0.9 | O20: 20 | P20: 1 | Q20: =_xlfn.XLOOKUP(I20,'WAS RESID'!K:K,'WAS RESID'!R:R) -> 10.946349 | R20: =IF(_xlfn.XLOOKUP(I20,'WAS RESID'!K:K,'WAS RESID'!X:X)="","",_xlfn.XLOOKUP(I20,'WAS RESID'!K:K,'WAS RESID'!X:X)) | T20: =Q20*M20*N20 -> 310.68366
B21: WASWATWANPOW19 | C21: CELC | D21: Share | E21: UP | F21: =IF(LEFT(RIGHT(B21,5),3)="COG","",IFERROR(SUMIFS('WAS RESID'!P:P,'WAS RESID'!K:K,ResidBGA!B21,'WAS RESID'!I:I,ResidBGA!C21)/_xlfn.XLOOKUP(B21,'WAS RESID'!K:K,'WAS RESID'!Q:Q),1)) -> 1 | H21: =Def_Tech!C81 -> CITY | I21: =Def_Tech!D81 -> WASWATWADPUR19 | J21: =_xlfn.XLOOKUP(ResidBGA!I21,'WAS RESID'!K:K,'WAS RESID'!H:H) -> WASWATWADBGA | K21: =IF(OR(LEFT(RIGHT(I21,5),3)="VEN",LEFT(RIGHT(I21,5),3)="FLA"),"",IF(LEFT(RIGHT(I21,5),3)="COG",IF(_xlfn.XLOOKUP(I21,'WAS RESID'!K:K,'WAS RESID'!Q:Q)=0,1,IFERROR(SUMIFS('WAS RESID'!P:P,'WAS RESID'!K:K,I21,'WAS RESID'!I:I,"CELC")/_xlfn.XLOOKUP(I21,'WAS RESID'!K:K,'WAS RESID'!O:O),1)),IF(_xlfn.XLOOKUP(I21,'WAS RESID'!K:K,'WAS RESID'!Q:Q)=0,1,IFERROR(_xlfn.XLOOKUP(I21,'WAS RESID'!K:K,'WAS RESID'!Q:Q)/_xlfn.XLOOKUP(I21,'WAS RESID'!K:K,'WAS RESID'!O:O),1)))) -> 1 | L21: =IF(OR(LEFT(RIGHT(I21,5),3)="VEN",LEFT(RIGHT(I21,5),3)="FLA"),1,"") | M21: =_xlfn.XLOOKUP(I21,'WAS RESID'!K:K,'WAS RESID'!T:T) -> 31.536 | N21: =_xlfn.XLOOKUP(I21,'WAS RESID'!K:K,'WAS RESID'!S:S) -> 0.9 | O21: 20 | P21: 1 | Q21: =_xlfn.XLOOKUP(I21,'WAS RESID'!K:K,'WAS RESID'!R:R) -> 0 | R21: =IF(_xlfn.XLOOKUP(I21,'WAS RESID'!K:K,'WAS RESID'!X:X)="","",_xlfn.XLOOKUP(I21,'WAS RESID'!K:K,'WAS RESID'!X:X)) | T21: =Q21*M21*N21 -> 0
B22: WASWATWANPUR19 | C22: RNG | D22: Share | E22: UP | F22: =IF(LEFT(RIGHT(B22,5),3)="COG","",IFERROR(SUMIFS('WAS RESID'!P:P,'WAS RESID'!K:K,ResidBGA!B22,'WAS RESID'!I:I,ResidBGA!C22)/_xlfn.XLOOKUP(B22,'WAS RESID'!K:K,'WAS RESID'!Q:Q),1)) -> 1 | H22: =Def_Tech!C82 -> CITY | I22: =Def_Tech!D82 -> WASWATWANVEN19 | J22: =_xlfn.XLOOKUP(ResidBGA!I22,'WAS RESID'!K:K,'WAS RESID'!H:H) -> WASWATWANBGA | K22: =IF(OR(LEFT(RIGHT(I22,5),3)="VEN",LEFT(RIGHT(I22,5),3)="FLA"),"",IF(LEFT(RIGHT(I22,5),3)="COG",IF(_xlfn.XLOOKUP(I22,'WAS RESID'!K:K,'WAS RESID'!Q:Q)=0,1,IFERROR(SUMIFS('WAS RESID'!P:P,'WAS RESID'!K:K,I22,'WAS RESID'!I:I,"CELC")/_xlfn.XLOOKUP(I22,'WAS RESID'!K:K,'WAS RESID'!O:O),1)),IF(_xlfn.XLOOKUP(I22,'WAS RESID'!K:K,'WAS RESID'!Q:Q)=0,1,IFERROR(_xlfn.XLOOKUP(I22,'WAS RESID'!K:K,'WAS RESID'!Q:Q)/_xlfn.XLOOKUP(I22,'WAS RESID'!K:K,'WAS RESID'!O:O),1)))) | L22: =IF(OR(LEFT(RIGHT(I22,5),3)="VEN",LEFT(RIGHT(I22,5),3)="FLA"),1,"") -> 1 | M22: =_xlfn.XLOOKUP(I22,'WAS RESID'!K:K,'WAS RESID'!T:T) -> 31.536 | N22: =_xlfn.XLOOKUP(I22,'WAS RESID'!K:K,'WAS RESID'!S:S) -> 0.9 | O22: 20 | P22: 1 | Q22: =_xlfn.XLOOKUP(I22,'WAS RESID'!K:K,'WAS RESID'!R:R) -> 0.41700378 | R22: =IF(_xlfn.XLOOKUP(I22,'WAS RESID'!K:K,'WAS RESID'!X:X)="","",_xlfn.XLOOKUP(I22,'WAS RESID'!K:K,'WAS RESID'!X:X)) | T22: =Q22*M22*N22 -> 11.835568
H23: =Def_Tech!C83 -> CITY | I23: =Def_Tech!D83 -> WASWATWANFLA19 | J23: =_xlfn.XLOOKUP(ResidBGA!I23,'WAS RESID'!K:K,'WAS RESID'!H:H) -> WASWATWANBGA | K23: =IF(OR(LEFT(RIGHT(I23,5),3)="VEN",LEFT(RIGHT(I23,5),3)="FLA"),"",IF(LEFT(RIGHT(I23,5),3)="COG",IF(_xlfn.XLOOKUP(I23,'WAS RESID'!K:K,'WAS RESID'!Q:Q)=0,1,IFERROR(SUMIFS('WAS RESID'!P:P,'WAS RESID'!K:K,I23,'WAS RESID'!I:I,"CELC")/_xlfn.XLOOKUP(I23,'WAS RESID'!K:K,'WAS RESID'!O:O),1)),IF(_xlfn.XLOOKUP(I23,'WAS RESID'!K:K,'WAS RESID'!Q:Q)=0,1,IFERROR(_xlfn.XLOOKUP(I23,'WAS RESID'!K:K,'WAS RESID'!Q:Q)/_xlfn.XLOOKUP(I23,'WAS RESID'!K:K,'WAS RESID'!O:O),1)))) | L23: =IF(OR(LEFT(RIGHT(I23,5),3)="VEN",LEFT(RIGHT(I23,5),3)="FLA"),1,"") -> 1 | M23: =_xlfn.XLOOKUP(I23,'WAS RESID'!K:K,'WAS RESID'!T:T) -> 31.536 | N23: =_xlfn.XLOOKUP(I23,'WAS RESID'!K:K,'WAS RESID'!S:S) -> 0.9 | O23: 20 | P23: 1 | Q23: =_xlfn.XLOOKUP(I23,'WAS RESID'!K:K,'WAS RESID'!R:R) -> 20.433185 | R23: =IF(_xlfn.XLOOKUP(I23,'WAS RESID'!K:K,'WAS RESID'!X:X)="","",_xlfn.XLOOKUP(I23,'WAS RESID'!K:K,'WAS RESID'!X:X)) | T23: =Q23*M23*N23 -> 579.94284
H24: =Def_Tech!C84 -> CITY | I24: =Def_Tech!D84 -> WASWATWANCOG19 | J24: =_xlfn.XLOOKUP(ResidBGA!I24,'WAS RESID'!K:K,'WAS RESID'!H:H) -> WASWATWANBGA | K24: =IF(OR(LEFT(RIGHT(I24,5),3)="VEN",LEFT(RIGHT(I24,5),3)="FLA"),"",IF(LEFT(RIGHT(I24,5),3)="COG",IF(_xlfn.XLOOKUP(I24,'WAS RESID'!K:K,'WAS RESID'!Q:Q)=0,1,IFERROR(SUMIFS('WAS RESID'!P:P,'WAS RESID'!K:K,I24,'WAS RESID'!I:I,"CELC")/_xlfn.XLOOKUP(I24,'WAS RESID'!K:K,'WAS RESID'!O:O),1)),IF(_xlfn.XLOOKUP(I24,'WAS RESID'!K:K,'WAS RESID'!Q:Q)=0,1,IFERROR(_xlfn.XLOOKUP(I24,'WAS RESID'!K:K,'WAS RESID'!Q:Q)/_xlfn.XLOOKUP(I24,'WAS RESID'!K:K,'WAS RESID'!O:O),1)))) -> 0.35 | L24: =IF(OR(LEFT(RIGHT(I24,5),3)="VEN",LEFT(RIGHT(I24,5),3)="FLA"),1,"") | M24: =_xlfn.XLOOKUP(I24,'WAS RESID'!K:K,'WAS RESID'!T:T) -> 31.536 | N24: =_xlfn.XLOOKUP(I24,'WAS RESID'!K:K,'WAS RESID'!S:S) -> 0.9 | O24: 20 | P24: 1 | Q24: =_xlfn.XLOOKUP(I24,'WAS RESID'!K:K,'WAS RESID'!R:R) -> 3.6487831 | R24: =IF(_xlfn.XLOOKUP(I24,'WAS RESID'!K:K,'WAS RESID'!X:X)="","",_xlfn.XLOOKUP(I24,'WAS RESID'!K:K,'WAS RESID'!X:X)) -> 1.2857143 | T24: =Q24*M24*N24 -> 103.56122
H25: =Def_Tech!C85 -> CITY | I25: =Def_Tech!D85 -> WASWATWANPOW19 | J25: =_xlfn.XLOOKUP(ResidBGA!I25,'WAS RESID'!K:K,'WAS RESID'!H:H) -> WASWATWANBGA | K25: =IF(OR(LEFT(RIGHT(I25,5),3)="VEN",LEFT(RIGHT(I25,5),3)="FLA"),"",IF(LEFT(RIGHT(I25,5),3)="COG",IF(_xlfn.XLOOKUP(I25,'WAS RESID'!K:K,'WAS RESID'!Q:Q)=0,1,IFERROR(SUMIFS('WAS RESID'!P:P,'WAS RESID'!K:K,I25,'WAS RESID'!I:I,"CELC")/_xlfn.XLOOKUP(I25,'WAS RESID'!K:K,'WAS RESID'!O:O),1)),IF(_xlfn.XLOOKUP(I25,'WAS RESID'!K:K,'WAS RESID'!Q:Q)=0,1,IFERROR(_xlfn.XLOOKUP(I25,'WAS RESID'!K:K,'WAS RESID'!Q:Q)/_xlfn.XLOOKUP(I25,'WAS RESID'!K:K,'WAS RESID'!O:O),1)))) -> 0.35 | L25: =IF(OR(LEFT(RIGHT(I25,5),3)="VEN",LEFT(RIGHT(I25,5),3)="FLA"),1,"") | M25: =_xlfn.XLOOKUP(I25,'WAS RESID'!K:K,'WAS RESID'!T:T) -> 31.536 | N25: =_xlfn.XLOOKUP(I25,'WAS RESID'!K:K,'WAS RESID'!S:S) -> 0.9 | O25: 20 | P25: 1 | Q25: =_xlfn.XLOOKUP(I25,'WAS RESID'!K:K,'WAS RESID'!R:R) -> 3.6487831 | R25: =IF(_xlfn.XLOOKUP(I25,'WAS RESID'!K:K,'WAS RESID'!X:X)="","",_xlfn.XLOOKUP(I25,'WAS RESID'!K:K,'WAS RESID'!X:X)) | T25: =Q25*M25*N25 -> 103.56122
H26: =Def_Tech!C86 -> CITY | I26: =Def_Tech!D86 -> WASWATWANPUR19 | J26: =_xlfn.XLOOKUP(ResidBGA!I26,'WAS RESID'!K:K,'WAS RESID'!H:H) -> WASWATWANBGA | K26: =IF(OR(LEFT(RIGHT(I26,5),3)="VEN",LEFT(RIGHT(I26,5),3)="FLA"),"",IF(LEFT(RIGHT(I26,5),3)="COG",IF(_xlfn.XLOOKUP(I26,'WAS RESID'!K:K,'WAS RESID'!Q:Q)=0,1,IFERROR(SUMIFS('WAS RESID'!P:P,'WAS RESID'!K:K,I26,'WAS RESID'!I:I,"CELC")/_xlfn.XLOOKUP(I26,'WAS RESID'!K:K,'WAS RESID'!O:O),1)),IF(_xlfn.XLOOKUP(I26,'WAS RESID'!K:K,'WAS RESID'!Q:Q)=0,1,IFERROR(_xlfn.XLOOKUP(I26,'WAS RESID'!K:K,'WAS RESID'!Q:Q)/_xlfn.XLOOKUP(I26,'WAS RESID'!K:K,'WAS RESID'!O:O),1)))) -> 1 | L26: =IF(OR(LEFT(RIGHT(I26,5),3)="VEN",LEFT(RIGHT(I26,5),3)="FLA"),1,"") | M26: =_xlfn.XLOOKUP(I26,'WAS RESID'!K:K,'WAS RESID'!T:T) -> 31.536 | N26: =_xlfn.XLOOKUP(I26,'WAS RESID'!K:K,'WAS RESID'!S:S) -> 0.9 | O26: 20 | P26: 1 | Q26: =_xlfn.XLOOKUP(I26,'WAS RESID'!K:K,'WAS RESID'!R:R) -> 0 | R26: =IF(_xlfn.XLOOKUP(I26,'WAS RESID'!K:K,'WAS RESID'!X:X)="","",_xlfn.XLOOKUP(I26,'WAS RESID'!K:K,'WAS RESID'!X:X)) | T26: =Q26*M26*N26 -> 0

Sheet ResidLDF
H1: ='City characteristics'!C20 -> 2019
H2: PRC_RESID
D4: ~FI_T
B5: Region | C5: TechName | D5: PRC_CAPACT | E5: *NCAP_AFA | F5: NCAP_TLIFE | G5: NCAP_FOM | H5: ="*"&H2&"~"&H1 -> *PRC_RESID~2019 | I5: STG_LOSS
B6: * | C6: * | D6: kta/kt | E6: % | F6: Yr | G6: $ /kW / Yr | H6: kt
B7: =Def_Tech!C88 -> CITY | C7: =Def_Tech!D88 -> WASSOLPAPLDFDEC19 | D7: =_xlfn.XLOOKUP($C7,'WAS RESID'!$K:$K,'WAS RESID'!R:R) -> 1 | E7: =_xlfn.XLOOKUP($C7,'WAS RESID'!$K:$K,'WAS RESID'!Q:Q) -> 0.9 | F7: 100 | G7: 1 | H7: =_xlfn.XLOOKUP(C7,'WAS RESID'!K:K,'WAS RESID'!P:P) -> 2550.056 | I7: =1-_xlfn.XLOOKUP(C7,'WAS RESID'!K:K,'WAS RESID'!X:X) -> 0.0532646
B8: =Def_Tech!C89 -> CITY | C8: =Def_Tech!D89 -> WASSOLGLALDFDEC19 | D8: =_xlfn.XLOOKUP($C8,'WAS RESID'!$K:$K,'WAS RESID'!R:R) -> 1 | E8: =_xlfn.XLOOKUP($C8,'WAS RESID'!$K:$K,'WAS RESID'!Q:Q) -> 0.9 | F8: 100 | G8: 1 | H8: =_xlfn.XLOOKUP(C8,'WAS RESID'!K:K,'WAS RESID'!P:P) -> 238.21769 | I8: =1-_xlfn.XLOOKUP(C8,'WAS RESID'!K:K,'WAS RESID'!X:X) -> 1
B9: =Def_Tech!C90 -> CITY | C9: =Def_Tech!D90 -> WASSOLMETLDFDEC19 | D9: =_xlfn.XLOOKUP($C9,'WAS RESID'!$K:$K,'WAS RESID'!R:R) -> 1 | E9: =_xlfn.XLOOKUP($C9,'WAS RESID'!$K:$K,'WAS RESID'!Q:Q) -> 0.9 | F9: 100 | G9: 1 | H9: =_xlfn.XLOOKUP(C9,'WAS RESID'!K:K,'WAS RESID'!P:P) -> 317.62359 | I9: =1-_xlfn.XLOOKUP(C9,'WAS RESID'!K:K,'WAS RESID'!X:X) -> 1
B10: =Def_Tech!C91 -> CITY | C10: =Def_Tech!D91 -> WASSOLPLALDFDEC19 | D10: =_xlfn.XLOOKUP($C10,'WAS RESID'!$K:$K,'WAS RESID'!R:R) -> 1 | E10: =_xlfn.XLOOKUP($C10,'WAS RESID'!$K:$K,'WAS RESID'!Q:Q) -> 0.9 | F10: 100 | G10: 1 | H10: =_xlfn.XLOOKUP(C10,'WAS RESID'!K:K,'WAS RESID'!P:P) -> 794.05896 | I10: =1-_xlfn.XLOOKUP(C10,'WAS RESID'!K:K,'WAS RESID'!X:X) -> 1
B11: =Def_Tech!C92 -> CITY | C11: =Def_Tech!D92 -> WASSOLFOOLDFDEC19 | D11: =_xlfn.XLOOKUP($C11,'WAS RESID'!$K:$K,'WAS RESID'!R:R) -> 1 | E11: =_xlfn.XLOOKUP($C11,'WAS RESID'!$K:$K,'WAS RESID'!Q:Q) -> 0.9 | F11: 100 | G11: 1 | H11: =_xlfn.XLOOKUP(C11,'WAS RESID'!K:K,'WAS RESID'!P:P) -> 1545.0339 | I11: =1-_xlfn.XLOOKUP(C11,'WAS RESID'!K:K,'WAS RESID'!X:X) -> 0.091792181
B12: =Def_Tech!C93 -> CITY | C12: =Def_Tech!D93 -> WASSOLYARLDFDEC19 | D12: =_xlfn.XLOOKUP($C12,'WAS RESID'!$K:$K,'WAS RESID'!R:R) -> 1 | E12: =_xlfn.XLOOKUP($C12,'WAS RESID'!$K:$K,'WAS RESID'!Q:Q) -> 0.9 | F12: 100 | G12: 1 | H12: =_xlfn.XLOOKUP(C12,'WAS RESID'!K:K,'WAS RESID'!P:P) -> 1168.1895 | I12: =1-_xlfn.XLOOKUP(C12,'WAS RESID'!K:K,'WAS RESID'!X:X) -> 0.14359474
B13: =Def_Tech!C94 -> CITY | C13: =Def_Tech!D94 -> WASSOLAOTLDFDEC19 | D13: =_xlfn.XLOOKUP($C13,'WAS RESID'!$K:$K,'WAS RESID'!R:R) -> 1 | E13: =_xlfn.XLOOKUP($C13,'WAS RESID'!$K:$K,'WAS RESID'!Q:Q) -> 0.9 | F13: 100 | G13: 1 | H13: =_xlfn.XLOOKUP(C13,'WAS RESID'!K:K,'WAS RESID'!P:P) -> 5850.1284 | I13: =1-_xlfn.XLOOKUP(C13,'WAS RESID'!K:K,'WAS RESID'!X:X) -> 0.029411614
B14: =Def_Tech!C95 -> CITY | C14: =Def_Tech!D95 -> WASSOLHISLDFDEC19 | D14: =_xlfn.XLOOKUP($C14,'WAS RESID'!$K:$K,'WAS RESID'!R:R) -> 1 | E14: =_xlfn.XLOOKUP($C14,'WAS RESID'!$K:$K,'WAS RESID'!Q:Q) -> 0.9 | F14: 100 | G14: 1 | H14: =_xlfn.XLOOKUP(C14,'WAS RESID'!K:K,'WAS RESID'!P:P) -> 229403.41 | I14: =1-_xlfn.XLOOKUP(C14,'WAS RESID'!K:K,'WAS RESID'!X:X) -> 0.083817143
E17: ~FI_T
B18: TechName | C18: Comm-IN | D18: Comm-OUT | E18: Attribute | F18: LimType | G18: 0 | H18: 2019 | I18: 2100
B19: *
B20: =Def_Tech!D88 -> WASSOLPAPLDFDEC19 | C20: ='WAS RESID'!H96 -> WASSOLPAPLDFDEC | D20: =C20 -> WASSOLPAPLDFDEC | E20: STGOUT_BND | F20: UP | G20: 2 | H20: 0 | I20: 0
B21: =Def_Tech!D89 -> WASSOLGLALDFDEC19 | C21: ='WAS RESID'!H98 -> WASSOLGLALDFDEC | D21: =C21 -> WASSOLGLALDFDEC | E21: STGOUT_BND | F21: UP | G21: 2 | H21: 0 | I21: 0
B22: =Def_Tech!D90 -> WASSOLMETLDFDEC19 | C22: ='WAS RESID'!H100 -> WASSOLMETLDFDEC | D22: =C22 -> WASSOLMETLDFDEC | E22: STGOUT_BND | F22: UP | G22: 2 | H22: 0 | I22: 0
B23: =Def_Tech!D91 -> WASSOLPLALDFDEC19 | C23: ='WAS RESID'!H102 -> WASSOLPLALDFDEC | D23: =C23 -> WASSOLPLALDFDEC | E23: STGOUT_BND | F23: UP | G23: 2 | H23: 0 | I23: 0
B24: =Def_Tech!D92 -> WASSOLFOOLDFDEC19 | C24: ='WAS RESID'!H104 -> WASSOLFOOLDFDEC | D24: =C24 -> WASSOLFOOLDFDEC | E24: STGOUT_BND | F24: UP | G24: 2 | H24: 0 | I24: 0
B25: =Def_Tech!D93 -> WASSOLYARLDFDEC19 | C25: ='WAS RESID'!H106 -> WASSOLYARLDFDEC | D25: =C25 -> WASSOLYARLDFDEC | E25: STGOUT_BND | F25: UP | G25: 2 | H25: 0 | I25: 0
B26: =Def_Tech!D94 -> WASSOLAOTLDFDEC19 | C26: ='WAS RESID'!H108 -> WASSOLAOTLDFDEC | D26: =C26 -> WASSOLAOTLDFDEC | E26: STGOUT_BND | F26: UP | G26: 2 | H26: 0 | I26: 0
B27: =Def_Tech!D95 -> WASSOLHISLDFDEC19 | C27: ='WAS RESID'!H110 -> WASSOLHISLDFDEC | D27: =C27 -> WASSOLHISLDFDEC | E27: STGOUT_BND | F27: UP | G27: 2 | H27: 0 | I27: 0
E29: ~FI_T
B30: TechName | C30: Comm-OUT | D30: Attribute | E30: LimType | F30: 0 | G30: 2019 | H30: 2100
B31: *
B32: =Def_Tech!D88 -> WASSOLPAPLDFDEC19 | C32: ='WAS RESID'!I97 -> WASSOLLDFBGA | D32: PRC_ACTFLO | F32: 2 | G32: =SUMIFS('WAS RESID'!S:S,'WAS RESID'!K:K,B32,'WAS RESID'!I:I,C32) -> 0.14728478 | H32: =G32 -> 0.14728478
B33: =Def_Tech!D89 -> WASSOLGLALDFDEC19 | C33: ='WAS RESID'!I99 -> WASSOLLDFBGA | D33: PRC_ACTFLO | F33: 2 | G33: =SUMIFS('WAS RESID'!S:S,'WAS RESID'!K:K,B33,'WAS RESID'!I:I,C33) -> 0 | H33: =G33 -> 0
B34: =Def_Tech!D90 -> WASSOLMETLDFDEC19 | C34: ='WAS RESID'!I101 -> WASSOLLDFBGA | D34: PRC_ACTFLO | F34: 2 | G34: =SUMIFS('WAS RESID'!S:S,'WAS RESID'!K:K,B34,'WAS RESID'!I:I,C34) -> 0 | H34: =G34 -> 0
B35: =Def_Tech!D91 -> WASSOLPLALDFDEC19 | C35: ='WAS RESID'!I103 -> WASSOLLDFBGA | D35: PRC_ACTFLO | F35: 2 | G35: =SUMIFS('WAS RESID'!S:S,'WAS RESID'!K:K,B35,'WAS RESID'!I:I,C35) -> 0 | H35: =G35 -> 0
B36: =Def_Tech!D92 -> WASSOLFOOLDFDEC19 | C36: ='WAS RESID'!I105 -> WASSOLLDFBGA | D36: PRC_ACTFLO | F36: 2 | G36: =SUMIFS('WAS RESID'!S:S,'WAS RESID'!K:K,B36,'WAS RESID'!I:I,C36) -> 0.42075455 | H36: =G36 -> 0.42075455
B37: =Def_Tech!D93 -> WASSOLYARLDFDEC19 | C37: ='WAS RESID'!I107 -> WASSOLLDFBGA | D37: PRC_ACTFLO | F37: 2 | G37: =SUMIFS('WAS RESID'!S:S,'WAS RESID'!K:K,B37,'WAS RESID'!I:I,C37) -> 0.14210604 | H37: =G37 -> 0.14210604
B38: =Def_Tech!D94 -> WASSOLAOTLDFDEC19 | C38: ='WAS RESID'!I109 -> WASSOLLDFBGA | D38: PRC_ACTFLO | F38: 2 | G38: =SUMIFS('WAS RESID'!S:S,'WAS RESID'!K:K,B38,'WAS RESID'!I:I,C38) -> 0.011413997 | H38: =G38 -> 0.011413997
B39: =Def_Tech!D95 -> WASSOLHISLDFDEC19 | C39: ='WAS RESID'!I111 -> WASSOLLDFBGA | D39: PRC_ACTFLO | F39: 2 | G39: =SUMIFS('WAS RESID'!S:S,'WAS RESID'!K:K,B39,'WAS RESID'!I:I,C39) -> 0.083894467 | H39: =G39 -> 0.083894467

Sheet GHG_IPCC
E2: CO2 | F2: CH4 | G2: N2O | H2: CO2e | N2: CO2 | O2: CH4 | P2: N2O | Q2: CO2e
D4: ~FI_T | M4: ~FI_T
B5: TechName | C5: Region | D5: Other_Indexes | E5: ="FLO_EMIS~"&"WAS"&E$2&"P" -> FLO_EMIS~WASCO2P | F5: ="FLO_EMIS~"&"WAS"&F$2&"P" -> FLO_EMIS~WASCH4P | G5: ="FLO_EMIS~"&"WAS"&G$2&"P" -> FLO_EMIS~WASN2OP | H5: ="FLO_EMIS~"&"WAS"&H$2&"P" -> FLO_EMIS~WASCO2eP | K5: TechName | L5: Region | M5: Other_Indexes | N5: ="FLO_EMIS~"&"WAS"&N$2&"P" -> FLO_EMIS~WASCO2P | O5: ="FLO_EMIS~"&"WAS"&O$2&"P" -> FLO_EMIS~WASCH4P | P5: ="FLO_EMIS~"&"WAS"&P$2&"P" -> FLO_EMIS~WASN2OP | Q5: ="FLO_EMIS~"&"WAS"&Q$2&"P" -> FLO_EMIS~WASCO2eP
B6: * | K6: *
B7: {=_xlfn.UNIQUE('WAS RESID'!K2:K93)} -> WASSOLPAPCMP19 | C7: CITY | D7: ACT | E7: =IF(_xlfn.XLOOKUP(B7,'WAS RESID'!K:K,'WAS RESID'!U:U)<0,0,(_xlfn.XLOOKUP(B7,'WAS RESID'!K:K,'WAS RESID'!U:U))) -> 0 | F7: =IF(_xlfn.XLOOKUP(B7,'WAS RESID'!K:K,'WAS RESID'!T:T)<0,0,(_xlfn.XLOOKUP(B7,'WAS RESID'!K:K,'WAS RESID'!T:T))) -> 0.59045559 | G7: =IF(_xlfn.XLOOKUP(B7,'WAS RESID'!K:K,'WAS RESID'!V:V)<0,0,(_xlfn.XLOOKUP(B7,'WAS RESID'!K:K,'WAS RESID'!V:V))) -> 0.011231423 | H7: =E7+F7*'Emission Factors Hub'!$E$8+G7*'Emission Factors Hub'!$E$9 -> 18.108354 | K7: {=_xlfn.UNIQUE('WAS RESID'!K114:K149)} -> WASSOLADGVEN19 | L7: CITY | M7: ACT | N7: =_xlfn.XLOOKUP(K7,'WAS RESID'!K:K,'WAS RESID'!V:V) -> 0 | O7: =_xlfn.XLOOKUP(K7,'WAS RESID'!K:K,'WAS RESID'!U:U) -> 17.427056 | P7: =_xlfn.XLOOKUP(K7,'WAS RESID'!K:K,'WAS RESID'!W:W) -> 0 | Q7: =N7+O7*'Emission Factors Hub'!$E$8+P7*'Emission Factors Hub'!$E$9 -> 435.67639
B8: WASSOLGLACMP19 | C8: CITY | D8: ACT | E8: =IF(_xlfn.XLOOKUP(B8,'WAS RESID'!K:K,'WAS RESID'!U:U)<0,0,(_xlfn.XLOOKUP(B8,'WAS RESID'!K:K,'WAS RESID'!U:U))) -> 0 | F8: =IF(_xlfn.XLOOKUP(B8,'WAS RESID'!K:K,'WAS RESID'!T:T)<0,0,(_xlfn.XLOOKUP(B8,'WAS RESID'!K:K,'WAS RESID'!T:T))) -> 0 | G8: =IF(_xlfn.XLOOKUP(B8,'WAS RESID'!K:K,'WAS RESID'!V:V)<0,0,(_xlfn.XLOOKUP(B8,'WAS RESID'!K:K,'WAS RESID'!V:V))) -> 0 | H8: =E8+F8*'Emission Factors Hub'!$E$8+G8*'Emission Factors Hub'!$E$9 -> 0 | K8: WASSOLADGFLA19 | L8: CITY | M8: ACT | N8: =_xlfn.XLOOKUP(K8,'WAS RESID'!K:K,'WAS RESID'!V:V) -> 0 | O8: =_xlfn.XLOOKUP(K8,'WAS RESID'!K:K,'WAS RESID'!U:U) -> 0.17427056 | P8: =_xlfn.XLOOKUP(K8,'WAS RESID'!K:K,'WAS RESID'!W:W) -> 0 | Q8: =N8+O8*'Emission Factors Hub'!$E$8+P8*'Emission Factors Hub'!$E$9 -> 4.3567639
B9: WASSOLMETCMP19 | C9: CITY | D9: ACT | E9: =IF(_xlfn.XLOOKUP(B9,'WAS RESID'!K:K,'WAS RESID'!U:U)<0,0,(_xlfn.XLOOKUP(B9,'WAS RESID'!K:K,'WAS RESID'!U:U))) -> 0 | F9: =IF(_xlfn.XLOOKUP(B9,'WAS RESID'!K:K,'WAS RESID'!T:T)<0,0,(_xlfn.XLOOKUP(B9,'WAS RESID'!K:K,'WAS RESID'!T:T))) -> 0 | G9: =IF(_xlfn.XLOOKUP(B9,'WAS RESID'!K:K,'WAS RESID'!V:V)<0,0,(_xlfn.XLOOKUP(B9,'WAS RESID'!K:K,'WAS RESID'!V:V))) -> 0.0076625933 | H9: =E9+F9*'Emission Factors Hub'!$E$8+G9*'Emission Factors Hub'!$E$9 -> 2.2834528 | K9: WASSOLADGCOG19 | L9: CITY | M9: ACT | N9: =_xlfn.XLOOKUP(K9,'WAS RESID'!K:K,'WAS RESID'!V:V) -> 0 | O9: =_xlfn.XLOOKUP(K9,'WAS RESID'!K:K,'WAS RESID'!U:U) -> 0.2178382 | P9: =_xlfn.XLOOKUP(K9,'WAS RESID'!K:K,'WAS RESID'!W:W) -> 0 | Q9: =N9+O9*'Emission Factors Hub'!$E$8+P9*'Emission Factors Hub'!$E$9 -> 5.4459549
B10: WASSOLPLACMP19 | C10: CITY | D10: ACT | E10: =IF(_xlfn.XLOOKUP(B10,'WAS RESID'!K:K,'WAS RESID'!U:U)<0,0,(_xlfn.XLOOKUP(B10,'WAS RESID'!K:K,'WAS RESID'!U:U))) -> 0 | F10: =IF(_xlfn.XLOOKUP(B10,'WAS RESID'!K:K,'WAS RESID'!T:T)<0,0,(_xlfn.XLOOKUP(B10,'WAS RESID'!K:K,'WAS RESID'!T:T))) -> 0 | G10: =IF(_xlfn.XLOOKUP(B10,'WAS RESID'!K:K,'WAS RESID'!V:V)<0,0,(_xlfn.XLOOKUP(B10,'WAS RESID'!K:K,'WAS RESID'!V:V))) -> 0.048992718 | H10: =E10+F10*'Emission Factors Hub'!$E$8+G10*'Emission Factors Hub'!$E$9 -> 14.59983 | K10: WASSOLADGPOW19 | L10: CITY | M10: ACT | N10: =_xlfn.XLOOKUP(K10,'WAS RESID'!K:K,'WAS RESID'!V:V) -> 0 | O10: =_xlfn.XLOOKUP(K10,'WAS RESID'!K:K,'WAS RESID'!U:U) -> 0.49791588 | P10: =_xlfn.XLOOKUP(K10,'WAS RESID'!K:K,'WAS RESID'!W:W) -> 0 | Q10: =N10+O10*'Emission Factors Hub'!$E$8+P10*'Emission Factors Hub'!$E$9 -> 12.447897
B11: WASSOLFOOCMP19 | C11: CITY | D11: ACT | E11: =IF(_xlfn.XLOOKUP(B11,'WAS RESID'!K:K,'WAS RESID'!U:U)<0,0,(_xlfn.XLOOKUP(B11,'WAS RESID'!K:K,'WAS RESID'!U:U))) -> 0 | F11: =IF(_xlfn.XLOOKUP(B11,'WAS RESID'!K:K,'WAS RESID'!T:T)<0,0,(_xlfn.XLOOKUP(B11,'WAS RESID'!K:K,'WAS RESID'!T:T))) -> 1.9885477 | G11: =IF(_xlfn.XLOOKUP(B11,'WAS RESID'!K:K,'WAS RESID'!V:V)<0,0,(_xlfn.XLOOKUP(B11,'WAS RESID'!K:K,'WAS RESID'!V:V))) -> 0.22987519 | H11: =E11+F11*'Emission Factors Hub'!$E$8+G11*'Emission Factors Hub'!$E$9 -> 118.2165 | K11: WASSOLADGPUR19 | L11: CITY | M11: ACT | N11: =_xlfn.XLOOKUP(K11,'WAS RESID'!K:K,'WAS RESID'!V:V) -> 0 | O11: =_xlfn.XLOOKUP(K11,'WAS RESID'!K:K,'WAS RESID'!U:U) -> 0.17427056 | P11: =_xlfn.XLOOKUP(K11,'WAS RESID'!K:K,'WAS RESID'!W:W) -> 0 | Q11: =N11+O11*'Emission Factors Hub'!$E$8+P11*'Emission Factors Hub'!$E$9 -> 4.3567639
B12: WASSOLYARCMP19 | C12: CITY | D12: ACT | E12: =IF(_xlfn.XLOOKUP(B12,'WAS RESID'!K:K,'WAS RESID'!U:U)<0,0,(_xlfn.XLOOKUP(B12,'WAS RESID'!K:K,'WAS RESID'!U:U))) -> 0 | F12: =IF(_xlfn.XLOOKUP(B12,'WAS RESID'!K:K,'WAS RESID'!T:T)<0,0,(_xlfn.XLOOKUP(B12,'WAS RESID'!K:K,'WAS RESID'!T:T))) -> 1.969548 | G12: =IF(_xlfn.XLOOKUP(B12,'WAS RESID'!K:K,'WAS RESID'!V:V)<0,0,(_xlfn.XLOOKUP(B12,'WAS RESID'!K:K,'WAS RESID'!V:V))) -> 0.2558003 | H12: =E12+F12*'Emission Factors Hub'!$E$8+G12*'Emission Factors Hub'!$E$9 -> 125.46719 | K12: WASSOLLDFVEN19 | L12: CITY | M12: ACT | N12: =_xlfn.XLOOKUP(K12,'WAS RESID'!K:K,'WAS RESID'!V:V) -> 0 | O12: =_xlfn.XLOOKUP(K12,'WAS RESID'!K:K,'WAS RESID'!U:U) -> 17.427056 | P12: =_xlfn.XLOOKUP(K12,'WAS RESID'!K:K,'WAS RESID'!W:W) -> 0 | Q12: =N12+O12*'Emission Factors Hub'!$E$8+P12*'Emission Factors Hub'!$E$9 -> 435.67639
B13: WASSOLAOTCMP19 | C13: CITY | D13: ACT | E13: =IF(_xlfn.XLOOKUP(B13,'WAS RESID'!K:K,'WAS RESID'!U:U)<0,0,(_xlfn.XLOOKUP(B13,'WAS RESID'!K:K,'WAS RESID'!U:U))) -> 0 | F13: =IF(_xlfn.XLOOKUP(B13,'WAS RESID'!K:K,'WAS RESID'!T:T)<0,0,(_xlfn.XLOOKUP(B13,'WAS RESID'!K:K,'WAS RESID'!T:T))) -> 0 | G13: =IF(_xlfn.XLOOKUP(B13,'WAS RESID'!K:K,'WAS RESID'!V:V)<0,0,(_xlfn.XLOOKUP(B13,'WAS RESID'!K:K,'WAS RESID'!V:V))) -> 0.094419339 | H13: =E13+F13*'Emission Factors Hub'!$E$8+G13*'Emission Factors Hub'!$E$9 -> 28.136963 | K13: WASSOLLDFFLA19 | L13: CITY | M13: ACT | N13: =_xlfn.XLOOKUP(K13,'WAS RESID'!K:K,'WAS RESID'!V:V) -> 0 | O13: =_xlfn.XLOOKUP(K13,'WAS RESID'!K:K,'WAS RESID'!U:U) -> 0.17427056 | P13: =_xlfn.XLOOKUP(K13,'WAS RESID'!K:K,'WAS RESID'!W:W) -> 0 | Q13: =N13+O13*'Emission Factors Hub'!$E$8+P13*'Emission Factors Hub'!$E$9 -> 4.3567639
B14: WASSOLPAPADG19 | C14: CITY | D14: ACT | E14: =IF(_xlfn.XLOOKUP(B14,'WAS RESID'!K:K,'WAS RESID'!U:U)<0,0,(_xlfn.XLOOKUP(B14,'WAS RESID'!K:K,'WAS RESID'!U:U))) -> 0 | F14: =IF(_xlfn.XLOOKUP(B14,'WAS RESID'!K:K,'WAS RESID'!T:T)<0,0,(_xlfn.XLOOKUP(B14,'WAS RESID'!K:K,'WAS RESID'!T:T))) -> 4.0822852 | G14: =IF(_xlfn.XLOOKUP(B14,'WAS RESID'!K:K,'WAS RESID'!V:V)<0,0,(_xlfn.XLOOKUP(B14,'WAS RESID'!K:K,'WAS RESID'!V:V))) -> 0.048656387 | H14: =E14+F14*'Emission Factors Hub'!$E$8+G14*'Emission Factors Hub'!$E$9 -> 116.55673 | K14: WASSOLLDFCOG19 | L14: CITY | M14: ACT | N14: =_xlfn.XLOOKUP(K14,'WAS RESID'!K:K,'WAS RESID'!V:V) -> 0 | O14: =_xlfn.XLOOKUP(K14,'WAS RESID'!K:K,'WAS RESID'!U:U) -> 0.2178382 | P14: =_xlfn.XLOOKUP(K14,'WAS RESID'!K:K,'WAS RESID'!W:W) -> 0 | Q14: =N14+O14*'Emission Factors Hub'!$E$8+P14*'Emission Factors Hub'!$E$9 -> 5.4459549
B15: WASSOLGLAADG19 | C15: CITY | D15: ACT | E15: =IF(_xlfn.XLOOKUP(B15,'WAS RESID'!K:K,'WAS RESID'!U:U)<0,0,(_xlfn.XLOOKUP(B15,'WAS RESID'!K:K,'WAS RESID'!U:U))) -> 0 | F15: =IF(_xlfn.XLOOKUP(B15,'WAS RESID'!K:K,'WAS RESID'!T:T)<0,0,(_xlfn.XLOOKUP(B15,'WAS RESID'!K:K,'WAS RESID'!T:T))) -> 0 | G15: =IF(_xlfn.XLOOKUP(B15,'WAS RESID'!K:K,'WAS RESID'!V:V)<0,0,(_xlfn.XLOOKUP(B15,'WAS RESID'!K:K,'WAS RESID'!V:V))) -> 0 | H15: =E15+F15*'Emission Factors Hub'!$E$8+G15*'Emission Factors Hub'!$E$9 -> 0 | K15: WASSOLLDFPOW19 | L15: CITY | M15: ACT | N15: =_xlfn.XLOOKUP(K15,'WAS RESID'!K:K,'WAS RESID'!V:V) -> 0 | O15: =_xlfn.XLOOKUP(K15,'WAS RESID'!K:K,'WAS RESID'!U:U) -> 0.49791588 | P15: =_xlfn.XLOOKUP(K15,'WAS RESID'!K:K,'WAS RESID'!W:W) -> 0 | Q15: =N15+O15*'Emission Factors Hub'!$E$8+P15*'Emission Factors Hub'!$E$9 -> 12.447897
B16: WASSOLMETADG19 | C16: CITY | D16: ACT | E16: =IF(_xlfn.XLOOKUP(B16,'WAS RESID'!K:K,'WAS RESID'!U:U)<0,0,(_xlfn.XLOOKUP(B16,'WAS RESID'!K:K,'WAS RESID'!U:U))) -> 0 | F16: =IF(_xlfn.XLOOKUP(B16,'WAS RESID'!K:K,'WAS RESID'!T:T)<0,0,(_xlfn.XLOOKUP(B16,'WAS RESID'!K:K,'WAS RESID'!T:T))) -> 0 | G16: =IF(_xlfn.XLOOKUP(B16,'WAS RESID'!K:K,'WAS RESID'!V:V)<0,0,(_xlfn.XLOOKUP(B16,'WAS RESID'!K:K,'WAS RESID'!V:V))) -> 0 | H16: =E16+F16*'Emission Factors Hub'!$E$8+G16*'Emission Factors Hub'!$E$9 -> 0 | K16: WASSOLLDFPUR19 | L16: CITY | M16: ACT | N16: =_xlfn.XLOOKUP(K16,'WAS RESID'!K:K,'WAS RESID'!V:V) -> 0 | O16: =_xlfn.XLOOKUP(K16,'WAS RESID'!K:K,'WAS RESID'!U:U) -> 0.17427056 | P16: =_xlfn.XLOOKUP(K16,'WAS RESID'!K:K,'WAS RESID'!W:W) -> 0 | Q16: =N16+O16*'Emission Factors Hub'!$E$8+P16*'Emission Factors Hub'!$E$9 -> 4.3567639
B17: WASSOLPLAADG19 | C17: CITY | D17: ACT | E17: =IF(_xlfn.XLOOKUP(B17,'WAS RESID'!K:K,'WAS RESID'!U:U)<0,0,(_xlfn.XLOOKUP(B17,'WAS RESID'!K:K,'WAS RESID'!U:U))) -> 0 | F17: =IF(_xlfn.XLOOKUP(B17,'WAS RESID'!K:K,'WAS RESID'!T:T)<0,0,(_xlfn.XLOOKUP(B17,'WAS RESID'!K:K,'WAS RESID'!T:T))) -> 0 | G17: =IF(_xlfn.XLOOKUP(B17,'WAS RESID'!K:K,'WAS RESID'!V:V)<0,0,(_xlfn.XLOOKUP(B17,'WAS RESID'!K:K,'WAS RESID'!V:V))) -> 0 | H17: =E17+F17*'Emission Factors Hub'!$E$8+G17*'Emission Factors Hub'!$E$9 -> 0 | K17: WASWATWADVEN19 | L17: CITY | M17: ACT | N17: =_xlfn.XLOOKUP(K17,'WAS RESID'!K:K,'WAS RESID'!V:V) -> 0 | O17: =_xlfn.XLOOKUP(K17,'WAS RESID'!K:K,'WAS RESID'!U:U) -> 17.427056 | P17: =_xlfn.XLOOKUP(K17,'WAS RESID'!K:K,'WAS RESID'!W:W) -> 0 | Q17: =N17+O17*'Emission Factors Hub'!$E$8+P17*'Emission Factors Hub'!$E$9 -> 435.67639
B18: WASSOLFOOADG19 | C18: CITY | D18: ACT | E18: =IF(_xlfn.XLOOKUP(B18,'WAS RESID'!K:K,'WAS RESID'!U:U)<0,0,(_xlfn.XLOOKUP(B18,'WAS RESID'!K:K,'WAS RESID'!U:U))) -> 0 | F18: =IF(_xlfn.XLOOKUP(B18,'WAS RESID'!K:K,'WAS RESID'!T:T)<0,0,(_xlfn.XLOOKUP(B18,'WAS RESID'!K:K,'WAS RESID'!T:T))) -> 3.9766619 | G18: =IF(_xlfn.XLOOKUP(B18,'WAS RESID'!K:K,'WAS RESID'!V:V)<0,0,(_xlfn.XLOOKUP(B18,'WAS RESID'!K:K,'WAS RESID'!V:V))) -> 0.53538242 | H18: =E18+F18*'Emission Factors Hub'!$E$8+G18*'Emission Factors Hub'!$E$9 -> 258.96051 | K18: WASWATWADFLA19 | L18: CITY | M18: ACT | N18: =_xlfn.XLOOKUP(K18,'WAS RESID'!K:K,'WAS RESID'!V:V) -> 0 | O18: =_xlfn.XLOOKUP(K18,'WAS RESID'!K:K,'WAS RESID'!U:U) -> 0.17427056 | P18: =_xlfn.XLOOKUP(K18,'WAS RESID'!K:K,'WAS RESID'!W:W) -> 0 | Q18: =N18+O18*'Emission Factors Hub'!$E$8+P18*'Emission Factors Hub'!$E$9 -> 4.3567639
B19: WASSOLYARADG19 | C19: CITY | D19: ACT | E19: =IF(_xlfn.XLOOKUP(B19,'WAS RESID'!K:K,'WAS RESID'!U:U)<0,0,(_xlfn.XLOOKUP(B19,'WAS RESID'!K:K,'WAS RESID'!U:U))) -> 0 | F19: =IF(_xlfn.XLOOKUP(B19,'WAS RESID'!K:K,'WAS RESID'!T:T)<0,0,(_xlfn.XLOOKUP(B19,'WAS RESID'!K:K,'WAS RESID'!T:T))) -> 3.1453229 | G19: =IF(_xlfn.XLOOKUP(B19,'WAS RESID'!K:K,'WAS RESID'!V:V)<0,0,(_xlfn.XLOOKUP(B19,'WAS RESID'!K:K,'WAS RESID'!V:V))) -> 0.23841367 | H19: =E19+F19*'Emission Factors Hub'!$E$8+G19*'Emission Factors Hub'!$E$9 -> 149.68035 | K19: WASWATWADCOG19 | L19: CITY | M19: ACT | N19: =_xlfn.XLOOKUP(K19,'WAS RESID'!K:K,'WAS RESID'!V:V) -> 0 | O19: =_xlfn.XLOOKUP(K19,'WAS RESID'!K:K,'WAS RESID'!U:U) -> 0.2178382 | P19: =_xlfn.XLOOKUP(K19,'WAS RESID'!K:K,'WAS RESID'!W:W) -> 0 | Q19: =N19+O19*'Emission Factors Hub'!$E$8+P19*'Emission Factors Hub'!$E$9 -> 5.4459549
... B26: WASSOLYARINC19 | C26: CITY | D26: ACT | E26: =IF(_xlfn.XLOOKUP(B26,'WAS RESID'!K:K,'WAS RESID'!U:U)<0,0,(_xlfn.XLOOKUP(B26,'WAS RESID'!K:K,'WAS RESID'!U:U))) -> 23.967659 | F26: =IF(_xlfn.XLOOKUP(B26,'WAS RESID'!K:K,'WAS RESID'!T:T)<0,0,(_xlfn.XLOOKUP(B26,'WAS RESID'!K:K,'WAS RESID'!T:T))) -> 0.0093531684 | G26: =IF(_xlfn.XLOOKUP(B26,'WAS RESID'!K:K,'WAS RESID'!V:V)<0,0,(_xlfn.XLOOKUP(B26,'WAS RESID'!K:K,'WAS RESID'!V:V))) -> 0.0080998576 | H26: =E26+F26*'Emission Factors Hub'!$E$8+G26*'Emission Factors Hub'!$E$9 -> 26.615246 | K26: WASWATWANPUR19 | L26: CITY | M26: ACT | N26: =_xlfn.XLOOKUP(K26,'WAS RESID'!K:K,'WAS RESID'!V:V) -> 0 | O26: =_xlfn.XLOOKUP(K26,'WAS RESID'!K:K,'WAS RESID'!U:U) -> 0.17427056 | P26: =_xlfn.XLOOKUP(K26,'WAS RESID'!K:K,'WAS RESID'!W:W) -> 0 | Q26: =N26+O26*'Emission Factors Hub'!$E$8+P26*'Emission Factors Hub'!$E$9 -> 4.3567639
B27: WASSOLAOTINC19 | C27: CITY | D27: ACT | E27: =IF(_xlfn.XLOOKUP(B27,'WAS RESID'!K:K,'WAS RESID'!U:U)<0,0,(_xlfn.XLOOKUP(B27,'WAS RESID'!K:K,'WAS RESID'!U:U))) -> 94.605252 | F27: =IF(_xlfn.XLOOKUP(B27,'WAS RESID'!K:K,'WAS RESID'!T:T)<0,0,(_xlfn.XLOOKUP(B27,'WAS RESID'!K:K,'WAS RESID'!T:T))) -> 0.010833832 | G27: =IF(_xlfn.XLOOKUP(B27,'WAS RESID'!K:K,'WAS RESID'!V:V)<0,0,(_xlfn.XLOOKUP(B27,'WAS RESID'!K:K,'WAS RESID'!V:V))) -> 0.012903947 | H27: =E27+F27*'Emission Factors Hub'!$E$8+G27*'Emission Factors Hub'!$E$9 -> 98.721474
B28: WASSOLPAPLDF19 | C28: CITY | D28: ACT | E28: =IF(_xlfn.XLOOKUP(B28,'WAS RESID'!K:K,'WAS RESID'!U:U)<0,0,(_xlfn.XLOOKUP(B28,'WAS RESID'!K:K,'WAS RESID'!U:U))) -> 0 | F28: =IF(_xlfn.XLOOKUP(B28,'WAS RESID'!K:K,'WAS RESID'!T:T)<0,0,(_xlfn.XLOOKUP(B28,'WAS RESID'!K:K,'WAS RESID'!T:T))) -> 0 | G28: =IF(_xlfn.XLOOKUP(B28,'WAS RESID'!K:K,'WAS RESID'!V:V)<0,0,(_xlfn.XLOOKUP(B28,'WAS RESID'!K:K,'WAS RESID'!V:V))) -> 4.2025429e-05 | H28: =E28+F28*'Emission Factors Hub'!$E$8+G28*'Emission Factors Hub'!$E$9 -> 0.012523578
B29: WASSOLGLALDF19 | C29: CITY | D29: ACT | E29: =IF(_xlfn.XLOOKUP(B29,'WAS RESID'!K:K,'WAS RESID'!U:U)<0,0,(_xlfn.XLOOKUP(B29,'WAS RESID'!K:K,'WAS RESID'!U:U))) -> 0 | F29: =IF(_xlfn.XLOOKUP(B29,'WAS RESID'!K:K,'WAS RESID'!T:T)<0,0,(_xlfn.XLOOKUP(B29,'WAS RESID'!K:K,'WAS RESID'!T:T))) -> 0 | G29: =IF(_xlfn.XLOOKUP(B29,'WAS RESID'!K:K,'WAS RESID'!V:V)<0,0,(_xlfn.XLOOKUP(B29,'WAS RESID'!K:K,'WAS RESID'!V:V))) -> 4.2025429e-05 | H29: =E29+F29*'Emission Factors Hub'!$E$8+G29*'Emission Factors Hub'!$E$9 -> 0.012523578
B30: WASSOLMETLDF19 | C30: CITY | D30: ACT | E30: =IF(_xlfn.XLOOKUP(B30,'WAS RESID'!K:K,'WAS RESID'!U:U)<0,0,(_xlfn.XLOOKUP(B30,'WAS RESID'!K:K,'WAS RESID'!U:U))) -> 0 | F30: =IF(_xlfn.XLOOKUP(B30,'WAS RESID'!K:K,'WAS RESID'!T:T)<0,0,(_xlfn.XLOOKUP(B30,'WAS RESID'!K:K,'WAS RESID'!T:T))) -> 0 | G30: =IF(_xlfn.XLOOKUP(B30,'WAS RESID'!K:K,'WAS RESID'!V:V)<0,0,(_xlfn.XLOOKUP(B30,'WAS RESID'!K:K,'WAS RESID'!V:V))) -> 4.2025429e-05 | H30: =E30+F30*'Emission Factors Hub'!$E$8+G30*'Emission Factors Hub'!$E$9 -> 0.012523578
B31: WASSOLPLALDF19 | C31: CITY | D31: ACT | E31: =IF(_xlfn.XLOOKUP(B31,'WAS RESID'!K:K,'WAS RESID'!U:U)<0,0,(_xlfn.XLOOKUP(B31,'WAS RESID'!K:K,'WAS RESID'!U:U))) -> 0 | F31: =IF(_xlfn.XLOOKUP(B31,'WAS RESID'!K:K,'WAS RESID'!T:T)<0,0,(_xlfn.XLOOKUP(B31,'WAS RESID'!K:K,'WAS RESID'!T:T))) -> 0 | G31: =IF(_xlfn.XLOOKUP(B31,'WAS RESID'!K:K,'WAS RESID'!V:V)<0,0,(_xlfn.XLOOKUP(B31,'WAS RESID'!K:K,'WAS RESID'!V:V))) -> 4.2025429e-05 | H31: =E31+F31*'Emission Factors Hub'!$E$8+G31*'Emission Factors Hub'!$E$9 -> 0.012523578
B32: WASSOLFOOLDF19 | C32: CITY | D32: ACT | E32: =IF(_xlfn.XLOOKUP(B32,'WAS RESID'!K:K,'WAS RESID'!U:U)<0,0,(_xlfn.XLOOKUP(B32,'WAS RESID'!K:K,'WAS RESID'!U:U))) -> 0 | F32: =IF(_xlfn.XLOOKUP(B32,'WAS RESID'!K:K,'WAS RESID'!T:T)<0,0,(_xlfn.XLOOKUP(B32,'WAS RESID'!K:K,'WAS RESID'!T:T))) -> 0 | G32: =IF(_xlfn.XLOOKUP(B32,'WAS RESID'!K:K,'WAS RESID'!V:V)<0,0,(_xlfn.XLOOKUP(B32,'WAS RESID'!K:K,'WAS RESID'!V:V))) -> 0.00010544145 | H32: =E32+F32*'Emission Factors Hub'!$E$8+G32*'Emission Factors Hub'!$E$9 -> 0.031421553
B33: WASSOLYARLDF19 | C33: CITY | D33: ACT | E33: =IF(_xlfn.XLOOKUP(B33,'WAS RESID'!K:K,'WAS RESID'!U:U)<0,0,(_xlfn.XLOOKUP(B33,'WAS RESID'!K:K,'WAS RESID'!U:U))) -> 0 | F33: =IF(_xlfn.XLOOKUP(B33,'WAS RESID'!K:K,'WAS RESID'!T:T)<0,0,(_xlfn.XLOOKUP(B33,'WAS RESID'!K:K,'WAS RESID'!T:T))) -> 0 | G33: =IF(_xlfn.XLOOKUP(B33,'WAS RESID'!K:K,'WAS RESID'!V:V)<0,0,(_xlfn.XLOOKUP(B33,'WAS RESID'!K:K,'WAS RESID'!V:V))) -> 0.00011362262 | H33: =E33+F33*'Emission Factors Hub'!$E$8+G33*'Emission Factors Hub'!$E$9 -> 0.033859542
B34: WASSOLAOTLDF19 | C34: CITY | D34: ACT | E34: =IF(_xlfn.XLOOKUP(B34,'WAS RESID'!K:K,'WAS RESID'!U:U)<0,0,(_xlfn.XLOOKUP(B34,'WAS RESID'!K:K,'WAS RESID'!U:U))) -> 0 | F34: =IF(_xlfn.XLOOKUP(B34,'WAS RESID'!K:K,'WAS RESID'!T:T)<0,0,(_xlfn.XLOOKUP(B34,'WAS RESID'!K:K,'WAS RESID'!T:T))) -> 0 | G34: =IF(_xlfn.XLOOKUP(B34,'WAS RESID'!K:K,'WAS RESID'!V:V)<0,0,(_xlfn.XLOOKUP(B34,'WAS RESID'!K:K,'WAS RESID'!V:V))) -> 0.00049064861 | H34: =E34+F34*'Emission Factors Hub'!$E$8+G34*'Emission Factors Hub'!$E$9 -> 0.14621328
B35: WASSOLPAPREC19 | C35: CITY | D35: ACT | E35: =IF(_xlfn.XLOOKUP(B35,'WAS RESID'!K:K,'WAS RESID'!U:U)<0,0,(_xlfn.XLOOKUP(B35,'WAS RESID'!K:K,'WAS RESID'!U:U))) -> 0 | F35: =IF(_xlfn.XLOOKUP(B35,'WAS RESID'!K:K,'WAS RESID'!T:T)<0,0,(_xlfn.XLOOKUP(B35,'WAS RESID'!K:K,'WAS RESID'!T:T))) -> 0 | G35: =IF(_xlfn.XLOOKUP(B35,'WAS RESID'!K:K,'WAS RESID'!V:V)<0,0,(_xlfn.XLOOKUP(B35,'WAS RESID'!K:K,'WAS RESID'!V:V))) -> 0 | H35: =E35+F35*'Emission Factors Hub'!$E$8+G35*'Emission Factors Hub'!$E$9 -> 0
B36: WASSOLGLAREC19 | C36: CITY | D36: ACT | E36: =IF(_xlfn.XLOOKUP(B36,'WAS RESID'!K:K,'WAS RESID'!U:U)<0,0,(_xlfn.XLOOKUP(B36,'WAS RESID'!K:K,'WAS RESID'!U:U))) -> 0 | F36: =IF(_xlfn.XLOOKUP(B36,'WAS RESID'!K:K,'WAS RESID'!T:T)<0,0,(_xlfn.XLOOKUP(B36,'WAS RESID'!K:K,'WAS RESID'!T:T))) -> 0 | G36: =IF(_xlfn.XLOOKUP(B36,'WAS RESID'!K:K,'WAS RESID'!V:V)<0,0,(_xlfn.XLOOKUP(B36,'WAS RESID'!K:K,'WAS RESID'!V:V))) -> 0 | H36: =E36+F36*'Emission Factors Hub'!$E$8+G36*'Emission Factors Hub'!$E$9 -> 0
B37: WASSOLMETREC19 | C37: CITY | D37: ACT | E37: =IF(_xlfn.XLOOKUP(B37,'WAS RESID'!K:K,'WAS RESID'!U:U)<0,0,(_xlfn.XLOOKUP(B37,'WAS RESID'!K:K,'WAS RESID'!U:U))) -> 0 | F37: =IF(_xlfn.XLOOKUP(B37,'WAS RESID'!K:K,'WAS RESID'!T:T)<0,0,(_xlfn.XLOOKUP(B37,'WAS RESID'!K:K,'WAS RESID'!T:T))) -> 0 | G37: =IF(_xlfn.XLOOKUP(B37,'WAS RESID'!K:K,'WAS RESID'!V:V)<0,0,(_xlfn.XLOOKUP(B37,'WAS RESID'!K:K,'WAS RESID'!V:V))) -> 0 | H37: =E37+F37*'Emission Factors Hub'!$E$8+G37*'Emission Factors Hub'!$E$9 -> 0
B38: WASSOLPLAREC19 | C38: CITY | D38: ACT | E38: =IF(_xlfn.XLOOKUP(B38,'WAS RESID'!K:K,'WAS RESID'!U:U)<0,0,(_xlfn.XLOOKUP(B38,'WAS RESID'!K:K,'WAS RESID'!U:U))) -> 0 | F38: =IF(_xlfn.XLOOKUP(B38,'WAS RESID'!K:K,'WAS RESID'!T:T)<0,0,(_xlfn.XLOOKUP(B38,'WAS RESID'!K:K,'WAS RESID'!T:T))) -> 0 | G38: =IF(_xlfn.XLOOKUP(B38,'WAS RESID'!K:K,'WAS RESID'!V:V)<0,0,(_xlfn.XLOOKUP(B38,'WAS RESID'!K:K,'WAS RESID'!V:V))) -> 0 | H38: =E38+F38*'Emission Factors Hub'!$E$8+G38*'Emission Factors Hub'!$E$9 -> 0
... B46: WASWATTRTWAN19 | C46: CITY | D46: ACT | E46: =IF(_xlfn.XLOOKUP(B46,'WAS RESID'!K:K,'WAS RESID'!U:U)<0,0,(_xlfn.XLOOKUP(B46,'WAS RESID'!K:K,'WAS RESID'!U:U))) -> 0 | F46: =IF(_xlfn.XLOOKUP(B46,'WAS RESID'!K:K,'WAS RESID'!T:T)<0,0,(_xlfn.XLOOKUP(B46,'WAS RESID'!K:K,'WAS RESID'!T:T))) -> 0 | G46: =IF(_xlfn.XLOOKUP(B46,'WAS RESID'!K:K,'WAS RESID'!V:V)<0,0,(_xlfn.XLOOKUP(B46,'WAS RESID'!K:K,'WAS RESID'!V:V))) -> 0.060746946 | H46: =E46+F46*'Emission Factors Hub'!$E$8+G46*'Emission Factors Hub'!$E$9 -> 18.10259

Sheet >> Parameters

Sheet Emission Factors Hub
B2: Emission Factors for Greenhouse Gas Inventories
F3: Last Modified: 1 April 2022
C4: Red text indicates an update from the 2021 version of this document.
C5: Typically, greenhouse gas emissions are reported in units of carbon dioxide equivalent (CO2e). Gases are converted to CO2e by multiplying by their global warming potential (GWP). The emission factors listed in this document have not been converted to CO2e. To do so, multiply the emissions by the corresponding GWP listed in the table below.
D7: Gas | E7: 100-Year GWP
D8: CH4 | E8: 25
D9: N2O | E9: 298
D10: Source: Intergovernmental Panel on Climate Change (IPCC), Fourth Assessment Report (AR4), 2007. See the source note to Table 11 for further explanation.
B12: Table 1 | C12: Stationary Combustion
C14: *Fuel Type | D14: Heat Content (HHV) | E14: CO2 Factor | F14: CH4 Factor | G14: N2O Factor | H14: CO2 Factor | I14: CH4 Factor | J14: N2O Factor
C15: * | D15: mmBtu per short ton | E15: kg CO2 per mmBtu | F15: g CH4 per mmBtu | G15: g N2O per mmBtu | H15: kg CO2 per short ton | I15: g CH4 per short ton | J15: g N2O per short ton
C16: *Coal and Coke
C17: Anthracite Coal | D17: 25.09 | E17: 103.69 | F17: 11 | G17: 1.6 | H17: 2602 | I17: 276 | J17: 40
C18: Bituminous Coal | D18: 24.93 | E18: 93.28 | F18: 11 | G18: 1.6 | H18: 2325 | I18: 274 | J18: 40
C19: Sub-bituminous Coal | D19: 17.25 | E19: 97.17 | F19: 11 | G19: 1.6 | H19: 1676 | I19: 190 | J19: 28
C20: Lignite Coal | D20: 14.21 | E20: 97.72 | F20: 11 | G20: 1.6 | H20: 1389 | I20: 156 | J20: 23
C21: Mixed (Commercial Sector) | D21: 21.39 | E21: 94.27 | F21: 11 | G21: 1.6 | H21: 2016 | I21: 235 | J21: 34
C22: Mixed (Electric Power Sector) | D22: 19.73 | E22: 95.52 | F22: 11 | G22: 1.6 | H22: 1885 | I22: 217 | J22: 32
C23: Mixed (Industrial Coking) | D23: 26.28 | E23: 93.9 | F23: 11 | G23: 1.6 | H23: 2468 | I23: 289 | J23: 42
C24: Mixed (Industrial Sector) | D24: 22.35 | E24: 94.67 | F24: 11 | G24: 1.6 | H24: 2116 | I24: 246 | J24: 36
C25: Coal Coke | D25: 24.8 | E25: 113.67 | F25: 11 | G25: 1.6 | H25: 2819 | I25: 273 | J25: 40
C26: *Other Fuels - Solid
C27: Municipal Solid Waste | D27: 9.95 | E27: 90.7 | F27: 32 | G27: 4.2 | H27: 902 | I27: 318 | J27: 42
C28: Petroleum Coke (Solid) | D28: 30 | E28: 102.41 | F28: 32 | G28: 4.2 | H28: 3072 | I28: 960 | J28: 126
C29: Plastics | D29: 38 | E29: 75 | F29: 32 | G29: 4.2 | H29: 2850 | I29: 1216 | J29: 160
C30: Tires | D30: 28 | E30: 85.97 | F30: 32 | G30: 4.2 | H30: 2407 | I30: 896 | J30: 118
C31: *Biomass Fuels - Solid
C32: Agricultural Byproducts | D32: 8.25 | E32: 118.17 | F32: 32 | G32: 4.2 | H32: 975 | I32: 264 | J32: 35
C33: Peat | D33: 8 | E33: 111.84 | F33: 32 | G33: 4.2 | H33: 895 | I33: 256 | J33: 34
C34: Solid Byproducts | D34: 10.39 | E34: 105.51 | F34: 32 | G34: 4.2 | H34: 1096 | I34: 332 | J34: 44
C35: Wood and Wood Residuals | D35: 17.48 | E35: 93.8 | F35: 7.2 | G35: 3.6 | H35: 1640 | I35: 126 | J35: 63
C36: * | D36: mmBtu per scf | E36: kg CO2 per mmBtu | F36: g CH4 per mmBtu | G36: g N2O per mmBtu | H36: kg CO2 per scf | I36: g CH4 per scf | J36: g N2O per scf
C37: *Natural Gas
C38: Natural Gas | D38: 0.001026 | E38: 53.06 | F38: 1 | G38: 0.1 | H38: 0.05444 | I38: 0.00103 | J38: 0.0001
C39: *Other Fuels - Gaseous
C40: Blast Furnace Gas | D40: 9.2e-05 | E40: 274.32 | F40: 0.022 | G40: 0.1 | H40: 0.02524 | I40: 2e-06 | J40: 9e-06
C41: Coke Oven Gas | D41: 0.000599 | E41: 46.85 | F41: 0.48 | G41: 0.1 | H41: 0.02806 | I41: 0.000288 | J41: 6e-05
C42: Fuel Gas | D42: 0.001388 | E42: 59 | F42: 3 | G42: 0.6 | H42: 0.08189 | I42: 0.004164 | J42: 0.000833
C43: Propane Gas | D43: 0.002516 | E43: 61.46 | F43: 3 | G43: 0.6 | H43: 0.15463 | I43: 0.007548 | J43: 0.00151
C44: *Biomass Fuels - Gaseous
C45: Landfill Gas | D45: 0.000485 | E45: 52.07 | F45: 3.2 | G45: 0.63 | H45: 0.025254 | I45: 0.001552 | J45: 0.000306
C46: Other Biomass Gases | D46: 0.000655 | E46: 52.07 | F46: 3.2 | G46: 0.63 | H46: 0.034106 | I46: 0.002096 | J46: 0.000413
C47: * | D47: mmBtu per gallon | E47: kg CO2 per mmBtu | F47: g CH4 per mmBtu | G47: g N2O per mmBtu | H47: kg CO2 per gallon | I47: g CH4 per gallon | J47: g N2O per gallon
C48: *Petroleum Products
C49: Asphalt and Road Oil | D49: 0.158 | E49: 75.36 | F49: 3 | G49: 0.6 | H49: 11.91 | I49: 0.47 | J49: 0.09
C50: Aviation Gasoline | D50: 0.12 | E50: 69.25 | F50: 3 | G50: 0.6 | H50: 8.31 | I50: 0.36 | J50: 0.07
C51: Butane | D51: 0.103 | E51: 64.77 | F51: 3 | G51: 0.6 | H51: 6.67 | I51: 0.31 | J51: 0.06
C52: Butylene | D52: 0.105 | E52: 68.72 | F52: 3 | G52: 0.6 | H52: 7.22 | I52: 0.32 | J52: 0.06
C53: Crude Oil | D53: 0.138 | E53: 74.54 | F53: 3 | G53: 0.6 | H53: 10.29 | I53: 0.41 | J53: 0.08
C54: Distillate Fuel Oil No. 1 | D54: 0.139 | E54: 73.25 | F54: 3 | G54: 0.6 | H54: 10.18 | I54: 0.42 | J54: 0.08
C55: Distillate Fuel Oil No. 2 | D55: 0.138 | E55: 73.96 | F55: 3 | G55: 0.6 | H55: 10.21 | I55: 0.41 | J55: 0.08
C56: Distillate Fuel Oil No. 4 | D56: 0.146 | E56: 75.04 | F56: 3 | G56: 0.6 | H56: 10.96 | I56: 0.44 | J56: 0.09
C57: Ethane | D57: 0.068 | E57: 59.6 | F57: 3 | G57: 0.6 | H57: 4.05 | I57: 0.2 | J57: 0.04
C58: Ethylene | D58: 0.058 | E58: 65.96 | F58: 3 | G58: 0.6 | H58: 3.83 | I58: 0.17 | J58: 0.03
C59: Heavy Gas Oils | D59: 0.148 | E59: 74.92 | F59: 3 | G59: 0.6 | H59: 11.09 | I59: 0.44 | J59: 0.09
C60: Isobutane | D60: 0.099 | E60: 64.94 | F60: 3 | G60: 0.6 | H60: 6.43 | I60: 0.3 | J60: 0.06
... C78: Used Oil | D78: 0.138 | E78: 74 | F78: 3 | G78: 0.6 | H78: 10.21 | I78: 0.41 | J78: 0.08
C79: *Biomass Fuels - Liquid
C80: Biodiesel (100%) | D80: 0.128 | E80: 73.84 | F80: 1.1 | G80: 0.11 | H80: 9.45 | I80: 0.14 | J80: 0.01
C81: Ethanol (100%) | D81: 0.084 | E81: 68.44 | F81: 1.1 | G81: 0.11 | H81: 5.75 | I81: 0.09 | J81: 0.01
C82: Rendered Animal Fat | D82: 0.125 | E82: 71.06 | F82: 1.1 | G82: 0.11 | H82: 8.88 | I82: 0.14 | J82: 0.01
C83: Vegetable Oil | D83: 0.12 | E83: 81.55 | F83: 1.1 | G83: 0.11 | H83: 9.79 | I83: 0.13 | J83: 0.01
C84: *Biomass Fuels - Kraft Pulping Liquor, by Wood Furnish
C85: North American Softwood | E85: 94.4 | F85: 1.9 | G85: 0.42
C86: North American Hardwood | E86: 93.7 | F86: 1.9 | G86: 0.42
C87: Bagasse | E87: 95.5 | F87: 1.9 | G87: 0.42
C88: Bamboo | E88: 93.7 | F88: 1.9 | G88: 0.42
C89: Straw | E89: 95.1 | F89: 1.9 | G89: 0.42
C90: Source:
C91: Federal Register EPA; 40 CFR Part 98; e-CFR, (see link below). Table C-1, Table C-2 (as amended at 81 FR 89252, Dec. 9, 2016), Table AA-1 (78 FR 71965, Nov. 29, 2013).
C92: https://www.ecfr.gov/cgi-bin/text-idx?SID=ae265d7d6f98ec86fcd8640b9793a3f6&mc=true&node=pt40.23.98&rgn=div5#ap40.23.98_19.1
C93: Note: Emission factors are per unit of heat content using higher heating values (HHV). If heat content is available from the fuel supplier, it is preferable to use that value. If not, default heat contents are provided.
B95: Table 2 | C95: Mobile Combustion CO2
C97: Fuel Type | D97: kg CO2 per unit | E97: Unit
C98: Aviation Gasoline | D98: 8.31 | E98: gallon
C99: Biodiesel (100%) | D99: 9.45 | E99: gallon
C100: Compressed Natural Gas (CNG) | D100: 0.05444 | E100: scf
C101: Diesel Fuel | D101: 10.21 | E101: gallon
C102: Ethanol (100%) | D102: 5.75 | E102: gallon
C103: Kerosene-Type Jet Fuel | D103: 9.75 | E103: gallon
C104: Liquefied Natural Gas (LNG) | D104: 4.5 | E104: gallon
C105: Liquefied Petroleum Gases (LPG) | D105: 5.68 | E105: gallon
C106: Motor Gasoline | D106: 8.78 | E106: gallon
C107: Residual Fuel Oil | D107: 11.27 | E107: gallon
C108: Source:
C109: Federal Register EPA; 40 CFR Part 98; e-CFR, (see link below). Table C-1 (as amended at 81 FR 89252, Dec. 9, 2016).
C110: https://www.ecfr.gov/cgi-bin/text-idx?SID=ae265d7d6f98ec86fcd8640b9793a3f6&mc=true&node=pt40.23.98&rgn=div5#ap40.23.98_19.1
C111: LNG: The factor was developed based on the CO2 factor for Natural Gas factor and LNG fuel density from GREET1_2021.xlsx Model, Argonne National Laboratory (Fuel_Specs worksheet).
B113: Table 3 | C113: Mobile Combustion CH4 and N2O for On-Road Gasoline Vehicles
C115: Vehicle Type | D115: Year | E115: CH4 Factor (g / mile) | F115: N2O Factor (g / mile)
C116: Gasoline Passenger Cars | D116: 1973-1974 | E116: 0.1696 | F116: 0.0197
D117: 1975 | E117: 0.1423 | F117: 0.0443
D118: 1976-1977 | E118: 0.1406 | F118: 0.0458
D119: 1978-1979 | E119: 0.1389 | F119: 0.0473
D120: 1980 | E120: 0.1326 | F120: 0.0499
D121: 1981 | E121: 0.0802 | F121: 0.0626
D122: 1982 | E122: 0.0795 | F122: 0.0627
D123: 1983 | E123: 0.0782 | F123: 0.063
D124: 1984-1993 | E124: 0.0704 | F124: 0.0647
D125: 1994 | E125: 0.0617 | F125: 0.0603
...
