Workbook
Name _.DMD.: #REF!
Name _.DMD._2: #REF!
Name ____W.O.R.K.B.O.O.K..C.O.N.T.E.N.T.S____: #REF!
Name Cars_12: #REF!
Name Cars_12_2: #REF!
Name COUNTRY_WT_VERT: #REF!
Name CRF_4_KP__Doc: #REF!
Name CRF_4_KP__Main: #REF!
Name CRF_4_KP_I_A.1.1_Doc: #REF!
Name CRF_4_KP_I_A.1.1_Main: #REF!
Name CRF_4_KP_I_A.1_Doc: #REF!
Name CRF_4_KP_I_A.1_Main: #REF!
Name CRF_4_KP_I_A.2.1_Doc: #REF!
Name CRF_4_KP_I_A.2.1_Main: #REF!
Name CRF_4_KP_I_A.2_Doc: #REF!
Name CRF_4_KP_I_A.2_Main1: #REF!
Name CRF_4_KP_I_A.2_Main2: #REF!
Name CRF_4_KP_I_B.1.1_Doc: #REF!
Name CRF_4_KP_I_B.1.1_Main: #REF!
Name CRF_4_KP_I_B.1.2_Doc: #REF!
Name CRF_4_KP_I_B.1.2_Main: #REF!
Name CRF_4_KP_I_B.1.3_Doc: #REF!
Name CRF_4_KP_I_B.1.3_Main: #REF!
Name CRF_4_KP_I_B.1_Doc: #REF!
Name CRF_4_KP_I_B.1_Main: #REF!
Name CRF_4_KP_I_B.2_Doc: #REF!
Name CRF_4_KP_I_B.2_Main: #REF!
Name CRF_4_KP_I_B.3_Doc: #REF!
Name CRF_4_KP_I_B.3_Main: #REF!
Name CRF_4_KP_I_B.4_Doc: #REF!
Name CRF_4_KP_I_B.4_Main: #REF!
Name CRF_4_KP_I_B.5_Doc: #REF!
Name CRF_4_KP_I_B.5_Main: #REF!
Name CRF_4_KP_II_1_Doc: #REF!
Name CRF_4_KP_II_1_Main: #REF!
Name CRF_4_KP_II_2_Doc: #REF!
Name CRF_4_KP_II_2_Main: #REF!
Name CRF_4_KP_II_3_Doc: #REF!
Name CRF_4_KP_II_3_Main: #REF!
Name CRF_4_KP_II_4_Doc: #REF!
Name CRF_4_KP_II_4_Main: #REF!
Name CRF_4_KP_Recalculations_Doc: #REF!
Name CRF_4_KP_Recalculations_Main1: #REF!
Name CRF_4_KP_Recalculations_Main2: #REF!
Name CRF_accounting_Main: #REF!
Name CRF_NIR_1_Add: #REF!
Name CRF_NIR_1_Main: #REF!
Name CRF_NIR_2.1_Main: #REF!
Name CRF_NIR_2_Main: #REF!
Name CRF_NIR_3_Main: #REF!
Name CRF_Table1.B.1_Doc: #REF!
Name CRF_Table1.B.1_Main: #REF!
Name CRF_Table1.B.2_Doc: #REF!
Name CRF_Table1.B.2_Main: #REF!
Name CRF_Table1.C_Doc: #REF!
Name CRF_Table1.C_Main: #REF!
Name CRF_Table3.B_a_s2_Add: #REF!
Name CRF_Table3.D_Add: #REF!
Name CRF_Table3.D_Doc: #REF!
Name CRF_Table3.D_Main: #REF!

Sheet ReadMe
A1: Generic Comet (GC) TIMES Supply
B3: Sheet color
C4: Raw Data and Parameters
C6: City Specific Data
C8: Post processing for TIMES
C10: Table formatted for TIMES

Sheet >> City Data

Sheet City characteristics
B2: City Basic Data
B4: Calibration methodology | C4: GHG Inventory
B6: A. City Characteristics
B7: Data Item | C7: Value | D7: Units
B8: City Name | C8: New York
B9: Latitude | C9: 40.5
B10: Longitude | C10: -75
B11: County | C11: New York County
B12: State | C12: New York
B13: Census Division | C13: Middle Atlantic
B14: Climate Division | C14: Northeast
B15: Egrid Region | C15: NPCC NYC/Westchester
B16: Area of city (excluding water, natural and agricultural areas) | C16: 778 | D16: square kilometers
B17: * Division and Region Map can be found in the Maps sheet.
B18: B. Planning Base Year and Target Years
B19: Year | C19: Value | D19: Units
B20: Base Year | C20: 2019 | D20: Acceptable range [2018,2021]
B21: End Year | C21: 2050
B23: C. City Population and GDP
B24: Data Item | C24: Value | D24: Units
B25: Population in Base Year | C25: 8337 | D25: Thousand of people
B26: Annual population growth (Base Year - End Year) | C26: 0.5 | D26: % people
B27: GDP in Base Year | C27: 1206000 | D27: Million US$
B28: Annual GDP growth rate | C28: 2 | D28: % US$
B29: Share of manufacturing GDP | C29: 5 | D29: % US$
B30: Share of State population | C30: 0.42835123
B31: Share of State GDP | C31: 0.67251772
B32: Adjustment from state manufacturing GDP | C32: 1.0638298
B34: D. Climate Data
B35: Data Item | C35: 2000 | D35: 2050 | E35: 2100 | F35: Units
B36: Heating degree days (HDD) | C36: 4473.4625 | D36: 4066.4182 | E36: 3763.8582 | F36: F
B37: Cooling degree days (CDD) | C37: 1020.7333 | D37: 1224.2555 | E37: 1375.5355 | F37: F
B39: Data Item | C39: Value | D39: Units
B40: Correction from State HDD | C40: 0.72727402
B41: Correction from State CDD | C41: 1.5583715
B42: Annual precipitation | C42: 762 | D42: mm / year
B43: Climate change scenario | C43: RCP4.5
B44: Average temperature increase in 1980-2020 | C44: 1.4617857 | D44: F
B45: Forecasted average temperature increase in 2035-2065 | C45: 3.13 | D45: F
B46: Forecasted average temperature increase in 2070-2100 | C46: 4.37 | D46: F
B47: *Climate change scenario description can be found in the Lists sheet.
B48: E. Energy scenario
B49: Data Item | C49: Value | D49: Units
B50: AEO energy scenario | C50: lowmachighZTC
B51: Electricity technology scenario | C51: Moderate
B52: Transport technology scenario | C52: Mid
B53: District energy | C53: Yes
B54: * Energy scenario description can be foundin the Lists sheet.

Sheet >> GC_NewTech

Sheet ENE TECH
H1: 2023 Dollar / GJ
A2: GHGI Sector | B2: GHGI Energy | C2: AEO Sector | D2: AEO Energy | E2: Description | F2: Multiplicateur | G2: Commodity Label | H2: 2019 | I2: 2020 | J2: 2021 | K2: 2022 | L2: 2023 | M2: 2024 | N2: 2025 | O2: 2030 | P2: 2035 | Q2: 2040 | R2: 2045 | S2: 2050 | T2: 2055 | U2: 2060 | V2: 2065 | W2: 2070 | X2: 2075 | Y2: 2080 | Z2: 2085 | AA2: 2090 | AB2: 2095 | AC2: 2100
A3: Residential | B3: LPG | C3: Residential | D3: Propane | E3: Hydrocarbon gas liquids price in the residential sector | F3: 1 | G3: RESLPG | H3: 33.139282 | I3: 28.404792 | J3: 34.017648 | K3: 36.740013 | L3: 38.524662 | M3: 38.53425 | N3: 37.487506 | O3: 36.540775 | P3: 42.127352 | Q3: 46.993146 | R3: 51.097312 | S3: 54.209147 | T3: 54.209147 | U3: 54.209147 | V3: 54.209147 | W3: 54.209147 | X3: 54.209147 | Y3: 54.209147 | Z3: 54.209147 | AA3: 54.209147 | AB3: 54.209147 | AC3: 54.209147
A4: Residential | B4: Fuel oil | C4: Residential | D4: Distillate Fuel Oil | E4: Distillate fuel oil price in the residential sector | F4: 1 | G4: RESFOI | H4: 21.264373 | I4: 17.088445 | J4: 19.92401 | K4: 21.518489 | L4: 19.660523 | M4: 18.79016 | N4: 17.783449 | O4: 17.917993 | P4: 19.239678 | Q4: 20.738888 | R4: 22.093132 | S4: 23.258847 | T4: 23.258847 | U4: 23.258847 | V4: 23.258847 | W4: 23.258847 | X4: 23.258847 | Y4: 23.258847 | Z4: 23.258847 | AA4: 23.258847 | AB4: 23.258847 | AC4: 23.258847
A5: Residential | B5: Kerosene | C5: Residential | D5: Distillate Fuel Oil | E5: Kerosene price in the residential sector | F5: 1 | G5: RESKER | H5: 24.732951 | I5: 15.775618 | J5: 24.575447 | K5: 26.54217 | L5: 24.250446 | M5: 23.176889 | N5: 21.935152 | O5: 22.101108 | P5: 23.731351 | Q5: 25.580565 | R5: 27.250969 | S5: 28.68883 | T5: 28.68883 | U5: 28.68883 | V5: 28.68883 | W5: 28.68883 | X5: 28.68883 | Y5: 28.68883 | Z5: 28.68883 | AA5: 28.68883 | AB5: 28.68883 | AC5: 28.68883
A6: Residential | B6: Natural gas | C6: Residential | D6: Natural Gas | E6: Natural gas price in the residential sector (including supplemental gaseous fuels) | F6: 1 | G6: RESNGA | H6: 13.498734 | I6: 13.43206 | J6: 14.30799 | K6: 15.45303 | L6: 14.920712 | M6: 13.39134 | N6: 12.76654 | O6: 12.386274 | P6: 13.885007 | Q6: 15.199748 | R6: 16.020235 | S6: 16.83725 | T6: 16.83725 | U6: 16.83725 | V6: 16.83725 | W6: 16.83725 | X6: 16.83725 | Y6: 16.83725 | Z6: 16.83725 | AA6: 16.83725 | AB6: 16.83725 | AC6: 16.83725
A7: Residential | B7: RNG | C7: Residential | D7: Natural Gas | E7: Natural gas price in the residential sector (including supplemental gaseous fuels) | F7: 2 | G7: RESRNG | H7: 26.997469 | I7: 26.86412 | J7: 28.61598 | K7: 30.90606 | L7: 29.841423 | M7: 26.78268 | N7: 25.533081 | O7: 24.772548 | P7: 27.770013 | Q7: 30.399496 | R7: 32.04047 | S7: 33.6745 | T7: 33.6745 | U7: 33.6745 | V7: 33.6745 | W7: 33.6745 | X7: 33.6745 | Y7: 33.6745 | Z7: 33.6745 | AA7: 33.6745 | AB7: 33.6745 | AC7: 33.6745
A8: Residential | B8: Electricity | C8: Residential | D8: Electricity | E8: Electricity price in the residential sector | F8: 1 | G8: RESELC | H8: 58.082115 | I8: 58.393657 | J8: 61.197471 | K8: 66.094982 | L8: 62.991999 | M8: 60.939902 | N8: 59.863655 | O8: 61.403024 | P8: 67.073536 | Q8: 72.818505 | R8: 77.93633 | S8: 81.383542 | T8: 81.383542 | U8: 81.383542 | V8: 81.383542 | W8: 81.383542 | X8: 81.383542 | Y8: 81.383542 | Z8: 81.383542 | AA8: 81.383542 | AB8: 81.383542 | AC8: 81.383542
A9: Residential | B9: Hydrogen | C9: Residential | D9: Electricity | E9: Electricity price in the residential sector | F9: 2 | G9: RESH2G | H9: 116.16423 | I9: 116.78731 | J9: 122.39494 | K9: 132.18996 | L9: 125.984 | M9: 121.8798 | N9: 119.72731 | O9: 122.80605 | P9: 134.14707 | Q9: 145.63701 | R9: 155.87266 | S9: 162.76708 | T9: 162.76708 | U9: 162.76708 | V9: 162.76708 | W9: 162.76708 | X9: 162.76708 | Y9: 162.76708 | Z9: 162.76708 | AA9: 162.76708 | AB9: 162.76708 | AC9: 162.76708
A10: Residential | B10: Steam | C10: Residential | D10: Electricity | E10: Electricity price in the residential sector | F10: 2 | G10: RESSTM | H10: 116.16423 | I10: 116.78731 | J10: 122.39494 | K10: 132.18996 | L10: 125.984 | M10: 121.8798 | N10: 119.72731 | O10: 122.80605 | P10: 134.14707 | Q10: 145.63701 | R10: 155.87266 | S10: 162.76708 | T10: 162.76708 | U10: 162.76708 | V10: 162.76708 | W10: 162.76708 | X10: 162.76708 | Y10: 162.76708 | Z10: 162.76708 | AA10: 162.76708 | AB10: 162.76708 | AC10: 162.76708
A11: Residential | B11: Solar | C11: Residential | D11: Solar | F11: 1 | G11: RESSOL | H11: 0 | I11: 0 | J11: 0 | K11: 0 | L11: 0 | M11: 0 | N11: 0 | O11: 0 | P11: 0 | Q11: 0 | R11: 0 | S11: 0 | T11: 0 | U11: 0 | V11: 0 | W11: 0 | X11: 0 | Y11: 0 | Z11: 0 | AA11: 0 | AB11: 0 | AC11: 0
A12: Residential | B12: Wind | C12: Residential | D12: Wind | F12: 1 | G12: RESWND | H12: 0 | I12: 0 | J12: 0 | K12: 0 | L12: 0 | M12: 0 | N12: 0 | O12: 0 | P12: 0 | Q12: 0 | R12: 0 | S12: 0 | T12: 0 | U12: 0 | V12: 0 | W12: 0 | X12: 0 | Y12: 0 | Z12: 0 | AA12: 0 | AB12: 0 | AC12: 0
A13: Commercial | B13: LPG | C13: Commercial | D13: Propane | E13: Hydrocarbon gas liquids price in the commercial sector | F13: 1 | G13: COMLPG | H13: 15.796391 | I13: 14.365143 | J13: 21.949636 | K13: 23.706221 | L13: 22.146428 | M13: 20.587193 | N13: 19.055314 | O13: 19.150876 | P13: 22.286658 | Q13: 24.66189 | R13: 26.631887 | S13: 28.104431 | T13: 28.104431 | U13: 28.104431 | V13: 28.104431 | W13: 28.104431 | X13: 28.104431 | Y13: 28.104431 | Z13: 28.104431 | AA13: 28.104431 | AB13: 28.104431 | AC13: 28.104431
A14: Commercial | B14: Diesel | C14: Commercial | D14: Distillate Fuel Oil | E14: Distillate fuel oil price in the commercial sector | F14: 1 | G14: COMDSL | H14: 17.387077 | I14: 11.511644 | J14: 18.252065 | K14: 19.712741 | L14: 18.085099 | M14: 16.656612 | N14: 15.093246 | O14: 13.112384 | P14: 14.115668 | Q14: 15.25231 | R14: 16.270151 | S14: 17.126833 | T14: 17.126833 | U14: 17.126833 | V14: 17.126833 | W14: 17.126833 | X14: 17.126833 | Y14: 17.126833 | Z14: 17.126833 | AA14: 17.126833 | AB14: 17.126833 | AC14: 17.126833
A15: Commercial | B15: Fuel oil | C15: Commercial | D15: Residual Fuel Oil | E15: Distillate fuel oil price in the commercial sector | F15: 1 | G15: COMFOI | H15: 17.387077 | I15: 11.511644 | J15: 18.252065 | K15: 19.712741 | L15: 12.042501 | M15: 14.295152 | N15: 14.501626 | O15: 22.312094 | P15: 24.510554 | Q15: 26.868519 | R15: 29.144687 | S15: 31.154017 | T15: 31.154017 | U15: 31.154017 | V15: 31.154017 | W15: 31.154017 | X15: 31.154017 | Y15: 31.154017 | Z15: 31.154017 | AA15: 31.154017 | AB15: 31.154017 | AC15: 31.154017
A16: Commercial | B16: Kerosene | C16: Commercial | D16: Distillate Fuel Oil | E16: Kerosene price in the commercial sector | F16: 1 | G16: COMKER | H16: 24.732951 | I16: 15.775618 | J16: 24.575447 | K16: 26.54217 | L16: 24.350636 | M16: 22.427252 | N16: 20.322262 | O16: 17.655135 | P16: 19.006005 | Q16: 20.536434 | R16: 21.906903 | S16: 23.06038 | T16: 23.06038 | U16: 23.06038 | V16: 23.06038 | W16: 23.06038 | X16: 23.06038 | Y16: 23.06038 | Z16: 23.06038 | AA16: 23.06038 | AB16: 23.06038 | AC16: 23.06038
A17: Commercial | B17: Gasoline | C17: Commercial | D17: Distillate Fuel Oil | E17: Motor gasoline price in the commercial sector | F17: 1 | G17: COMGSL | H17: 23.164358 | I17: 19.377754 | J17: 25.582901 | K17: 27.630249 | L17: 25.348874 | M17: 23.346643 | N17: 21.15536 | O17: 18.378896 | P17: 19.785143 | Q17: 21.378311 | R17: 22.804962 | S17: 24.005725 | T17: 24.005725 | U17: 24.005725 | V17: 24.005725 | W17: 24.005725 | X17: 24.005725 | Y17: 24.005725 | Z17: 24.005725 | AA17: 24.005725 | AB17: 24.005725 | AC17: 24.005725
A18: Commercial | B18: Natural gas | C18: Commercial | D18: Natural Gas | E18: Natural gas price in the commercial sector (including supplemental gaseous fuels) | F18: 1 | G18: COMNGA | H18: 7.7104063 | I18: 7.2259709 | J18: 8.2096782 | K18: 8.8666823 | L18: 8.1872197 | M18: 7.255384 | N18: 6.9579136 | O18: 6.9767662 | P18: 7.8550132 | Q18: 8.6079722 | R18: 9.0230732 | S18: 9.4628453 | T18: 9.4628453 | U18: 9.4628453 | V18: 9.4628453 | W18: 9.4628453 | X18: 9.4628453 | Y18: 9.4628453 | Z18: 9.4628453 | AA18: 9.4628453 | AB18: 9.4628453 | AC18: 9.4628453
A19: Commercial | B19: RNG | C19: Residential | D19: Natural Gas | E19: Natural gas price in the commercial sector (including supplemental gaseous fuels) | F19: 2 | G19: COMRNG | H19: 15.420813 | I19: 14.451942 | J19: 16.419356 | K19: 17.733365 | L19: 17.122494 | M19: 15.36744 | N19: 14.650442 | O19: 14.214061 | P19: 15.933955 | Q19: 17.442707 | R19: 18.38427 | S19: 19.321848 | T19: 19.321848 | U19: 19.321848 | V19: 19.321848 | W19: 19.321848 | X19: 19.321848 | Y19: 19.321848 | Z19: 19.321848 | AA19: 19.321848 | AB19: 19.321848 | AC19: 19.321848
A20: Commercial | B20: Electricity | C20: Commercial | D20: Electricity | E20: Electricity price in the commercial sector | F20: 1 | G20: COMELC | H20: 45.511281 | I20: 46.296123 | J20: 50.490593 | K20: 54.531254 | L20: 52.397516 | M20: 49.460663 | N20: 48.055492 | O20: 48.075179 | P20: 51.458958 | Q20: 55.269325 | R20: 58.192769 | S20: 60.029189 | T20: 60.029189 | U20: 60.029189 | V20: 60.029189 | W20: 60.029189 | X20: 60.029189 | Y20: 60.029189 | Z20: 60.029189 | AA20: 60.029189 | AB20: 60.029189 | AC20: 60.029189
A21: Commercial | B21: Hydrogen | C21: Commercial | D21: Electricity | E21: Electricity price in the commercial sector | F21: 2 | G21: COMH2G | H21: 91.022562 | I21: 92.592246 | J21: 100.98119 | K21: 109.06251 | L21: 104.79503 | M21: 98.921325 | N21: 96.110985 | O21: 96.150359 | P21: 102.91792 | Q21: 110.53865 | R21: 116.38554 | S21: 120.05838 | T21: 120.05838 | U21: 120.05838 | V21: 120.05838 | W21: 120.05838 | X21: 120.05838 | Y21: 120.05838 | Z21: 120.05838 | AA21: 120.05838 | AB21: 120.05838 | AC21: 120.05838
A22: Commercial | B22: Steam | C22: Commercial | D22: Electricity | E22: Electricity price in the commercial sector | F22: 2 | G22: COMSTM | H22: 91.022562 | I22: 92.592246 | J22: 100.98119 | K22: 109.06251 | L22: 104.79503 | M22: 98.921325 | N22: 96.110985 | O22: 96.150359 | P22: 102.91792 | Q22: 110.53865 | R22: 116.38554 | S22: 120.05838 | T22: 120.05838 | U22: 120.05838 | V22: 120.05838 | W22: 120.05838 | X22: 120.05838 | Y22: 120.05838 | Z22: 120.05838 | AA22: 120.05838 | AB22: 120.05838 | AC22: 120.05838
A23: Commercial | B23: Solar | C23: Commercial | D23: Solar | F23: 1 | G23: COMSOL | H23: 0 | I23: 0 | J23: 0 | K23: 0 | L23: 0 | M23: 0 | N23: 0 | O23: 0 | P23: 0 | Q23: 0 | R23: 0 | S23: 0 | T23: 0 | U23: 0 | V23: 0 | W23: 0 | X23: 0 | Y23: 0 | Z23: 0 | AA23: 0 | AB23: 0 | AC23: 0
A24: Commercial | B24: Wind | C24: Commercial | D24: Wind | F24: 1 | G24: COMWND | H24: 0 | I24: 0 | J24: 0 | K24: 0 | L24: 0 | M24: 0 | N24: 0 | O24: 0 | P24: 0 | Q24: 0 | R24: 0 | S24: 0 | T24: 0 | U24: 0 | V24: 0 | W24: 0 | X24: 0 | Y24: 0 | Z24: 0 | AA24: 0 | AB24: 0 | AC24: 0
A25: Industrial | B25: LPG | C25: Industrial | D25: Propane | E25: Hydrocarbon gas liquids price in the industrial sector | F25: 1 | G25: INDLPG | H25: 15.144652 | I25: 13.529708 | J25: 22.453363 | K25: 24.25026 | L25: 21.481797 | M25: 19.265321 | N25: 17.113109 | O25: 16.995916 | P25: 20.560588 | Q25: 23.160107 | R25: 25.227695 | S25: 26.667272 | T25: 26.667272 | U25: 26.667272 | V25: 26.667272 | W25: 26.667272 | X25: 26.667272 | Y25: 26.667272 | Z25: 26.667272 | AA25: 26.667272 | AB25: 26.667272 | AC25: 26.667272
A26: Industrial | B26: Diesel | C26: Industrial | D26: Distillate Fuel Oil | E26: Distillate fuel oil price in the industrial sector | F26: 1 | G26: INDDSL | H26: 16.205109 | I26: 11.359747 | J26: 15.42262 | K26: 16.656861 | L26: 15.231331 | M26: 14.040168 | N26: 12.700199 | O26: 10.980378 | P26: 11.829788 | Q26: 12.813168 | R26: 13.701334 | S26: 14.458269 | T26: 14.458269 | U26: 14.458269 | V26: 14.458269 | W26: 14.458269 | X26: 14.458269 | Y26: 14.458269 | Z26: 14.458269 | AA26: 14.458269 | AB26: 14.458269 | AC26: 14.458269
A27: Industrial | B27: Fuel oil | C27: Industrial | D27: Residual Fuel Oil | E27: Residual fuel oil price in the industrial sector | F27: 1 | G27: INDFOI | H27: 10.803406 | I27: 8.3760503 | J27: 12.314517 | K27: 13.300023 | L27: 8.305852 | M27: 9.8242712 | N27: 10.264384 | O27: 15.911878 | P27: 17.519001 | Q27: 19.207624 | R27: 20.805142 | S27: 22.199438 | T27: 22.199438 | U27: 22.199438 | V27: 22.199438 | W27: 22.199438 | X27: 22.199438 | Y27: 22.199438 | Z27: 22.199438 | AA27: 22.199438 | AB27: 22.199438 | AC27: 22.199438
A28: Industrial | B28: Kerosene | C28: Industrial | D28: Distillate Fuel Oil | E28: Kerosene price in the industrial sector | F28: 1 | G28: INDKER | H28: 18.734741 | I28: 13.594807 | J28: 17.801926 | K28: 19.226579 | L28: 17.581126 | M28: 16.206198 | N28: 14.659507 | O28: 12.674363 | P28: 13.654814 | Q28: 14.789904 | R28: 15.815091 | S28: 16.688801 | T28: 16.688801 | U28: 16.688801 | V28: 16.688801 | W28: 16.688801 | X28: 16.688801 | Y28: 16.688801 | Z28: 16.688801 | AA28: 16.688801 | AB28: 16.688801 | AC28: 16.688801
A29: Industrial | B29: Gasoline | C29: Industrial | D29: Distillate Fuel Oil | E29: Motor gasoline price in the industrial sector | F29: 1 | G29: INDGSL | H29: 23.164358 | I29: 19.377754 | J29: 25.582901 | K29: 27.630249 | L29: 25.265592 | M29: 23.289702 | N29: 21.066973 | O29: 18.214151 | P29: 19.623143 | Q29: 21.254366 | R29: 22.727647 | S29: 23.983244 | T29: 23.983244 | U29: 23.983244 | V29: 23.983244 | W29: 23.983244 | X29: 23.983244 | Y29: 23.983244 | Z29: 23.983244 | AA29: 23.983244 | AB29: 23.983244 | AC29: 23.983244
A30: Industrial | B30: Natural gas | C30: Industrial | D30: Natural Gas | E30: Natural gas price in the industrial sector (including supplemental gaseous fuels) | F30: 1 | G30: INDNGA | H30: 8.2406349 | I30: 7.3453188 | J30: 8.7026876 | K30: 9.3991463 | L30: 7.8406608 | M30: 6.3176618 | N30: 5.7092575 | O30: 5.4161205 | P30: 6.513417 | Q30: 7.3212058 | R30: 7.4682076 | S30: 7.6916073 | T30: 7.6916073 | U30: 7.6916073 | V30: 7.6916073 | W30: 7.6916073 | X30: 7.6916073 | Y30: 7.6916073 | Z30: 7.6916073 | AA30: 7.6916073 | AB30: 7.6916073 | AC30: 7.6916073
A31: Industrial | B31: RNG | C31: Industrial | D31: Natural Gas | E31: Natural gas price in the industrial sector (including supplemental gaseous fuels) | F31: 2 | G31: INDRNG | H31: 16.48127 | I31: 14.690638 | J31: 17.405375 | K31: 18.798293 | L31: 15.681322 | M31: 12.635324 | N31: 11.418515 | O31: 10.832241 | P31: 13.026834 | Q31: 14.642412 | R31: 14.936415 | S31: 15.383215 | T31: 15.383215 | U31: 15.383215 | V31: 15.383215 | W31: 15.383215 | X31: 15.383215 | Y31: 15.383215 | Z31: 15.383215 | AA31: 15.383215 | AB31: 15.383215 | AC31: 15.383215
A32: Industrial | B32: Petcoke | C32: Industrial | D32: Metallurgical Coal | E32: Coal price in the industrial sector | F32: 1 | G32: INDPCK | H32: 3.7778782 | I32: 3.9818789 | J32: 3.6011121 | K32: 3.8893019 | L32: 3.8487693 | M32: 3.941073 | N32: 4.0063417 | O32: 4.4118735 | P32: 4.9805162 | Q32: 5.5737404 | R32: 6.1313001 | S32: 6.6964864 | T32: 6.6964864 | U32: 6.6964864 | V32: 6.6964864 | W32: 6.6964864 | X32: 6.6964864 | Y32: 6.6964864 | Z32: 6.6964864 | AA32: 6.6964864 | AB32: 6.6964864 | AC32: 6.6964864
A33: Industrial | B33: Coal | C33: Industrial | D33: Other Industrial Coal | E33: Coal price in the industrial sector | F33: 1 | G33: INDCOA | H33: 3.7778782 | I33: 3.9818789 | J33: 3.6011121 | K33: 3.8893019 | L33: 3.7264743 | M33: 3.6977751 | N33: 3.7934473 | O33: 3.9236989 | P33: 4.1425814 | Q33: 4.4356799 | R33: 4.6979638 | S33: 4.9689665 | T33: 4.9689665 | U33: 4.9689665 | V33: 4.9689665 | W33: 4.9689665 | X33: 4.9689665 | Y33: 4.9689665 | Z33: 4.9689665 | AA33: 4.9689665 | AB33: 4.9689665 | AC33: 4.9689665
A34: Industrial | B34: Electricity | C34: Industrial | D34: Electricity | E34: Electricity price in the industrial sector | F34: 1 | G34: INDELC | H34: 18.171373 | I34: 17.630935 | J34: 19.92401 | K34: 21.518489 | L34: 20.695312 | M34: 18.778729 | N34: 18.127859 | O34: 17.722945 | P34: 19.063147 | Q34: 20.732893 | R34: 21.803489 | S34: 22.407178 | T34: 22.407178 | U34: 22.407178 | V34: 22.407178 | W34: 22.407178 | X34: 22.407178 | Y34: 22.407178 | Z34: 22.407178 | AA34: 22.407178 | AB34: 22.407178 | AC34: 22.407178
A35: Industrial | B35: Hydrogen | C35: Industrial | D35: Electricity | E35: Electricity price in the industrial sector | F35: 2 | G35: INDH2G | H35: 36.342746 | I35: 35.26187 | J35: 39.84802 | K35: 43.036978 | L35: 41.390623 | M35: 37.557459 | N35: 36.255717 | O35: 35.445891 | P35: 38.126294 | Q35: 41.465785 | R35: 43.606978 | S35: 44.814355 | T35: 44.814355 | U35: 44.814355 | V35: 44.814355 | W35: 44.814355 | X35: 44.814355 | Y35: 44.814355 | Z35: 44.814355 | AA35: 44.814355 | AB35: 44.814355 | AC35: 44.814355
A36: Industrial | B36: Steam | C36: Industrial | D36: Electricity | E36: Electricity price in the industrial sector | F36: 2 | G36: INDSTM | H36: 36.342746 | I36: 35.26187 | J36: 39.84802 | K36: 43.036978 | L36: 41.390623 | M36: 37.557459 | N36: 36.255717 | O36: 35.445891 | P36: 38.126294 | Q36: 41.465785 | R36: 43.606978 | S36: 44.814355 | T36: 44.814355 | U36: 44.814355 | V36: 44.814355 | W36: 44.814355 | X36: 44.814355 | Y36: 44.814355 | Z36: 44.814355 | AA36: 44.814355 | AB36: 44.814355 | AC36: 44.814355
A37: Industrial | B37: Solar | C37: Industrial | D37: Solar | F37: 1 | G37: INDSOL | H37: 0 | I37: 0 | J37: 0 | K37: 0 | L37: 0 | M37: 0 | N37: 0 | O37: 0 | P37: 0 | Q37: 0 | R37: 0 | S37: 0 | T37: 0 | U37: 0 | V37: 0 | W37: 0 | X37: 0 | Y37: 0 | Z37: 0 | AA37: 0 | AB37: 0 | AC37: 0
A38: Industrial | B38: Wind | C38: Industrial | D38: Wind | F38: 1 | G38: INDWND | H38: 0 | I38: 0 | J38: 0 | K38: 0 | L38: 0 | M38: 0 | N38: 0 | O38: 0 | P38: 0 | Q38: 0 | R38: 0 | S38: 0 | T38: 0 | U38: 0 | V38: 0 | W38: 0 | X38: 0 | Y38: 0 | Z38: 0 | AA38: 0 | AB38: 0 | AC38: 0
A39: Transportation | B39: LPG | C39: Transportation | D39: Propane | E39: Hydrocarbon gas liquids price in the transportation sector | F39: 1 | G39: TRALPG | H39: 16.470223 | I39: 15.026982 | J39: 22.646279 | K39: 24.458616 | L39: 22.342301 | M39: 20.794551 | N39: 19.365335 | O39: 19.716729 | P39: 22.748775 | Q39: 25.076457 | R39: 27.010912 | S39: 28.480687 | T39: 28.480687 | U39: 28.480687 | V39: 28.480687 | W39: 28.480687 | X39: 28.480687 | Y39: 28.480687 | Z39: 28.480687 | AA39: 28.480687 | AB39: 28.480687 | AC39: 28.480687
A40: Transportation | B40: Ethanol | C40: Transportation | D40: E85 | E40: Motor gasoline price in the transportation sector | F40: 1.2 | G40: TRAETH | H40: 27.79723 | I40: 23.253305 | J40: 30.699481 | K40: 33.156299 | L40: 28.73724 | M40: 27.204245 | N40: 25.274519 | O40: 26.267091 | P40: 28.182933 | Q40: 30.271527 | R40: 32.405294 | S40: 34.480395 | T40: 34.480395 | U40: 34.480395 | V40: 34.480395 | W40: 34.480395 | X40: 34.480395 | Y40: 34.480395 | Z40: 34.480395 | AA40: 34.480395 | AB40: 34.480395 | AC40: 34.480395
A41: Transportation | B41: Gasoline | C41: Transportation | D41: Motor Gasoline | E41: Motor gasoline price in the transportation sector | F41: 1 | G41: TRAGSL | H41: 23.164358 | I41: 19.377754 | J41: 25.582901 | K41: 27.630249 | L41: 23.763093 | M41: 21.27566 | N41: 19.769746 | O41: 20.497129 | P41: 21.902318 | Q41: 23.437466 | R41: 25.029331 | S41: 26.5752 | T41: 26.5752 | U41: 26.5752 | V41: 26.5752 | W41: 26.5752 | X41: 26.5752 | Y41: 26.5752 | Z41: 26.5752 | AA41: 26.5752 | AB41: 26.5752 | AC41: 26.5752
A42: Transportation | B42: Aviation gasoline | C42: Transportation | D42: Jet Fuel | E42: Aviation gasoline price in the transportation sector | F42: 1 | G42: TRAAGA | H42: 28.245715 | I42: 24.238467 | J42: 30.930981 | K42: 33.406325 | L42: 27.656474 | M42: 26.288207 | N42: 24.365966 | O42: 24.858631 | P42: 27.383243 | Q42: 30.022252 | R42: 32.42915 | S42: 34.425779 | T42: 34.425779 | U42: 34.425779 | V42: 34.425779 | W42: 34.425779 | X42: 34.425779 | Y42: 34.425779 | Z42: 34.425779 | AA42: 34.425779 | AB42: 34.425779 | AC42: 34.425779
A43: Transportation | B43: Aviation turbo-fuel | C43: Transportation | D43: Jet Fuel | E43: Jet fuel price in the transportation sector | F43: 1 | G43: TRAATF | H43: 16.315573 | I43: 10.893205 | J43: 15.754865 | K43: 17.015696 | L43: 14.086978 | M43: 13.390043 | N43: 12.410939 | O43: 12.661881 | P43: 13.947806 | Q43: 15.291999 | R43: 16.517966 | S43: 17.53496 | T43: 17.53496 | U43: 17.53496 | V43: 17.53496 | W43: 17.53496 | X43: 17.53496 | Y43: 17.53496 | Z43: 17.53496 | AA43: 17.53496 | AB43: 17.53496 | AC43: 17.53496
A44: Transportation | B44: Sustainable aviation fuel | C44: Transportation | D44: Jet Fuel | E44: Jet fuel price in the transportation sector | F44: 2 | G44: TRASAF | H44: 32.631147 | I44: 21.786411 | J44: 31.509731 | K44: 34.031392 | L44: 28.173955 | M44: 26.780086 | N44: 24.821878 | O44: 25.323761 | P44: 27.895612 | Q44: 30.583998 | R44: 33.035933 | S44: 35.069921 | T44: 35.069921 | U44: 35.069921 | V44: 35.069921 | W44: 35.069921 | X44: 35.069921 | Y44: 35.069921 | Z44: 35.069921 | AA44: 35.069921 | AB44: 35.069921 | AC44: 35.069921
A45: Transportation | B45: Diesel | C45: Transportation | D45: Diesel Fuel (distillate fuel oil) | E45: Distillate fuel oil price in the transportation sector | F45: 1 | G45: TRADSL | H45: 25.959104 | I45: 21.916608 | J45: 26.429591 | K45: 28.544698 | L45: 24.782377 | M45: 23.473326 | N45: 21.876167 | O45: 20.909113 | P45: 22.487513 | Q45: 24.309015 | R45: 25.921917 | S45: 27.339011 | T45: 27.339011 | U45: 27.339011 | V45: 27.339011 | W45: 27.339011 | X45: 27.339011 | Y45: 27.339011 | Z45: 27.339011 | AA45: 27.339011 | AB45: 27.339011 | AC45: 27.339011
A46: Transportation | B46: Renewable diesel | C46: Transportation | D46: Diesel Fuel (distillate fuel oil) | E46: Distillate fuel oil price in the transportation sector | F46: 1.5 | G46: TRARDS | H46: 38.938657 | I46: 32.874913 | J46: 39.644386 | K46: 42.817047 | L46: 37.173565 | M46: 35.209989 | N46: 32.814251 | O46: 31.363669 | P46: 33.731269 | Q46: 36.463523 | R46: 38.882876 | S46: 41.008517 | T46: 41.008517 | U46: 41.008517 | V46: 41.008517 | W46: 41.008517 | X46: 41.008517 | Y46: 41.008517 | Z46: 41.008517 | AA46: 41.008517 | AB46: 41.008517 | AC46: 41.008517
A47: Transportation | B47: Bio diesel | C47: Transportation | D47: Diesel Fuel (distillate fuel oil) | E47: Distillate fuel oil price in the transportation sector | F47: 1.5 | G47: TRABDS | H47: 38.938657 | I47: 32.874913 | J47: 39.644386 | K47: 42.817047 | L47: 37.173565 | M47: 35.209989 | N47: 32.814251 | O47: 31.363669 | P47: 33.731269 | Q47: 36.463523 | R47: 38.882876 | S47: 41.008517 | T47: 41.008517 | U47: 41.008517 | V47: 41.008517 | W47: 41.008517 | X47: 41.008517 | Y47: 41.008517 | Z47: 41.008517 | AA47: 41.008517 | AB47: 41.008517 | AC47: 41.008517
A48: Transportation | B48: Fuel oil | C48: Transportation | D48: Diesel Fuel (distillate fuel oil) | E48: Residual fuel oil average price, all end-use sectors | F48: 1 | G48: TRAFOI | H48: 10.991195 | I48: 7.9746075 | J48: 11.853661 | K48: 12.802285 | L48: 11.114886 | M48: 10.527777 | N48: 9.8114521 | O48: 9.3777287 | P48: 10.08564 | Q48: 10.902584 | R48: 11.625969 | S48: 12.261535 | T48: 12.261535 | U48: 12.261535 | V48: 12.261535 | W48: 12.261535 | X48: 12.261535 | Y48: 12.261535 | Z48: 12.261535 | AA48: 12.261535 | AB48: 12.261535 | AC48: 12.261535
A49: Transportation | B49: Compressed Natural gas | C49: Transportation | D49: Natural Gas | E49: Natural gas price in the transportation sector | F49: 1 | G49: TRACNG | H49: 11.123752 | I49: 10.665359 | J49: 12.796809 | K49: 13.820912 | L49: 12.48828 | M49: 11.267669 | N49: 10.947509 | O49: 10.490113 | P49: 11.029972 | Q49: 11.220342 | R49: 11.032735 | S49: 11.001635 | T49: 11.001635 | U49: 11.001635 | V49: 11.001635 | W49: 11.001635 | X49: 11.001635 | Y49: 11.001635 | Z49: 11.001635 | AA49: 11.001635 | AB49: 11.001635 | AC49: 11.001635
A50: Transportation | B50: RNG | C50: Residential | D50: Natural Gas | E50: Natural gas price in the transportation sector | F50: 2 | G50: TRARNG | H50: 22.247505 | I50: 21.330719 | J50: 25.593618 | K50: 27.641824 | L50: 26.689632 | M50: 23.953948 | N50: 22.836328 | O50: 22.156121 | P50: 24.837 | Q50: 27.188763 | R50: 28.656421 | S50: 30.117868 | T50: 30.117868 | U50: 30.117868 | V50: 30.117868 | W50: 30.117868 | X50: 30.117868 | Y50: 30.117868 | Z50: 30.117868 | AA50: 30.117868 | AB50: 30.117868 | AC50: 30.117868
... A63: Electricity | B63: Steam | C63: Electric Power | D63: Steam Coal | E63: Coal price in the electric power sector | F63: 1 | G63: ELCSTM | H63: 2.5185855 | I63: 2.2676095 | J63: 0 | K63: 0 | L63: 0 | M63: 0 | N63: 0 | O63: 0 | P63: 0 | Q63: 0 | R63: 0 | S63: 0 | T63: 0 | U63: 0 | V63: 0 | W63: 0 | X63: 0 | Y63: 0 | Z63: 0 | AA63: 0 | AB63: 0 | AC63: 0
A64: Electricity | B64: Geothermal | C64: Electric Power | D64: Geothermal | F64: 1 | G64: ELCGEO | H64: 0 | I64: 0 | J64: 0 | K64: 0 | L64: 0 | M64: 0 | N64: 0 | O64: 0 | P64: 0 | Q64: 0 | R64: 0 | S64: 0 | T64: 0 | U64: 0 | V64: 0 | W64: 0 | X64: 0 | Y64: 0 | Z64: 0 | AA64: 0 | AB64: 0 | AC64: 0
A65: Electricity | B65: Wind | C65: Electric Power | D65: Wind | F65: 1 | G65: ELCWND | H65: 0 | I65: 0 | J65: 0 | K65: 0 | L65: 0 | M65: 0 | N65: 0 | O65: 0 | P65: 0 | Q65: 0 | R65: 0 | S65: 0 | T65: 0 | U65: 0 | V65: 0 | W65: 0 | X65: 0 | Y65: 0 | Z65: 0 | AA65: 0 | AB65: 0 | AC65: 0
A66: Electricity | B66: Hydro | C66: Electric Power | D66: Hydro | F66: 1 | G66: ELCHYD | H66: 0 | I66: 0 | J66: 0 | K66: 0 | L66: 0 | M66: 0 | N66: 0 | O66: 0 | P66: 0 | Q66: 0 | R66: 0 | S66: 0 | T66: 0 | U66: 0 | V66: 0 | W66: 0 | X66: 0 | Y66: 0 | Z66: 0 | AA66: 0 | AB66: 0 | AC66: 0
A67: Electricity | B67: Solar | C67: Electric Power | D67: Solar | F67: 2 | G67: ELCSOL | H67: 0 | I67: 0 | J67: 0 | K67: 0 | L67: 0 | M67: 0 | N67: 0 | O67: 0 | P67: 0 | Q67: 0 | R67: 0 | S67: 0 | T67: 0 | U67: 0 | V67: 0 | W67: 0 | X67: 0 | Y67: 0 | Z67: 0 | AA67: 0 | AB67: 0 | AC67: 0
A68: Waste | B68: LPG | C68: Industrial | D68: Propane | E68: Hydrocarbon gas liquids price in the industrial sector | F68: 1 | G68: WASLPG | H68: 15.144652 | I68: 13.529708 | J68: 22.453363 | K68: 24.25026 | L68: 21.481797 | M68: 19.265321 | N68: 17.113109 | O68: 16.995916 | P68: 20.560588 | Q68: 23.160107 | R68: 25.227695 | S68: 26.667272 | T68: 26.667272 | U68: 26.667272 | V68: 26.667272 | W68: 26.667272 | X68: 26.667272 | Y68: 26.667272 | Z68: 26.667272 | AA68: 26.667272 | AB68: 26.667272 | AC68: 26.667272
A69: Waste | B69: Diesel | C69: Industrial | D69: Distillate Fuel Oil | E69: Distillate fuel oil price in the industrial sector | F69: 1 | G69: WASDSL | H69: 16.205109 | I69: 11.359747 | J69: 15.42262 | K69: 16.656861 | L69: 15.231331 | M69: 14.040168 | N69: 12.700199 | O69: 10.980378 | P69: 11.829788 | Q69: 12.813168 | R69: 13.701334 | S69: 14.458269 | T69: 14.458269 | U69: 14.458269 | V69: 14.458269 | W69: 14.458269 | X69: 14.458269 | Y69: 14.458269 | Z69: 14.458269 | AA69: 14.458269 | AB69: 14.458269 | AC69: 14.458269
A70: Waste | B70: Fuel oil | C70: Industrial | D70: Residual Fuel Oil | E70: Residual fuel oil price in the industrial sector | F70: 1 | G70: WASFOI | H70: 10.803406 | I70: 8.3760503 | J70: 12.314517 | K70: 13.300023 | L70: 8.305852 | M70: 9.8242712 | N70: 10.264384 | O70: 15.911878 | P70: 17.519001 | Q70: 19.207624 | R70: 20.805142 | S70: 22.199438 | T70: 22.199438 | U70: 22.199438 | V70: 22.199438 | W70: 22.199438 | X70: 22.199438 | Y70: 22.199438 | Z70: 22.199438 | AA70: 22.199438 | AB70: 22.199438 | AC70: 22.199438
A71: Waste | B71: Kerosene | C71: Industrial | D71: Distillate Fuel Oil | E71: Kerosene price in the industrial sector | F71: 1 | G71: WASKER | H71: 18.734741 | I71: 13.594807 | J71: 17.801926 | K71: 19.226579 | L71: 17.581126 | M71: 16.206198 | N71: 14.659507 | O71: 12.674363 | P71: 13.654814 | Q71: 14.789904 | R71: 15.815091 | S71: 16.688801 | T71: 16.688801 | U71: 16.688801 | V71: 16.688801 | W71: 16.688801 | X71: 16.688801 | Y71: 16.688801 | Z71: 16.688801 | AA71: 16.688801 | AB71: 16.688801 | AC71: 16.688801
A72: Waste | B72: Gasoline | C72: Industrial | D72: Distillate Fuel Oil | E72: Motor gasoline price in the industrial sector | F72: 1 | G72: WASGSL | H72: 23.164358 | I72: 19.377754 | J72: 25.582901 | K72: 27.630249 | L72: 25.265592 | M72: 23.289702 | N72: 21.066973 | O72: 18.214151 | P72: 19.623143 | Q72: 21.254366 | R72: 22.727647 | S72: 23.983244 | T72: 23.983244 | U72: 23.983244 | V72: 23.983244 | W72: 23.983244 | X72: 23.983244 | Y72: 23.983244 | Z72: 23.983244 | AA72: 23.983244 | AB72: 23.983244 | AC72: 23.983244
A73: Waste | B73: Natural gas | C73: Industrial | D73: Natural Gas | E73: Natural gas price in the industrial sector (including supplemental gaseous fuels) | F73: 1 | G73: WASNGA | H73: 8.2406349 | I73: 7.3453188 | J73: 8.7026876 | K73: 9.3991463 | L73: 7.8406608 | M73: 6.3176618 | N73: 5.7092575 | O73: 5.4161205 | P73: 6.513417 | Q73: 7.3212058 | R73: 7.4682076 | S73: 7.6916073 | T73: 7.6916073 | U73: 7.6916073 | V73: 7.6916073 | W73: 7.6916073 | X73: 7.6916073 | Y73: 7.6916073 | Z73: 7.6916073 | AA73: 7.6916073 | AB73: 7.6916073 | AC73: 7.6916073
A74: Waste | B74: RNG | C74: Industrial | D74: Natural Gas | E74: Natural gas price in the industrial sector (including supplemental gaseous fuels) | F74: 2 | G74: WASRNG | H74: 16.48127 | I74: 14.690638 | J74: 17.405375 | K74: 18.798293 | L74: 15.681322 | M74: 12.635324 | N74: 11.418515 | O74: 10.832241 | P74: 13.026834 | Q74: 14.642412 | R74: 14.936415 | S74: 15.383215 | T74: 15.383215 | U74: 15.383215 | V74: 15.383215 | W74: 15.383215 | X74: 15.383215 | Y74: 15.383215 | Z74: 15.383215 | AA74: 15.383215 | AB74: 15.383215 | AC74: 15.383215
A75: Waste | B75: Petcoke | C75: Industrial | D75: Metallurgical Coal | E75: Coal price in the industrial sector | F75: 1 | G75: WASPCK | H75: 3.7778782 | I75: 3.9818789 | J75: 3.6011121 | K75: 3.8893019 | L75: 3.8487693 | M75: 3.941073 | N75: 4.0063417 | O75: 4.4118735 | P75: 4.9805162 | Q75: 5.5737404 | R75: 6.1313001 | S75: 6.6964864 | T75: 6.6964864 | U75: 6.6964864 | V75: 6.6964864 | W75: 6.6964864 | X75: 6.6964864 | Y75: 6.6964864 | Z75: 6.6964864 | AA75: 6.6964864 | AB75: 6.6964864 | AC75: 6.6964864
A76: Waste | B76: Coal | C76: Industrial | D76: Other Industrial Coal | E76: Coal price in the industrial sector | F76: 1 | G76: WASCOA | H76: 3.7778782 | I76: 3.9818789 | J76: 3.6011121 | K76: 3.8893019 | L76: 3.7264743 | M76: 3.6977751 | N76: 3.7934473 | O76: 3.9236989 | P76: 4.1425814 | Q76: 4.4356799 | R76: 4.6979638 | S76: 4.9689665 | T76: 4.9689665 | U76: 4.9689665 | V76: 4.9689665 | W76: 4.9689665 | X76: 4.9689665 | Y76: 4.9689665 | Z76: 4.9689665 | AA76: 4.9689665 | AB76: 4.9689665 | AC76: 4.9689665
A77: Waste | B77: Electricity | C77: Industrial | D77: Electricity | E77: Electricity price in the industrial sector | F77: 1 | G77: WASELC | H77: 18.171373 | I77: 17.630935 | J77: 19.92401 | K77: 21.518489 | L77: 20.695312 | M77: 18.778729 | N77: 18.127859 | O77: 17.722945 | P77: 19.063147 | Q77: 20.732893 | R77: 21.803489 | S77: 22.407178 | T77: 22.407178 | U77: 22.407178 | V77: 22.407178 | W77: 22.407178 | X77: 22.407178 | Y77: 22.407178 | Z77: 22.407178 | AA77: 22.407178 | AB77: 22.407178 | AC77: 22.407178
A78: Waste | B78: Hydrogen | C78: Industrial | D78: Electricity | E78: Electricity price in the industrial sector | F78: 2 | G78: WASH2G | H78: 36.342746 | I78: 35.26187 | J78: 39.84802 | K78: 43.036978 | L78: 41.390623 | M78: 37.557459 | N78: 36.255717 | O78: 35.445891 | P78: 38.126294 | Q78: 41.465785 | R78: 43.606978 | S78: 44.814355 | T78: 44.814355 | U78: 44.814355 | V78: 44.814355 | W78: 44.814355 | X78: 44.814355 | Y78: 44.814355 | Z78: 44.814355 | AA78: 44.814355 | AB78: 44.814355 | AC78: 44.814355
A79: Waste | B79: Solar | C79: Industrial | D79: Solar | F79: 1 | G79: WASSOL | H79: 0 | I79: 0 | J79: 0 | K79: 0 | L79: 0 | M79: 0 | N79: 0 | O79: 0 | P79: 0 | Q79: 0 | R79: 0 | S79: 0 | T79: 0 | U79: 0 | V79: 0 | W79: 0 | X79: 0 | Y79: 0 | Z79: 0 | AA79: 0 | AB79: 0 | AC79: 0
A80: Waste | B80: Wind | C80: Industrial | D80: Wind | F80: 1 | G80: WASWND | H80: 0 | I80: 0 | J80: 0 | K80: 0 | L80: 0 | M80: 0 | N80: 0 | O80: 0 | P80: 0 | Q80: 0 | R80: 0 | S80: 0 | T80: 0 | U80: 0 | V80: 0 | W80: 0 | X80: 0 | Y80: 0 | Z80: 0 | AA80: 0 | AB80: 0 | AC80: 0

Sheet >> TIMES

Sheet Def_Tech
B2: ~FI_Process
B3: Sets | C3: Region | D3: TechName | E3: TechDesc | F3: Tact | G3: Tcap | H3: Tslvl | I3: PrimaryCG | J3: Vintage
B4: *Process Set Membership | C4: Region | D4: Technology Name | E4: Technology Description | F4: Activity Unit | G4: Capacity Unit | H4: TimeSlice level of Process Activity | I4: Primary Commodity Group | J4: Vintage Tracking
B5: PRE | C5: CITY | D5: ='ENE TECH'!G3&RIGHT('City characteristics'!$C$20,2) -> RESLPG19 | E5: ='ENE TECH'!A3&" "&'ENE TECH'!B3&" "&"Import" -> Residential LPG Import | F5: TJ | G5: TJa
C6: CITY | D6: ='ENE TECH'!G4&RIGHT('City characteristics'!$C$20,2) -> RESFOI19 | E6: ='ENE TECH'!A4&" "&'ENE TECH'!B4&" "&"Import" -> Residential Fuel oil Import | F6: TJ | G6: TJa
C7: CITY | D7: ='ENE TECH'!G5&RIGHT('City characteristics'!$C$20,2) -> RESKER19 | E7: ='ENE TECH'!A5&" "&'ENE TECH'!B5&" "&"Import" -> Residential Kerosene Import | F7: TJ | G7: TJa
C8: CITY | D8: ='ENE TECH'!G6&RIGHT('City characteristics'!$C$20,2) -> RESNGA19 | E8: ='ENE TECH'!A6&" "&'ENE TECH'!B6&" "&"Import" -> Residential Natural gas Import | F8: TJ | G8: TJa
C9: CITY | D9: ='ENE TECH'!G7&RIGHT('City characteristics'!$C$20,2) -> RESRNG19 | E9: ='ENE TECH'!A7&" "&'ENE TECH'!B7&" "&"Import" -> Residential RNG Import | F9: TJ | G9: TJa
C10: CITY | D10: ='ENE TECH'!G8&RIGHT('City characteristics'!$C$20,2) -> RESELC19 | E10: ='ENE TECH'!A8&" "&'ENE TECH'!B8&" "&"Import" -> Residential Electricity Import | F10: TJ | G10: TJa | H10: DAYNITE
C11: CITY | D11: ='ENE TECH'!G9&RIGHT('City characteristics'!$C$20,2) -> RESH2G19 | E11: ='ENE TECH'!A9&" "&'ENE TECH'!B9&" "&"Import" -> Residential Hydrogen Import | F11: TJ | G11: TJa | H11: DAYNITE
C12: CITY | D12: ='ENE TECH'!G10&RIGHT('City characteristics'!$C$20,2) -> RESSTM19 | E12: ='ENE TECH'!A10&" "&'ENE TECH'!B10&" "&"Import" -> Residential Steam Import | F12: TJ | G12: TJa
C13: CITY | D13: ='ENE TECH'!G11&RIGHT('City characteristics'!$C$20,2) -> RESSOL19 | E13: ='ENE TECH'!A11&" "&'ENE TECH'!B11&" "&"Import" -> Residential Solar Import | F13: TJ | G13: TJa
C14: CITY | D14: ='ENE TECH'!G12&RIGHT('City characteristics'!$C$20,2) -> RESWND19 | E14: ='ENE TECH'!A12&" "&'ENE TECH'!B12&" "&"Import" -> Residential Wind Import | F14: TJ | G14: TJa
C15: CITY | D15: ='ENE TECH'!G13&RIGHT('City characteristics'!$C$20,2) -> COMLPG19 | E15: ='ENE TECH'!A13&" "&'ENE TECH'!B13&" "&"Import" -> Commercial LPG Import | F15: TJ | G15: TJa
C16: CITY | D16: ='ENE TECH'!G14&RIGHT('City characteristics'!$C$20,2) -> COMDSL19 | E16: ='ENE TECH'!A14&" "&'ENE TECH'!B14&" "&"Import" -> Commercial Diesel Import | F16: TJ | G16: TJa
C17: CITY | D17: ='ENE TECH'!G15&RIGHT('City characteristics'!$C$20,2) -> COMFOI19 | E17: ='ENE TECH'!A15&" "&'ENE TECH'!B15&" "&"Import" -> Commercial Fuel oil Import | F17: TJ | G17: TJa
C18: CITY | D18: ='ENE TECH'!G16&RIGHT('City characteristics'!$C$20,2) -> COMKER19 | E18: ='ENE TECH'!A16&" "&'ENE TECH'!B16&" "&"Import" -> Commercial Kerosene Import | F18: TJ | G18: TJa
C19: CITY | D19: ='ENE TECH'!G17&RIGHT('City characteristics'!$C$20,2) -> COMGSL19 | E19: ='ENE TECH'!A17&" "&'ENE TECH'!B17&" "&"Import" -> Commercial Gasoline Import | F19: TJ | G19: TJa
C20: CITY | D20: ='ENE TECH'!G18&RIGHT('City characteristics'!$C$20,2) -> COMNGA19 | E20: ='ENE TECH'!A18&" "&'ENE TECH'!B18&" "&"Import" -> Commercial Natural gas Import | F20: TJ | G20: TJa
C21: CITY | D21: ='ENE TECH'!G19&RIGHT('City characteristics'!$C$20,2) -> COMRNG19 | E21: ='ENE TECH'!A19&" "&'ENE TECH'!B19&" "&"Import" -> Commercial RNG Import | F21: TJ | G21: TJa
C22: CITY | D22: ='ENE TECH'!G20&RIGHT('City characteristics'!$C$20,2) -> COMELC19 | E22: ='ENE TECH'!A20&" "&'ENE TECH'!B20&" "&"Import" -> Commercial Electricity Import | F22: TJ | G22: TJa | H22: DAYNITE
C23: CITY | D23: ='ENE TECH'!G21&RIGHT('City characteristics'!$C$20,2) -> COMH2G19 | E23: ='ENE TECH'!A21&" "&'ENE TECH'!B21&" "&"Import" -> Commercial Hydrogen Import | F23: TJ | G23: TJa | H23: DAYNITE
C24: CITY | D24: ='ENE TECH'!G22&RIGHT('City characteristics'!$C$20,2) -> COMSTM19 | E24: ='ENE TECH'!A22&" "&'ENE TECH'!B22&" "&"Import" -> Commercial Steam Import | F24: TJ | G24: TJa
C25: CITY | D25: ='ENE TECH'!G23&RIGHT('City characteristics'!$C$20,2) -> COMSOL19 | E25: ='ENE TECH'!A23&" "&'ENE TECH'!B23&" "&"Import" -> Commercial Solar Import | F25: TJ | G25: TJa
C26: CITY | D26: ='ENE TECH'!G24&RIGHT('City characteristics'!$C$20,2) -> COMWND19 | E26: ='ENE TECH'!A24&" "&'ENE TECH'!B24&" "&"Import" -> Commercial Wind Import | F26: TJ | G26: TJa
C27: CITY | D27: ='ENE TECH'!G25&RIGHT('City characteristics'!$C$20,2) -> INDLPG19 | E27: ='ENE TECH'!A25&" "&'ENE TECH'!B25&" "&"Import" -> Industrial LPG Import | F27: TJ | G27: TJa
C28: CITY | D28: ='ENE TECH'!G26&RIGHT('City characteristics'!$C$20,2) -> INDDSL19 | E28: ='ENE TECH'!A26&" "&'ENE TECH'!B26&" "&"Import" -> Industrial Diesel Import | F28: TJ | G28: TJa
C29: CITY | D29: ='ENE TECH'!G27&RIGHT('City characteristics'!$C$20,2) -> INDFOI19 | E29: ='ENE TECH'!A27&" "&'ENE TECH'!B27&" "&"Import" -> Industrial Fuel oil Import | F29: TJ | G29: TJa
C30: CITY | D30: ='ENE TECH'!G28&RIGHT('City characteristics'!$C$20,2) -> INDKER19 | E30: ='ENE TECH'!A28&" "&'ENE TECH'!B28&" "&"Import" -> Industrial Kerosene Import | F30: TJ | G30: TJa
C31: CITY | D31: ='ENE TECH'!G29&RIGHT('City characteristics'!$C$20,2) -> INDGSL19 | E31: ='ENE TECH'!A29&" "&'ENE TECH'!B29&" "&"Import" -> Industrial Gasoline Import | F31: TJ | G31: TJa
C32: CITY | D32: ='ENE TECH'!G30&RIGHT('City characteristics'!$C$20,2) -> INDNGA19 | E32: ='ENE TECH'!A30&" "&'ENE TECH'!B30&" "&"Import" -> Industrial Natural gas Import | F32: TJ | G32: TJa
C33: CITY | D33: ='ENE TECH'!G31&RIGHT('City characteristics'!$C$20,2) -> INDRNG19 | E33: ='ENE TECH'!A31&" "&'ENE TECH'!B31&" "&"Import" -> Industrial RNG Import | F33: TJ | G33: TJa
C34: CITY | D34: ='ENE TECH'!G32&RIGHT('City characteristics'!$C$20,2) -> INDPCK19 | E34: ='ENE TECH'!A32&" "&'ENE TECH'!B32&" "&"Import" -> Industrial Petcoke Import | F34: TJ | G34: TJa
C35: CITY | D35: ='ENE TECH'!G33&RIGHT('City characteristics'!$C$20,2) -> INDCOA19 | E35: ='ENE TECH'!A33&" "&'ENE TECH'!B33&" "&"Import" -> Industrial Coal Import | F35: TJ | G35: TJa
C36: CITY | D36: ='ENE TECH'!G34&RIGHT('City characteristics'!$C$20,2) -> INDELC19 | E36: ='ENE TECH'!A34&" "&'ENE TECH'!B34&" "&"Import" -> Industrial Electricity Import | F36: TJ | G36: TJa | H36: DAYNITE
C37: CITY | D37: ='ENE TECH'!G35&RIGHT('City characteristics'!$C$20,2) -> INDH2G19 | E37: ='ENE TECH'!A35&" "&'ENE TECH'!B35&" "&"Import" -> Industrial Hydrogen Import | F37: TJ | G37: TJa | H37: DAYNITE
C38: CITY | D38: ='ENE TECH'!G36&RIGHT('City characteristics'!$C$20,2) -> INDSTM19 | E38: ='ENE TECH'!A36&" "&'ENE TECH'!B36&" "&"Import" -> Industrial Steam Import | F38: TJ | G38: TJa
C39: CITY | D39: ='ENE TECH'!G37&RIGHT('City characteristics'!$C$20,2) -> INDSOL19 | E39: ='ENE TECH'!A37&" "&'ENE TECH'!B37&" "&"Import" -> Industrial Solar Import | F39: TJ | G39: TJa
C40: CITY | D40: ='ENE TECH'!G38&RIGHT('City characteristics'!$C$20,2) -> INDWND19 | E40: ='ENE TECH'!A38&" "&'ENE TECH'!B38&" "&"Import" -> Industrial Wind Import | F40: TJ | G40: TJa
C41: CITY | D41: ='ENE TECH'!G39&RIGHT('City characteristics'!$C$20,2) -> TRALPG19 | E41: ='ENE TECH'!A39&" "&'ENE TECH'!B39&" "&"Import" -> Transportation LPG Import | F41: TJ | G41: TJa
C42: CITY | D42: ='ENE TECH'!G40&RIGHT('City characteristics'!$C$20,2) -> TRAETH19 | E42: ='ENE TECH'!A40&" "&'ENE TECH'!B40&" "&"Import" -> Transportation Ethanol Import | F42: TJ | G42: TJa
C43: CITY | D43: ='ENE TECH'!G41&RIGHT('City characteristics'!$C$20,2) -> TRAGSL19 | E43: ='ENE TECH'!A41&" "&'ENE TECH'!B41&" "&"Import" -> Transportation Gasoline Import | F43: TJ | G43: TJa
C44: CITY | D44: ='ENE TECH'!G42&RIGHT('City characteristics'!$C$20,2) -> TRAAGA19 | E44: ='ENE TECH'!A42&" "&'ENE TECH'!B42&" "&"Import" -> Transportation Aviation gasoline Import | F44: TJ | G44: TJa
C45: CITY | D45: ='ENE TECH'!G43&RIGHT('City characteristics'!$C$20,2) -> TRAATF19 | E45: ='ENE TECH'!A43&" "&'ENE TECH'!B43&" "&"Import" -> Transportation Aviation turbo-fuel Import | F45: TJ | G45: TJa
C46: CITY | D46: ='ENE TECH'!G44&RIGHT('City characteristics'!$C$20,2) -> TRASAF19 | E46: ='ENE TECH'!A44&" "&'ENE TECH'!B44&" "&"Import" -> Transportation Sustainable aviation fuel Import | F46: TJ | G46: TJa
C47: CITY | D47: ='ENE TECH'!G45&RIGHT('City characteristics'!$C$20,2) -> TRADSL19 | E47: ='ENE TECH'!A45&" "&'ENE TECH'!B45&" "&"Import" -> Transportation Diesel Import | F47: TJ | G47: TJa
C48: CITY | D48: ='ENE TECH'!G46&RIGHT('City characteristics'!$C$20,2) -> TRARDS19 | E48: ='ENE TECH'!A46&" "&'ENE TECH'!B46&" "&"Import" -> Transportation Renewable diesel Import | F48: TJ | G48: TJa
C49: CITY | D49: ='ENE TECH'!G47&RIGHT('City characteristics'!$C$20,2) -> TRABDS19 | E49: ='ENE TECH'!A47&" "&'ENE TECH'!B47&" "&"Import" -> Transportation Bio diesel Import | F49: TJ | G49: TJa
C50: CITY | D50: ='ENE TECH'!G49&RIGHT('City characteristics'!$C$20,2) -> TRACNG19 | E50: ='ENE TECH'!A49&" "&'ENE TECH'!B49&" "&"Import" -> Transportation Compressed Natural gas Import | F50: TJ | G50: TJa | H50: DAYNITE
C51: CITY | D51: ='ENE TECH'!G50&RIGHT('City characteristics'!$C$20,2) -> TRARNG19 | E51: ='ENE TECH'!A50&" "&'ENE TECH'!B50&" "&"Import" -> Transportation RNG Import | F51: TJ | G51: TJa | H51: DAYNITE
C52: CITY | D52: ='ENE TECH'!G51&RIGHT('City characteristics'!$C$20,2) -> TRAELC19 | E52: ='ENE TECH'!A51&" "&'ENE TECH'!B51&" "&"Import" -> Transportation Electricity Import | F52: TJ | G52: TJa
C53: CITY | D53: ='ENE TECH'!G52&RIGHT('City characteristics'!$C$20,2) -> TRAH2G19 | E53: ='ENE TECH'!A52&" "&'ENE TECH'!B52&" "&"Import" -> Transportation Hydrogen Import | F53: TJ | G53: TJa
C54: CITY | D54: ='ENE TECH'!G39&RIGHT('City characteristics'!$C$20,2) -> TRALPG19 | E54: ='ENE TECH'!A39&" "&'ENE TECH'!B39&" "&"Import" -> Transportation LPG Import | F54: TJ | G54: TJa
C55: CITY | D55: ='ENE TECH'!G40&RIGHT('City characteristics'!$C$20,2) -> TRAETH19 | E55: ='ENE TECH'!A40&" "&'ENE TECH'!B40&" "&"Import" -> Transportation Ethanol Import | F55: TJ | G55: TJa
C56: CITY | D56: ='ENE TECH'!G41&RIGHT('City characteristics'!$C$20,2) -> TRAGSL19 | E56: ='ENE TECH'!A41&" "&'ENE TECH'!B41&" "&"Import" -> Transportation Gasoline Import | F56: TJ | G56: TJa
C57: CITY | D57: ='ENE TECH'!G42&RIGHT('City characteristics'!$C$20,2) -> TRAAGA19 | E57: ='ENE TECH'!A42&" "&'ENE TECH'!B42&" "&"Import" -> Transportation Aviation gasoline Import | F57: TJ | G57: TJa
C58: CITY | D58: ='ENE TECH'!G43&RIGHT('City characteristics'!$C$20,2) -> TRAATF19 | E58: ='ENE TECH'!A43&" "&'ENE TECH'!B43&" "&"Import" -> Transportation Aviation turbo-fuel Import | F58: TJ | G58: TJa
C59: CITY | D59: ='ENE TECH'!G44&RIGHT('City characteristics'!$C$20,2) -> TRASAF19 | E59: ='ENE TECH'!A44&" "&'ENE TECH'!B44&" "&"Import" -> Transportation Sustainable aviation fuel Import | F59: TJ | G59: TJa
C60: CITY | D60: ='ENE TECH'!G45&RIGHT('City characteristics'!$C$20,2) -> TRADSL19 | E60: ='ENE TECH'!A45&" "&'ENE TECH'!B45&" "&"Import" -> Transportation Diesel Import | F60: TJ | G60: TJa
C61: CITY | D61: ='ENE TECH'!G46&RIGHT('City characteristics'!$C$20,2) -> TRARDS19 | E61: ='ENE TECH'!A46&" "&'ENE TECH'!B46&" "&"Import" -> Transportation Renewable diesel Import | F61: TJ | G61: TJa
C62: CITY | D62: ='ENE TECH'!G47&RIGHT('City characteristics'!$C$20,2) -> TRABDS19 | E62: ='ENE TECH'!A47&" "&'ENE TECH'!B47&" "&"Import" -> Transportation Bio diesel Import | F62: TJ | G62: TJa
C63: CITY | D63: ='ENE TECH'!G48&RIGHT('City characteristics'!$C$20,2) -> TRAFOI19 | E63: ='ENE TECH'!A48&" "&'ENE TECH'!B48&" "&"Import" -> Transportation Fuel oil Import | F63: TJ | G63: TJa
C64: CITY | D64: ='ENE TECH'!G49&RIGHT('City characteristics'!$C$20,2) -> TRACNG19 | E64: ='ENE TECH'!A49&" "&'ENE TECH'!B49&" "&"Import" -> Transportation Compressed Natural gas Import | F64: TJ | G64: TJa
C65: CITY | D65: ='ENE TECH'!G50&RIGHT('City characteristics'!$C$20,2) -> TRARNG19 | E65: ='ENE TECH'!A50&" "&'ENE TECH'!B50&" "&"Import" -> Transportation RNG Import | F65: TJ | G65: TJa
C66: CITY | D66: ='ENE TECH'!G51&RIGHT('City characteristics'!$C$20,2) -> TRAELC19 | E66: ='ENE TECH'!A51&" "&'ENE TECH'!B51&" "&"Import" -> Transportation Electricity Import | F66: TJ | G66: TJa | H66: DAYNITE
C67: CITY | D67: ='ENE TECH'!G52&RIGHT('City characteristics'!$C$20,2) -> TRAH2G19 | E67: ='ENE TECH'!A52&" "&'ENE TECH'!B52&" "&"Import" -> Transportation Hydrogen Import | F67: TJ | G67: TJa | H67: DAYNITE
C68: CITY,EGRID | D68: ='ENE TECH'!G53&RIGHT('City characteristics'!$C$20,2) -> ELCDSL19 | E68: ='ENE TECH'!A53&" "&'ENE TECH'!B53&" "&"Import" -> Electricity Diesel Import | F68: TJ | G68: TJa
C69: CITY,EGRID | D69: ='ENE TECH'!G54&RIGHT('City characteristics'!$C$20,2) -> ELCFOI19 | E69: ='ENE TECH'!A54&" "&'ENE TECH'!B54&" "&"Import" -> Electricity Fuel oil Import | F69: TJ | G69: TJa
C70: CITY,EGRID | D70: ='ENE TECH'!G55&RIGHT('City characteristics'!$C$20,2) -> ELCNGA19 | E70: ='ENE TECH'!A55&" "&'ENE TECH'!B55&" "&"Import" -> Electricity Natural gas Import | F70: TJ | G70: TJa
C71: CITY,EGRID | D71: ='ENE TECH'!G56&RIGHT('City characteristics'!$C$20,2) -> ELCRNG19 | E71: ='ENE TECH'!A56&" "&'ENE TECH'!B56&" "&"Import" -> Electricity RNG Import | F71: TJ | G71: TJa
C72: CITY,EGRID | D72: ='ENE TECH'!G57&RIGHT('City characteristics'!$C$20,2) -> ELCCOA19 | E72: ='ENE TECH'!A57&" "&'ENE TECH'!B57&" "&"Import" -> Electricity Coal Import | F72: TJ | G72: TJa
C73: CITY,EGRID | D73: ='ENE TECH'!G58&RIGHT('City characteristics'!$C$20,2) -> ELCURN19 | E73: ='ENE TECH'!A58&" "&'ENE TECH'!B58&" "&"Import" -> Electricity Uranium Import | F73: TJ | G73: TJa
C74: CITY,EGRID | D74: ='ENE TECH'!G59&RIGHT('City characteristics'!$C$20,2) -> ELCBIO19 | E74: ='ENE TECH'!A59&" "&'ENE TECH'!B59&" "&"Import" -> Electricity Biomass Import | F74: TJ | G74: TJa
C75: CITY,EGRID | D75: ='ENE TECH'!G60&RIGHT('City characteristics'!$C$20,2) -> ELCOTB19 | E75: ='ENE TECH'!A60&" "&'ENE TECH'!B60&" "&"Import" -> Electricity Other bioenergy Import | F75: TJ | G75: TJa
C76: CITY,EGRID | D76: ='ENE TECH'!G61&RIGHT('City characteristics'!$C$20,2) -> ELCWAS19 | E76: ='ENE TECH'!A61&" "&'ENE TECH'!B61&" "&"Import" -> Electricity Waste Import | F76: TJ | G76: TJa
C77: CITY,EGRID | D77: ='ENE TECH'!G62&RIGHT('City characteristics'!$C$20,2) -> ELCHET19 | E77: ='ENE TECH'!A62&" "&'ENE TECH'!B62&" "&"Import" -> Electricity Waste heat Import | F77: TJ | G77: TJa
C78: CITY,EGRID | D78: ='ENE TECH'!G63&RIGHT('City characteristics'!$C$20,2) -> ELCSTM19 | E78: ='ENE TECH'!A63&" "&'ENE TECH'!B63&" "&"Import" -> Electricity Steam Import | F78: TJ | G78: TJa
C79: CITY,EGRID | D79: ='ENE TECH'!G64&RIGHT('City characteristics'!$C$20,2) -> ELCGEO19 | E79: ='ENE TECH'!A64&" "&'ENE TECH'!B64&" "&"Import" -> Electricity Geothermal Import | F79: TJ | G79: TJa
... C95: CITY,EGRID | D95: ='ENE TECH'!G80&RIGHT('City characteristics'!$C$20,2) -> WASWND19 | E95: ='ENE TECH'!A80&" "&'ENE TECH'!B80&" "&"Import" -> Waste Wind Import | F95: TJ | G95: TJa
B96: *
B97: MIN | C97: CITY,EGRID | D97: ="IMP"&List!B2&RIGHT('City characteristics'!$C$20,2) -> IMPLPG19 | E97: =List!C2&" "&"Import" -> LPG Import | F97: TJ | G97: TJa
C98: CITY,EGRID | D98: ="IMP"&List!B3&RIGHT('City characteristics'!$C$20,2) -> IMPFOI19 | E98: =List!C3&" "&"Import" -> Fuel oil Import | F98: TJ | G98: TJa
C99: CITY,EGRID | D99: ="IMP"&List!B4&RIGHT('City characteristics'!$C$20,2) -> IMPKER19 | E99: =List!C4&" "&"Import" -> Kerosene Import | F99: TJ | G99: TJa
C100: CITY,EGRID | D100: ="IMP"&List!B5&RIGHT('City characteristics'!$C$20,2) -> IMPNGA19 | E100: =List!C5&" "&"Import" -> Natural gas Import | F100: TJ | G100: TJa
C101: CITY,EGRID | D101: ="IMP"&List!B6&RIGHT('City characteristics'!$C$20,2) -> IMPRNG19 | E101: =List!C6&" "&"Import" -> RNG Import | F101: TJ | G101: TJa
C102: CITY,EGRID | D102: ="IMP"&List!B9&RIGHT('City characteristics'!$C$20,2) -> IMPDSL19 | E102: =List!C9&" "&"Import" -> Diesel Import | F102: TJ | G102: TJa
C103: CITY,EGRID | D103: ="IMP"&List!B10&RIGHT('City characteristics'!$C$20,2) -> IMPGSL19 | E103: =List!C10&" "&"Import" -> Gasoline Import | F103: TJ | G103: TJa
C104: CITY,EGRID | D104: ="IMP"&List!B11&RIGHT('City characteristics'!$C$20,2) -> IMPPCK19 | E104: =List!C11&" "&"Import" -> Petcoke Import | F104: TJ | G104: TJa
C105: CITY,EGRID | D105: ="IMP"&List!B12&RIGHT('City characteristics'!$C$20,2) -> IMPCOA19 | E105: =List!C12&" "&"Import" -> Coal Import | F105: TJ | G105: TJa
C106: CITY,EGRID | D106: ="IMP"&List!B13&RIGHT('City characteristics'!$C$20,2) -> IMPETH19 | E106: =List!C13&" "&"Import" -> Ethanol Import | F106: TJ | G106: TJa
C107: CITY,EGRID | D107: ="IMP"&List!B14&RIGHT('City characteristics'!$C$20,2) -> IMPAGA19 | E107: =List!C14&" "&"Import" -> Aviation gasoline Import | F107: TJ | G107: TJa
C108: CITY,EGRID | D108: ="IMP"&List!B15&RIGHT('City characteristics'!$C$20,2) -> IMPATF19 | E108: =List!C15&" "&"Import" -> Aviation turbo-fuel Import | F108: TJ | G108: TJa
C109: CITY,EGRID | D109: ="IMP"&List!B16&RIGHT('City characteristics'!$C$20,2) -> IMPSAF19 | E109: =List!C16&" "&"Import" -> Sustainable aviation fuel Import | F109: TJ | G109: TJa
C110: CITY,EGRID | D110: ="IMP"&List!B17&RIGHT('City characteristics'!$C$20,2) -> IMPRDS19 | E110: =List!C17&" "&"Import" -> Renewable diesel Import | F110: TJ | G110: TJa
C111: CITY,EGRID | D111: ="IMP"&List!B18&RIGHT('City characteristics'!$C$20,2) -> IMPBDS19 | E111: =List!C18&" "&"Import" -> Bio diesel Import | F111: TJ | G111: TJa
C112: CITY,EGRID | D112: ="IMP"&List!B19&RIGHT('City characteristics'!$C$20,2) -> IMPCNG19 | E112: =List!C19&" "&"Import" -> Compressed Natural gas Import | F112: TJ | G112: TJa
C113: CITY,EGRID | D113: ="IMP"&List!B20&RIGHT('City characteristics'!$C$20,2) -> IMPURN19 | E113: =List!C20&" "&"Import" -> Uranium Import | F113: TJ | G113: TJa
... C122: CITY,EGRID | D122: ="IMP"&List!B29&RIGHT('City characteristics'!$C$20,2) -> IMPHYD19 | E122: =List!C29&" "&"Import" -> Hydro Import | F122: TJ | G122: TJa
B123: PRE | C123: CITY,EGRID | D123: =List!B7&RIGHT('City characteristics'!$C$20,2) -> ELC19 | E123: =List!C7&" "&"Import" -> Electricity Import | F123: TJ | G123: TJa | H123: DAYNITE
C124: CITY,EGRID | D124: ="IMP"&List!B8&RIGHT('City characteristics'!$C$20,2) -> IMPH2G19 | E124: =List!C8&" "&"Import" -> Hydrogen Import | F124: TJ | G124: TJa | H124: DAYNITE
...

Sheet Def_Comm
B2: ~FI_Comm
B3: Csets | C3: CommName | D3: CommDesc | E3: Unit | F3: LimType | G3: CTSLvl | H3: PeakTS | I3: Ctype
B4: *Commodity Set Membership | C4: Commodity Name | D4: Commodity Description | E4: Unit | F4: Sense of the Balance EQN. | G4: Timeslice Level | H4: Peak Monitoring | I4: Electricity Indicator
B5: NRG | C5: ='ENE TECH'!G3 -> RESLPG | D5: ='ENE TECH'!A3&" "&'ENE TECH'!B3 -> Residential LPG | E5: TJ
C6: ='ENE TECH'!G4 -> RESFOI | D6: ='ENE TECH'!A4&" "&'ENE TECH'!B4 -> Residential Fuel oil | E6: TJ
C7: ='ENE TECH'!G5 -> RESKER | D7: ='ENE TECH'!A5&" "&'ENE TECH'!B5 -> Residential Kerosene | E7: TJ
C8: ='ENE TECH'!G6 -> RESNGA | D8: ='ENE TECH'!A6&" "&'ENE TECH'!B6 -> Residential Natural gas | E8: TJ
C9: ='ENE TECH'!G7 -> RESRNG | D9: ='ENE TECH'!A7&" "&'ENE TECH'!B7 -> Residential RNG | E9: TJ
C10: ='ENE TECH'!G8 -> RESELC | D10: ='ENE TECH'!A8&" "&'ENE TECH'!B8 -> Residential Electricity | E10: TJ | G10: DAYNITE | H10: ANNUAL | I10: ELC
C11: ='ENE TECH'!G9 -> RESH2G | D11: ='ENE TECH'!A9&" "&'ENE TECH'!B9 -> Residential Hydrogen | E11: TJ | G11: DAYNITE | H11: ANNUAL
C12: RESSTM | D12: Residential Steam | E12: TJ | I12: LTHEAT
C13: ='ENE TECH'!G11 -> RESSOL | D13: ='ENE TECH'!A11&" "&'ENE TECH'!B11 -> Residential Solar | E13: TJ
C14: ='ENE TECH'!G12 -> RESWND | D14: ='ENE TECH'!A12&" "&'ENE TECH'!B12 -> Residential Wind | E14: TJ
C15: ='ENE TECH'!G13 -> COMLPG | D15: ='ENE TECH'!A13&" "&'ENE TECH'!B13 -> Commercial LPG | E15: TJ
C16: ='ENE TECH'!G14 -> COMDSL | D16: ='ENE TECH'!A14&" "&'ENE TECH'!B14 -> Commercial Diesel | E16: TJ
C17: ='ENE TECH'!G15 -> COMFOI | D17: ='ENE TECH'!A15&" "&'ENE TECH'!B15 -> Commercial Fuel oil | E17: TJ
C18: ='ENE TECH'!G16 -> COMKER | D18: ='ENE TECH'!A16&" "&'ENE TECH'!B16 -> Commercial Kerosene | E18: TJ
C19: ='ENE TECH'!G17 -> COMGSL | D19: ='ENE TECH'!A17&" "&'ENE TECH'!B17 -> Commercial Gasoline | E19: TJ
C20: ='ENE TECH'!G18 -> COMNGA | D20: ='ENE TECH'!A18&" "&'ENE TECH'!B18 -> Commercial Natural gas | E20: TJ
C21: ='ENE TECH'!G19 -> COMRNG | D21: ='ENE TECH'!A19&" "&'ENE TECH'!B19 -> Commercial RNG | E21: TJ
C22: ='ENE TECH'!G20 -> COMELC | D22: ='ENE TECH'!A20&" "&'ENE TECH'!B20 -> Commercial Electricity | E22: TJ | G22: DAYNITE | H22: ANNUAL | I22: ELC
C23: ='ENE TECH'!G21 -> COMH2G | D23: ='ENE TECH'!A21&" "&'ENE TECH'!B21 -> Commercial Hydrogen | E23: TJ | G23: DAYNITE | H23: ANNUAL
C24: COMSTM | D24: Commercial Steam | E24: TJ | I24: LTHEAT
C25: ='ENE TECH'!G23 -> COMSOL | D25: ='ENE TECH'!A23&" "&'ENE TECH'!B23 -> Commercial Solar | E25: TJ
C26: ='ENE TECH'!G24 -> COMWND | D26: ='ENE TECH'!A24&" "&'ENE TECH'!B24 -> Commercial Wind | E26: TJ
C27: ='ENE TECH'!G25 -> INDLPG | D27: ='ENE TECH'!A25&" "&'ENE TECH'!B25 -> Industrial LPG | E27: TJ
C28: ='ENE TECH'!G26 -> INDDSL | D28: ='ENE TECH'!A26&" "&'ENE TECH'!B26 -> Industrial Diesel | E28: TJ
C29: ='ENE TECH'!G27 -> INDFOI | D29: ='ENE TECH'!A27&" "&'ENE TECH'!B27 -> Industrial Fuel oil | E29: TJ
C30: ='ENE TECH'!G28 -> INDKER | D30: ='ENE TECH'!A28&" "&'ENE TECH'!B28 -> Industrial Kerosene | E30: TJ
C31: ='ENE TECH'!G29 -> INDGSL | D31: ='ENE TECH'!A29&" "&'ENE TECH'!B29 -> Industrial Gasoline | E31: TJ
C32: ='ENE TECH'!G30 -> INDNGA | D32: ='ENE TECH'!A30&" "&'ENE TECH'!B30 -> Industrial Natural gas | E32: TJ
C33: ='ENE TECH'!G31 -> INDRNG | D33: ='ENE TECH'!A31&" "&'ENE TECH'!B31 -> Industrial RNG | E33: TJ
C34: ='ENE TECH'!G32 -> INDPCK | D34: ='ENE TECH'!A32&" "&'ENE TECH'!B32 -> Industrial Petcoke | E34: TJ
C35: ='ENE TECH'!G33 -> INDCOA | D35: ='ENE TECH'!A33&" "&'ENE TECH'!B33 -> Industrial Coal | E35: TJ
C36: ='ENE TECH'!G34 -> INDELC | D36: ='ENE TECH'!A34&" "&'ENE TECH'!B34 -> Industrial Electricity | E36: TJ | G36: DAYNITE | H36: ANNUAL | I36: ELC
C37: ='ENE TECH'!G35 -> INDH2G | D37: ='ENE TECH'!A35&" "&'ENE TECH'!B35 -> Industrial Hydrogen | E37: TJ | G37: DAYNITE | H37: ANNUAL
C38: ='ENE TECH'!G36 -> INDSTM | D38: ='ENE TECH'!A36&" "&'ENE TECH'!B36 -> Industrial Steam | E38: TJ | I38: LTHEAT
C39: ='ENE TECH'!G37 -> INDSOL | D39: ='ENE TECH'!A37&" "&'ENE TECH'!B37 -> Industrial Solar | E39: TJ
C40: ='ENE TECH'!G38 -> INDWND | D40: ='ENE TECH'!A38&" "&'ENE TECH'!B38 -> Industrial Wind | E40: TJ
C41: ='ENE TECH'!G39 -> TRALPG | D41: ='ENE TECH'!A39&" "&'ENE TECH'!B39 -> Transportation LPG | E41: TJ
C42: ='ENE TECH'!G40 -> TRAETH | D42: ='ENE TECH'!A40&" "&'ENE TECH'!B40 -> Transportation Ethanol | E42: TJ
C43: ='ENE TECH'!G41 -> TRAGSL | D43: ='ENE TECH'!A41&" "&'ENE TECH'!B41 -> Transportation Gasoline | E43: TJ
C44: ='ENE TECH'!G42 -> TRAAGA | D44: ='ENE TECH'!A42&" "&'ENE TECH'!B42 -> Transportation Aviation gasoline | E44: TJ
C45: ='ENE TECH'!G43 -> TRAATF | D45: ='ENE TECH'!A43&" "&'ENE TECH'!B43 -> Transportation Aviation turbo-fuel | E45: TJ
C46: ='ENE TECH'!G44 -> TRASAF | D46: ='ENE TECH'!A44&" "&'ENE TECH'!B44 -> Transportation Sustainable aviation fuel | E46: TJ
C47: ='ENE TECH'!G45 -> TRADSL | D47: ='ENE TECH'!A45&" "&'ENE TECH'!B45 -> Transportation Diesel | E47: TJ
C48: ='ENE TECH'!G46 -> TRARDS | D48: ='ENE TECH'!A46&" "&'ENE TECH'!B46 -> Transportation Renewable diesel | E48: TJ
C49: ='ENE TECH'!G47 -> TRABDS | D49: ='ENE TECH'!A47&" "&'ENE TECH'!B47 -> Transportation Bio diesel | E49: TJ
C50: ='ENE TECH'!G48 -> TRAFOI | D50: ='ENE TECH'!A48&" "&'ENE TECH'!B48 -> Transportation Fuel oil | E50: TJ
... C52: ='ENE TECH'!G50 -> TRARNG | D52: ='ENE TECH'!A50&" "&'ENE TECH'!B50 -> Transportation RNG | E52: TJ
C53: ='ENE TECH'!G51 -> TRAELC | D53: ='ENE TECH'!A51&" "&'ENE TECH'!B51 -> Transportation Electricity | E53: TJ | G53: DAYNITE | H53: ANNUAL | I53: ELC
C54: ='ENE TECH'!G52 -> TRAH2G | D54: ='ENE TECH'!A52&" "&'ENE TECH'!B52 -> Transportation Hydrogen | E54: TJ | G54: DAYNITE | H54: ANNUAL
C55: ='ENE TECH'!G53 -> ELCDSL | D55: ='ENE TECH'!A53&" "&'ENE TECH'!B53 -> Electricity Diesel | E55: TJ
C56: ='ENE TECH'!G54 -> ELCFOI | D56: ='ENE TECH'!A54&" "&'ENE TECH'!B54 -> Electricity Fuel oil | E56: TJ
C57: ='ENE TECH'!G55 -> ELCNGA | D57: ='ENE TECH'!A55&" "&'ENE TECH'!B55 -> Electricity Natural gas | E57: TJ
C58: ='ENE TECH'!G56 -> ELCRNG | D58: ='ENE TECH'!A56&" "&'ENE TECH'!B56 -> Electricity RNG | E58: TJ
C59: ='ENE TECH'!G57 -> ELCCOA | D59: ='ENE TECH'!A57&" "&'ENE TECH'!B57 -> Electricity Coal | E59: TJ
C60: ='ENE TECH'!G58 -> ELCURN | D60: ='ENE TECH'!A58&" "&'ENE TECH'!B58 -> Electricity Uranium | E60: TJ
C61: ='ENE TECH'!G59 -> ELCBIO | D61: ='ENE TECH'!A59&" "&'ENE TECH'!B59 -> Electricity Biomass | E61: TJ
C62: ='ENE TECH'!G60 -> ELCOTB | D62: ='ENE TECH'!A60&" "&'ENE TECH'!B60 -> Electricity Other bioenergy | E62: TJ
C63: ='ENE TECH'!G61 -> ELCWAS | D63: ='ENE TECH'!A61&" "&'ENE TECH'!B61 -> Electricity Waste | E63: TJ
C64: ='ENE TECH'!G62 -> ELCHET | D64: ='ENE TECH'!A62&" "&'ENE TECH'!B62 -> Electricity Waste heat | E64: TJ
C65: ='ENE TECH'!G63 -> ELCSTM | D65: ='ENE TECH'!A63&" "&'ENE TECH'!B63 -> Electricity Steam | E65: TJ
C66: ='ENE TECH'!G64 -> ELCGEO | D66: ='ENE TECH'!A64&" "&'ENE TECH'!B64 -> Electricity Geothermal | E66: TJ
... C78: ='ENE TECH'!G76 -> WASCOA | D78: ='ENE TECH'!A76&" "&'ENE TECH'!B76 -> Waste Coal | E78: TJ
C79: ='ENE TECH'!G77 -> WASELC | D79: ='ENE TECH'!A77&" "&'ENE TECH'!B77 -> Waste Electricity | E79: TJ | G79: DAYNITE | H79: ANNUAL | I79: ELC
C80: ='ENE TECH'!G78 -> WASH2G | D80: ='ENE TECH'!A78&" "&'ENE TECH'!B78 -> Waste Hydrogen | E80: TJ | G80: DAYNITE | H80: ANNUAL
C81: ='ENE TECH'!G79 -> WASSOL | D81: ='ENE TECH'!A79&" "&'ENE TECH'!B79 -> Waste Solar | E81: TJ
C82: ='ENE TECH'!G80 -> WASWND | D82: ='ENE TECH'!A80&" "&'ENE TECH'!B80 -> Waste Wind | E82: TJ
B83: *
B84: NRG | C84: =List!B2 -> LPG | D84: =List!C2 -> LPG | E84: TJ
C85: =List!B3 -> FOI | D85: =List!C3 -> Fuel oil | E85: TJ
C86: =List!B4 -> KER | D86: =List!C4 -> Kerosene | E86: TJ
C87: =List!B5 -> NGA | D87: =List!C5 -> Natural gas | E87: TJ
C88: =List!B6 -> RNG | D88: =List!C6 -> RNG | E88: TJ
C89: =List!B9 -> DSL | D89: =List!C9 -> Diesel | E89: TJ
C90: =List!B10 -> GSL | D90: =List!C10 -> Gasoline | E90: TJ
C91: =List!B11 -> PCK | D91: =List!C11 -> Petcoke | E91: TJ
C92: =List!B12 -> COA | D92: =List!C12 -> Coal | E92: TJ
C93: =List!B13 -> ETH | D93: =List!C13 -> Ethanol | E93: TJ
C94: =List!B14 -> AGA | D94: =List!C14 -> Aviation gasoline | E94: TJ
C95: =List!B15 -> ATF | D95: =List!C15 -> Aviation turbo-fuel | E95: TJ
C96: =List!B16 -> SAF | D96: =List!C16 -> Sustainable aviation fuel | E96: TJ
C97: =List!B17 -> RDS | D97: =List!C17 -> Renewable diesel | E97: TJ
C98: =List!B18 -> BDS | D98: =List!C18 -> Bio diesel | E98: TJ
C99: =List!B19 -> CNG | D99: =List!C19 -> Compressed Natural gas | E99: TJ
C100: =List!B20 -> URN | D100: =List!C20 -> Uranium | E100: TJ
... C109: =List!B29 -> HYD | D109: =List!C29 -> Hydro | E109: TJ
B110: *
B111: NRG | C111: =List!B30 -> CELC | D111: =List!C30 -> Centralized Electricity | E111: TJ | G111: DAYNITE | H111: ANNUAL | I111: ELC
C112: =List!B31 -> CH2G | D112: =List!C31 -> Centralized Hydrogen | E112: TJ | G112: DAYNITE | H112: ANNUAL
B113: *
B114: ENV | C114: CO2 | D114: Carbon dioxide | E114: t
C115: CH4 | D115: Methane | E115: t
C116: N2O | D116: Nitrous oxide | E116: t
C117: NOX | D117: NOX | E117: t
C118: SO2 | D118: SO2 | E118: t
C119: PM25 | D119: PM25 | E119: t
C120: PM10 | D120: PM10 | E120: t
C121: ELCCO2 | D121: Electricity Carbon dioxide | E121: t
...

Sheet TechMin
D2: ~FI_T
B3: TechName | C3: Comm-IN | D3: Comm-OUT | E3: Attribute | F3: CITY | G3: EGRID
B4: *
B5: =Def_Tech!D97 -> IMPLPG19 | D5: =Def_Comm!C84 -> LPG | E5: Input | F5: =1 -> 1 | G5: =1 -> 1
B6: =Def_Tech!D98 -> IMPFOI19 | D6: =Def_Comm!C85 -> FOI | E6: Input | F6: =1 -> 1 | G6: =1 -> 1
B7: =Def_Tech!D99 -> IMPKER19 | D7: =Def_Comm!C86 -> KER | E7: Input | F7: =1 -> 1 | G7: =1 -> 1
B8: =Def_Tech!D100 -> IMPNGA19 | D8: =Def_Comm!C87 -> NGA | E8: Input | F8: =1 -> 1 | G8: =1 -> 1
B9: =Def_Tech!D101 -> IMPRNG19 | D9: =Def_Comm!C88 -> RNG | E9: Input | F9: =1 -> 1 | G9: =1 -> 1
B10: =Def_Tech!D102 -> IMPDSL19 | D10: =Def_Comm!C89 -> DSL | E10: Input | F10: =1 -> 1 | G10: =1 -> 1
B11: =Def_Tech!D103 -> IMPGSL19 | D11: =Def_Comm!C90 -> GSL | E11: Input | F11: =1 -> 1 | G11: =1 -> 1
B12: =Def_Tech!D104 -> IMPPCK19 | D12: =Def_Comm!C91 -> PCK | E12: Input | F12: =1 -> 1 | G12: =1 -> 1
B13: =Def_Tech!D105 -> IMPCOA19 | D13: =Def_Comm!C92 -> COA | E13: Input | F13: =1 -> 1 | G13: =1 -> 1
B14: =Def_Tech!D106 -> IMPETH19 | D14: =Def_Comm!C93 -> ETH | E14: Input | F14: =1 -> 1 | G14: =1 -> 1
B15: =Def_Tech!D107 -> IMPAGA19 | D15: =Def_Comm!C94 -> AGA | E15: Input | F15: =1 -> 1 | G15: =1 -> 1
B16: =Def_Tech!D108 -> IMPATF19 | D16: =Def_Comm!C95 -> ATF | E16: Input | F16: =1 -> 1 | G16: =1 -> 1
... B30: =Def_Tech!D122 -> IMPHYD19 | D30: =Def_Comm!C109 -> HYD | E30: Input | F30: =1 -> 1 | G30: =1 -> 1
B31: =Def_Tech!D124 -> IMPH2G19 | D31: =Def_Comm!C112 -> CH2G | E31: Input | F31: =1 -> 1 | G31: =1 -> 1

Sheet TechImp
L1: ='ENE TECH'!H2 -> 2019 | M1: ='ENE TECH'!I2 -> 2020 | N1: ='ENE TECH'!J2 -> 2021 | O1: ='ENE TECH'!K2 -> 2022 | P1: ='ENE TECH'!L2 -> 2023 | Q1: ='ENE TECH'!M2 -> 2024 | R1: ='ENE TECH'!N2 -> 2025 | S1: ='ENE TECH'!O2 -> 2030 | ... AG1: ='ENE TECH'!AC2 -> 2100
L2: ACT_COST | M2: ACT_COST | N2: ACT_COST | O2: ACT_COST | P2: ACT_COST | Q2: ACT_COST | R2: ACT_COST | S2: ACT_COST | T2: ACT_COST | U2: ACT_COST | V2: ACT_COST | W2: ACT_COST | X2: ACT_COST | Y2: ACT_COST | Z2: ACT_COST | AA2: ACT_COST | AB2: ACT_COST | AC2: ACT_COST | AD2: ACT_COST | AE2: ACT_COST | AF2: ACT_COST | AG2: ACT_COST
D4: ~FI_T | L4: ~FI_T
B5: TechName | C5: Comm-IN | D5: Comm-OUT | E5: Attribute | F5: CITY | G5: EGRID | J5: TechName | K5: NCAP_PKCNT | L5: =L2&"~"&L1 -> ACT_COST~2019 | M5: =M2&"~"&M1 -> ACT_COST~2020 | N5: =N2&"~"&N1 -> ACT_COST~2021 | O5: =O2&"~"&O1 -> ACT_COST~2022 | P5: =P2&"~"&P1 -> ACT_COST~2023 | Q5: =Q2&"~"&Q1 -> ACT_COST~2024 | R5: =R2&"~"&R1 -> ACT_COST~2025 | S5: =S2&"~"&S1 -> ACT_COST~2030 | ... AG5: =AG2&"~"&AG1 -> ACT_COST~2100
F6: Out/In | G6: Out/In | K6: % | L6: $/GJ | M6: $/GJ | N6: $/GJ | O6: $/GJ | P6: $/GJ | Q6: $/GJ | R6: $/GJ | S6: $/GJ | T6: $/GJ | U6: $/GJ | V6: $/GJ | W6: $/GJ | X6: $/GJ | Y6: $/GJ | Z6: $/GJ | AA6: $/GJ | AB6: $/GJ | AC6: $/GJ | AD6: $/GJ | AE6: $/GJ | AF6: $/GJ | AG6: $/GJ
B7: =Def_Tech!D5 -> RESLPG19 | C7: =IF(OR(RIGHT(D7,LEN(D7)-3)="ELC",RIGHT(D7,LEN(D7)-3)="H2G"),"C"&RIGHT(D7,LEN(D7)-3),RIGHT(D7,LEN(D7)-3)) -> LPG | D7: =Def_Comm!C5 -> RESLPG | E7: Input | F7: 1 | J7: =B7 -> RESLPG19 | K7: =IF(_xlfn.XLOOKUP($J7,$B:$B,$C:$C)="CELC",1,"") | L7: =IF(_xlfn.XLOOKUP($J7,$B:$B,$C:$C)="CELC",'ENE TECH'!H3-5,'ENE TECH'!H3) -> 33.139282 | M7: =IF(_xlfn.XLOOKUP($J7,$B:$B,$C:$C)="CELC",L7,'ENE TECH'!I3) -> 28.404792 | N7: =IF(_xlfn.XLOOKUP($J7,$B:$B,$C:$C)="CELC",M7,'ENE TECH'!J3) -> 34.017648 | O7: =IF(_xlfn.XLOOKUP($J7,$B:$B,$C:$C)="CELC",N7,'ENE TECH'!K3) -> 36.740013 | P7: =IF(_xlfn.XLOOKUP($J7,$B:$B,$C:$C)="CELC",O7,'ENE TECH'!L3) -> 38.524662 | Q7: =IF(_xlfn.XLOOKUP($J7,$B:$B,$C:$C)="CELC",P7,'ENE TECH'!M3) -> 38.53425 | R7: =IF(_xlfn.XLOOKUP($J7,$B:$B,$C:$C)="CELC",Q7,'ENE TECH'!N3) -> 37.487506 | S7: =IF(_xlfn.XLOOKUP($J7,$B:$B,$C:$C)="CELC",R7,'ENE TECH'!O3) -> 36.540775 | T7: =IF(_xlfn.XLOOKUP($J7,$B:$B,$C:$C)="CELC",S7,'ENE TECH'!P3) -> 42.127352 | ... AG7: =IF(_xlfn.XLOOKUP($J7,$B:$B,$C:$C)="CELC",AF7,'ENE TECH'!AC3) -> 54.209147
B8: =Def_Tech!D6 -> RESFOI19 | C8: =IF(OR(RIGHT(D8,LEN(D8)-3)="ELC",RIGHT(D8,LEN(D8)-3)="H2G"),"C"&RIGHT(D8,LEN(D8)-3),RIGHT(D8,LEN(D8)-3)) -> FOI | D8: =Def_Comm!C6 -> RESFOI | E8: Input | F8: 1 | J8: =B8 -> RESFOI19 | K8: =IF(_xlfn.XLOOKUP($J8,$B:$B,$C:$C)="CELC",1,"") | L8: =IF(_xlfn.XLOOKUP($J8,$B:$B,$C:$C)="CELC",'ENE TECH'!H4-5,'ENE TECH'!H4) -> 21.264373 | M8: =IF(_xlfn.XLOOKUP($J8,$B:$B,$C:$C)="CELC",L8,'ENE TECH'!I4) -> 17.088445 | N8: =IF(_xlfn.XLOOKUP($J8,$B:$B,$C:$C)="CELC",M8,'ENE TECH'!J4) -> 19.92401 | O8: =IF(_xlfn.XLOOKUP($J8,$B:$B,$C:$C)="CELC",N8,'ENE TECH'!K4) -> 21.518489 | P8: =IF(_xlfn.XLOOKUP($J8,$B:$B,$C:$C)="CELC",O8,'ENE TECH'!L4) -> 19.660523 | Q8: =IF(_xlfn.XLOOKUP($J8,$B:$B,$C:$C)="CELC",P8,'ENE TECH'!M4) -> 18.79016 | R8: =IF(_xlfn.XLOOKUP($J8,$B:$B,$C:$C)="CELC",Q8,'ENE TECH'!N4) -> 17.783449 | S8: =IF(_xlfn.XLOOKUP($J8,$B:$B,$C:$C)="CELC",R8,'ENE TECH'!O4) -> 17.917993 | T8: =IF(_xlfn.XLOOKUP($J8,$B:$B,$C:$C)="CELC",S8,'ENE TECH'!P4) -> 19.239678 | ... AG8: =IF(_xlfn.XLOOKUP($J8,$B:$B,$C:$C)="CELC",AF8,'ENE TECH'!AC4) -> 23.258847
B9: =Def_Tech!D7 -> RESKER19 | C9: =IF(OR(RIGHT(D9,LEN(D9)-3)="ELC",RIGHT(D9,LEN(D9)-3)="H2G"),"C"&RIGHT(D9,LEN(D9)-3),RIGHT(D9,LEN(D9)-3)) -> KER | D9: =Def_Comm!C7 -> RESKER | E9: Input | F9: 1 | J9: =B9 -> RESKER19 | K9: =IF(_xlfn.XLOOKUP($J9,$B:$B,$C:$C)="CELC",1,"") | L9: =IF(_xlfn.XLOOKUP($J9,$B:$B,$C:$C)="CELC",'ENE TECH'!H5-5,'ENE TECH'!H5) -> 24.732951 | M9: =IF(_xlfn.XLOOKUP($J9,$B:$B,$C:$C)="CELC",L9,'ENE TECH'!I5) -> 15.775618 | N9: =IF(_xlfn.XLOOKUP($J9,$B:$B,$C:$C)="CELC",M9,'ENE TECH'!J5) -> 24.575447 | O9: =IF(_xlfn.XLOOKUP($J9,$B:$B,$C:$C)="CELC",N9,'ENE TECH'!K5) -> 26.54217 | P9: =IF(_xlfn.XLOOKUP($J9,$B:$B,$C:$C)="CELC",O9,'ENE TECH'!L5) -> 24.250446 | Q9: =IF(_xlfn.XLOOKUP($J9,$B:$B,$C:$C)="CELC",P9,'ENE TECH'!M5) -> 23.176889 | R9: =IF(_xlfn.XLOOKUP($J9,$B:$B,$C:$C)="CELC",Q9,'ENE TECH'!N5) -> 21.935152 | S9: =IF(_xlfn.XLOOKUP($J9,$B:$B,$C:$C)="CELC",R9,'ENE TECH'!O5) -> 22.101108 | T9: =IF(_xlfn.XLOOKUP($J9,$B:$B,$C:$C)="CELC",S9,'ENE TECH'!P5) -> 23.731351 | ... AG9: =IF(_xlfn.XLOOKUP($J9,$B:$B,$C:$C)="CELC",AF9,'ENE TECH'!AC5) -> 28.68883
B10: =Def_Tech!D8 -> RESNGA19 | C10: =IF(OR(RIGHT(D10,LEN(D10)-3)="ELC",RIGHT(D10,LEN(D10)-3)="H2G"),"C"&RIGHT(D10,LEN(D10)-3),RIGHT(D10,LEN(D10)-3)) -> NGA | D10: =Def_Comm!C8 -> RESNGA | E10: Input | F10: 1 | J10: =B10 -> RESNGA19 | K10: =IF(_xlfn.XLOOKUP($J10,$B:$B,$C:$C)="CELC",1,"") | L10: =IF(_xlfn.XLOOKUP($J10,$B:$B,$C:$C)="CELC",'ENE TECH'!H6-5,'ENE TECH'!H6) -> 13.498734 | M10: =IF(_xlfn.XLOOKUP($J10,$B:$B,$C:$C)="CELC",L10,'ENE TECH'!I6) -> 13.43206 | N10: =IF(_xlfn.XLOOKUP($J10,$B:$B,$C:$C)="CELC",M10,'ENE TECH'!J6) -> 14.30799 | O10: =IF(_xlfn.XLOOKUP($J10,$B:$B,$C:$C)="CELC",N10,'ENE TECH'!K6) -> 15.45303 | P10: =IF(_xlfn.XLOOKUP($J10,$B:$B,$C:$C)="CELC",O10,'ENE TECH'!L6) -> 14.920712 | Q10: =IF(_xlfn.XLOOKUP($J10,$B:$B,$C:$C)="CELC",P10,'ENE TECH'!M6) -> 13.39134 | R10: =IF(_xlfn.XLOOKUP($J10,$B:$B,$C:$C)="CELC",Q10,'ENE TECH'!N6) -> 12.76654 | S10: =IF(_xlfn.XLOOKUP($J10,$B:$B,$C:$C)="CELC",R10,'ENE TECH'!O6) -> 12.386274 | T10: =IF(_xlfn.XLOOKUP($J10,$B:$B,$C:$C)="CELC",S10,'ENE TECH'!P6) -> 13.885007 | ... AG10: =IF(_xlfn.XLOOKUP($J10,$B:$B,$C:$C)="CELC",AF10,'ENE TECH'!AC6) -> 16.83725
B11: =Def_Tech!D9 -> RESRNG19 | C11: =IF(OR(RIGHT(D11,LEN(D11)-3)="ELC",RIGHT(D11,LEN(D11)-3)="H2G"),"C"&RIGHT(D11,LEN(D11)-3),RIGHT(D11,LEN(D11)-3)) -> RNG | D11: =Def_Comm!C9 -> RESRNG | E11: Input | F11: 1 | J11: =B11 -> RESRNG19 | L11: =IF(_xlfn.XLOOKUP($J11,$B:$B,$C:$C)="CELC",'ENE TECH'!H7-5,'ENE TECH'!H7) -> 26.997469 | M11: =IF(_xlfn.XLOOKUP($J11,$B:$B,$C:$C)="CELC",L11,'ENE TECH'!I7) -> 26.86412 | N11: =IF(_xlfn.XLOOKUP($J11,$B:$B,$C:$C)="CELC",M11,'ENE TECH'!J7) -> 28.61598 | O11: =IF(_xlfn.XLOOKUP($J11,$B:$B,$C:$C)="CELC",N11,'ENE TECH'!K7) -> 30.90606 | P11: =IF(_xlfn.XLOOKUP($J11,$B:$B,$C:$C)="CELC",O11,'ENE TECH'!L7) -> 29.841423 | Q11: =IF(_xlfn.XLOOKUP($J11,$B:$B,$C:$C)="CELC",P11,'ENE TECH'!M7) -> 26.78268 | R11: =IF(_xlfn.XLOOKUP($J11,$B:$B,$C:$C)="CELC",Q11,'ENE TECH'!N7) -> 25.533081 | S11: =IF(_xlfn.XLOOKUP($J11,$B:$B,$C:$C)="CELC",R11,'ENE TECH'!O7) -> 24.772548 | T11: =IF(_xlfn.XLOOKUP($J11,$B:$B,$C:$C)="CELC",S11,'ENE TECH'!P7) -> 27.770013 | ... AG11: =IF(_xlfn.XLOOKUP($J11,$B:$B,$C:$C)="CELC",AF11,'ENE TECH'!AC7) -> 33.6745
B12: =Def_Tech!D10 -> RESELC19 | C12: =IF(OR(RIGHT(D12,LEN(D12)-3)="ELC",RIGHT(D12,LEN(D12)-3)="H2G"),"C"&RIGHT(D12,LEN(D12)-3),RIGHT(D12,LEN(D12)-3)) -> CELC | D12: =Def_Comm!C10 -> RESELC | E12: Input | F12: 1 | J12: =B12 -> RESELC19 | K12: =IF(_xlfn.XLOOKUP($J12,$B:$B,$C:$C)="CELC",1,"") -> 1 | L12: =IF(_xlfn.XLOOKUP($J12,$B:$B,$C:$C)="CELC",'ENE TECH'!H8-5,'ENE TECH'!H8) -> 53.082115 | M12: =IF(_xlfn.XLOOKUP($J12,$B:$B,$C:$C)="CELC",L12,'ENE TECH'!I8) -> 53.082115 | N12: =IF(_xlfn.XLOOKUP($J12,$B:$B,$C:$C)="CELC",M12,'ENE TECH'!J8) -> 53.082115 | O12: =IF(_xlfn.XLOOKUP($J12,$B:$B,$C:$C)="CELC",N12,'ENE TECH'!K8) -> 53.082115 | P12: =IF(_xlfn.XLOOKUP($J12,$B:$B,$C:$C)="CELC",O12,'ENE TECH'!L8) -> 53.082115 | Q12: =IF(_xlfn.XLOOKUP($J12,$B:$B,$C:$C)="CELC",P12,'ENE TECH'!M8) -> 53.082115 | R12: =IF(_xlfn.XLOOKUP($J12,$B:$B,$C:$C)="CELC",Q12,'ENE TECH'!N8) -> 53.082115 | S12: =IF(_xlfn.XLOOKUP($J12,$B:$B,$C:$C)="CELC",R12,'ENE TECH'!O8) -> 53.082115 | T12: =IF(_xlfn.XLOOKUP($J12,$B:$B,$C:$C)="CELC",S12,'ENE TECH'!P8) -> 53.082115 | ... AG12: =IF(_xlfn.XLOOKUP($J12,$B:$B,$C:$C)="CELC",AF12,'ENE TECH'!AC8) -> 53.082115
B13: =Def_Tech!D11 -> RESH2G19 | C13: =IF(OR(RIGHT(D13,LEN(D13)-3)="ELC",RIGHT(D13,LEN(D13)-3)="H2G"),"C"&RIGHT(D13,LEN(D13)-3),RIGHT(D13,LEN(D13)-3)) -> CH2G | D13: =Def_Comm!C11 -> RESH2G | E13: Input | F13: 1 | J13: =B13 -> RESH2G19 | K13: =IF(_xlfn.XLOOKUP($J13,$B:$B,$C:$C)="CELC",1,"") | L13: =IF(_xlfn.XLOOKUP($J13,$B:$B,$C:$C)="CELC",'ENE TECH'!H9-5,'ENE TECH'!H9) -> 116.16423 | M13: =IF(_xlfn.XLOOKUP($J13,$B:$B,$C:$C)="CELC",L13,'ENE TECH'!I9) -> 116.78731 | N13: =IF(_xlfn.XLOOKUP($J13,$B:$B,$C:$C)="CELC",M13,'ENE TECH'!J9) -> 122.39494 | O13: =IF(_xlfn.XLOOKUP($J13,$B:$B,$C:$C)="CELC",N13,'ENE TECH'!K9) -> 132.18996 | P13: =IF(_xlfn.XLOOKUP($J13,$B:$B,$C:$C)="CELC",O13,'ENE TECH'!L9) -> 125.984 | Q13: =IF(_xlfn.XLOOKUP($J13,$B:$B,$C:$C)="CELC",P13,'ENE TECH'!M9) -> 121.8798 | R13: =IF(_xlfn.XLOOKUP($J13,$B:$B,$C:$C)="CELC",Q13,'ENE TECH'!N9) -> 119.72731 | S13: =IF(_xlfn.XLOOKUP($J13,$B:$B,$C:$C)="CELC",R13,'ENE TECH'!O9) -> 122.80605 | T13: =IF(_xlfn.XLOOKUP($J13,$B:$B,$C:$C)="CELC",S13,'ENE TECH'!P9) -> 134.14707 | ... AG13: =IF(_xlfn.XLOOKUP($J13,$B:$B,$C:$C)="CELC",AF13,'ENE TECH'!AC9) -> 162.76708
B14: =Def_Tech!D12 -> RESSTM19 | C14: =IF(OR(RIGHT(D14,LEN(D14)-3)="ELC",RIGHT(D14,LEN(D14)-3)="H2G"),"C"&RIGHT(D14,LEN(D14)-3),RIGHT(D14,LEN(D14)-3)) -> STM | D14: =Def_Comm!C12 -> RESSTM | E14: Input | F14: 1 | J14: =B14 -> RESSTM19 | K14: =IF(_xlfn.XLOOKUP($J14,$B:$B,$C:$C)="CELC",1,"") | L14: =IF(_xlfn.XLOOKUP($J14,$B:$B,$C:$C)="CELC",'ENE TECH'!H10-5,'ENE TECH'!H10) -> 116.16423 | M14: =IF(_xlfn.XLOOKUP($J14,$B:$B,$C:$C)="CELC",L14,'ENE TECH'!I10) -> 116.78731 | N14: =IF(_xlfn.XLOOKUP($J14,$B:$B,$C:$C)="CELC",M14,'ENE TECH'!J10) -> 122.39494 | O14: =IF(_xlfn.XLOOKUP($J14,$B:$B,$C:$C)="CELC",N14,'ENE TECH'!K10) -> 132.18996 | P14: =IF(_xlfn.XLOOKUP($J14,$B:$B,$C:$C)="CELC",O14,'ENE TECH'!L10) -> 125.984 | Q14: =IF(_xlfn.XLOOKUP($J14,$B:$B,$C:$C)="CELC",P14,'ENE TECH'!M10) -> 121.8798 | R14: =IF(_xlfn.XLOOKUP($J14,$B:$B,$C:$C)="CELC",Q14,'ENE TECH'!N10) -> 119.72731 | S14: =IF(_xlfn.XLOOKUP($J14,$B:$B,$C:$C)="CELC",R14,'ENE TECH'!O10) -> 122.80605 | T14: =IF(_xlfn.XLOOKUP($J14,$B:$B,$C:$C)="CELC",S14,'ENE TECH'!P10) -> 134.14707 | ... AG14: =IF(_xlfn.XLOOKUP($J14,$B:$B,$C:$C)="CELC",AF14,'ENE TECH'!AC10) -> 162.76708
B15: =Def_Tech!D13 -> RESSOL19 | C15: =IF(OR(RIGHT(D15,LEN(D15)-3)="ELC",RIGHT(D15,LEN(D15)-3)="H2G"),"C"&RIGHT(D15,LEN(D15)-3),RIGHT(D15,LEN(D15)-3)) -> SOL | D15: =Def_Comm!C13 -> RESSOL | E15: Input | F15: 1 | J15: =B15 -> RESSOL19 | K15: =IF(_xlfn.XLOOKUP($J15,$B:$B,$C:$C)="CELC",1,"") | L15: =IF(_xlfn.XLOOKUP($J15,$B:$B,$C:$C)="CELC",'ENE TECH'!H11-5,'ENE TECH'!H11) -> 0 | M15: =IF(_xlfn.XLOOKUP($J15,$B:$B,$C:$C)="CELC",L15,'ENE TECH'!I11) -> 0 | N15: =IF(_xlfn.XLOOKUP($J15,$B:$B,$C:$C)="CELC",M15,'ENE TECH'!J11) -> 0 | O15: =IF(_xlfn.XLOOKUP($J15,$B:$B,$C:$C)="CELC",N15,'ENE TECH'!K11) -> 0 | P15: =IF(_xlfn.XLOOKUP($J15,$B:$B,$C:$C)="CELC",O15,'ENE TECH'!L11) -> 0 | Q15: =IF(_xlfn.XLOOKUP($J15,$B:$B,$C:$C)="CELC",P15,'ENE TECH'!M11) -> 0 | R15: =IF(_xlfn.XLOOKUP($J15,$B:$B,$C:$C)="CELC",Q15,'ENE TECH'!N11) -> 0 | S15: =IF(_xlfn.XLOOKUP($J15,$B:$B,$C:$C)="CELC",R15,'ENE TECH'!O11) -> 0 | T15: =IF(_xlfn.XLOOKUP($J15,$B:$B,$C:$C)="CELC",S15,'ENE TECH'!P11) -> 0 | ... AG15: =IF(_xlfn.XLOOKUP($J15,$B:$B,$C:$C)="CELC",AF15,'ENE TECH'!AC11) -> 0
B16: =Def_Tech!D14 -> RESWND19 | C16: =IF(OR(RIGHT(D16,LEN(D16)-3)="ELC",RIGHT(D16,LEN(D16)-3)="H2G"),"C"&RIGHT(D16,LEN(D16)-3),RIGHT(D16,LEN(D16)-3)) -> WND | D16: =Def_Comm!C14 -> RESWND | E16: Input | F16: 1 | J16: =B16 -> RESWND19 | K16: =IF(_xlfn.XLOOKUP($J16,$B:$B,$C:$C)="CELC",1,"") | L16: =IF(_xlfn.XLOOKUP($J16,$B:$B,$C:$C)="CELC",'ENE TECH'!H12-5,'ENE TECH'!H12) -> 0 | M16: =IF(_xlfn.XLOOKUP($J16,$B:$B,$C:$C)="CELC",L16,'ENE TECH'!I12) -> 0 | N16: =IF(_xlfn.XLOOKUP($J16,$B:$B,$C:$C)="CELC",M16,'ENE TECH'!J12) -> 0 | O16: =IF(_xlfn.XLOOKUP($J16,$B:$B,$C:$C)="CELC",N16,'ENE TECH'!K12) -> 0 | P16: =IF(_xlfn.XLOOKUP($J16,$B:$B,$C:$C)="CELC",O16,'ENE TECH'!L12) -> 0 | Q16: =IF(_xlfn.XLOOKUP($J16,$B:$B,$C:$C)="CELC",P16,'ENE TECH'!M12) -> 0 | R16: =IF(_xlfn.XLOOKUP($J16,$B:$B,$C:$C)="CELC",Q16,'ENE TECH'!N12) -> 0 | S16: =IF(_xlfn.XLOOKUP($J16,$B:$B,$C:$C)="CELC",R16,'ENE TECH'!O12) -> 0 | T16: =IF(_xlfn.XLOOKUP($J16,$B:$B,$C:$C)="CELC",S16,'ENE TECH'!P12) -> 0 | ... AG16: =IF(_xlfn.XLOOKUP($J16,$B:$B,$C:$C)="CELC",AF16,'ENE TECH'!AC12) -> 0
B17: =Def_Tech!D15 -> COMLPG19 | C17: =IF(OR(RIGHT(D17,LEN(D17)-3)="ELC",RIGHT(D17,LEN(D17)-3)="H2G"),"C"&RIGHT(D17,LEN(D17)-3),RIGHT(D17,LEN(D17)-3)) -> LPG | D17: =Def_Comm!C15 -> COMLPG | E17: Input | F17: 1 | J17: =B17 -> COMLPG19 | K17: =IF(_xlfn.XLOOKUP($J17,$B:$B,$C:$C)="CELC",1,"") | L17: =IF(_xlfn.XLOOKUP($J17,$B:$B,$C:$C)="CELC",'ENE TECH'!H13-5,'ENE TECH'!H13) -> 15.796391 | M17: =IF(_xlfn.XLOOKUP($J17,$B:$B,$C:$C)="CELC",L17,'ENE TECH'!I13) -> 14.365143 | N17: =IF(_xlfn.XLOOKUP($J17,$B:$B,$C:$C)="CELC",M17,'ENE TECH'!J13) -> 21.949636 | O17: =IF(_xlfn.XLOOKUP($J17,$B:$B,$C:$C)="CELC",N17,'ENE TECH'!K13) -> 23.706221 | P17: =IF(_xlfn.XLOOKUP($J17,$B:$B,$C:$C)="CELC",O17,'ENE TECH'!L13) -> 22.146428 | Q17: =IF(_xlfn.XLOOKUP($J17,$B:$B,$C:$C)="CELC",P17,'ENE TECH'!M13) -> 20.587193 | R17: =IF(_xlfn.XLOOKUP($J17,$B:$B,$C:$C)="CELC",Q17,'ENE TECH'!N13) -> 19.055314 | S17: =IF(_xlfn.XLOOKUP($J17,$B:$B,$C:$C)="CELC",R17,'ENE TECH'!O13) -> 19.150876 | T17: =IF(_xlfn.XLOOKUP($J17,$B:$B,$C:$C)="CELC",S17,'ENE TECH'!P13) -> 22.286658 | ... AG17: =IF(_xlfn.XLOOKUP($J17,$B:$B,$C:$C)="CELC",AF17,'ENE TECH'!AC13) -> 28.104431
B18: =Def_Tech!D16 -> COMDSL19 | C18: =IF(OR(RIGHT(D18,LEN(D18)-3)="ELC",RIGHT(D18,LEN(D18)-3)="H2G"),"C"&RIGHT(D18,LEN(D18)-3),RIGHT(D18,LEN(D18)-3)) -> DSL | D18: =Def_Comm!C16 -> COMDSL | E18: Input | F18: 1 | J18: =B18 -> COMDSL19 | K18: =IF(_xlfn.XLOOKUP($J18,$B:$B,$C:$C)="CELC",1,"") | L18: =IF(_xlfn.XLOOKUP($J18,$B:$B,$C:$C)="CELC",'ENE TECH'!H14-5,'ENE TECH'!H14) -> 17.387077 | M18: =IF(_xlfn.XLOOKUP($J18,$B:$B,$C:$C)="CELC",L18,'ENE TECH'!I14) -> 11.511644 | N18: =IF(_xlfn.XLOOKUP($J18,$B:$B,$C:$C)="CELC",M18,'ENE TECH'!J14) -> 18.252065 | O18: =IF(_xlfn.XLOOKUP($J18,$B:$B,$C:$C)="CELC",N18,'ENE TECH'!K14) -> 19.712741 | P18: =IF(_xlfn.XLOOKUP($J18,$B:$B,$C:$C)="CELC",O18,'ENE TECH'!L14) -> 18.085099 | Q18: =IF(_xlfn.XLOOKUP($J18,$B:$B,$C:$C)="CELC",P18,'ENE TECH'!M14) -> 16.656612 | R18: =IF(_xlfn.XLOOKUP($J18,$B:$B,$C:$C)="CELC",Q18,'ENE TECH'!N14) -> 15.093246 | S18: =IF(_xlfn.XLOOKUP($J18,$B:$B,$C:$C)="CELC",R18,'ENE TECH'!O14) -> 13.112384 | T18: =IF(_xlfn.XLOOKUP($J18,$B:$B,$C:$C)="CELC",S18,'ENE TECH'!P14) -> 14.115668 | ... AG18: =IF(_xlfn.XLOOKUP($J18,$B:$B,$C:$C)="CELC",AF18,'ENE TECH'!AC14) -> 17.126833
B19: =Def_Tech!D17 -> COMFOI19 | C19: =IF(OR(RIGHT(D19,LEN(D19)-3)="ELC",RIGHT(D19,LEN(D19)-3)="H2G"),"C"&RIGHT(D19,LEN(D19)-3),RIGHT(D19,LEN(D19)-3)) -> FOI | D19: =Def_Comm!C17 -> COMFOI | E19: Input | F19: 1 | J19: =B19 -> COMFOI19 | K19: =IF(_xlfn.XLOOKUP($J19,$B:$B,$C:$C)="CELC",1,"") | L19: =IF(_xlfn.XLOOKUP($J19,$B:$B,$C:$C)="CELC",'ENE TECH'!H15-5,'ENE TECH'!H15) -> 17.387077 | M19: =IF(_xlfn.XLOOKUP($J19,$B:$B,$C:$C)="CELC",L19,'ENE TECH'!I15) -> 11.511644 | N19: =IF(_xlfn.XLOOKUP($J19,$B:$B,$C:$C)="CELC",M19,'ENE TECH'!J15) -> 18.252065 | O19: =IF(_xlfn.XLOOKUP($J19,$B:$B,$C:$C)="CELC",N19,'ENE TECH'!K15) -> 19.712741 | P19: =IF(_xlfn.XLOOKUP($J19,$B:$B,$C:$C)="CELC",O19,'ENE TECH'!L15) -> 12.042501 | Q19: =IF(_xlfn.XLOOKUP($J19,$B:$B,$C:$C)="CELC",P19,'ENE TECH'!M15) -> 14.295152 | R19: =IF(_xlfn.XLOOKUP($J19,$B:$B,$C:$C)="CELC",Q19,'ENE TECH'!N15) -> 14.501626 | S19: =IF(_xlfn.XLOOKUP($J19,$B:$B,$C:$C)="CELC",R19,'ENE TECH'!O15) -> 22.312094 | T19: =IF(_xlfn.XLOOKUP($J19,$B:$B,$C:$C)="CELC",S19,'ENE TECH'!P15) -> 24.510554 | ... AG19: =IF(_xlfn.XLOOKUP($J19,$B:$B,$C:$C)="CELC",AF19,'ENE TECH'!AC15) -> 31.154017
B20: =Def_Tech!D18 -> COMKER19 | C20: =IF(OR(RIGHT(D20,LEN(D20)-3)="ELC",RIGHT(D20,LEN(D20)-3)="H2G"),"C"&RIGHT(D20,LEN(D20)-3),RIGHT(D20,LEN(D20)-3)) -> KER | D20: =Def_Comm!C18 -> COMKER | E20: Input | F20: 1 | J20: =B20 -> COMKER19 | K20: =IF(_xlfn.XLOOKUP($J20,$B:$B,$C:$C)="CELC",1,"") | L20: =IF(_xlfn.XLOOKUP($J20,$B:$B,$C:$C)="CELC",'ENE TECH'!H16-5,'ENE TECH'!H16) -> 24.732951 | M20: =IF(_xlfn.XLOOKUP($J20,$B:$B,$C:$C)="CELC",L20,'ENE TECH'!I16) -> 15.775618 | N20: =IF(_xlfn.XLOOKUP($J20,$B:$B,$C:$C)="CELC",M20,'ENE TECH'!J16) -> 24.575447 | O20: =IF(_xlfn.XLOOKUP($J20,$B:$B,$C:$C)="CELC",N20,'ENE TECH'!K16) -> 26.54217 | P20: =IF(_xlfn.XLOOKUP($J20,$B:$B,$C:$C)="CELC",O20,'ENE TECH'!L16) -> 24.350636 | Q20: =IF(_xlfn.XLOOKUP($J20,$B:$B,$C:$C)="CELC",P20,'ENE TECH'!M16) -> 22.427252 | R20: =IF(_xlfn.XLOOKUP($J20,$B:$B,$C:$C)="CELC",Q20,'ENE TECH'!N16) -> 20.322262 | S20: =IF(_xlfn.XLOOKUP($J20,$B:$B,$C:$C)="CELC",R20,'ENE TECH'!O16) -> 17.655135 | T20: =IF(_xlfn.XLOOKUP($J20,$B:$B,$C:$C)="CELC",S20,'ENE TECH'!P16) -> 19.006005 | ... AG20: =IF(_xlfn.XLOOKUP($J20,$B:$B,$C:$C)="CELC",AF20,'ENE TECH'!AC16) -> 23.06038
B21: =Def_Tech!D19 -> COMGSL19 | C21: =IF(OR(RIGHT(D21,LEN(D21)-3)="ELC",RIGHT(D21,LEN(D21)-3)="H2G"),"C"&RIGHT(D21,LEN(D21)-3),RIGHT(D21,LEN(D21)-3)) -> GSL | D21: =Def_Comm!C19 -> COMGSL | E21: Input | F21: 1 | J21: =B21 -> COMGSL19 | K21: =IF(_xlfn.XLOOKUP($J21,$B:$B,$C:$C)="CELC",1,"") | L21: =IF(_xlfn.XLOOKUP($J21,$B:$B,$C:$C)="CELC",'ENE TECH'!H17-5,'ENE TECH'!H17) -> 23.164358 | M21: =IF(_xlfn.XLOOKUP($J21,$B:$B,$C:$C)="CELC",L21,'ENE TECH'!I17) -> 19.377754 | N21: =IF(_xlfn.XLOOKUP($J21,$B:$B,$C:$C)="CELC",M21,'ENE TECH'!J17) -> 25.582901 | O21: =IF(_xlfn.XLOOKUP($J21,$B:$B,$C:$C)="CELC",N21,'ENE TECH'!K17) -> 27.630249 | P21: =IF(_xlfn.XLOOKUP($J21,$B:$B,$C:$C)="CELC",O21,'ENE TECH'!L17) -> 25.348874 | Q21: =IF(_xlfn.XLOOKUP($J21,$B:$B,$C:$C)="CELC",P21,'ENE TECH'!M17) -> 23.346643 | R21: =IF(_xlfn.XLOOKUP($J21,$B:$B,$C:$C)="CELC",Q21,'ENE TECH'!N17) -> 21.15536 | S21: =IF(_xlfn.XLOOKUP($J21,$B:$B,$C:$C)="CELC",R21,'ENE TECH'!O17) -> 18.378896 | T21: =IF(_xlfn.XLOOKUP($J21,$B:$B,$C:$C)="CELC",S21,'ENE TECH'!P17) -> 19.785143 | ... AG21: =IF(_xlfn.XLOOKUP($J21,$B:$B,$C:$C)="CELC",AF21,'ENE TECH'!AC17) -> 24.005725
B22: =Def_Tech!D20 -> COMNGA19 | C22: =IF(OR(RIGHT(D22,LEN(D22)-3)="ELC",RIGHT(D22,LEN(D22)-3)="H2G"),"C"&RIGHT(D22,LEN(D22)-3),RIGHT(D22,LEN(D22)-3)) -> NGA | D22: =Def_Comm!C20 -> COMNGA | E22: Input | F22: 1 | J22: =B22 -> COMNGA19 | K22: =IF(_xlfn.XLOOKUP($J22,$B:$B,$C:$C)="CELC",1,"") | L22: =IF(_xlfn.XLOOKUP($J22,$B:$B,$C:$C)="CELC",'ENE TECH'!H18-5,'ENE TECH'!H18) -> 7.7104063 | M22: =IF(_xlfn.XLOOKUP($J22,$B:$B,$C:$C)="CELC",L22,'ENE TECH'!I18) -> 7.2259709 | N22: =IF(_xlfn.XLOOKUP($J22,$B:$B,$C:$C)="CELC",M22,'ENE TECH'!J18) -> 8.2096782 | O22: =IF(_xlfn.XLOOKUP($J22,$B:$B,$C:$C)="CELC",N22,'ENE TECH'!K18) -> 8.8666823 | P22: =IF(_xlfn.XLOOKUP($J22,$B:$B,$C:$C)="CELC",O22,'ENE TECH'!L18) -> 8.1872197 | Q22: =IF(_xlfn.XLOOKUP($J22,$B:$B,$C:$C)="CELC",P22,'ENE TECH'!M18) -> 7.255384 | R22: =IF(_xlfn.XLOOKUP($J22,$B:$B,$C:$C)="CELC",Q22,'ENE TECH'!N18) -> 6.9579136 | S22: =IF(_xlfn.XLOOKUP($J22,$B:$B,$C:$C)="CELC",R22,'ENE TECH'!O18) -> 6.9767662 | T22: =IF(_xlfn.XLOOKUP($J22,$B:$B,$C:$C)="CELC",S22,'ENE TECH'!P18) -> 7.8550132 | ... AG22: =IF(_xlfn.XLOOKUP($J22,$B:$B,$C:$C)="CELC",AF22,'ENE TECH'!AC18) -> 9.4628453
B23: =Def_Tech!D21 -> COMRNG19 | C23: =IF(OR(RIGHT(D23,LEN(D23)-3)="ELC",RIGHT(D23,LEN(D23)-3)="H2G"),"C"&RIGHT(D23,LEN(D23)-3),RIGHT(D23,LEN(D23)-3)) -> RNG | D23: =Def_Comm!C21 -> COMRNG | E23: Input | F23: 1 | J23: =B23 -> COMRNG19 | K23: =IF(_xlfn.XLOOKUP($J23,$B:$B,$C:$C)="CELC",1,"") | L23: =IF(_xlfn.XLOOKUP($J23,$B:$B,$C:$C)="CELC",'ENE TECH'!H19-5,'ENE TECH'!H19) -> 15.420813 | M23: =IF(_xlfn.XLOOKUP($J23,$B:$B,$C:$C)="CELC",L23,'ENE TECH'!I19) -> 14.451942 | N23: =IF(_xlfn.XLOOKUP($J23,$B:$B,$C:$C)="CELC",M23,'ENE TECH'!J19) -> 16.419356 | O23: =IF(_xlfn.XLOOKUP($J23,$B:$B,$C:$C)="CELC",N23,'ENE TECH'!K19) -> 17.733365 | P23: =IF(_xlfn.XLOOKUP($J23,$B:$B,$C:$C)="CELC",O23,'ENE TECH'!L19) -> 17.122494 | Q23: =IF(_xlfn.XLOOKUP($J23,$B:$B,$C:$C)="CELC",P23,'ENE TECH'!M19) -> 15.36744 | R23: =IF(_xlfn.XLOOKUP($J23,$B:$B,$C:$C)="CELC",Q23,'ENE TECH'!N19) -> 14.650442 | S23: =IF(_xlfn.XLOOKUP($J23,$B:$B,$C:$C)="CELC",R23,'ENE TECH'!O19) -> 14.214061 | T23: =IF(_xlfn.XLOOKUP($J23,$B:$B,$C:$C)="CELC",S23,'ENE TECH'!P19) -> 15.933955 | ... AG23: =IF(_xlfn.XLOOKUP($J23,$B:$B,$C:$C)="CELC",AF23,'ENE TECH'!AC19) -> 19.321848
... B42: =Def_Tech!D40 -> INDWND19 | C42: =IF(OR(RIGHT(D42,LEN(D42)-3)="ELC",RIGHT(D42,LEN(D42)-3)="H2G"),"C"&RIGHT(D42,LEN(D42)-3),RIGHT(D42,LEN(D42)-3)) -> WND | D42: =Def_Comm!C40 -> INDWND | E42: Input | F42: 1 | J42: =B42 -> INDWND19 | K42: =IF(_xlfn.XLOOKUP($J42,$B:$B,$C:$C)="CELC",1,"") | L42: =IF(_xlfn.XLOOKUP($J42,$B:$B,$C:$C)="CELC",'ENE TECH'!H38-5,'ENE TECH'!H38) -> 0 | M42: =IF(_xlfn.XLOOKUP($J42,$B:$B,$C:$C)="CELC",L42,'ENE TECH'!I38) -> 0 | N42: =IF(_xlfn.XLOOKUP($J42,$B:$B,$C:$C)="CELC",M42,'ENE TECH'!J38) -> 0 | O42: =IF(_xlfn.XLOOKUP($J42,$B:$B,$C:$C)="CELC",N42,'ENE TECH'!K38) -> 0 | P42: =IF(_xlfn.XLOOKUP($J42,$B:$B,$C:$C)="CELC",O42,'ENE TECH'!L38) -> 0 | Q42: =IF(_xlfn.XLOOKUP($J42,$B:$B,$C:$C)="CELC",P42,'ENE TECH'!M38) -> 0 | R42: =IF(_xlfn.XLOOKUP($J42,$B:$B,$C:$C)="CELC",Q42,'ENE TECH'!N38) -> 0 | S42: =IF(_xlfn.XLOOKUP($J42,$B:$B,$C:$C)="CELC",R42,'ENE TECH'!O38) -> 0 | T42: =IF(_xlfn.XLOOKUP($J42,$B:$B,$C:$C)="CELC",S42,'ENE TECH'!P38) -> 0 | ... AG42: =IF(_xlfn.XLOOKUP($J42,$B:$B,$C:$C)="CELC",AF42,'ENE TECH'!AC38) -> 0
B43: =Def_Tech!D54 -> TRALPG19 | C43: =IF(OR(RIGHT(D43,LEN(D43)-3)="ELC",RIGHT(D43,LEN(D43)-3)="H2G"),"C"&RIGHT(D43,LEN(D43)-3),RIGHT(D43,LEN(D43)-3)) -> LPG | D43: =Def_Comm!C41 -> TRALPG | E43: Input | F43: 1 | J43: =B43 -> TRALPG19 | K43: =IF(_xlfn.XLOOKUP($J43,$B:$B,$C:$C)="CELC",1,"") | L43: =IF(_xlfn.XLOOKUP($J43,$B:$B,$C:$C)="CELC",'ENE TECH'!H39-5,'ENE TECH'!H39) -> 16.470223 | M43: =IF(_xlfn.XLOOKUP($J43,$B:$B,$C:$C)="CELC",L43,'ENE TECH'!I39) -> 15.026982 | N43: =IF(_xlfn.XLOOKUP($J43,$B:$B,$C:$C)="CELC",M43,'ENE TECH'!J39) -> 22.646279 | O43: =IF(_xlfn.XLOOKUP($J43,$B:$B,$C:$C)="CELC",N43,'ENE TECH'!K39) -> 24.458616 | P43: =IF(_xlfn.XLOOKUP($J43,$B:$B,$C:$C)="CELC",O43,'ENE TECH'!L39) -> 22.342301 | Q43: =IF(_xlfn.XLOOKUP($J43,$B:$B,$C:$C)="CELC",P43,'ENE TECH'!M39) -> 20.794551 | R43: =IF(_xlfn.XLOOKUP($J43,$B:$B,$C:$C)="CELC",Q43,'ENE TECH'!N39) -> 19.365335 | S43: =IF(_xlfn.XLOOKUP($J43,$B:$B,$C:$C)="CELC",R43,'ENE TECH'!O39) -> 19.716729 | T43: =IF(_xlfn.XLOOKUP($J43,$B:$B,$C:$C)="CELC",S43,'ENE TECH'!P39) -> 22.748775 | ... AG43: =IF(_xlfn.XLOOKUP($J43,$B:$B,$C:$C)="CELC",AF43,'ENE TECH'!AC39) -> 28.480687
B44: =Def_Tech!D55 -> TRAETH19 | C44: =IF(OR(RIGHT(D44,LEN(D44)-3)="ELC",RIGHT(D44,LEN(D44)-3)="H2G"),"C"&RIGHT(D44,LEN(D44)-3),RIGHT(D44,LEN(D44)-3)) -> ETH | D44: =Def_Comm!C42 -> TRAETH | E44: Input | F44: 1 | J44: =B44 -> TRAETH19 | K44: =IF(_xlfn.XLOOKUP($J44,$B:$B,$C:$C)="CELC",1,"") | L44: =IF(_xlfn.XLOOKUP($J44,$B:$B,$C:$C)="CELC",'ENE TECH'!H40-5,'ENE TECH'!H40) -> 27.79723 | M44: =IF(_xlfn.XLOOKUP($J44,$B:$B,$C:$C)="CELC",L44,'ENE TECH'!I40) -> 23.253305 | N44: =IF(_xlfn.XLOOKUP($J44,$B:$B,$C:$C)="CELC",M44,'ENE TECH'!J40) -> 30.699481 | O44: =IF(_xlfn.XLOOKUP($J44,$B:$B,$C:$C)="CELC",N44,'ENE TECH'!K40) -> 33.156299 | P44: =IF(_xlfn.XLOOKUP($J44,$B:$B,$C:$C)="CELC",O44,'ENE TECH'!L40) -> 28.73724 | Q44: =IF(_xlfn.XLOOKUP($J44,$B:$B,$C:$C)="CELC",P44,'ENE TECH'!M40) -> 27.204245 | R44: =IF(_xlfn.XLOOKUP($J44,$B:$B,$C:$C)="CELC",Q44,'ENE TECH'!N40) -> 25.274519 | S44: =IF(_xlfn.XLOOKUP($J44,$B:$B,$C:$C)="CELC",R44,'ENE TECH'!O40) -> 26.267091 | T44: =IF(_xlfn.XLOOKUP($J44,$B:$B,$C:$C)="CELC",S44,'ENE TECH'!P40) -> 28.182933 | ... AG44: =IF(_xlfn.XLOOKUP($J44,$B:$B,$C:$C)="CELC",AF44,'ENE TECH'!AC40) -> 34.480395
B45: =Def_Tech!D56 -> TRAGSL19 | C45: =IF(OR(RIGHT(D45,LEN(D45)-3)="ELC",RIGHT(D45,LEN(D45)-3)="H2G"),"C"&RIGHT(D45,LEN(D45)-3),RIGHT(D45,LEN(D45)-3)) -> GSL | D45: =Def_Comm!C43 -> TRAGSL | E45: Input | F45: 1 | J45: =B45 -> TRAGSL19 | K45: =IF(_xlfn.XLOOKUP($J45,$B:$B,$C:$C)="CELC",1,"") | L45: =IF(_xlfn.XLOOKUP($J45,$B:$B,$C:$C)="CELC",'ENE TECH'!H41-5,'ENE TECH'!H41) -> 23.164358 | M45: =IF(_xlfn.XLOOKUP($J45,$B:$B,$C:$C)="CELC",L45,'ENE TECH'!I41) -> 19.377754 | N45: =IF(_xlfn.XLOOKUP($J45,$B:$B,$C:$C)="CELC",M45,'ENE TECH'!J41) -> 25.582901 | O45: =IF(_xlfn.XLOOKUP($J45,$B:$B,$C:$C)="CELC",N45,'ENE TECH'!K41) -> 27.630249 | P45: =IF(_xlfn.XLOOKUP($J45,$B:$B,$C:$C)="CELC",O45,'ENE TECH'!L41) -> 23.763093 | Q45: =IF(_xlfn.XLOOKUP($J45,$B:$B,$C:$C)="CELC",P45,'ENE TECH'!M41) -> 21.27566 | R45: =IF(_xlfn.XLOOKUP($J45,$B:$B,$C:$C)="CELC",Q45,'ENE TECH'!N41) -> 19.769746 | S45: =IF(_xlfn.XLOOKUP($J45,$B:$B,$C:$C)="CELC",R45,'ENE TECH'!O41) -> 20.497129 | T45: =IF(_xlfn.XLOOKUP($J45,$B:$B,$C:$C)="CELC",S45,'ENE TECH'!P41) -> 21.902318 | ... AG45: =IF(_xlfn.XLOOKUP($J45,$B:$B,$C:$C)="CELC",AF45,'ENE TECH'!AC41) -> 26.5752
B46: =Def_Tech!D57 -> TRAAGA19 | C46: =IF(OR(RIGHT(D46,LEN(D46)-3)="ELC",RIGHT(D46,LEN(D46)-3)="H2G"),"C"&RIGHT(D46,LEN(D46)-3),RIGHT(D46,LEN(D46)-3)) -> AGA | D46: =Def_Comm!C44 -> TRAAGA | E46: Input | F46: 1 | J46: =B46 -> TRAAGA19 | K46: =IF(_xlfn.XLOOKUP($J46,$B:$B,$C:$C)="CELC",1,"") | L46: =IF(_xlfn.XLOOKUP($J46,$B:$B,$C:$C)="CELC",'ENE TECH'!H42-5,'ENE TECH'!H42) -> 28.245715 | M46: =IF(_xlfn.XLOOKUP($J46,$B:$B,$C:$C)="CELC",L46,'ENE TECH'!I42) -> 24.238467 | N46: =IF(_xlfn.XLOOKUP($J46,$B:$B,$C:$C)="CELC",M46,'ENE TECH'!J42) -> 30.930981 | O46: =IF(_xlfn.XLOOKUP($J46,$B:$B,$C:$C)="CELC",N46,'ENE TECH'!K42) -> 33.406325 | P46: =IF(_xlfn.XLOOKUP($J46,$B:$B,$C:$C)="CELC",O46,'ENE TECH'!L42) -> 27.656474 | Q46: =IF(_xlfn.XLOOKUP($J46,$B:$B,$C:$C)="CELC",P46,'ENE TECH'!M42) -> 26.288207 | R46: =IF(_xlfn.XLOOKUP($J46,$B:$B,$C:$C)="CELC",Q46,'ENE TECH'!N42) -> 24.365966 | S46: =IF(_xlfn.XLOOKUP($J46,$B:$B,$C:$C)="CELC",R46,'ENE TECH'!O42) -> 24.858631 | T46: =IF(_xlfn.XLOOKUP($J46,$B:$B,$C:$C)="CELC",S46,'ENE TECH'!P42) -> 27.383243 | ... AG46: =IF(_xlfn.XLOOKUP($J46,$B:$B,$C:$C)="CELC",AF46,'ENE TECH'!AC42) -> 34.425779
B47: =Def_Tech!D58 -> TRAATF19 | C47: =IF(OR(RIGHT(D47,LEN(D47)-3)="ELC",RIGHT(D47,LEN(D47)-3)="H2G"),"C"&RIGHT(D47,LEN(D47)-3),RIGHT(D47,LEN(D47)-3)) -> ATF | D47: =Def_Comm!C45 -> TRAATF | E47: Input | F47: 1 | J47: =B47 -> TRAATF19 | K47: =IF(_xlfn.XLOOKUP($J47,$B:$B,$C:$C)="CELC",1,"") | L47: =IF(_xlfn.XLOOKUP($J47,$B:$B,$C:$C)="CELC",'ENE TECH'!H43-5,'ENE TECH'!H43) -> 16.315573 | M47: =IF(_xlfn.XLOOKUP($J47,$B:$B,$C:$C)="CELC",L47,'ENE TECH'!I43) -> 10.893205 | N47: =IF(_xlfn.XLOOKUP($J47,$B:$B,$C:$C)="CELC",M47,'ENE TECH'!J43) -> 15.754865 | O47: =IF(_xlfn.XLOOKUP($J47,$B:$B,$C:$C)="CELC",N47,'ENE TECH'!K43) -> 17.015696 | P47: =IF(_xlfn.XLOOKUP($J47,$B:$B,$C:$C)="CELC",O47,'ENE TECH'!L43) -> 14.086978 | Q47: =IF(_xlfn.XLOOKUP($J47,$B:$B,$C:$C)="CELC",P47,'ENE TECH'!M43) -> 13.390043 | R47: =IF(_xlfn.XLOOKUP($J47,$B:$B,$C:$C)="CELC",Q47,'ENE TECH'!N43) -> 12.410939 | S47: =IF(_xlfn.XLOOKUP($J47,$B:$B,$C:$C)="CELC",R47,'ENE TECH'!O43) -> 12.661881 | T47: =IF(_xlfn.XLOOKUP($J47,$B:$B,$C:$C)="CELC",S47,'ENE TECH'!P43) -> 13.947806 | ... AG47: =IF(_xlfn.XLOOKUP($J47,$B:$B,$C:$C)="CELC",AF47,'ENE TECH'!AC43) -> 17.53496
B48: =Def_Tech!D59 -> TRASAF19 | C48: =IF(OR(RIGHT(D48,LEN(D48)-3)="ELC",RIGHT(D48,LEN(D48)-3)="H2G"),"C"&RIGHT(D48,LEN(D48)-3),RIGHT(D48,LEN(D48)-3)) -> SAF | D48: =Def_Comm!C46 -> TRASAF | E48: Input | F48: 1 | J48: =B48 -> TRASAF19 | K48: =IF(_xlfn.XLOOKUP($J48,$B:$B,$C:$C)="CELC",1,"") | L48: =IF(_xlfn.XLOOKUP($J48,$B:$B,$C:$C)="CELC",'ENE TECH'!H44-5,'ENE TECH'!H44) -> 32.631147 | M48: =IF(_xlfn.XLOOKUP($J48,$B:$B,$C:$C)="CELC",L48,'ENE TECH'!I44) -> 21.786411 | N48: =IF(_xlfn.XLOOKUP($J48,$B:$B,$C:$C)="CELC",M48,'ENE TECH'!J44) -> 31.509731 | O48: =IF(_xlfn.XLOOKUP($J48,$B:$B,$C:$C)="CELC",N48,'ENE TECH'!K44) -> 34.031392 | P48: =IF(_xlfn.XLOOKUP($J48,$B:$B,$C:$C)="CELC",O48,'ENE TECH'!L44) -> 28.173955 | Q48: =IF(_xlfn.XLOOKUP($J48,$B:$B,$C:$C)="CELC",P48,'ENE TECH'!M44) -> 26.780086 | R48: =IF(_xlfn.XLOOKUP($J48,$B:$B,$C:$C)="CELC",Q48,'ENE TECH'!N44) -> 24.821878 | S48: =IF(_xlfn.XLOOKUP($J48,$B:$B,$C:$C)="CELC",R48,'ENE TECH'!O44) -> 25.323761 | T48: =IF(_xlfn.XLOOKUP($J48,$B:$B,$C:$C)="CELC",S48,'ENE TECH'!P44) -> 27.895612 | ... AG48: =IF(_xlfn.XLOOKUP($J48,$B:$B,$C:$C)="CELC",AF48,'ENE TECH'!AC44) -> 35.069921
B49: =Def_Tech!D60 -> TRADSL19 | C49: =IF(OR(RIGHT(D49,LEN(D49)-3)="ELC",RIGHT(D49,LEN(D49)-3)="H2G"),"C"&RIGHT(D49,LEN(D49)-3),RIGHT(D49,LEN(D49)-3)) -> DSL | D49: =Def_Comm!C47 -> TRADSL | E49: Input | F49: 1 | J49: =B49 -> TRADSL19 | K49: =IF(_xlfn.XLOOKUP($J49,$B:$B,$C:$C)="CELC",1,"") | L49: =IF(_xlfn.XLOOKUP($J49,$B:$B,$C:$C)="CELC",'ENE TECH'!H45-5,'ENE TECH'!H45) -> 25.959104 | M49: =IF(_xlfn.XLOOKUP($J49,$B:$B,$C:$C)="CELC",L49,'ENE TECH'!I45) -> 21.916608 | N49: =IF(_xlfn.XLOOKUP($J49,$B:$B,$C:$C)="CELC",M49,'ENE TECH'!J45) -> 26.429591 | O49: =IF(_xlfn.XLOOKUP($J49,$B:$B,$C:$C)="CELC",N49,'ENE TECH'!K45) -> 28.544698 | P49: =IF(_xlfn.XLOOKUP($J49,$B:$B,$C:$C)="CELC",O49,'ENE TECH'!L45) -> 24.782377 | Q49: =IF(_xlfn.XLOOKUP($J49,$B:$B,$C:$C)="CELC",P49,'ENE TECH'!M45) -> 23.473326 | R49: =IF(_xlfn.XLOOKUP($J49,$B:$B,$C:$C)="CELC",Q49,'ENE TECH'!N45) -> 21.876167 | S49: =IF(_xlfn.XLOOKUP($J49,$B:$B,$C:$C)="CELC",R49,'ENE TECH'!O45) -> 20.909113 | T49: =IF(_xlfn.XLOOKUP($J49,$B:$B,$C:$C)="CELC",S49,'ENE TECH'!P45) -> 22.487513 | ... AG49: =IF(_xlfn.XLOOKUP($J49,$B:$B,$C:$C)="CELC",AF49,'ENE TECH'!AC45) -> 27.339011
B50: =Def_Tech!D61 -> TRARDS19 | C50: =IF(OR(RIGHT(D50,LEN(D50)-3)="ELC",RIGHT(D50,LEN(D50)-3)="H2G"),"C"&RIGHT(D50,LEN(D50)-3),RIGHT(D50,LEN(D50)-3)) -> RDS | D50: =Def_Comm!C48 -> TRARDS | E50: Input | F50: 1 | J50: =B50 -> TRARDS19 | K50: =IF(_xlfn.XLOOKUP($J50,$B:$B,$C:$C)="CELC",1,"") | L50: =IF(_xlfn.XLOOKUP($J50,$B:$B,$C:$C)="CELC",'ENE TECH'!H46-5,'ENE TECH'!H46) -> 38.938657 | M50: =IF(_xlfn.XLOOKUP($J50,$B:$B,$C:$C)="CELC",L50,'ENE TECH'!I46) -> 32.874913 | N50: =IF(_xlfn.XLOOKUP($J50,$B:$B,$C:$C)="CELC",M50,'ENE TECH'!J46) -> 39.644386 | O50: =IF(_xlfn.XLOOKUP($J50,$B:$B,$C:$C)="CELC",N50,'ENE TECH'!K46) -> 42.817047 | P50: =IF(_xlfn.XLOOKUP($J50,$B:$B,$C:$C)="CELC",O50,'ENE TECH'!L46) -> 37.173565 | Q50: =IF(_xlfn.XLOOKUP($J50,$B:$B,$C:$C)="CELC",P50,'ENE TECH'!M46) -> 35.209989 | R50: =IF(_xlfn.XLOOKUP($J50,$B:$B,$C:$C)="CELC",Q50,'ENE TECH'!N46) -> 32.814251 | S50: =IF(_xlfn.XLOOKUP($J50,$B:$B,$C:$C)="CELC",R50,'ENE TECH'!O46) -> 31.363669 | T50: =IF(_xlfn.XLOOKUP($J50,$B:$B,$C:$C)="CELC",S50,'ENE TECH'!P46) -> 33.731269 | ... AG50: =IF(_xlfn.XLOOKUP($J50,$B:$B,$C:$C)="CELC",AF50,'ENE TECH'!AC46) -> 41.008517
B51: =Def_Tech!D62 -> TRABDS19 | C51: =IF(OR(RIGHT(D51,LEN(D51)-3)="ELC",RIGHT(D51,LEN(D51)-3)="H2G"),"C"&RIGHT(D51,LEN(D51)-3),RIGHT(D51,LEN(D51)-3)) -> BDS | D51: =Def_Comm!C49 -> TRABDS | E51: Input | F51: 1 | J51: =B51 -> TRABDS19 | K51: =IF(_xlfn.XLOOKUP($J51,$B:$B,$C:$C)="CELC",1,"") | L51: =IF(_xlfn.XLOOKUP($J51,$B:$B,$C:$C)="CELC",'ENE TECH'!H47-5,'ENE TECH'!H47) -> 38.938657 | M51: =IF(_xlfn.XLOOKUP($J51,$B:$B,$C:$C)="CELC",L51,'ENE TECH'!I47) -> 32.874913 | N51: =IF(_xlfn.XLOOKUP($J51,$B:$B,$C:$C)="CELC",M51,'ENE TECH'!J47) -> 39.644386 | O51: =IF(_xlfn.XLOOKUP($J51,$B:$B,$C:$C)="CELC",N51,'ENE TECH'!K47) -> 42.817047 | P51: =IF(_xlfn.XLOOKUP($J51,$B:$B,$C:$C)="CELC",O51,'ENE TECH'!L47) -> 37.173565 | Q51: =IF(_xlfn.XLOOKUP($J51,$B:$B,$C:$C)="CELC",P51,'ENE TECH'!M47) -> 35.209989 | R51: =IF(_xlfn.XLOOKUP($J51,$B:$B,$C:$C)="CELC",Q51,'ENE TECH'!N47) -> 32.814251 | S51: =IF(_xlfn.XLOOKUP($J51,$B:$B,$C:$C)="CELC",R51,'ENE TECH'!O47) -> 31.363669 | T51: =IF(_xlfn.XLOOKUP($J51,$B:$B,$C:$C)="CELC",S51,'ENE TECH'!P47) -> 33.731269 | ... AG51: =IF(_xlfn.XLOOKUP($J51,$B:$B,$C:$C)="CELC",AF51,'ENE TECH'!AC47) -> 41.008517
B52: =Def_Tech!D63 -> TRAFOI19 | C52: =IF(OR(RIGHT(D52,LEN(D52)-3)="ELC",RIGHT(D52,LEN(D52)-3)="H2G"),"C"&RIGHT(D52,LEN(D52)-3),RIGHT(D52,LEN(D52)-3)) -> FOI | D52: =Def_Comm!C50 -> TRAFOI | E52: Input | F52: 1 | J52: =B52 -> TRAFOI19 | K52: =IF(_xlfn.XLOOKUP($J52,$B:$B,$C:$C)="CELC",1,"") | L52: =IF(_xlfn.XLOOKUP($J52,$B:$B,$C:$C)="CELC",'ENE TECH'!H48-5,'ENE TECH'!H48) -> 10.991195 | M52: =IF(_xlfn.XLOOKUP($J52,$B:$B,$C:$C)="CELC",L52,'ENE TECH'!I48) -> 7.9746075 | N52: =IF(_xlfn.XLOOKUP($J52,$B:$B,$C:$C)="CELC",M52,'ENE TECH'!J48) -> 11.853661 | O52: =IF(_xlfn.XLOOKUP($J52,$B:$B,$C:$C)="CELC",N52,'ENE TECH'!K48) -> 12.802285 | P52: =IF(_xlfn.XLOOKUP($J52,$B:$B,$C:$C)="CELC",O52,'ENE TECH'!L48) -> 11.114886 | Q52: =IF(_xlfn.XLOOKUP($J52,$B:$B,$C:$C)="CELC",P52,'ENE TECH'!M48) -> 10.527777 | R52: =IF(_xlfn.XLOOKUP($J52,$B:$B,$C:$C)="CELC",Q52,'ENE TECH'!N48) -> 9.8114521 | S52: =IF(_xlfn.XLOOKUP($J52,$B:$B,$C:$C)="CELC",R52,'ENE TECH'!O48) -> 9.3777287 | T52: =IF(_xlfn.XLOOKUP($J52,$B:$B,$C:$C)="CELC",S52,'ENE TECH'!P48) -> 10.08564 | ... AG52: =IF(_xlfn.XLOOKUP($J52,$B:$B,$C:$C)="CELC",AF52,'ENE TECH'!AC48) -> 12.261535
B53: =Def_Tech!D64 -> TRACNG19 | C53: =IF(OR(RIGHT(D53,LEN(D53)-3)="ELC",RIGHT(D53,LEN(D53)-3)="H2G"),"C"&RIGHT(D53,LEN(D53)-3),RIGHT(D53,LEN(D53)-3)) -> CNG | D53: =Def_Comm!C51 -> TRACNG | E53: Input | F53: 1 | J53: =B53 -> TRACNG19 | K53: =IF(_xlfn.XLOOKUP($J53,$B:$B,$C:$C)="CELC",1,"") | L53: =IF(_xlfn.XLOOKUP($J53,$B:$B,$C:$C)="CELC",'ENE TECH'!H49-5,'ENE TECH'!H49) -> 11.123752 | M53: =IF(_xlfn.XLOOKUP($J53,$B:$B,$C:$C)="CELC",L53,'ENE TECH'!I49) -> 10.665359 | N53: =IF(_xlfn.XLOOKUP($J53,$B:$B,$C:$C)="CELC",M53,'ENE TECH'!J49) -> 12.796809 | O53: =IF(_xlfn.XLOOKUP($J53,$B:$B,$C:$C)="CELC",N53,'ENE TECH'!K49) -> 13.820912 | P53: =IF(_xlfn.XLOOKUP($J53,$B:$B,$C:$C)="CELC",O53,'ENE TECH'!L49) -> 12.48828 | Q53: =IF(_xlfn.XLOOKUP($J53,$B:$B,$C:$C)="CELC",P53,'ENE TECH'!M49) -> 11.267669 | R53: =IF(_xlfn.XLOOKUP($J53,$B:$B,$C:$C)="CELC",Q53,'ENE TECH'!N49) -> 10.947509 | S53: =IF(_xlfn.XLOOKUP($J53,$B:$B,$C:$C)="CELC",R53,'ENE TECH'!O49) -> 10.490113 | T53: =IF(_xlfn.XLOOKUP($J53,$B:$B,$C:$C)="CELC",S53,'ENE TECH'!P49) -> 11.029972 | ... AG53: =IF(_xlfn.XLOOKUP($J53,$B:$B,$C:$C)="CELC",AF53,'ENE TECH'!AC49) -> 11.001635
B54: =Def_Tech!D65 -> TRARNG19 | C54: =IF(OR(RIGHT(D54,LEN(D54)-3)="ELC",RIGHT(D54,LEN(D54)-3)="H2G"),"C"&RIGHT(D54,LEN(D54)-3),RIGHT(D54,LEN(D54)-3)) -> RNG | D54: =Def_Comm!C52 -> TRARNG | E54: Input | F54: 1 | J54: =B54 -> TRARNG19 | K54: =IF(_xlfn.XLOOKUP($J54,$B:$B,$C:$C)="CELC",1,"") | L54: =IF(_xlfn.XLOOKUP($J54,$B:$B,$C:$C)="CELC",'ENE TECH'!H50-5,'ENE TECH'!H50) -> 22.247505 | M54: =IF(_xlfn.XLOOKUP($J54,$B:$B,$C:$C)="CELC",L54,'ENE TECH'!I50) -> 21.330719 | N54: =IF(_xlfn.XLOOKUP($J54,$B:$B,$C:$C)="CELC",M54,'ENE TECH'!J50) -> 25.593618 | O54: =IF(_xlfn.XLOOKUP($J54,$B:$B,$C:$C)="CELC",N54,'ENE TECH'!K50) -> 27.641824 | P54: =IF(_xlfn.XLOOKUP($J54,$B:$B,$C:$C)="CELC",O54,'ENE TECH'!L50) -> 26.689632 | Q54: =IF(_xlfn.XLOOKUP($J54,$B:$B,$C:$C)="CELC",P54,'ENE TECH'!M50) -> 23.953948 | R54: =IF(_xlfn.XLOOKUP($J54,$B:$B,$C:$C)="CELC",Q54,'ENE TECH'!N50) -> 22.836328 | S54: =IF(_xlfn.XLOOKUP($J54,$B:$B,$C:$C)="CELC",R54,'ENE TECH'!O50) -> 22.156121 | T54: =IF(_xlfn.XLOOKUP($J54,$B:$B,$C:$C)="CELC",S54,'ENE TECH'!P50) -> 24.837 | ... AG54: =IF(_xlfn.XLOOKUP($J54,$B:$B,$C:$C)="CELC",AF54,'ENE TECH'!AC50) -> 30.117868
... B56: =Def_Tech!D67 -> TRAH2G19 | C56: =IF(OR(RIGHT(D56,LEN(D56)-3)="ELC",RIGHT(D56,LEN(D56)-3)="H2G"),"C"&RIGHT(D56,LEN(D56)-3),RIGHT(D56,LEN(D56)-3)) -> CH2G | D56: =Def_Comm!C54 -> TRAH2G | E56: Input | F56: 1 | J56: =B56 -> TRAH2G19 | K56: =IF(_xlfn.XLOOKUP($J56,$B:$B,$C:$C)="CELC",1,"") | L56: =IF(_xlfn.XLOOKUP($J56,$B:$B,$C:$C)="CELC",'ENE TECH'!H52-5,'ENE TECH'!H52) -> 79.534277 | M56: =IF(_xlfn.XLOOKUP($J56,$B:$B,$C:$C)="CELC",L56,'ENE TECH'!I52) -> 77.185521 | N56: =IF(_xlfn.XLOOKUP($J56,$B:$B,$C:$C)="CELC",M56,'ENE TECH'!J52) -> 79.588865 | O56: =IF(_xlfn.XLOOKUP($J56,$B:$B,$C:$C)="CELC",N56,'ENE TECH'!K52) -> 85.958202 | P56: =IF(_xlfn.XLOOKUP($J56,$B:$B,$C:$C)="CELC",O56,'ENE TECH'!L52) -> 87.04129 | Q56: =IF(_xlfn.XLOOKUP($J56,$B:$B,$C:$C)="CELC",P56,'ENE TECH'!M52) -> 83.121343 | R56: =IF(_xlfn.XLOOKUP($J56,$B:$B,$C:$C)="CELC",Q56,'ENE TECH'!N52) -> 79.647541 | S56: =IF(_xlfn.XLOOKUP($J56,$B:$B,$C:$C)="CELC",R56,'ENE TECH'!O52) -> 83.184082 | T56: =IF(_xlfn.XLOOKUP($J56,$B:$B,$C:$C)="CELC",S56,'ENE TECH'!P52) -> 89.529144 | ... AG56: =IF(_xlfn.XLOOKUP($J56,$B:$B,$C:$C)="CELC",AF56,'ENE TECH'!AC52) -> 103.77918
B57: =Def_Tech!D68 -> ELCDSL19 | C57: =IF(OR(RIGHT(D57,LEN(D57)-3)="ELC",RIGHT(D57,LEN(D57)-3)="H2G"),"C"&RIGHT(D57,LEN(D57)-3),RIGHT(D57,LEN(D57)-3)) -> DSL | D57: =Def_Comm!C55 -> ELCDSL | E57: Input | F57: 1 | G57: 1 | J57: =B57 -> ELCDSL19 | K57: =IF(_xlfn.XLOOKUP($J57,$B:$B,$C:$C)="CELC",1,"") | L57: =IF(_xlfn.XLOOKUP($J57,$B:$B,$C:$C)="CELC",'ENE TECH'!H53-5,'ENE TECH'!H53) -> 15.531277 | M57: =IF(_xlfn.XLOOKUP($J57,$B:$B,$C:$C)="CELC",L57,'ENE TECH'!I53) -> 10.296466 | N57: =IF(_xlfn.XLOOKUP($J57,$B:$B,$C:$C)="CELC",M57,'ENE TECH'!J53) -> 16.140699 | O57: =IF(_xlfn.XLOOKUP($J57,$B:$B,$C:$C)="CELC",N57,'ENE TECH'!K53) -> 17.432407 | P57: =IF(_xlfn.XLOOKUP($J57,$B:$B,$C:$C)="CELC",O57,'ENE TECH'!L53) -> 15.965786 | Q57: =IF(_xlfn.XLOOKUP($J57,$B:$B,$C:$C)="CELC",P57,'ENE TECH'!M53) -> 14.78462 | R57: =IF(_xlfn.XLOOKUP($J57,$B:$B,$C:$C)="CELC",Q57,'ENE TECH'!N53) -> 13.403421 | S57: =IF(_xlfn.XLOOKUP($J57,$B:$B,$C:$C)="CELC",R57,'ENE TECH'!O53) -> 11.613484 | T57: =IF(_xlfn.XLOOKUP($J57,$B:$B,$C:$C)="CELC",S57,'ENE TECH'!P53) -> 12.535393 | ... AG57: =IF(_xlfn.XLOOKUP($J57,$B:$B,$C:$C)="CELC",AF57,'ENE TECH'!AC53) -> 15.181964
B58: =Def_Tech!D69 -> ELCFOI19 | C58: =IF(OR(RIGHT(D58,LEN(D58)-3)="ELC",RIGHT(D58,LEN(D58)-3)="H2G"),"C"&RIGHT(D58,LEN(D58)-3),RIGHT(D58,LEN(D58)-3)) -> FOI | D58: =Def_Comm!C56 -> ELCFOI | E58: Input | F58: 1 | G58: 1 | J58: =B58 -> ELCFOI19 | K58: =IF(_xlfn.XLOOKUP($J58,$B:$B,$C:$C)="CELC",1,"") | L58: =IF(_xlfn.XLOOKUP($J58,$B:$B,$C:$C)="CELC",'ENE TECH'!H54-5,'ENE TECH'!H54) -> 12.990599 | M58: =IF(_xlfn.XLOOKUP($J58,$B:$B,$C:$C)="CELC",L58,'ENE TECH'!I54) -> 9.4067819 | N58: =IF(_xlfn.XLOOKUP($J58,$B:$B,$C:$C)="CELC",M58,'ENE TECH'!J54) -> 13.922157 | O58: =IF(_xlfn.XLOOKUP($J58,$B:$B,$C:$C)="CELC",N58,'ENE TECH'!K54) -> 15.036319 | P58: =IF(_xlfn.XLOOKUP($J58,$B:$B,$C:$C)="CELC",O58,'ENE TECH'!L54) -> 12.597649 | Q58: =IF(_xlfn.XLOOKUP($J58,$B:$B,$C:$C)="CELC",P58,'ENE TECH'!M54) -> 12.325663 | R58: =IF(_xlfn.XLOOKUP($J58,$B:$B,$C:$C)="CELC",Q58,'ENE TECH'!N54) -> 11.625466 | S58: =IF(_xlfn.XLOOKUP($J58,$B:$B,$C:$C)="CELC",R58,'ENE TECH'!O54) -> 12.309098 | T58: =IF(_xlfn.XLOOKUP($J58,$B:$B,$C:$C)="CELC",S58,'ENE TECH'!P54) -> 13.374947 | ... AG58: =IF(_xlfn.XLOOKUP($J58,$B:$B,$C:$C)="CELC",AF58,'ENE TECH'!AC54) -> 15.653468
B59: =Def_Tech!D70 -> ELCNGA19 | C59: =IF(OR(RIGHT(D59,LEN(D59)-3)="ELC",RIGHT(D59,LEN(D59)-3)="H2G"),"C"&RIGHT(D59,LEN(D59)-3),RIGHT(D59,LEN(D59)-3)) -> NGA | D59: =Def_Comm!C57 -> ELCNGA | E59: Input | F59: 1 | G59: 1 | J59: =B59 -> ELCNGA19 | K59: =IF(_xlfn.XLOOKUP($J59,$B:$B,$C:$C)="CELC",1,"") | L59: =IF(_xlfn.XLOOKUP($J59,$B:$B,$C:$C)="CELC",'ENE TECH'!H55-5,'ENE TECH'!H55) -> 3.2697425 | M59: =IF(_xlfn.XLOOKUP($J59,$B:$B,$C:$C)="CELC",L59,'ENE TECH'!I55) -> 2.3001589 | N59: =IF(_xlfn.XLOOKUP($J59,$B:$B,$C:$C)="CELC",M59,'ENE TECH'!J55) -> 4.2548854 | O59: =IF(_xlfn.XLOOKUP($J59,$B:$B,$C:$C)="CELC",N59,'ENE TECH'!K55) -> 4.5953954 | P59: =IF(_xlfn.XLOOKUP($J59,$B:$B,$C:$C)="CELC",O59,'ENE TECH'!L55) -> 3.5948003 | Q59: =IF(_xlfn.XLOOKUP($J59,$B:$B,$C:$C)="CELC",P59,'ENE TECH'!M55) -> 2.793479 | R59: =IF(_xlfn.XLOOKUP($J59,$B:$B,$C:$C)="CELC",Q59,'ENE TECH'!N55) -> 2.4581338 | S59: =IF(_xlfn.XLOOKUP($J59,$B:$B,$C:$C)="CELC",R59,'ENE TECH'!O55) -> 2.2074106 | T59: =IF(_xlfn.XLOOKUP($J59,$B:$B,$C:$C)="CELC",S59,'ENE TECH'!P55) -> 2.6709102 | ... AG59: =IF(_xlfn.XLOOKUP($J59,$B:$B,$C:$C)="CELC",AF59,'ENE TECH'!AC55) -> 3.2623375
B60: =Def_Tech!D71 -> ELCRNG19 | C60: =IF(OR(RIGHT(D60,LEN(D60)-3)="ELC",RIGHT(D60,LEN(D60)-3)="H2G"),"C"&RIGHT(D60,LEN(D60)-3),RIGHT(D60,LEN(D60)-3)) -> RNG | D60: =Def_Comm!C58 -> ELCRNG | E60: Input | F60: 1 | G60: 1 | J60: =B60 -> ELCRNG19 | K60: =IF(_xlfn.XLOOKUP($J60,$B:$B,$C:$C)="CELC",1,"") | L60: =IF(_xlfn.XLOOKUP($J60,$B:$B,$C:$C)="CELC",'ENE TECH'!H56-5,'ENE TECH'!H56) -> 6.539485 | M60: =IF(_xlfn.XLOOKUP($J60,$B:$B,$C:$C)="CELC",L60,'ENE TECH'!I56) -> 4.6003178 | N60: =IF(_xlfn.XLOOKUP($J60,$B:$B,$C:$C)="CELC",M60,'ENE TECH'!J56) -> 8.5097709 | O60: =IF(_xlfn.XLOOKUP($J60,$B:$B,$C:$C)="CELC",N60,'ENE TECH'!K56) -> 9.1907908 | P60: =IF(_xlfn.XLOOKUP($J60,$B:$B,$C:$C)="CELC",O60,'ENE TECH'!L56) -> 7.1896007 | Q60: =IF(_xlfn.XLOOKUP($J60,$B:$B,$C:$C)="CELC",P60,'ENE TECH'!M56) -> 5.586958 | R60: =IF(_xlfn.XLOOKUP($J60,$B:$B,$C:$C)="CELC",Q60,'ENE TECH'!N56) -> 4.9162677 | S60: =IF(_xlfn.XLOOKUP($J60,$B:$B,$C:$C)="CELC",R60,'ENE TECH'!O56) -> 4.4148211 | T60: =IF(_xlfn.XLOOKUP($J60,$B:$B,$C:$C)="CELC",S60,'ENE TECH'!P56) -> 5.3418204 | ... AG60: =IF(_xlfn.XLOOKUP($J60,$B:$B,$C:$C)="CELC",AF60,'ENE TECH'!AC56) -> 6.5246749
B61: =Def_Tech!D72 -> ELCCOA19 | C61: =IF(OR(RIGHT(D61,LEN(D61)-3)="ELC",RIGHT(D61,LEN(D61)-3)="H2G"),"C"&RIGHT(D61,LEN(D61)-3),RIGHT(D61,LEN(D61)-3)) -> COA | D61: =Def_Comm!C59 -> ELCCOA | E61: Input | F61: 1 | G61: 1 | J61: =B61 -> ELCCOA19 | K61: =IF(_xlfn.XLOOKUP($J61,$B:$B,$C:$C)="CELC",1,"") | L61: =IF(_xlfn.XLOOKUP($J61,$B:$B,$C:$C)="CELC",'ENE TECH'!H57-5,'ENE TECH'!H57) -> 2.5185855 | M61: =IF(_xlfn.XLOOKUP($J61,$B:$B,$C:$C)="CELC",L61,'ENE TECH'!I57) -> 2.2676095 | N61: =IF(_xlfn.XLOOKUP($J61,$B:$B,$C:$C)="CELC",M61,'ENE TECH'!J57) -> 0 | O61: =IF(_xlfn.XLOOKUP($J61,$B:$B,$C:$C)="CELC",N61,'ENE TECH'!K57) -> 0 | P61: =IF(_xlfn.XLOOKUP($J61,$B:$B,$C:$C)="CELC",O61,'ENE TECH'!L57) -> 0 | Q61: =IF(_xlfn.XLOOKUP($J61,$B:$B,$C:$C)="CELC",P61,'ENE TECH'!M57) -> 0 | R61: =IF(_xlfn.XLOOKUP($J61,$B:$B,$C:$C)="CELC",Q61,'ENE TECH'!N57) -> 0 | S61: =IF(_xlfn.XLOOKUP($J61,$B:$B,$C:$C)="CELC",R61,'ENE TECH'!O57) -> 0 | T61: =IF(_xlfn.XLOOKUP($J61,$B:$B,$C:$C)="CELC",S61,'ENE TECH'!P57) -> 0 | ... AG61: =IF(_xlfn.XLOOKUP($J61,$B:$B,$C:$C)="CELC",AF61,'ENE TECH'!AC57) -> 0
B62: =Def_Tech!D73 -> ELCURN19 | C62: =IF(OR(RIGHT(D62,LEN(D62)-3)="ELC",RIGHT(D62,LEN(D62)-3)="H2G"),"C"&RIGHT(D62,LEN(D62)-3),RIGHT(D62,LEN(D62)-3)) -> URN | D62: =Def_Comm!C60 -> ELCURN | E62: Input | F62: 1 | G62: 1 | J62: =B62 -> ELCURN19 | K62: =IF(_xlfn.XLOOKUP($J62,$B:$B,$C:$C)="CELC",1,"") | L62: =IF(_xlfn.XLOOKUP($J62,$B:$B,$C:$C)="CELC",'ENE TECH'!H58-5,'ENE TECH'!H58) -> 0.74011064 | M62: =IF(_xlfn.XLOOKUP($J62,$B:$B,$C:$C)="CELC",L62,'ENE TECH'!I58) -> 0.69438759 | N62: =IF(_xlfn.XLOOKUP($J62,$B:$B,$C:$C)="CELC",M62,'ENE TECH'!J58) -> 0.68592612 | O62: =IF(_xlfn.XLOOKUP($J62,$B:$B,$C:$C)="CELC",N62,'ENE TECH'!K58) -> 0.74081941 | P62: =IF(_xlfn.XLOOKUP($J62,$B:$B,$C:$C)="CELC",O62,'ENE TECH'!L58) -> 0.72661508 | Q62: =IF(_xlfn.XLOOKUP($J62,$B:$B,$C:$C)="CELC",P62,'ENE TECH'!M58) -> 0.72165822 | R62: =IF(_xlfn.XLOOKUP($J62,$B:$B,$C:$C)="CELC",Q62,'ENE TECH'!N58) -> 0.72826211 | S62: =IF(_xlfn.XLOOKUP($J62,$B:$B,$C:$C)="CELC",R62,'ENE TECH'!O58) -> 0.76817225 | T62: =IF(_xlfn.XLOOKUP($J62,$B:$B,$C:$C)="CELC",S62,'ENE TECH'!P58) -> 0.81843288 | ... AG62: =IF(_xlfn.XLOOKUP($J62,$B:$B,$C:$C)="CELC",AF62,'ENE TECH'!AC58) -> 0.96468476
B63: =Def_Tech!D74 -> ELCBIO19 | C63: =IF(OR(RIGHT(D63,LEN(D63)-3)="ELC",RIGHT(D63,LEN(D63)-3)="H2G"),"C"&RIGHT(D63,LEN(D63)-3),RIGHT(D63,LEN(D63)-3)) -> BIO | D63: =Def_Comm!C61 -> ELCBIO | E63: Input | F63: 1 | G63: 1 | J63: =B63 -> ELCBIO19 | K63: =IF(_xlfn.XLOOKUP($J63,$B:$B,$C:$C)="CELC",1,"") | L63: =IF(_xlfn.XLOOKUP($J63,$B:$B,$C:$C)="CELC",'ENE TECH'!H59-5,'ENE TECH'!H59) -> 5.0371709 | M63: =IF(_xlfn.XLOOKUP($J63,$B:$B,$C:$C)="CELC",L63,'ENE TECH'!I59) -> 4.535219 | N63: =IF(_xlfn.XLOOKUP($J63,$B:$B,$C:$C)="CELC",M63,'ENE TECH'!J59) -> 0 | O63: =IF(_xlfn.XLOOKUP($J63,$B:$B,$C:$C)="CELC",N63,'ENE TECH'!K59) -> 0 | P63: =IF(_xlfn.XLOOKUP($J63,$B:$B,$C:$C)="CELC",O63,'ENE TECH'!L59) -> 0 | Q63: =IF(_xlfn.XLOOKUP($J63,$B:$B,$C:$C)="CELC",P63,'ENE TECH'!M59) -> 0 | R63: =IF(_xlfn.XLOOKUP($J63,$B:$B,$C:$C)="CELC",Q63,'ENE TECH'!N59) -> 0 | S63: =IF(_xlfn.XLOOKUP($J63,$B:$B,$C:$C)="CELC",R63,'ENE TECH'!O59) -> 0 | T63: =IF(_xlfn.XLOOKUP($J63,$B:$B,$C:$C)="CELC",S63,'ENE TECH'!P59) -> 0 | ... AG63: =IF(_xlfn.XLOOKUP($J63,$B:$B,$C:$C)="CELC",AF63,'ENE TECH'!AC59) -> 0
B64: =Def_Tech!D75 -> ELCOTB19 | C64: =IF(OR(RIGHT(D64,LEN(D64)-3)="ELC",RIGHT(D64,LEN(D64)-3)="H2G"),"C"&RIGHT(D64,LEN(D64)-3),RIGHT(D64,LEN(D64)-3)) -> OTB | D64: =Def_Comm!C62 -> ELCOTB | E64: Input | F64: 1 | G64: 1 | J64: =B64 -> ELCOTB19 | K64: =IF(_xlfn.XLOOKUP($J64,$B:$B,$C:$C)="CELC",1,"") | L64: =IF(_xlfn.XLOOKUP($J64,$B:$B,$C:$C)="CELC",'ENE TECH'!H60-5,'ENE TECH'!H60) -> 5.0371709 | M64: =IF(_xlfn.XLOOKUP($J64,$B:$B,$C:$C)="CELC",L64,'ENE TECH'!I60) -> 4.535219 | N64: =IF(_xlfn.XLOOKUP($J64,$B:$B,$C:$C)="CELC",M64,'ENE TECH'!J60) -> 0 | O64: =IF(_xlfn.XLOOKUP($J64,$B:$B,$C:$C)="CELC",N64,'ENE TECH'!K60) -> 0 | P64: =IF(_xlfn.XLOOKUP($J64,$B:$B,$C:$C)="CELC",O64,'ENE TECH'!L60) -> 0 | Q64: =IF(_xlfn.XLOOKUP($J64,$B:$B,$C:$C)="CELC",P64,'ENE TECH'!M60) -> 0 | R64: =IF(_xlfn.XLOOKUP($J64,$B:$B,$C:$C)="CELC",Q64,'ENE TECH'!N60) -> 0 | S64: =IF(_xlfn.XLOOKUP($J64,$B:$B,$C:$C)="CELC",R64,'ENE TECH'!O60) -> 0 | T64: =IF(_xlfn.XLOOKUP($J64,$B:$B,$C:$C)="CELC",S64,'ENE TECH'!P60) -> 0 | ... AG64: =IF(_xlfn.XLOOKUP($J64,$B:$B,$C:$C)="CELC",AF64,'ENE TECH'!AC60) -> 0
B65: =Def_Tech!D76 -> ELCWAS19 | C65: =IF(OR(RIGHT(D65,LEN(D65)-3)="ELC",RIGHT(D65,LEN(D65)-3)="H2G"),"C"&RIGHT(D65,LEN(D65)-3),RIGHT(D65,LEN(D65)-3)) -> WAS | D65: =Def_Comm!C63 -> ELCWAS | E65: Input | F65: 1 | G65: 1 | J65: =B65 -> ELCWAS19 | K65: =IF(_xlfn.XLOOKUP($J65,$B:$B,$C:$C)="CELC",1,"") | L65: =IF(_xlfn.XLOOKUP($J65,$B:$B,$C:$C)="CELC",'ENE TECH'!H61-5,'ENE TECH'!H61) -> 2.5185855 | M65: =IF(_xlfn.XLOOKUP($J65,$B:$B,$C:$C)="CELC",L65,'ENE TECH'!I61) -> 2.2676095 | N65: =IF(_xlfn.XLOOKUP($J65,$B:$B,$C:$C)="CELC",M65,'ENE TECH'!J61) -> 0 | O65: =IF(_xlfn.XLOOKUP($J65,$B:$B,$C:$C)="CELC",N65,'ENE TECH'!K61) -> 0 | P65: =IF(_xlfn.XLOOKUP($J65,$B:$B,$C:$C)="CELC",O65,'ENE TECH'!L61) -> 0 | Q65: =IF(_xlfn.XLOOKUP($J65,$B:$B,$C:$C)="CELC",P65,'ENE TECH'!M61) -> 0 | R65: =IF(_xlfn.XLOOKUP($J65,$B:$B,$C:$C)="CELC",Q65,'ENE TECH'!N61) -> 0 | S65: =IF(_xlfn.XLOOKUP($J65,$B:$B,$C:$C)="CELC",R65,'ENE TECH'!O61) -> 0 | T65: =IF(_xlfn.XLOOKUP($J65,$B:$B,$C:$C)="CELC",S65,'ENE TECH'!P61) -> 0 | ... AG65: =IF(_xlfn.XLOOKUP($J65,$B:$B,$C:$C)="CELC",AF65,'ENE TECH'!AC61) -> 0
B66: =Def_Tech!D77 -> ELCHET19 | C66: =IF(OR(RIGHT(D66,LEN(D66)-3)="ELC",RIGHT(D66,LEN(D66)-3)="H2G"),"C"&RIGHT(D66,LEN(D66)-3),RIGHT(D66,LEN(D66)-3)) -> HET | D66: =Def_Comm!C64 -> ELCHET | E66: Input | F66: 1 | G66: 1 | J66: =B66 -> ELCHET19 | K66: =IF(_xlfn.XLOOKUP($J66,$B:$B,$C:$C)="CELC",1,"") | L66: =IF(_xlfn.XLOOKUP($J66,$B:$B,$C:$C)="CELC",'ENE TECH'!H62-5,'ENE TECH'!H62) -> 2.5185855 | M66: =IF(_xlfn.XLOOKUP($J66,$B:$B,$C:$C)="CELC",L66,'ENE TECH'!I62) -> 2.2676095 | N66: =IF(_xlfn.XLOOKUP($J66,$B:$B,$C:$C)="CELC",M66,'ENE TECH'!J62) -> 0 | O66: =IF(_xlfn.XLOOKUP($J66,$B:$B,$C:$C)="CELC",N66,'ENE TECH'!K62) -> 0 | P66: =IF(_xlfn.XLOOKUP($J66,$B:$B,$C:$C)="CELC",O66,'ENE TECH'!L62) -> 0 | Q66: =IF(_xlfn.XLOOKUP($J66,$B:$B,$C:$C)="CELC",P66,'ENE TECH'!M62) -> 0 | R66: =IF(_xlfn.XLOOKUP($J66,$B:$B,$C:$C)="CELC",Q66,'ENE TECH'!N62) -> 0 | S66: =IF(_xlfn.XLOOKUP($J66,$B:$B,$C:$C)="CELC",R66,'ENE TECH'!O62) -> 0 | T66: =IF(_xlfn.XLOOKUP($J66,$B:$B,$C:$C)="CELC",S66,'ENE TECH'!P62) -> 0 | ... AG66: =IF(_xlfn.XLOOKUP($J66,$B:$B,$C:$C)="CELC",AF66,'ENE TECH'!AC62) -> 0
B67: =Def_Tech!D78 -> ELCSTM19 | C67: =IF(OR(RIGHT(D67,LEN(D67)-3)="ELC",RIGHT(D67,LEN(D67)-3)="H2G"),"C"&RIGHT(D67,LEN(D67)-3),RIGHT(D67,LEN(D67)-3)) -> STM | D67: =Def_Comm!C65 -> ELCSTM | E67: Input | F67: 1 | G67: 1 | J67: =B67 -> ELCSTM19 | K67: =IF(_xlfn.XLOOKUP($J67,$B:$B,$C:$C)="CELC",1,"") | L67: =IF(_xlfn.XLOOKUP($J67,$B:$B,$C:$C)="CELC",'ENE TECH'!H63-5,'ENE TECH'!H63) -> 2.5185855 | M67: =IF(_xlfn.XLOOKUP($J67,$B:$B,$C:$C)="CELC",L67,'ENE TECH'!I63) -> 2.2676095 | N67: =IF(_xlfn.XLOOKUP($J67,$B:$B,$C:$C)="CELC",M67,'ENE TECH'!J63) -> 0 | O67: =IF(_xlfn.XLOOKUP($J67,$B:$B,$C:$C)="CELC",N67,'ENE TECH'!K63) -> 0 | P67: =IF(_xlfn.XLOOKUP($J67,$B:$B,$C:$C)="CELC",O67,'ENE TECH'!L63) -> 0 | Q67: =IF(_xlfn.XLOOKUP($J67,$B:$B,$C:$C)="CELC",P67,'ENE TECH'!M63) -> 0 | R67: =IF(_xlfn.XLOOKUP($J67,$B:$B,$C:$C)="CELC",Q67,'ENE TECH'!N63) -> 0 | S67: =IF(_xlfn.XLOOKUP($J67,$B:$B,$C:$C)="CELC",R67,'ENE TECH'!O63) -> 0 | T67: =IF(_xlfn.XLOOKUP($J67,$B:$B,$C:$C)="CELC",S67,'ENE TECH'!P63) -> 0 | ... AG67: =IF(_xlfn.XLOOKUP($J67,$B:$B,$C:$C)="CELC",AF67,'ENE TECH'!AC63) -> 0
B68: =Def_Tech!D79 -> ELCGEO19 | C68: =IF(OR(RIGHT(D68,LEN(D68)-3)="ELC",RIGHT(D68,LEN(D68)-3)="H2G"),"C"&RIGHT(D68,LEN(D68)-3),RIGHT(D68,LEN(D68)-3)) -> GEO | D68: =Def_Comm!C66 -> ELCGEO | E68: Input | F68: 1 | G68: 1 | J68: =B68 -> ELCGEO19 | K68: =IF(_xlfn.XLOOKUP($J68,$B:$B,$C:$C)="CELC",1,"") | L68: =IF(_xlfn.XLOOKUP($J68,$B:$B,$C:$C)="CELC",'ENE TECH'!H64-5,'ENE TECH'!H64) -> 0 | M68: =IF(_xlfn.XLOOKUP($J68,$B:$B,$C:$C)="CELC",L68,'ENE TECH'!I64) -> 0 | N68: =IF(_xlfn.XLOOKUP($J68,$B:$B,$C:$C)="CELC",M68,'ENE TECH'!J64) -> 0 | O68: =IF(_xlfn.XLOOKUP($J68,$B:$B,$C:$C)="CELC",N68,'ENE TECH'!K64) -> 0 | P68: =IF(_xlfn.XLOOKUP($J68,$B:$B,$C:$C)="CELC",O68,'ENE TECH'!L64) -> 0 | Q68: =IF(_xlfn.XLOOKUP($J68,$B:$B,$C:$C)="CELC",P68,'ENE TECH'!M64) -> 0 | R68: =IF(_xlfn.XLOOKUP($J68,$B:$B,$C:$C)="CELC",Q68,'ENE TECH'!N64) -> 0 | S68: =IF(_xlfn.XLOOKUP($J68,$B:$B,$C:$C)="CELC",R68,'ENE TECH'!O64) -> 0 | T68: =IF(_xlfn.XLOOKUP($J68,$B:$B,$C:$C)="CELC",S68,'ENE TECH'!P64) -> 0 | ... AG68: =IF(_xlfn.XLOOKUP($J68,$B:$B,$C:$C)="CELC",AF68,'ENE TECH'!AC64) -> 0
... B71: =Def_Tech!D82 -> ELCSOL19 | C71: =IF(OR(RIGHT(D71,LEN(D71)-3)="ELC",RIGHT(D71,LEN(D71)-3)="H2G"),"C"&RIGHT(D71,LEN(D71)-3),RIGHT(D71,LEN(D71)-3)) -> SOL | D71: =Def_Comm!C69 -> ELCSOL | E71: Input | F71: 1 | G71: 1 | J71: =B71 -> ELCSOL19 | K71: =IF(_xlfn.XLOOKUP($J71,$B:$B,$C:$C)="CELC",1,"") | L71: =IF(_xlfn.XLOOKUP($J71,$B:$B,$C:$C)="CELC",'ENE TECH'!H67-5,'ENE TECH'!H67) -> 0 | M71: =IF(_xlfn.XLOOKUP($J71,$B:$B,$C:$C)="CELC",L71,'ENE TECH'!I67) -> 0 | N71: =IF(_xlfn.XLOOKUP($J71,$B:$B,$C:$C)="CELC",M71,'ENE TECH'!J67) -> 0 | O71: =IF(_xlfn.XLOOKUP($J71,$B:$B,$C:$C)="CELC",N71,'ENE TECH'!K67) -> 0 | P71: =IF(_xlfn.XLOOKUP($J71,$B:$B,$C:$C)="CELC",O71,'ENE TECH'!L67) -> 0 | Q71: =IF(_xlfn.XLOOKUP($J71,$B:$B,$C:$C)="CELC",P71,'ENE TECH'!M67) -> 0 | R71: =IF(_xlfn.XLOOKUP($J71,$B:$B,$C:$C)="CELC",Q71,'ENE TECH'!N67) -> 0 | S71: =IF(_xlfn.XLOOKUP($J71,$B:$B,$C:$C)="CELC",R71,'ENE TECH'!O67) -> 0 | T71: =IF(_xlfn.XLOOKUP($J71,$B:$B,$C:$C)="CELC",S71,'ENE TECH'!P67) -> 0 | ... AG71: =IF(_xlfn.XLOOKUP($J71,$B:$B,$C:$C)="CELC",AF71,'ENE TECH'!AC67) -> 0
B72: =Def_Tech!D83 -> WASLPG19 | C72: =IF(OR(RIGHT(D72,LEN(D72)-3)="ELC",RIGHT(D72,LEN(D72)-3)="H2G"),"C"&RIGHT(D72,LEN(D72)-3),RIGHT(D72,LEN(D72)-3)) -> LPG | D72: =Def_Comm!C70 -> WASLPG | E72: Input | F72: 1 | J72: =B72 -> WASLPG19 | K72: =IF(_xlfn.XLOOKUP($J72,$B:$B,$C:$C)="CELC",1,"") | L72: =IF(_xlfn.XLOOKUP($J72,$B:$B,$C:$C)="CELC",'ENE TECH'!H68-5,'ENE TECH'!H68) -> 15.144652 | M72: =IF(_xlfn.XLOOKUP($J72,$B:$B,$C:$C)="CELC",L72,'ENE TECH'!I68) -> 13.529708 | N72: =IF(_xlfn.XLOOKUP($J72,$B:$B,$C:$C)="CELC",M72,'ENE TECH'!J68) -> 22.453363 | O72: =IF(_xlfn.XLOOKUP($J72,$B:$B,$C:$C)="CELC",N72,'ENE TECH'!K68) -> 24.25026 | P72: =IF(_xlfn.XLOOKUP($J72,$B:$B,$C:$C)="CELC",O72,'ENE TECH'!L68) -> 21.481797 | Q72: =IF(_xlfn.XLOOKUP($J72,$B:$B,$C:$C)="CELC",P72,'ENE TECH'!M68) -> 19.265321 | R72: =IF(_xlfn.XLOOKUP($J72,$B:$B,$C:$C)="CELC",Q72,'ENE TECH'!N68) -> 17.113109 | S72: =IF(_xlfn.XLOOKUP($J72,$B:$B,$C:$C)="CELC",R72,'ENE TECH'!O68) -> 16.995916 | T72: =IF(_xlfn.XLOOKUP($J72,$B:$B,$C:$C)="CELC",S72,'ENE TECH'!P68) -> 20.560588 | ... AG72: =IF(_xlfn.XLOOKUP($J72,$B:$B,$C:$C)="CELC",AF72,'ENE TECH'!AC68) -> 26.667272
B73: =Def_Tech!D84 -> WASDSL19 | C73: =IF(OR(RIGHT(D73,LEN(D73)-3)="ELC",RIGHT(D73,LEN(D73)-3)="H2G"),"C"&RIGHT(D73,LEN(D73)-3),RIGHT(D73,LEN(D73)-3)) -> DSL | D73: =Def_Comm!C71 -> WASDSL | E73: Input | F73: 1 | J73: =B73 -> WASDSL19 | K73: =IF(_xlfn.XLOOKUP($J73,$B:$B,$C:$C)="CELC",1,"") | L73: =IF(_xlfn.XLOOKUP($J73,$B:$B,$C:$C)="CELC",'ENE TECH'!H69-5,'ENE TECH'!H69) -> 16.205109 | M73: =IF(_xlfn.XLOOKUP($J73,$B:$B,$C:$C)="CELC",L73,'ENE TECH'!I69) -> 11.359747 | N73: =IF(_xlfn.XLOOKUP($J73,$B:$B,$C:$C)="CELC",M73,'ENE TECH'!J69) -> 15.42262 | O73: =IF(_xlfn.XLOOKUP($J73,$B:$B,$C:$C)="CELC",N73,'ENE TECH'!K69) -> 16.656861 | P73: =IF(_xlfn.XLOOKUP($J73,$B:$B,$C:$C)="CELC",O73,'ENE TECH'!L69) -> 15.231331 | Q73: =IF(_xlfn.XLOOKUP($J73,$B:$B,$C:$C)="CELC",P73,'ENE TECH'!M69) -> 14.040168 | R73: =IF(_xlfn.XLOOKUP($J73,$B:$B,$C:$C)="CELC",Q73,'ENE TECH'!N69) -> 12.700199 | S73: =IF(_xlfn.XLOOKUP($J73,$B:$B,$C:$C)="CELC",R73,'ENE TECH'!O69) -> 10.980378 | T73: =IF(_xlfn.XLOOKUP($J73,$B:$B,$C:$C)="CELC",S73,'ENE TECH'!P69) -> 11.829788 | ... AG73: =IF(_xlfn.XLOOKUP($J73,$B:$B,$C:$C)="CELC",AF73,'ENE TECH'!AC69) -> 14.458269
B74: =Def_Tech!D85 -> WASFOI19 | C74: =IF(OR(RIGHT(D74,LEN(D74)-3)="ELC",RIGHT(D74,LEN(D74)-3)="H2G"),"C"&RIGHT(D74,LEN(D74)-3),RIGHT(D74,LEN(D74)-3)) -> FOI | D74: =Def_Comm!C72 -> WASFOI | E74: Input | F74: 1 | J74: =B74 -> WASFOI19 | K74: =IF(_xlfn.XLOOKUP($J74,$B:$B,$C:$C)="CELC",1,"") | L74: =IF(_xlfn.XLOOKUP($J74,$B:$B,$C:$C)="CELC",'ENE TECH'!H70-5,'ENE TECH'!H70) -> 10.803406 | M74: =IF(_xlfn.XLOOKUP($J74,$B:$B,$C:$C)="CELC",L74,'ENE TECH'!I70) -> 8.3760503 | N74: =IF(_xlfn.XLOOKUP($J74,$B:$B,$C:$C)="CELC",M74,'ENE TECH'!J70) -> 12.314517 | O74: =IF(_xlfn.XLOOKUP($J74,$B:$B,$C:$C)="CELC",N74,'ENE TECH'!K70) -> 13.300023 | P74: =IF(_xlfn.XLOOKUP($J74,$B:$B,$C:$C)="CELC",O74,'ENE TECH'!L70) -> 8.305852 | Q74: =IF(_xlfn.XLOOKUP($J74,$B:$B,$C:$C)="CELC",P74,'ENE TECH'!M70) -> 9.8242712 | R74: =IF(_xlfn.XLOOKUP($J74,$B:$B,$C:$C)="CELC",Q74,'ENE TECH'!N70) -> 10.264384 | S74: =IF(_xlfn.XLOOKUP($J74,$B:$B,$C:$C)="CELC",R74,'ENE TECH'!O70) -> 15.911878 | T74: =IF(_xlfn.XLOOKUP($J74,$B:$B,$C:$C)="CELC",S74,'ENE TECH'!P70) -> 17.519001 | ... AG74: =IF(_xlfn.XLOOKUP($J74,$B:$B,$C:$C)="CELC",AF74,'ENE TECH'!AC70) -> 22.199438
B75: =Def_Tech!D86 -> WASKER19 | C75: =IF(OR(RIGHT(D75,LEN(D75)-3)="ELC",RIGHT(D75,LEN(D75)-3)="H2G"),"C"&RIGHT(D75,LEN(D75)-3),RIGHT(D75,LEN(D75)-3)) -> KER | D75: =Def_Comm!C73 -> WASKER | E75: Input | F75: 1 | J75: =B75 -> WASKER19 | K75: =IF(_xlfn.XLOOKUP($J75,$B:$B,$C:$C)="CELC",1,"") | L75: =IF(_xlfn.XLOOKUP($J75,$B:$B,$C:$C)="CELC",'ENE TECH'!H71-5,'ENE TECH'!H71) -> 18.734741 | M75: =IF(_xlfn.XLOOKUP($J75,$B:$B,$C:$C)="CELC",L75,'ENE TECH'!I71) -> 13.594807 | N75: =IF(_xlfn.XLOOKUP($J75,$B:$B,$C:$C)="CELC",M75,'ENE TECH'!J71) -> 17.801926 | O75: =IF(_xlfn.XLOOKUP($J75,$B:$B,$C:$C)="CELC",N75,'ENE TECH'!K71) -> 19.226579 | P75: =IF(_xlfn.XLOOKUP($J75,$B:$B,$C:$C)="CELC",O75,'ENE TECH'!L71) -> 17.581126 | Q75: =IF(_xlfn.XLOOKUP($J75,$B:$B,$C:$C)="CELC",P75,'ENE TECH'!M71) -> 16.206198 | R75: =IF(_xlfn.XLOOKUP($J75,$B:$B,$C:$C)="CELC",Q75,'ENE TECH'!N71) -> 14.659507 | S75: =IF(_xlfn.XLOOKUP($J75,$B:$B,$C:$C)="CELC",R75,'ENE TECH'!O71) -> 12.674363 | T75: =IF(_xlfn.XLOOKUP($J75,$B:$B,$C:$C)="CELC",S75,'ENE TECH'!P71) -> 13.654814 | ... AG75: =IF(_xlfn.XLOOKUP($J75,$B:$B,$C:$C)="CELC",AF75,'ENE TECH'!AC71) -> 16.688801
B76: =Def_Tech!D87 -> WASGSL19 | C76: =IF(OR(RIGHT(D76,LEN(D76)-3)="ELC",RIGHT(D76,LEN(D76)-3)="H2G"),"C"&RIGHT(D76,LEN(D76)-3),RIGHT(D76,LEN(D76)-3)) -> GSL | D76: =Def_Comm!C74 -> WASGSL | E76: Input | F76: 1 | J76: =B76 -> WASGSL19 | K76: =IF(_xlfn.XLOOKUP($J76,$B:$B,$C:$C)="CELC",1,"") | L76: =IF(_xlfn.XLOOKUP($J76,$B:$B,$C:$C)="CELC",'ENE TECH'!H72-5,'ENE TECH'!H72) -> 23.164358 | M76: =IF(_xlfn.XLOOKUP($J76,$B:$B,$C:$C)="CELC",L76,'ENE TECH'!I72) -> 19.377754 | N76: =IF(_xlfn.XLOOKUP($J76,$B:$B,$C:$C)="CELC",M76,'ENE TECH'!J72) -> 25.582901 | O76: =IF(_xlfn.XLOOKUP($J76,$B:$B,$C:$C)="CELC",N76,'ENE TECH'!K72) -> 27.630249 | P76: =IF(_xlfn.XLOOKUP($J76,$B:$B,$C:$C)="CELC",O76,'ENE TECH'!L72) -> 25.265592 | Q76: =IF(_xlfn.XLOOKUP($J76,$B:$B,$C:$C)="CELC",P76,'ENE TECH'!M72) -> 23.289702 | R76: =IF(_xlfn.XLOOKUP($J76,$B:$B,$C:$C)="CELC",Q76,'ENE TECH'!N72) -> 21.066973 | S76: =IF(_xlfn.XLOOKUP($J76,$B:$B,$C:$C)="CELC",R76,'ENE TECH'!O72) -> 18.214151 | T76: =IF(_xlfn.XLOOKUP($J76,$B:$B,$C:$C)="CELC",S76,'ENE TECH'!P72) -> 19.623143 | ... AG76: =IF(_xlfn.XLOOKUP($J76,$B:$B,$C:$C)="CELC",AF76,'ENE TECH'!AC72) -> 23.983244
B77: =Def_Tech!D88 -> WASNGA19 | C77: =IF(OR(RIGHT(D77,LEN(D77)-3)="ELC",RIGHT(D77,LEN(D77)-3)="H2G"),"C"&RIGHT(D77,LEN(D77)-3),RIGHT(D77,LEN(D77)-3)) -> NGA | D77: =Def_Comm!C75 -> WASNGA | E77: Input | F77: 1 | J77: =B77 -> WASNGA19 | K77: =IF(_xlfn.XLOOKUP($J77,$B:$B,$C:$C)="CELC",1,"") | L77: =IF(_xlfn.XLOOKUP($J77,$B:$B,$C:$C)="CELC",'ENE TECH'!H73-5,'ENE TECH'!H73) -> 8.2406349 | M77: =IF(_xlfn.XLOOKUP($J77,$B:$B,$C:$C)="CELC",L77,'ENE TECH'!I73) -> 7.3453188 | N77: =IF(_xlfn.XLOOKUP($J77,$B:$B,$C:$C)="CELC",M77,'ENE TECH'!J73) -> 8.7026876 | O77: =IF(_xlfn.XLOOKUP($J77,$B:$B,$C:$C)="CELC",N77,'ENE TECH'!K73) -> 9.3991463 | P77: =IF(_xlfn.XLOOKUP($J77,$B:$B,$C:$C)="CELC",O77,'ENE TECH'!L73) -> 7.8406608 | Q77: =IF(_xlfn.XLOOKUP($J77,$B:$B,$C:$C)="CELC",P77,'ENE TECH'!M73) -> 6.3176618 | R77: =IF(_xlfn.XLOOKUP($J77,$B:$B,$C:$C)="CELC",Q77,'ENE TECH'!N73) -> 5.7092575 | S77: =IF(_xlfn.XLOOKUP($J77,$B:$B,$C:$C)="CELC",R77,'ENE TECH'!O73) -> 5.4161205 | T77: =IF(_xlfn.XLOOKUP($J77,$B:$B,$C:$C)="CELC",S77,'ENE TECH'!P73) -> 6.513417 | ... AG77: =IF(_xlfn.XLOOKUP($J77,$B:$B,$C:$C)="CELC",AF77,'ENE TECH'!AC73) -> 7.6916073
B78: =Def_Tech!D89 -> WASRNG19 | C78: =IF(OR(RIGHT(D78,LEN(D78)-3)="ELC",RIGHT(D78,LEN(D78)-3)="H2G"),"C"&RIGHT(D78,LEN(D78)-3),RIGHT(D78,LEN(D78)-3)) -> RNG | D78: =Def_Comm!C76 -> WASRNG | E78: Input | F78: 1 | J78: =B78 -> WASRNG19 | K78: =IF(_xlfn.XLOOKUP($J78,$B:$B,$C:$C)="CELC",1,"") | L78: =IF(_xlfn.XLOOKUP($J78,$B:$B,$C:$C)="CELC",'ENE TECH'!H74-5,'ENE TECH'!H74) -> 16.48127 | M78: =IF(_xlfn.XLOOKUP($J78,$B:$B,$C:$C)="CELC",L78,'ENE TECH'!I74) -> 14.690638 | N78: =IF(_xlfn.XLOOKUP($J78,$B:$B,$C:$C)="CELC",M78,'ENE TECH'!J74) -> 17.405375 | O78: =IF(_xlfn.XLOOKUP($J78,$B:$B,$C:$C)="CELC",N78,'ENE TECH'!K74) -> 18.798293 | P78: =IF(_xlfn.XLOOKUP($J78,$B:$B,$C:$C)="CELC",O78,'ENE TECH'!L74) -> 15.681322 | Q78: =IF(_xlfn.XLOOKUP($J78,$B:$B,$C:$C)="CELC",P78,'ENE TECH'!M74) -> 12.635324 | R78: =IF(_xlfn.XLOOKUP($J78,$B:$B,$C:$C)="CELC",Q78,'ENE TECH'!N74) -> 11.418515 | S78: =IF(_xlfn.XLOOKUP($J78,$B:$B,$C:$C)="CELC",R78,'ENE TECH'!O74) -> 10.832241 | T78: =IF(_xlfn.XLOOKUP($J78,$B:$B,$C:$C)="CELC",S78,'ENE TECH'!P74) -> 13.026834 | ... AG78: =IF(_xlfn.XLOOKUP($J78,$B:$B,$C:$C)="CELC",AF78,'ENE TECH'!AC74) -> 15.383215
B79: =Def_Tech!D90 -> WASPCK19 | C79: =IF(OR(RIGHT(D79,LEN(D79)-3)="ELC",RIGHT(D79,LEN(D79)-3)="H2G"),"C"&RIGHT(D79,LEN(D79)-3),RIGHT(D79,LEN(D79)-3)) -> PCK | D79: =Def_Comm!C77 -> WASPCK | E79: Input | F79: 1 | J79: =B79 -> WASPCK19 | K79: =IF(_xlfn.XLOOKUP($J79,$B:$B,$C:$C)="CELC",1,"") | L79: =IF(_xlfn.XLOOKUP($J79,$B:$B,$C:$C)="CELC",'ENE TECH'!H75-5,'ENE TECH'!H75) -> 3.7778782 | M79: =IF(_xlfn.XLOOKUP($J79,$B:$B,$C:$C)="CELC",L79,'ENE TECH'!I75) -> 3.9818789 | N79: =IF(_xlfn.XLOOKUP($J79,$B:$B,$C:$C)="CELC",M79,'ENE TECH'!J75) -> 3.6011121 | O79: =IF(_xlfn.XLOOKUP($J79,$B:$B,$C:$C)="CELC",N79,'ENE TECH'!K75) -> 3.8893019 | P79: =IF(_xlfn.XLOOKUP($J79,$B:$B,$C:$C)="CELC",O79,'ENE TECH'!L75) -> 3.8487693 | Q79: =IF(_xlfn.XLOOKUP($J79,$B:$B,$C:$C)="CELC",P79,'ENE TECH'!M75) -> 3.941073 | R79: =IF(_xlfn.XLOOKUP($J79,$B:$B,$C:$C)="CELC",Q79,'ENE TECH'!N75) -> 4.0063417 | S79: =IF(_xlfn.XLOOKUP($J79,$B:$B,$C:$C)="CELC",R79,'ENE TECH'!O75) -> 4.4118735 | T79: =IF(_xlfn.XLOOKUP($J79,$B:$B,$C:$C)="CELC",S79,'ENE TECH'!P75) -> 4.9805162 | ... AG79: =IF(_xlfn.XLOOKUP($J79,$B:$B,$C:$C)="CELC",AF79,'ENE TECH'!AC75) -> 6.6964864
B80: =Def_Tech!D91 -> WASCOA19 | C80: =IF(OR(RIGHT(D80,LEN(D80)-3)="ELC",RIGHT(D80,LEN(D80)-3)="H2G"),"C"&RIGHT(D80,LEN(D80)-3),RIGHT(D80,LEN(D80)-3)) -> COA | D80: =Def_Comm!C78 -> WASCOA | E80: Input | F80: 1 | J80: =B80 -> WASCOA19 | K80: =IF(_xlfn.XLOOKUP($J80,$B:$B,$C:$C)="CELC",1,"") | L80: =IF(_xlfn.XLOOKUP($J80,$B:$B,$C:$C)="CELC",'ENE TECH'!H76-5,'ENE TECH'!H76) -> 3.7778782 | M80: =IF(_xlfn.XLOOKUP($J80,$B:$B,$C:$C)="CELC",L80,'ENE TECH'!I76) -> 3.9818789 | N80: =IF(_xlfn.XLOOKUP($J80,$B:$B,$C:$C)="CELC",M80,'ENE TECH'!J76) -> 3.6011121 | O80: =IF(_xlfn.XLOOKUP($J80,$B:$B,$C:$C)="CELC",N80,'ENE TECH'!K76) -> 3.8893019 | P80: =IF(_xlfn.XLOOKUP($J80,$B:$B,$C:$C)="CELC",O80,'ENE TECH'!L76) -> 3.7264743 | Q80: =IF(_xlfn.XLOOKUP($J80,$B:$B,$C:$C)="CELC",P80,'ENE TECH'!M76) -> 3.6977751 | R80: =IF(_xlfn.XLOOKUP($J80,$B:$B,$C:$C)="CELC",Q80,'ENE TECH'!N76) -> 3.7934473 | S80: =IF(_xlfn.XLOOKUP($J80,$B:$B,$C:$C)="CELC",R80,'ENE TECH'!O76) -> 3.9236989 | T80: =IF(_xlfn.XLOOKUP($J80,$B:$B,$C:$C)="CELC",S80,'ENE TECH'!P76) -> 4.1425814 | ... AG80: =IF(_xlfn.XLOOKUP($J80,$B:$B,$C:$C)="CELC",AF80,'ENE TECH'!AC76) -> 4.9689665
B81: =Def_Tech!D92 -> WASELC19 | C81: =IF(OR(RIGHT(D81,LEN(D81)-3)="ELC",RIGHT(D81,LEN(D81)-3)="H2G"),"C"&RIGHT(D81,LEN(D81)-3),RIGHT(D81,LEN(D81)-3)) -> CELC | D81: =Def_Comm!C79 -> WASELC | E81: Input | F81: 1 | J81: =B81 -> WASELC19 | K81: =IF(_xlfn.XLOOKUP($J81,$B:$B,$C:$C)="CELC",1,"") -> 1 | L81: =IF(_xlfn.XLOOKUP($J81,$B:$B,$C:$C)="CELC",'ENE TECH'!H77-5,'ENE TECH'!H77) -> 13.171373 | M81: =IF(_xlfn.XLOOKUP($J81,$B:$B,$C:$C)="CELC",L81,'ENE TECH'!I77) -> 13.171373 | N81: =IF(_xlfn.XLOOKUP($J81,$B:$B,$C:$C)="CELC",M81,'ENE TECH'!J77) -> 13.171373 | O81: =IF(_xlfn.XLOOKUP($J81,$B:$B,$C:$C)="CELC",N81,'ENE TECH'!K77) -> 13.171373 | P81: =IF(_xlfn.XLOOKUP($J81,$B:$B,$C:$C)="CELC",O81,'ENE TECH'!L77) -> 13.171373 | Q81: =IF(_xlfn.XLOOKUP($J81,$B:$B,$C:$C)="CELC",P81,'ENE TECH'!M77) -> 13.171373 | R81: =IF(_xlfn.XLOOKUP($J81,$B:$B,$C:$C)="CELC",Q81,'ENE TECH'!N77) -> 13.171373 | S81: =IF(_xlfn.XLOOKUP($J81,$B:$B,$C:$C)="CELC",R81,'ENE TECH'!O77) -> 13.171373 | T81: =IF(_xlfn.XLOOKUP($J81,$B:$B,$C:$C)="CELC",S81,'ENE TECH'!P77) -> 13.171373 | ... AG81: =IF(_xlfn.XLOOKUP($J81,$B:$B,$C:$C)="CELC",AF81,'ENE TECH'!AC77) -> 13.171373
B82: =Def_Tech!D93 -> WASH2G19 | C82: =IF(OR(RIGHT(D82,LEN(D82)-3)="ELC",RIGHT(D82,LEN(D82)-3)="H2G"),"C"&RIGHT(D82,LEN(D82)-3),RIGHT(D82,LEN(D82)-3)) -> CH2G | D82: =Def_Comm!C80 -> WASH2G | E82: Input | F82: 1 | J82: =B82 -> WASH2G19 | K82: =IF(_xlfn.XLOOKUP($J82,$B:$B,$C:$C)="CELC",1,"") | L82: =IF(_xlfn.XLOOKUP($J82,$B:$B,$C:$C)="CELC",'ENE TECH'!H78-5,'ENE TECH'!H78) -> 36.342746 | M82: =IF(_xlfn.XLOOKUP($J82,$B:$B,$C:$C)="CELC",L82,'ENE TECH'!I78) -> 35.26187 | N82: =IF(_xlfn.XLOOKUP($J82,$B:$B,$C:$C)="CELC",M82,'ENE TECH'!J78) -> 39.84802 | O82: =IF(_xlfn.XLOOKUP($J82,$B:$B,$C:$C)="CELC",N82,'ENE TECH'!K78) -> 43.036978 | P82: =IF(_xlfn.XLOOKUP($J82,$B:$B,$C:$C)="CELC",O82,'ENE TECH'!L78) -> 41.390623 | Q82: =IF(_xlfn.XLOOKUP($J82,$B:$B,$C:$C)="CELC",P82,'ENE TECH'!M78) -> 37.557459 | R82: =IF(_xlfn.XLOOKUP($J82,$B:$B,$C:$C)="CELC",Q82,'ENE TECH'!N78) -> 36.255717 | S82: =IF(_xlfn.XLOOKUP($J82,$B:$B,$C:$C)="CELC",R82,'ENE TECH'!O78) -> 35.445891 | T82: =IF(_xlfn.XLOOKUP($J82,$B:$B,$C:$C)="CELC",S82,'ENE TECH'!P78) -> 38.126294 | ... AG82: =IF(_xlfn.XLOOKUP($J82,$B:$B,$C:$C)="CELC",AF82,'ENE TECH'!AC78) -> 44.814355
B83: =Def_Tech!D94 -> WASSOL19 | C83: =IF(OR(RIGHT(D83,LEN(D83)-3)="ELC",RIGHT(D83,LEN(D83)-3)="H2G"),"C"&RIGHT(D83,LEN(D83)-3),RIGHT(D83,LEN(D83)-3)) -> SOL | D83: =Def_Comm!C81 -> WASSOL | E83: Input | F83: 1 | J83: =B83 -> WASSOL19 | K83: =IF(_xlfn.XLOOKUP($J83,$B:$B,$C:$C)="CELC",1,"") | L83: =IF(_xlfn.XLOOKUP($J83,$B:$B,$C:$C)="CELC",'ENE TECH'!H79-5,'ENE TECH'!H79) -> 0 | M83: =IF(_xlfn.XLOOKUP($J83,$B:$B,$C:$C)="CELC",L83,'ENE TECH'!I79) -> 0 | N83: =IF(_xlfn.XLOOKUP($J83,$B:$B,$C:$C)="CELC",M83,'ENE TECH'!J79) -> 0 | O83: =IF(_xlfn.XLOOKUP($J83,$B:$B,$C:$C)="CELC",N83,'ENE TECH'!K79) -> 0 | P83: =IF(_xlfn.XLOOKUP($J83,$B:$B,$C:$C)="CELC",O83,'ENE TECH'!L79) -> 0 | Q83: =IF(_xlfn.XLOOKUP($J83,$B:$B,$C:$C)="CELC",P83,'ENE TECH'!M79) -> 0 | R83: =IF(_xlfn.XLOOKUP($J83,$B:$B,$C:$C)="CELC",Q83,'ENE TECH'!N79) -> 0 | S83: =IF(_xlfn.XLOOKUP($J83,$B:$B,$C:$C)="CELC",R83,'ENE TECH'!O79) -> 0 | T83: =IF(_xlfn.XLOOKUP($J83,$B:$B,$C:$C)="CELC",S83,'ENE TECH'!P79) -> 0 | ... AG83: =IF(_xlfn.XLOOKUP($J83,$B:$B,$C:$C)="CELC",AF83,'ENE TECH'!AC79) -> 0
B84: =Def_Tech!D95 -> WASWND19 | C84: =IF(OR(RIGHT(D84,LEN(D84)-3)="ELC",RIGHT(D84,LEN(D84)-3)="H2G"),"C"&RIGHT(D84,LEN(D84)-3),RIGHT(D84,LEN(D84)-3)) -> WND | D84: =Def_Comm!C82 -> WASWND | E84: Input | F84: 1 | J84: =B84 -> WASWND19 | K84: =IF(_xlfn.XLOOKUP($J84,$B:$B,$C:$C)="CELC",1,"") | L84: =IF(_xlfn.XLOOKUP($J84,$B:$B,$C:$C)="CELC",'ENE TECH'!H80-5,'ENE TECH'!H80) -> 0 | M84: =IF(_xlfn.XLOOKUP($J84,$B:$B,$C:$C)="CELC",L84,'ENE TECH'!I80) -> 0 | N84: =IF(_xlfn.XLOOKUP($J84,$B:$B,$C:$C)="CELC",M84,'ENE TECH'!J80) -> 0 | O84: =IF(_xlfn.XLOOKUP($J84,$B:$B,$C:$C)="CELC",N84,'ENE TECH'!K80) -> 0 | P84: =IF(_xlfn.XLOOKUP($J84,$B:$B,$C:$C)="CELC",O84,'ENE TECH'!L80) -> 0 | Q84: =IF(_xlfn.XLOOKUP($J84,$B:$B,$C:$C)="CELC",P84,'ENE TECH'!M80) -> 0 | R84: =IF(_xlfn.XLOOKUP($J84,$B:$B,$C:$C)="CELC",Q84,'ENE TECH'!N80) -> 0 | S84: =IF(_xlfn.XLOOKUP($J84,$B:$B,$C:$C)="CELC",R84,'ENE TECH'!O80) -> 0 | T84: =IF(_xlfn.XLOOKUP($J84,$B:$B,$C:$C)="CELC",S84,'ENE TECH'!P80) -> 0 | ... AG84: =IF(_xlfn.XLOOKUP($J84,$B:$B,$C:$C)="CELC",AF84,'ENE TECH'!AC80) -> 0

Sheet ComAgg
C2: ~COMAGG
B3: Region | C3: CommName | D3: RESCO2e | E3: COMCO2e | F3: INDCO2e | G3: TRACO2e | H3: WASCO2e | I3: WASCO2Pe | J3: ELCCO2e | K3: RESCO2 | L3: COMCO2 | M3: INDCO2 | N3: TRACO2 | O3: WASCO2 | P3: WASCO2P | Q3: ELCCO2 | R3: RESCH4 | S3: COMCH4 | T3: INDCH4 | U3: TRACH4 | V3: WASCH4 | W3: WASCH4P | X3: ELCCH4 | Y3: RESN2O | Z3: COMN2O | AA3: INDN2O | AB3: TRAN2O | AC3: WASN2O | AD3: WASN2OP | AE3: ELCN2O | AF3: RESNOX | AG3: COMNOX | AH3: INDNOX | AI3: TRANOX | AJ3: WASNOX | AK3: ELCNOX | AL3: RESSO2 | AM3: COMSO2 | AN3: INDSO2 | AO3: TRASO2 | AP3: WASSO2 | AQ3: ELCSO2 | AR3: RESPM25 | AS3: COMPM25 | AT3: INDPM25 | AU3: TRAPM25 | AV3: WASPM25 | AW3: ELCPM25 | AX3: RESPM10 | AY3: COMPM10 | AZ3: INDPM10 | BA3: TRAPM10 | BB3: WASPM10 | BC3: ELCPM10
B4: CITY | C4: CO2e | D4: 1 | E4: 1 | F4: 1 | G4: 1 | H4: 1 | I4: 1 | J4: 1
B5: CITY | C5: CO2 | K5: 1 | L5: 1 | M5: 1 | N5: 1 | O5: 1 | P5: 1 | Q5: 1
B6: CITY | C6: CH4 | R6: 1 | S6: 1 | T6: 1 | U6: 1 | V6: 1 | W6: 1 | X6: 1
B7: CITY | C7: N2O | Y7: 1 | Z7: 1 | AA7: 1 | AB7: 1 | AC7: 1 | AD7: 1 | AE7: 1
B8: CITY | C8: NOX | AF8: 1 | AG8: 1 | AH8: 1 | AI8: 1 | AJ8: 1 | AK8: 1
B9: CITY | C9: SO2 | AL9: 1 | AM9: 1 | AN9: 1 | AO9: 1 | AP9: 1 | AQ9: 1
B10: CITY | C10: PM25 | AR10: 1 | AS10: 1 | AT10: 1 | AU10: 1 | AV10: 1 | AW10: 1
B11: CITY | C11: PM10 | AX11: 1 | AY11: 1 | AZ11: 1 | BA11: 1 | BB11: 1 | BC11: 1
B12: EGRID | C12: CO2e | D12: 1 | E12: 1 | F12: 1 | G12: 1 | H12: 1 | I12: 1 | J12: 1
B13: EGRID | C13: CO2 | K13: 1 | L13: 1 | M13: 1 | N13: 1 | O13: 1 | P13: 1 | Q13: 1
B14: EGRID | C14: CH4 | R14: 1 | S14: 1 | T14: 1 | U14: 1 | V14: 1 | W14: 1 | X14: 1
B15: EGRID | C15: N2O | Y15: 1 | Z15: 1 | AA15: 1 | AB15: 1 | AC15: 1 | AD15: 1 | AE15: 1
B16: EGRID | C16: NOX | AF16: 1 | AG16: 1 | AH16: 1 | AI16: 1 | AJ16: 1 | AK16: 1
B17: EGRID | C17: SO2 | AL17: 1 | AM17: 1 | AN17: 1 | AO17: 1 | AP17: 1 | AQ17: 1
B18: EGRID | C18: PM25 | AR18: 1 | AS18: 1 | AT18: 1 | AU18: 1 | AV18: 1 | AW18: 1
B19: EGRID | C19: PM10 | AX19: 1 | AY19: 1 | AZ19: 1 | BA19: 1 | BB19: 1 | BC19: 1

Sheet Commodity_map
B2: commodity_map | F2: commodity_map | J2: commodity_map | N2: commodity_map
B3: dimension | C3: name | D3: description | F3: dimension | G3: name | H3: description | J3: dimension | K3: name | L3: description | N3: dimension | O3: name | P3: description
B4: Sector | C4: =Def_Comm!C5 -> RESLPG | D4: ='ENE TECH'!A3 -> Residential | F4: Fuel | G4: =Def_Comm!C5 -> RESLPG | H4: ='ENE TECH'!B3 -> LPG | J4: Fuel | K4: =Def_Comm!C121 -> ELCCO2 | L4: =Def_Comm!D114 -> Carbon dioxide | N4: Sector | O4: =Def_Comm!C121 -> ELCCO2 | P4: Electricity
B5: Sector | C5: =Def_Comm!C6 -> RESFOI | D5: ='ENE TECH'!A4 -> Residential | F5: Fuel | G5: =Def_Comm!C6 -> RESFOI | H5: ='ENE TECH'!B4 -> Fuel oil | J5: Fuel | K5: =Def_Comm!C122 -> ELCCH4 | L5: =Def_Comm!D115 -> Methane | N5: Sector | O5: =Def_Comm!C122 -> ELCCH4 | P5: Electricity
B6: Sector | C6: =Def_Comm!C7 -> RESKER | D6: ='ENE TECH'!A5 -> Residential | F6: Fuel | G6: =Def_Comm!C7 -> RESKER | H6: ='ENE TECH'!B5 -> Kerosene | J6: Fuel | K6: =Def_Comm!C123 -> ELCN2O | L6: =Def_Comm!D116 -> Nitrous oxide | N6: Sector | O6: =Def_Comm!C123 -> ELCN2O | P6: Electricity
B7: Sector | C7: =Def_Comm!C8 -> RESNGA | D7: ='ENE TECH'!A6 -> Residential | F7: Fuel | G7: =Def_Comm!C8 -> RESNGA | H7: ='ENE TECH'!B6 -> Natural gas | J7: Fuel | K7: =Def_Comm!C124 -> ELCNOX | L7: =Def_Comm!D117 -> NOX | N7: Sector | O7: =Def_Comm!C124 -> ELCNOX | P7: Electricity
B8: Sector | C8: =Def_Comm!C9 -> RESRNG | D8: ='ENE TECH'!A7 -> Residential | F8: Fuel | G8: =Def_Comm!C9 -> RESRNG | H8: ='ENE TECH'!B7 -> RNG | J8: Fuel | K8: =Def_Comm!C125 -> ELCSO2 | L8: =Def_Comm!D118 -> SO2 | N8: Sector | O8: =Def_Comm!C125 -> ELCSO2 | P8: Electricity
B9: Sector | C9: =Def_Comm!C10 -> RESELC | D9: ='ENE TECH'!A8 -> Residential | F9: Fuel | G9: =Def_Comm!C10 -> RESELC | H9: ='ENE TECH'!B8 -> Electricity | J9: Fuel | K9: =Def_Comm!C126 -> ELCPM25 | L9: =Def_Comm!D119 -> PM25 | N9: Sector | O9: =Def_Comm!C126 -> ELCPM25 | P9: Electricity
B10: Sector | C10: =Def_Comm!C11 -> RESH2G | D10: ='ENE TECH'!A9 -> Residential | F10: Fuel | G10: =Def_Comm!C11 -> RESH2G | H10: ='ENE TECH'!B9 -> Hydrogen | J10: Fuel | K10: =Def_Comm!C127 -> ELCPM10 | L10: =Def_Comm!D120 -> PM10 | N10: Sector | O10: =Def_Comm!C127 -> ELCPM10 | P10: Electricity
B11: Sector | C11: =Def_Comm!C13 -> RESSOL | D11: ='ENE TECH'!A11 -> Residential | F11: Fuel | G11: =Def_Comm!C12 -> RESSTM | H11: ='ENE TECH'!B10 -> Steam | J11: Fuel | K11: =Def_Comm!C128 -> TRACO2 | L11: =L4 -> Carbon dioxide | N11: Sector | O11: =Def_Comm!C128 -> TRACO2 | P11: Transportation
B12: Sector | C12: =Def_Comm!C14 -> RESWND | D12: ='ENE TECH'!A12 -> Residential | F12: Fuel | G12: =Def_Comm!C13 -> RESSOL | H12: ='ENE TECH'!B11 -> Solar | J12: Fuel | K12: =Def_Comm!C129 -> TRACH4 | L12: =L5 -> Methane | N12: Sector | O12: =Def_Comm!C129 -> TRACH4 | P12: Transportation
B13: Sector | C13: =Def_Comm!C15 -> COMLPG | D13: ='ENE TECH'!A13 -> Commercial | F13: Fuel | G13: =Def_Comm!C14 -> RESWND | H13: ='ENE TECH'!B12 -> Wind | J13: Fuel | K13: =Def_Comm!C130 -> TRAN2O | L13: =L6 -> Nitrous oxide | N13: Sector | O13: =Def_Comm!C130 -> TRAN2O | P13: Transportation
B14: Sector | C14: =Def_Comm!C16 -> COMDSL | D14: ='ENE TECH'!A14 -> Commercial | F14: Fuel | G14: =Def_Comm!C15 -> COMLPG | H14: ='ENE TECH'!B13 -> LPG | J14: Fuel | K14: =Def_Comm!C131 -> TRANOX | L14: =L7 -> NOX | N14: Sector | O14: =Def_Comm!C131 -> TRANOX | P14: Transportation
B15: Sector | C15: =Def_Comm!C17 -> COMFOI | D15: ='ENE TECH'!A15 -> Commercial | F15: Fuel | G15: =Def_Comm!C16 -> COMDSL | H15: ='ENE TECH'!B14 -> Diesel | J15: Fuel | K15: =Def_Comm!C132 -> TRASO2 | L15: =L8 -> SO2 | N15: Sector | O15: =Def_Comm!C132 -> TRASO2 | P15: Transportation
B16: Sector | C16: =Def_Comm!C18 -> COMKER | D16: ='ENE TECH'!A16 -> Commercial | F16: Fuel | G16: =Def_Comm!C17 -> COMFOI | H16: ='ENE TECH'!B15 -> Fuel oil | J16: Fuel | K16: =Def_Comm!C133 -> TRAPM25 | L16: =L9 -> PM25 | N16: Sector | O16: =Def_Comm!C133 -> TRAPM25 | P16: Transportation
B17: Sector | C17: =Def_Comm!C19 -> COMGSL | D17: ='ENE TECH'!A17 -> Commercial | F17: Fuel | G17: =Def_Comm!C18 -> COMKER | H17: ='ENE TECH'!B16 -> Kerosene | J17: Fuel | K17: =Def_Comm!C134 -> TRAPM10 | L17: =L10 -> PM10 | N17: Sector | O17: =Def_Comm!C134 -> TRAPM10 | P17: Transportation
B18: Sector | C18: =Def_Comm!C20 -> COMNGA | D18: ='ENE TECH'!A18 -> Commercial | F18: Fuel | G18: =Def_Comm!C19 -> COMGSL | H18: ='ENE TECH'!B17 -> Gasoline | J18: Fuel | K18: =Def_Comm!C135 -> RESCO2 | L18: =L11 -> Carbon dioxide | N18: Sector | O18: =Def_Comm!C135 -> RESCO2 | P18: Residential
B19: Sector | C19: =Def_Comm!C21 -> COMRNG | D19: ='ENE TECH'!A19 -> Commercial | F19: Fuel | G19: =Def_Comm!C20 -> COMNGA | H19: ='ENE TECH'!B18 -> Natural gas | J19: Fuel | K19: =Def_Comm!C136 -> RESCH4 | L19: =L12 -> Methane | N19: Sector | O19: =Def_Comm!C136 -> RESCH4 | P19: Residential
B20: Sector | C20: =Def_Comm!C22 -> COMELC | D20: ='ENE TECH'!A20 -> Commercial | F20: Fuel | G20: =Def_Comm!C21 -> COMRNG | H20: ='ENE TECH'!B19 -> RNG | J20: Fuel | K20: =Def_Comm!C137 -> RESN2O | L20: =L13 -> Nitrous oxide | N20: Sector | O20: =Def_Comm!C137 -> RESN2O | P20: Residential
B21: Sector | C21: =Def_Comm!C23 -> COMH2G | D21: ='ENE TECH'!A21 -> Commercial | F21: Fuel | G21: =Def_Comm!C22 -> COMELC | H21: ='ENE TECH'!B20 -> Electricity | J21: Fuel | K21: =Def_Comm!C138 -> RESNOX | L21: =L14 -> NOX | N21: Sector | O21: =Def_Comm!C138 -> RESNOX | P21: Residential
B22: Sector | C22: =Def_Comm!C25 -> COMSOL | D22: ='ENE TECH'!A23 -> Commercial | F22: Fuel | G22: =Def_Comm!C23 -> COMH2G | H22: ='ENE TECH'!B21 -> Hydrogen | J22: Fuel | K22: =Def_Comm!C139 -> RESSO2 | L22: =L15 -> SO2 | N22: Sector | O22: =Def_Comm!C139 -> RESSO2 | P22: Residential
B23: Sector | C23: =Def_Comm!C26 -> COMWND | D23: ='ENE TECH'!A24 -> Commercial | F23: Fuel | G23: =Def_Comm!C24 -> COMSTM | H23: ='ENE TECH'!B22 -> Steam | J23: Fuel | K23: =Def_Comm!C140 -> RESPM25 | L23: =L16 -> PM25 | N23: Sector | O23: =Def_Comm!C140 -> RESPM25 | P23: Residential
B24: Sector | C24: =Def_Comm!C27 -> INDLPG | D24: ='ENE TECH'!A25 -> Industrial | F24: Fuel | G24: =Def_Comm!C25 -> COMSOL | H24: ='ENE TECH'!B23 -> Solar | J24: Fuel | K24: =Def_Comm!C141 -> RESPM10 | L24: =L17 -> PM10 | N24: Sector | O24: =Def_Comm!C141 -> RESPM10 | P24: Residential
B25: Sector | C25: =Def_Comm!C28 -> INDDSL | D25: ='ENE TECH'!A26 -> Industrial | F25: Fuel | G25: =Def_Comm!C26 -> COMWND | H25: ='ENE TECH'!B24 -> Wind | J25: Fuel | K25: =Def_Comm!C142 -> COMCO2 | L25: =L18 -> Carbon dioxide | N25: Sector | O25: =Def_Comm!C142 -> COMCO2 | P25: Commercial
B26: Sector | C26: =Def_Comm!C29 -> INDFOI | D26: ='ENE TECH'!A27 -> Industrial | F26: Fuel | G26: =Def_Comm!C27 -> INDLPG | H26: ='ENE TECH'!B25 -> LPG | J26: Fuel | K26: =Def_Comm!C143 -> COMCH4 | L26: =L19 -> Methane | N26: Sector | O26: =Def_Comm!C143 -> COMCH4 | P26: Commercial
B27: Sector | C27: =Def_Comm!C30 -> INDKER | D27: ='ENE TECH'!A28 -> Industrial | F27: Fuel | G27: =Def_Comm!C28 -> INDDSL | H27: ='ENE TECH'!B26 -> Diesel | J27: Fuel | K27: =Def_Comm!C144 -> COMN2O | L27: =L20 -> Nitrous oxide | N27: Sector | O27: =Def_Comm!C144 -> COMN2O | P27: Commercial
B28: Sector | C28: =Def_Comm!C31 -> INDGSL | D28: ='ENE TECH'!A29 -> Industrial | F28: Fuel | G28: =Def_Comm!C29 -> INDFOI | H28: ='ENE TECH'!B27 -> Fuel oil | J28: Fuel | K28: =Def_Comm!C145 -> COMNOX | L28: =L21 -> NOX | N28: Sector | O28: =Def_Comm!C145 -> COMNOX | P28: Commercial
B29: Sector | C29: =Def_Comm!C32 -> INDNGA | D29: ='ENE TECH'!A30 -> Industrial | F29: Fuel | G29: =Def_Comm!C30 -> INDKER | H29: ='ENE TECH'!B28 -> Kerosene | J29: Fuel | K29: =Def_Comm!C146 -> COMSO2 | L29: =L22 -> SO2 | N29: Sector | O29: =Def_Comm!C146 -> COMSO2 | P29: Commercial
B30: Sector | C30: =Def_Comm!C33 -> INDRNG | D30: ='ENE TECH'!A31 -> Industrial | F30: Fuel | G30: =Def_Comm!C31 -> INDGSL | H30: ='ENE TECH'!B29 -> Gasoline | J30: Fuel | K30: =Def_Comm!C147 -> COMPM25 | L30: =L23 -> PM25 | N30: Sector | O30: =Def_Comm!C147 -> COMPM25 | P30: Commercial
B31: Sector | C31: =Def_Comm!C34 -> INDPCK | D31: ='ENE TECH'!A32 -> Industrial | F31: Fuel | G31: =Def_Comm!C32 -> INDNGA | H31: ='ENE TECH'!B30 -> Natural gas | J31: Fuel | K31: =Def_Comm!C148 -> COMPM10 | L31: =L24 -> PM10 | N31: Sector | O31: =Def_Comm!C148 -> COMPM10 | P31: Commercial
B32: Sector | C32: =Def_Comm!C35 -> INDCOA | D32: ='ENE TECH'!A33 -> Industrial | F32: Fuel | G32: =Def_Comm!C33 -> INDRNG | H32: ='ENE TECH'!B31 -> RNG | J32: Fuel | K32: =Def_Comm!C149 -> INDCO2 | L32: =L25 -> Carbon dioxide | N32: Sector | O32: =Def_Comm!C149 -> INDCO2 | P32: Industrial
B33: Sector | C33: =Def_Comm!C36 -> INDELC | D33: ='ENE TECH'!A34 -> Industrial | F33: Fuel | G33: =Def_Comm!C34 -> INDPCK | H33: ='ENE TECH'!B32 -> Petcoke | J33: Fuel | K33: =Def_Comm!C150 -> INDCH4 | L33: =L26 -> Methane | N33: Sector | O33: =Def_Comm!C150 -> INDCH4 | P33: Industrial
B34: Sector | C34: =Def_Comm!C37 -> INDH2G | D34: ='ENE TECH'!A35 -> Industrial | F34: Fuel | G34: =Def_Comm!C35 -> INDCOA | H34: ='ENE TECH'!B33 -> Coal | J34: Fuel | K34: =Def_Comm!C151 -> INDN2O | L34: =L27 -> Nitrous oxide | N34: Sector | O34: =Def_Comm!C151 -> INDN2O | P34: Industrial
B35: Sector | C35: =Def_Comm!C39 -> INDSOL | D35: ='ENE TECH'!A37 -> Industrial | F35: Fuel | G35: =Def_Comm!C36 -> INDELC | H35: ='ENE TECH'!B34 -> Electricity | J35: Fuel | K35: =Def_Comm!C152 -> INDNOX | L35: =L28 -> NOX | N35: Sector | O35: =Def_Comm!C152 -> INDNOX | P35: Industrial
B36: Sector | C36: =Def_Comm!C40 -> INDWND | D36: ='ENE TECH'!A38 -> Industrial | F36: Fuel | G36: =Def_Comm!C37 -> INDH2G | H36: ='ENE TECH'!B35 -> Hydrogen | J36: Fuel | K36: =Def_Comm!C153 -> INDSO2 | L36: =L29 -> SO2 | N36: Sector | O36: =Def_Comm!C153 -> INDSO2 | P36: Industrial
B37: Sector | C37: =Def_Comm!C41 -> TRALPG | D37: ='ENE TECH'!A39 -> Transportation | F37: Fuel | G37: =Def_Comm!C39 -> INDSOL | H37: ='ENE TECH'!B37 -> Solar | J37: Fuel | K37: =Def_Comm!C154 -> INDPM25 | L37: =L30 -> PM25 | N37: Sector | O37: =Def_Comm!C154 -> INDPM25 | P37: Industrial
B38: Sector | C38: =Def_Comm!C42 -> TRAETH | D38: ='ENE TECH'!A40 -> Transportation | F38: Fuel | G38: =Def_Comm!C40 -> INDWND | H38: ='ENE TECH'!B38 -> Wind | J38: Fuel | K38: =Def_Comm!C155 -> INDPM10 | L38: =L31 -> PM10 | N38: Sector | O38: =Def_Comm!C155 -> INDPM10 | P38: Industrial
B39: Sector | C39: =Def_Comm!C43 -> TRAGSL | D39: ='ENE TECH'!A41 -> Transportation | F39: Fuel | G39: =Def_Comm!C41 -> TRALPG | H39: ='ENE TECH'!B39 -> LPG | J39: Fuel | K39: =Def_Comm!C156 -> WASCO2 | L39: =L32 -> Carbon dioxide | N39: Sector | O39: =Def_Comm!C156 -> WASCO2 | P39: Waste
B40: Sector | C40: =Def_Comm!C44 -> TRAAGA | D40: ='ENE TECH'!A42 -> Transportation | F40: Fuel | G40: =Def_Comm!C42 -> TRAETH | H40: ='ENE TECH'!B40 -> Ethanol | J40: Fuel | K40: =Def_Comm!C157 -> WASCH4 | L40: =L33 -> Methane | N40: Sector | O40: =Def_Comm!C157 -> WASCH4 | P40: Waste
B41: Sector | C41: =Def_Comm!C45 -> TRAATF | D41: ='ENE TECH'!A43 -> Transportation | F41: Fuel | G41: =Def_Comm!C43 -> TRAGSL | H41: ='ENE TECH'!B41 -> Gasoline | J41: Fuel | K41: =Def_Comm!C158 -> WASN2O | L41: =L34 -> Nitrous oxide | N41: Sector | O41: =Def_Comm!C158 -> WASN2O | P41: Waste
B42: Sector | C42: =Def_Comm!C46 -> TRASAF | D42: ='ENE TECH'!A44 -> Transportation | F42: Fuel | G42: =Def_Comm!C44 -> TRAAGA | H42: ='ENE TECH'!B42 -> Aviation gasoline | J42: Fuel | K42: =Def_Comm!C159 -> WASNOX | L42: =L35 -> NOX | N42: Sector | O42: =Def_Comm!C159 -> WASNOX | P42: Waste
B43: Sector | C43: =Def_Comm!C47 -> TRADSL | D43: ='ENE TECH'!A45 -> Transportation | F43: Fuel | G43: =Def_Comm!C45 -> TRAATF | H43: ='ENE TECH'!B43 -> Aviation turbo-fuel | J43: Fuel | K43: =Def_Comm!C160 -> WASSO2 | L43: =L36 -> SO2 | N43: Sector | O43: =Def_Comm!C160 -> WASSO2 | P43: Waste
B44: Sector | C44: =Def_Comm!C48 -> TRARDS | D44: ='ENE TECH'!A46 -> Transportation | F44: Fuel | G44: =Def_Comm!C46 -> TRASAF | H44: ='ENE TECH'!B44 -> Sustainable aviation fuel | J44: Fuel | K44: =Def_Comm!C161 -> WASPM25 | L44: =L37 -> PM25 | N44: Sector | O44: =Def_Comm!C161 -> WASPM25 | P44: Waste
B45: Sector | C45: =Def_Comm!C49 -> TRABDS | D45: ='ENE TECH'!A47 -> Transportation | F45: Fuel | G45: =Def_Comm!C47 -> TRADSL | H45: ='ENE TECH'!B45 -> Diesel | J45: Fuel | K45: =Def_Comm!C162 -> WASPM10 | L45: =L38 -> PM10 | N45: Sector | O45: =Def_Comm!C162 -> WASPM10 | P45: Waste
B46: Sector | C46: =Def_Comm!C51 -> TRACNG | D46: ='ENE TECH'!A49 -> Transportation | F46: Fuel | G46: =Def_Comm!C48 -> TRARDS | H46: ='ENE TECH'!B46 -> Renewable diesel | J46: Fuel | K46: =Def_Comm!C164 -> ELCCO2e | L46: Carbon dioxyde eq. | N46: Sector | O46: =Def_Comm!C164 -> ELCCO2e | P46: Electricity
B47: Sector | C47: =Def_Comm!C52 -> TRARNG | D47: ='ENE TECH'!A50 -> Transportation | F47: Fuel | G47: =Def_Comm!C49 -> TRABDS | H47: ='ENE TECH'!B47 -> Bio diesel | J47: Fuel | K47: =Def_Comm!C165 -> TRACO2e | L47: Carbon dioxyde eq. | N47: Sector | O47: =Def_Comm!C165 -> TRACO2e | P47: Transportation
B48: Sector | C48: =Def_Comm!C53 -> TRAELC | D48: ='ENE TECH'!A51 -> Transportation | F48: Fuel | G48: =Def_Comm!C51 -> TRACNG | H48: ='ENE TECH'!B49 -> Compressed Natural gas | J48: Fuel | K48: =Def_Comm!C166 -> RESCO2e | L48: Carbon dioxyde eq. | N48: Sector | O48: =Def_Comm!C166 -> RESCO2e | P48: Residential
B49: Sector | C49: =Def_Comm!C54 -> TRAH2G | D49: ='ENE TECH'!A52 -> Transportation | F49: Fuel | G49: =Def_Comm!C52 -> TRARNG | H49: ='ENE TECH'!B50 -> RNG | J49: Fuel | K49: =Def_Comm!C167 -> COMCO2e | L49: Carbon dioxyde eq. | N49: Sector | O49: =Def_Comm!C167 -> COMCO2e | P49: Commercial
B50: Sector | C50: =Def_Comm!C55 -> ELCDSL | D50: ='ENE TECH'!A53 -> Electricity | F50: Fuel | G50: =Def_Comm!C53 -> TRAELC | H50: ='ENE TECH'!B51 -> Electricity | J50: Fuel | K50: =Def_Comm!C168 -> INDCO2e | L50: Carbon dioxyde eq. | N50: Sector | O50: =Def_Comm!C168 -> INDCO2e | P50: Industrial
B51: Sector | C51: =Def_Comm!C56 -> ELCFOI | D51: ='ENE TECH'!A54 -> Electricity | F51: Fuel | G51: =Def_Comm!C54 -> TRAH2G | H51: ='ENE TECH'!B52 -> Hydrogen | J51: Fuel | K51: =Def_Comm!C169 -> WASCO2e | L51: Carbon dioxyde eq. | N51: Sector | O51: =Def_Comm!C169 -> WASCO2e | P51: Waste
B52: Sector | C52: =Def_Comm!C57 -> ELCNGA | D52: ='ENE TECH'!A55 -> Electricity | F52: Fuel | G52: =Def_Comm!C55 -> ELCDSL | H52: ='ENE TECH'!B53 -> Diesel
B53: Sector | C53: =Def_Comm!C58 -> ELCRNG | D53: ='ENE TECH'!A56 -> Electricity | F53: Fuel | G53: =Def_Comm!C56 -> ELCFOI | H53: ='ENE TECH'!B54 -> Fuel oil
B54: Sector | C54: =Def_Comm!C59 -> ELCCOA | D54: ='ENE TECH'!A57 -> Electricity | F54: Fuel | G54: =Def_Comm!C57 -> ELCNGA | H54: ='ENE TECH'!B55 -> Natural gas
B55: Sector | C55: =Def_Comm!C60 -> ELCURN | D55: ='ENE TECH'!A58 -> Electricity | F55: Fuel | G55: =Def_Comm!C58 -> ELCRNG | H55: ='ENE TECH'!B56 -> RNG
B56: Sector | C56: =Def_Comm!C61 -> ELCBIO | D56: ='ENE TECH'!A59 -> Electricity | F56: Fuel | G56: =Def_Comm!C59 -> ELCCOA | H56: ='ENE TECH'!B57 -> Coal
B57: Sector | C57: =Def_Comm!C62 -> ELCOTB | D57: ='ENE TECH'!A60 -> Electricity | F57: Fuel | G57: =Def_Comm!C60 -> ELCURN | H57: ='ENE TECH'!B58 -> Uranium
B58: Sector | C58: =Def_Comm!C63 -> ELCWAS | D58: ='ENE TECH'!A61 -> Electricity | F58: Fuel | G58: =Def_Comm!C61 -> ELCBIO | H58: ='ENE TECH'!B59 -> Biomass
B59: Sector | C59: =Def_Comm!C64 -> ELCHET | D59: ='ENE TECH'!A62 -> Electricity | F59: Fuel | G59: =Def_Comm!C62 -> ELCOTB | H59: ='ENE TECH'!B60 -> Other bioenergy
B60: Sector | C60: =Def_Comm!C65 -> ELCSTM | D60: ='ENE TECH'!A63 -> Electricity | F60: Fuel | G60: =Def_Comm!C63 -> ELCWAS | H60: ='ENE TECH'!B61 -> Waste
B61: Sector | C61: =Def_Comm!C66 -> ELCGEO | D61: ='ENE TECH'!A64 -> Electricity | F61: Fuel | G61: =Def_Comm!C64 -> ELCHET | H61: ='ENE TECH'!B62 -> Waste heat
B62: Sector | C62: =Def_Comm!C67 -> ELCWND | D62: ='ENE TECH'!A65 -> Electricity | F62: Fuel | G62: =Def_Comm!C65 -> ELCSTM | H62: ='ENE TECH'!B63 -> Steam
B63: Sector | C63: =Def_Comm!C68 -> ELCHYD | D63: ='ENE TECH'!A66 -> Electricity | F63: Fuel | G63: =Def_Comm!C66 -> ELCGEO | H63: ='ENE TECH'!B64 -> Geothermal
... B77: Sector | C77: =Def_Comm!C82 -> WASWND | D77: ='ENE TECH'!A80 -> Waste | F77: Fuel | G77: =Def_Comm!C80 -> WASH2G | H77: ='ENE TECH'!B78 -> Hydrogen
F78: Fuel | G78: =Def_Comm!C81 -> WASSOL | H78: ='ENE TECH'!B79 -> Solar
F79: Fuel | G79: =Def_Comm!C82 -> WASWND | H79: ='ENE TECH'!B80 -> Wind

Sheet >> Parameters

Sheet List
B1: Fuel | C1: Description
B2: LPG | C2: LPG
B3: FOI | C3: Fuel oil
B4: KER | C4: Kerosene
B5: NGA | C5: Natural gas
B6: RNG | C6: RNG
B7: ELC | C7: Electricity
B8: H2G | C8: Hydrogen
B9: DSL | C9: Diesel
B10: GSL | C10: Gasoline
B11: PCK | C11: Petcoke
B12: COA | C12: Coal
... B31: CH2G | C31: Centralized Hydrogen
