Workbook

Sheet ReadMe
A1: Generic Comet (GC) TIMES Supply
B3: Sheet color
C4: Raw Data and Parameters
C6: City Specific Data
C8: Post processing for TIMES
C10: Table formatted for TIMES

Sheet >> City Data

Sheet City characteristics
B2: City Basic Data
B4: Calibration methodology | C4: GHG Inventory
B6: A. City Characteristics
B7: Data Item | C7: Value | D7: Units
B8: City Name | C8: New York
B9: Latitude | C9: 40.5
B10: Longitude | C10: -75
B11: County | C11: New York County
B12: State | C12: New York
B13: Census Division | C13: Middle Atlantic
B14: Climate Division | C14: Northeast
B15: Egrid Region | C15: NPCC NYC/Westchester
B16: Area of city (excluding water, natural and agricultural areas) | C16: 778 | D16: square kilometers
B17: * Division and Region Map can be found in the Maps sheet.
B18: B. Planning Base Year and Target Years
B19: Year | C19: Value | D19: Units
B20: Base Year | C20: 2019 | D20: Acceptable range [2018,2021]
B21: End Year | C21: 2050
B23: C. City Population and GDP
B24: Data Item | C24: Value | D24: Units
B25: Population in Base Year | C25: 8337 | D25: Thousand of people
B26: Annual population growth (Base Year - End Year) | C26: 0.5 | D26: % people
B27: GDP in Base Year | C27: 1206000 | D27: Million US$
B28: Annual GDP growth rate | C28: 2 | D28: % US$
B29: Share of manufacturing GDP | C29: 5 | D29: % US$
B30: Share of State population | C30: 0.42835123
B31: Share of State GDP | C31: 0.67251772
B32: Adjustment from state manufacturing GDP | C32: 1.0638298
B34: D. Climate Data
B35: Data Item | C35: 2000 | D35: 2050 | E35: 2100 | F35: Units
B36: Heating degree days (HDD) | C36: 4473.4625 | D36: 4066.4182 | E36: 3763.8582 | F36: F
B37: Cooling degree days (CDD) | C37: 1020.7333 | D37: 1224.2555 | E37: 1375.5355 | F37: F
B39: Data Item | C39: Value | D39: Units
B40: Correction from State HDD | C40: 0.72727402
B41: Correction from State CDD | C41: 1.5583715
B42: Annual precipitation | C42: 762 | D42: mm / year
B43: Climate change scenario | C43: RCP4.5
B44: Average temperature increase in 1980-2020 | C44: 1.4617857 | D44: F
B45: Forecasted average temperature increase in 2035-2065 | C45: 3.13 | D45: F
B46: Forecasted average temperature increase in 2070-2100 | C46: 4.37 | D46: F
B47: *Climate change scenario description can be found in the Lists sheet.
B48: E. Energy scenario
B49: Data Item | C49: Value | D49: Units
B50: AEO energy scenario | C50: lowmachighZTC
B51: Electricity technology scenario | C51: Moderate
B52: Transport technology scenario | C52: Mid
B53: District energy | C53: Yes
B54: * Energy scenario description can be foundin the Lists sheet.

Sheet >> GC_NewTech

Sheet WAS TECH
A1: Sector | B1: Sub-sector | C1: Archetype | D1: Vintage | E1: End Use | F1: Technology | G1: Energy | H1: Input Label | I1: Output Label | J1: Demand Label | K1: Technology Label | L1: Start Year | M1: Included | N1: CAPEX (2023 USD/ t) | O1: CFA | P1: C2A | Q1: Energy flow (TJ/ktonnes) | R1: CH4 (tonnes/ktonnes) | S1: CO2 (tonnes/ktonnes) | T1: N2O (tonnes/ktonnes)
A2: Waste | B2: Solid | C2: Paper | E2: Compost | F2: IN | G2: Electricity | H2: WASELC | J2: WASSOLPAPDMDTOT | K2: WASSOLPAPCMP20 | L2: 2020 | M2: 1 | N2: 56.952605 | O2: 0.9 | P2: 1 | Q2: 0.0037198608 | R2: 0.59045559 | S2: 0 | T2: 0.011231423
A3: Waste | B3: Solid | C3: Paper | E3: Compost | F3: IN | G3: Diesel | H3: WASDSL | J3: WASSOLPAPDMDTOT | K3: WASSOLPAPCMP20 | L3: 2020 | M3: 1 | N3: 56.952605 | O3: 0.9 | P3: 1 | Q3: 0.0050435779 | R3: 0.59045559 | S3: 0 | T3: 0.011231423
A4: Waste | B4: Solid | C4: Glass | E4: Compost | F4: IN | G4: Electricity | H4: WASELC | J4: WASSOLGLADMDTOT | K4: WASSOLGLACMP20 | L4: 2020 | M4: 0 | N4: 56.952605 | O4: 0.9 | P4: 1 | Q4: 0.0032929234 | R4: 0 | S4: 0 | T4: 0
A5: Waste | B5: Solid | C5: Glass | E5: Compost | F5: IN | G5: Diesel | H5: WASDSL | J5: WASSOLGLADMDTOT | K5: WASSOLGLACMP20 | L5: 2020 | M5: 0 | N5: 56.952605 | O5: 0.9 | P5: 1 | Q5: 0.0038630599 | R5: 0 | S5: 0 | T5: 0
A6: Waste | B6: Solid | C6: Metals | E6: Compost | F6: IN | G6: Electricity | H6: WASELC | J6: WASSOLMETDMDTOT | K6: WASSOLMETCMP20 | L6: 2020 | M6: 0 | N6: 56.952605 | O6: 0.9 | P6: 1 | Q6: 0.0032855945 | R6: 0 | S6: 0 | T6: 0.0076625933
A7: Waste | B7: Solid | C7: Metals | E7: Compost | F7: IN | G7: Diesel | H7: WASDSL | J7: WASSOLMETDMDTOT | K7: WASSOLMETCMP20 | L7: 2020 | M7: 0 | N7: 56.952605 | O7: 0.9 | P7: 1 | Q7: 0.0038606586 | R7: 0 | S7: 0 | T7: 0.0076625933
A8: Waste | B8: Solid | C8: Plastics | E8: Compost | F8: IN | G8: Electricity | H8: WASELC | J8: WASSOLPLADMDTOT | K8: WASSOLPLACMP20 | L8: 2020 | M8: 0 | N8: 56.952605 | O8: 0.9 | P8: 1 | Q8: 0.0032574407 | R8: 0 | S8: 0 | T8: 0.048992718
A9: Waste | B9: Solid | C9: Plastics | E9: Compost | F9: IN | G9: Diesel | H9: WASDSL | J9: WASSOLPLADMDTOT | K9: WASSOLPLACMP20 | L9: 2020 | M9: 0 | N9: 56.952605 | O9: 0.9 | P9: 1 | Q9: 0.0041616592 | R9: 0 | S9: 0 | T9: 0.048992718
A10: Waste | B10: Solid | C10: Food | E10: Compost | F10: IN | G10: Electricity | H10: WASELC | J10: WASSOLFOODMDTOT | K10: WASSOLFOOCMP20 | L10: 2020 | M10: 1 | N10: 56.952605 | O10: 0.9 | P10: 1 | Q10: 0.0048784913 | R10: 1.9885477 | S10: 0 | T10: 0.22987519
A11: Waste | B11: Solid | C11: Food | E11: Compost | F11: IN | G11: Diesel | H11: WASDSL | J11: WASSOLFOODMDTOT | K11: WASSOLFOOCMP20 | L11: 2020 | M11: 1 | N11: 56.952605 | O11: 0.9 | P11: 1 | Q11: 0.0065600031 | R11: 1.9885477 | S11: 0 | T11: 0.22987519
A12: Waste | B12: Solid | C12: Yard trimmings | E12: Compost | F12: IN | G12: Electricity | H12: WASELC | J12: WASSOLYARDMDTOT | K12: WASSOLYARCMP20 | L12: 2020 | M12: 1 | N12: 56.952605 | O12: 0.9 | P12: 1 | Q12: 0.0044521368 | R12: 1.969548 | S12: 0 | T12: 0.2558003
A13: Waste | B13: Solid | C13: Yard trimmings | E13: Compost | F13: IN | G13: Diesel | H13: WASDSL | J13: WASSOLYARDMDTOT | K13: WASSOLYARCMP20 | L13: 2020 | M13: 1 | N13: 56.952605 | O13: 0.9 | P13: 1 | Q13: 0.0088196441 | R13: 1.969548 | S13: 0 | T13: 0.2558003
... A17: Waste | B17: Solid | C17: Paper | E17: Anaerobic Digestion | F17: IN | G17: Diesel | H17: WASDSL | J17: WASSOLPAPDMDTOT | K17: WASSOLPAPADG20 | L17: 2020 | M17: 1 | N17: 766.13352 | O17: 0.9 | P17: 1 | Q17: 0.020209815 | R17: 4.0822852 | S17: 0 | T17: 0.048656387
A18: Waste | B18: Solid | C18: Paper | E18: Anaerobic Digestion | F18: OUT | G18: Biogas | I18: WASSOLADGBGA | J18: WASSOLPAPDMDTOT | K18: WASSOLPAPADG20 | L18: 2020 | M18: 1 | N18: 766.13352 | O18: 0.9 | P18: 1 | Q18: 2.5551929 | R18: 4.0822852 | S18: 0 | T18: 0.048656387
A19: Waste | B19: Solid | C19: Glass | E19: Anaerobic Digestion | F19: IN | G19: Electricity | H19: WASELC | J19: WASSOLGLADMDTOT | K19: WASSOLGLAADG20 | L19: 2020 | M19: 0 | N19: 766.13352 | O19: 0.9 | P19: 1 | Q19: 0.22186353 | R19: 0 | S19: 0 | T19: 0
A20: Waste | B20: Solid | C20: Glass | E20: Anaerobic Digestion | F20: IN | G20: Diesel | H20: WASDSL | J20: WASSOLGLADMDTOT | K20: WASSOLGLAADG20 | L20: 2020 | M20: 0 | N20: 766.13352 | O20: 0.9 | P20: 1 | Q20: 0.0025027737 | R20: 0 | S20: 0 | T20: 0
A21: Waste | B21: Solid | C21: Glass | E21: Anaerobic Digestion | F21: OUT | G21: Biogas | I21: WASSOLADGBGA | J21: WASSOLGLADMDTOT | K21: WASSOLGLAADG20 | L21: 2020 | M21: 0 | N21: 766.13352 | O21: 0.9 | P21: 1 | Q21: 0 | R21: 0 | S21: 0 | T21: 0
A22: Waste | B22: Solid | C22: Metals | E22: Anaerobic Digestion | F22: IN | G22: Electricity | H22: WASELC | J22: WASSOLMETDMDTOT | K22: WASSOLMETADG20 | L22: 2020 | M22: 0 | N22: 766.13352 | O22: 0.9 | P22: 1 | Q22: 0.22087012 | R22: 0 | S22: 0 | T22: 0
A23: Waste | B23: Solid | C23: Metals | E23: Anaerobic Digestion | F23: IN | G23: Diesel | H23: WASDSL | J23: WASSOLMETDMDTOT | K23: WASSOLMETADG20 | L23: 2020 | M23: 0 | N23: 766.13352 | O23: 0.9 | P23: 1 | Q23: 0.0023948008 | R23: 0 | S23: 0 | T23: 0
A24: Waste | B24: Solid | C24: Metals | E24: Anaerobic Digestion | F24: OUT | G24: Biogas | I24: WASSOLADGBGA | J24: WASSOLMETDMDTOT | K24: WASSOLMETADG20 | L24: 2020 | M24: 0 | N24: 766.13352 | O24: 0.9 | P24: 1 | Q24: 0 | R24: 0 | S24: 0 | T24: 0
A25: Waste | B25: Solid | C25: Plastics | E25: Anaerobic Digestion | F25: IN | G25: Electricity | H25: WASELC | J25: WASSOLPLADMDTOT | K25: WASSOLPLAADG20 | L25: 2020 | M25: 0 | N25: 766.13352 | O25: 0.9 | P25: 1 | Q25: 0.22185413 | R25: 0 | S25: 0 | T25: 0
A26: Waste | B26: Solid | C26: Plastics | E26: Anaerobic Digestion | F26: IN | G26: Diesel | H26: WASDSL | J26: WASSOLPLADMDTOT | K26: WASSOLPLAADG20 | L26: 2020 | M26: 0 | N26: 766.13352 | O26: 0.9 | P26: 1 | Q26: 0.0025017494 | R26: 0 | S26: 0 | T26: 0
A27: Waste | B27: Solid | C27: Plastics | E27: Anaerobic Digestion | F27: OUT | G27: Biogas | I27: WASSOLADGBGA | J27: WASSOLPLADMDTOT | K27: WASSOLPLAADG20 | L27: 2020 | M27: 0 | N27: 766.13352 | O27: 0.9 | P27: 1 | Q27: 0 | R27: 0 | S27: 0 | T27: 0
A28: Waste | B28: Solid | C28: Food | E28: Anaerobic Digestion | F28: IN | G28: Electricity | H28: WASELC | J28: WASSOLFOODMDTOT | K28: WASSOLFOOADG20 | L28: 2020 | M28: 1 | N28: 766.13352 | O28: 0.9 | P28: 1 | Q28: 0.24057902 | R28: 3.9766619 | S28: 0 | T28: 0.53538242
A29: Waste | B29: Solid | C29: Food | E29: Anaerobic Digestion | F29: IN | G29: Diesel | H29: WASDSL | J29: WASSOLFOODMDTOT | K29: WASSOLFOOADG20 | L29: 2020 | M29: 1 | N29: 766.13352 | O29: 0.9 | P29: 1 | Q29: 0.0041551694 | R29: 3.9766619 | S29: 0 | T29: 0.53538242
A30: Waste | B30: Solid | C30: Food | E30: Anaerobic Digestion | F30: OUT | G30: Biogas | I30: WASSOLADGBGA | J30: WASSOLFOODMDTOT | K30: WASSOLFOOADG20 | L30: 2020 | M30: 1 | N30: 766.13352 | O30: 0.9 | P30: 1 | Q30: 4.2239471 | R30: 3.9766619 | S30: 0 | T30: 0.53538242
A31: Waste | B31: Solid | C31: Yard trimmings | E31: Anaerobic Digestion | F31: IN | G31: Electricity | H31: WASELC | J31: WASSOLYARDMDTOT | K31: WASSOLYARADG20 | L31: 2020 | M31: 1 | N31: 766.13352 | O31: 0.9 | P31: 1 | Q31: 0.3146294 | R31: 3.1453229 | S31: 0 | T31: 0.23841367
A32: Waste | B32: Solid | C32: Yard trimmings | E32: Anaerobic Digestion | F32: IN | G32: Diesel | H32: WASDSL | J32: WASSOLYARDMDTOT | K32: WASSOLYARADG20 | L32: 2020 | M32: 1 | N32: 766.13352 | O32: 0.9 | P32: 1 | Q32: 0.011869074 | R32: 3.1453229 | S32: 0 | T32: 0.23841367
A33: Waste | B33: Solid | C33: Yard trimmings | E33: Anaerobic Digestion | F33: OUT | G33: Biogas | I33: WASSOLADGBGA | J33: WASSOLYARDMDTOT | K33: WASSOLYARADG20 | L33: 2020 | M33: 1 | N33: 766.13352 | O33: 0.9 | P33: 1 | Q33: 1.2089642 | R33: 3.1453229 | S33: 0 | T33: 0.23841367
A34: Waste | B34: Solid | C34: All Other | E34: Anaerobic Digestion | F34: IN | G34: Electricity | H34: WASELC | J34: WASSOLAOTDMDTOT | K34: WASSOLAOTADG20 | L34: 2020 | M34: 1 | N34: 766.13352 | O34: 0.9 | P34: 1 | Q34: 0.30609766 | R34: 0.14920915 | S34: 0 | T34: 0.15032975
A35: Waste | B35: Solid | C35: All Other | E35: Anaerobic Digestion | F35: IN | G35: Diesel | H35: WASDSL | J35: WASSOLAOTDMDTOT | K35: WASSOLAOTADG20 | L35: 2020 | M35: 1 | N35: 766.13352 | O35: 0.9 | P35: 1 | Q35: 0.011309843 | R35: 0.14920915 | S35: 0 | T35: 0.15032975
A36: Waste | B36: Solid | C36: All Other | E36: Anaerobic Digestion | F36: OUT | G36: Biogas | I36: WASSOLADGBGA | J36: WASSOLAOTDMDTOT | K36: WASSOLAOTADG20 | L36: 2020 | M36: 1 | N36: 766.13352 | O36: 0.9 | P36: 1 | Q36: 0.19326305 | R36: 0.14920915 | S36: 0 | T36: 0.15032975
A37: Waste | B37: Solid | C37: Paper | E37: Incineration | F37: OUT | G37: Electricity | I37: CELC | J37: WASSOLPAPDMDTOT | K37: WASSOLPAPINC20 | L37: 2020 | M37: 1 | N37: 595.25188 | O37: 0.9 | P37: 1 | Q37: 2.70904 | R37: 0.011449374 | S37: 20.609799 | T37: 0.014901106
A38: Waste | B38: Solid | C38: Paper | E38: Incineration | F38: OUT | G38: Steam | I38: STM | J38: WASSOLPAPDMDTOT | K38: WASSOLPAPINC20 | L38: 2020 | M38: 1 | N38: 595.25188 | O38: 0.9 | P38: 1 | Q38: 5.41808 | R38: 0.011449374 | S38: 20.609799 | T38: 0.014901106
A39: Waste | B39: Solid | C39: Glass | E39: Incineration | F39: OUT | G39: Electricity | I39: CELC | J39: WASSOLGLADMDTOT | K39: WASSOLGLAINC20 | L39: 2020 | M39: 1 | N39: 595.25188 | O39: 0.9 | P39: 1 | Q39: 0 | R39: 0.011858224 | S39: 10.258114 | T39: 0.016227641
A40: Waste | B40: Solid | C40: Glass | E40: Incineration | F40: OUT | G40: Steam | I40: STM | J40: WASSOLGLADMDTOT | K40: WASSOLGLAINC20 | L40: 2020 | M40: 1 | N40: 595.25188 | O40: 0.9 | P40: 1 | Q40: 0 | R40: 0.011858224 | S40: 10.258114 | T40: 0.016227641
A41: Waste | B41: Solid | C41: Metals | E41: Incineration | F41: OUT | G41: Electricity | I41: CELC | J41: WASSOLMETDMDTOT | K41: WASSOLMETINC20 | L41: 2020 | M41: 1 | N41: 595.25188 | O41: 0.9 | P41: 1 | Q41: 0.25614365 | R41: 0.011480252 | S41: 12.099667 | T41: 0.015001292
A42: Waste | B42: Solid | C42: Metals | E42: Incineration | F42: OUT | G42: Steam | I42: STM | J42: WASSOLMETDMDTOT | K42: WASSOLMETINC20 | L42: 2020 | M42: 1 | N42: 595.25188 | O42: 0.9 | P42: 1 | Q42: 0.5122873 | R42: 0.011480252 | S42: 12.099667 | T42: 0.015001292
A43: Waste | B43: Solid | C43: Plastics | E43: Incineration | F43: OUT | G43: Electricity | I43: CELC | J43: WASSOLPLADMDTOT | K43: WASSOLPLAINC20 | L43: 2020 | M43: 1 | N43: 595.25188 | O43: 0.9 | P43: 1 | Q43: 7.6697525 | R43: 0.011854638 | S43: 2402.8615 | T43: 0.016216007
A44: Waste | B44: Solid | C44: Plastics | E44: Incineration | F44: OUT | G44: Steam | I44: STM | J44: WASSOLPLADMDTOT | K44: WASSOLPLAINC20 | L44: 2020 | M44: 1 | N44: 595.25188 | O44: 0.9 | P44: 1 | Q44: 15.339505 | R44: 0.011854638 | S44: 2402.8615 | T44: 0.016216007
A45: Waste | B45: Solid | C45: Food | E45: Incineration | F45: OUT | G45: Electricity | I45: CELC | J45: WASSOLFOODMDTOT | K45: WASSOLFOOINC20 | L45: 2020 | M45: 1 | N45: 595.25188 | O45: 0.9 | P45: 1 | Q45: 1.3159445 | R45: 0.0086599125 | S45: 19.656156 | T45: 0.0058505526
A46: Waste | B46: Solid | C46: Food | E46: Incineration | F46: OUT | G46: Steam | I46: STM | J46: WASSOLFOODMDTOT | K46: WASSOLFOOINC20 | L46: 2020 | M46: 1 | N46: 595.25188 | O46: 0.9 | P46: 1 | Q46: 2.631889 | R46: 0.0086599125 | S46: 19.656156 | T46: 0.0058505526
A47: Waste | B47: Solid | C47: Yard trimmings | E47: Incineration | F47: OUT | G47: Electricity | I47: CELC | J47: WASSOLYARDMDTOT | K47: WASSOLYARINC20 | L47: 2020 | M47: 1 | N47: 595.25188 | O47: 0.9 | P47: 1 | Q47: 1.3486953 | R47: 0.0093531684 | S47: 23.967659 | T47: 0.0080998576
... A50: Waste | B50: Solid | C50: All Other | E50: Incineration | F50: OUT | G50: Steam | I50: STM | J50: WASSOLAOTDMDTOT | K50: WASSOLAOTINC20 | L50: 2020 | M50: 1 | N50: 595.25188 | O50: 0.9 | P50: 1 | Q50: 2.8832352 | R50: 0.010833832 | S50: 94.605252 | T50: 0.012903947
A51: Waste | B51: Solid | C51: Paper | E51: Landfill | F51: IN | G51: Electricity | H51: WASELC | J51: WASSOLPAPDMDTOTTOLDF | K51: WASSOLPAPLDF20 | L51: 2020 | M51: 1 | N51: 57.235757 | O51: 0.9 | P51: 1 | Q51: 0.0016318801 | R51: 0 | S51: 0 | T51: 4.2025429e-05
A52: Waste | B52: Solid | C52: Paper | E52: Landfill | F52: IN | G52: Diesel | H52: WASDSL | J52: WASSOLPAPDMDTOTTOLDF | K52: WASSOLPAPLDF20 | L52: 2020 | M52: 1 | N52: 57.235757 | O52: 0.9 | P52: 1 | Q52: 0.00042171587 | R52: 0 | S52: 0 | T52: 4.2025429e-05
A53: Waste | B53: Solid | C53: Paper | E53: Landfill | F53: OUT | G53: Biogas | I53: WASSOLLDFBGA | J53: WASSOLPAPDMDTOTTOLDF | K53: WASSOLPAPLDF20 | L53: 2020 | M53: 1 | N53: 57.235757 | O53: 0.9 | P53: 1 | Q53: 0.073642392 | R53: 0 | S53: 0 | T53: 4.2025429e-05
A54: Waste | B54: Solid | C54: Glass | E54: Landfill | F54: IN | G54: Electricity | H54: WASELC | J54: WASSOLGLADMDTOTTOLDF | K54: WASSOLGLALDF20 | L54: 2020 | M54: 1 | N54: 57.235757 | O54: 0.9 | P54: 1 | Q54: 0.00011412324 | R54: 0 | S54: 0 | T54: 4.2025429e-05
A55: Waste | B55: Solid | C55: Glass | E55: Landfill | F55: IN | G55: Diesel | H55: WASDSL | J55: WASSOLGLADMDTOTTOLDF | K55: WASSOLGLALDF20 | L55: 2020 | M55: 1 | N55: 57.235757 | O55: 0.9 | P55: 1 | Q55: 0.00042171587 | R55: 0 | S55: 0 | T55: 4.2025429e-05
A56: Waste | B56: Solid | C56: Glass | E56: Landfill | F56: OUT | G56: Biogas | I56: WASSOLLDFBGA | J56: WASSOLGLADMDTOTTOLDF | K56: WASSOLGLALDF20 | L56: 2020 | M56: 1 | N56: 57.235757 | O56: 0.9 | P56: 1 | Q56: 0 | R56: 0 | S56: 0 | T56: 4.2025429e-05
A57: Waste | B57: Solid | C57: Metals | E57: Landfill | F57: IN | G57: Electricity | H57: WASELC | J57: WASSOLMETDMDTOTTOLDF | K57: WASSOLMETLDF20 | L57: 2020 | M57: 1 | N57: 57.235757 | O57: 0.9 | P57: 1 | Q57: 0.00011412324 | R57: 0 | S57: 0 | T57: 4.2025429e-05
A58: Waste | B58: Solid | C58: Metals | E58: Landfill | F58: IN | G58: Diesel | H58: WASDSL | J58: WASSOLMETDMDTOTTOLDF | K58: WASSOLMETLDF20 | L58: 2020 | M58: 1 | N58: 57.235757 | O58: 0.9 | P58: 1 | Q58: 0.00042171587 | R58: 0 | S58: 0 | T58: 4.2025429e-05
A59: Waste | B59: Solid | C59: Metals | E59: Landfill | F59: OUT | G59: Biogas | I59: WASSOLLDFBGA | J59: WASSOLMETDMDTOTTOLDF | K59: WASSOLMETLDF20 | L59: 2020 | M59: 1 | N59: 57.235757 | O59: 0.9 | P59: 1 | Q59: 0 | R59: 0 | S59: 0 | T59: 4.2025429e-05
A60: Waste | B60: Solid | C60: Plastics | E60: Landfill | F60: IN | G60: Electricity | H60: WASELC | J60: WASSOLPLADMDTOTTOLDF | K60: WASSOLPLALDF20 | L60: 2020 | M60: 1 | N60: 57.235757 | O60: 0.9 | P60: 1 | Q60: 0.00011412324 | R60: 0 | S60: 0 | T60: 4.2025429e-05
A61: Waste | B61: Solid | C61: Plastics | E61: Landfill | F61: IN | G61: Diesel | H61: WASDSL | J61: WASSOLPLADMDTOTTOLDF | K61: WASSOLPLALDF20 | L61: 2020 | M61: 1 | N61: 57.235757 | O61: 0.9 | P61: 1 | Q61: 0.00042171587 | R61: 0 | S61: 0 | T61: 4.2025429e-05
A62: Waste | B62: Solid | C62: Plastics | E62: Landfill | F62: OUT | G62: Biogas | I62: WASSOLLDFBGA | J62: WASSOLPLADMDTOTTOLDF | K62: WASSOLPLALDF20 | L62: 2020 | M62: 1 | N62: 57.235757 | O62: 0.9 | P62: 1 | Q62: 0 | R62: 0 | S62: 0 | T62: 4.2025429e-05
A63: Waste | B63: Solid | C63: Food | E63: Landfill | F63: IN | G63: Electricity | H63: WASELC | J63: WASSOLFOODMDTOTTOLDF | K63: WASSOLFOOLDF20 | L63: 2020 | M63: 1 | N63: 57.235757 | O63: 0.9 | P63: 1 | Q63: 0.0016116324 | R63: 0 | S63: 0 | T63: 0.00010544145
A64: Waste | B64: Solid | C64: Food | E64: Landfill | F64: IN | G64: Diesel | H64: WASDSL | J64: WASSOLFOODMDTOTTOLDF | K64: WASSOLFOOLDF20 | L64: 2020 | M64: 1 | N64: 57.235757 | O64: 0.9 | P64: 1 | Q64: 0.00042171587 | R64: 0 | S64: 0 | T64: 0.00010544145
A65: Waste | B65: Solid | C65: Food | E65: Landfill | F65: OUT | G65: Biogas | I65: WASSOLLDFBGA | J65: WASSOLFOODMDTOTTOLDF | K65: WASSOLFOOLDF20 | L65: 2020 | M65: 1 | N65: 57.235757 | O65: 0.9 | P65: 1 | Q65: 0.21037728 | R65: 0 | S65: 0 | T65: 0.00010544145
A66: Waste | B66: Solid | C66: Yard trimmings | E66: Landfill | F66: IN | G66: Electricity | H66: WASELC | J66: WASSOLYARDMDTOTTOLDF | K66: WASSOLYARLDF20 | L66: 2020 | M66: 1 | N66: 57.235757 | O66: 0.9 | P66: 1 | Q66: 0.00066457556 | R66: 0 | S66: 0 | T66: 0.00011362262
A67: Waste | B67: Solid | C67: Yard trimmings | E67: Landfill | F67: IN | G67: Diesel | H67: WASDSL | J67: WASSOLYARDMDTOTTOLDF | K67: WASSOLYARLDF20 | L67: 2020 | M67: 1 | N67: 57.235757 | O67: 0.9 | P67: 1 | Q67: 0.00042171587 | R67: 0 | S67: 0 | T67: 0.00011362262
A68: Waste | B68: Solid | C68: Yard trimmings | E68: Landfill | F68: OUT | G68: Biogas | I68: WASSOLLDFBGA | J68: WASSOLYARDMDTOTTOLDF | K68: WASSOLYARLDF20 | L68: 2020 | M68: 1 | N68: 57.235757 | O68: 0.9 | P68: 1 | Q68: 0.071053021 | R68: 0 | S68: 0 | T68: 0.00011362262
A69: Waste | B69: Solid | C69: All Other | E69: Landfill | F69: IN | G69: Electricity | H69: WASELC | J69: WASSOLAOTDMDTOTTOLDF | K69: WASSOLAOTLDF20 | L69: 2020 | M69: 1 | N69: 57.235757 | O69: 0.9 | P69: 1 | Q69: 0.00025635641 | R69: 0 | S69: 0 | T69: 0.00049064861
A70: Waste | B70: Solid | C70: All Other | E70: Landfill | F70: IN | G70: Diesel | H70: WASDSL | J70: WASSOLAOTDMDTOTTOLDF | K70: WASSOLAOTLDF20 | L70: 2020 | M70: 1 | N70: 57.235757 | O70: 0.9 | P70: 1 | Q70: 0.00042171587 | R70: 0 | S70: 0 | T70: 0.00049064861
A71: Waste | B71: Solid | C71: All Other | E71: Landfill | F71: OUT | G71: Biogas | I71: WASSOLLDFBGA | J71: WASSOLAOTDMDTOTTOLDF | K71: WASSOLAOTLDF20 | L71: 2020 | M71: 1 | N71: 57.235757 | O71: 0.9 | P71: 1 | Q71: 0.0057069987 | R71: 0 | S71: 0 | T71: 0.00049064861
A72: Waste | B72: Solid | C72: Paper | E72: Recycle | F72: IN | G72: Diesel | H72: WASDSL | J72: WASSOLPAPDMDTOT | K72: WASSOLPAPREC20 | L72: 2020 | M72: 1 | N72: 57.235757 | O72: 0.9 | P72: 1 | Q72: 0.00042171587 | R72: 0 | S72: 0 | T72: 0
A73: Waste | B73: Solid | C73: Glass | E73: Recycle | F73: IN | G73: Diesel | H73: WASDSL | J73: WASSOLGLADMDTOT | K73: WASSOLGLAREC20 | L73: 2020 | M73: 1 | N73: 57.235757 | O73: 0.9 | P73: 1 | Q73: 0.00042171587 | R73: 0 | S73: 0 | T73: 0
A74: Waste | B74: Solid | C74: Metals | E74: Recycle | F74: IN | G74: Diesel | H74: WASDSL | J74: WASSOLMETDMDTOT | K74: WASSOLMETREC20 | L74: 2020 | M74: 1 | N74: 57.235757 | O74: 0.9 | P74: 1 | Q74: 0.00042171587 | R74: 0 | S74: 0 | T74: 0
A75: Waste | B75: Solid | C75: Plastics | E75: Recycle | F75: IN | G75: Diesel | H75: WASDSL | J75: WASSOLPLADMDTOT | K75: WASSOLPLAREC20 | L75: 2020 | M75: 1 | N75: 57.235757 | O75: 0.9 | P75: 1 | Q75: 0.00042171587 | R75: 0 | S75: 0 | T75: 0
A76: Waste | B76: Solid | C76: Food | E76: Recycle | F76: IN | G76: Diesel | H76: WASDSL | J76: WASSOLFOODMDTOT | K76: WASSOLFOOREC20 | L76: 2020 | M76: 0 | N76: 57.235757 | O76: 0.9 | P76: 1 | Q76: 0.00042171587 | R76: 0 | S76: 0 | T76: 0
A77: Waste | B77: Solid | C77: Yard trimmings | E77: Recycle | F77: IN | G77: Diesel | H77: WASDSL | J77: WASSOLYARDMDTOT | K77: WASSOLYARREC20 | L77: 2020 | M77: 0 | N77: 57.235757 | O77: 0.9 | P77: 1 | Q77: 0.00042171587 | R77: 0 | S77: 0 | T77: 0
A78: Waste | B78: Solid | C78: All Other | E78: Recycle | F78: IN | G78: Diesel | H78: WASDSL | J78: WASSOLAOTDMDTOT | K78: WASSOLAOTREC20 | L78: 2020 | M78: 0 | N78: 57.235757 | O78: 0.9 | P78: 1 | Q78: 0.00042171587 | R78: 0 | S78: 0 | T78: 0
A79: Waste | B79: Solid | C79: Historical | E79: Landfill | F79: IN | G79: Electricity | H79: WASELC | J79: WASSOLHISDMDTOTTOLDF | K79: WASSOLHISLDF20 | L79: 2020 | M79: 1 | N79: 57.235757 | O79: 0.9 | P79: 1 | Q79: 0.00060542239 | R79: 0 | S79: 0 | T79: 0.00022198833
A80: Waste | B80: Solid | C80: Historical | E80: Landfill | F80: IN | G80: Diesel | H80: WASDSL | J80: WASSOLHISDMDTOTTOLDF | K80: WASSOLHISLDF20 | L80: 2020 | M80: 1 | N80: 57.235757 | O80: 0.9 | P80: 1 | Q80: 0.00035039062 | R80: 0 | S80: 0 | T80: 0.00022198833
A81: Waste | B81: Solid | C81: Historical | E81: Landfill | F81: OUT | G81: Biogas | I81: WASSOLLDFBGA | J81: WASSOLHISDMDTOTTOLDF | K81: WASSOLHISLDF20 | L81: 2020 | M81: 1 | N81: 57.235757 | O81: 0.9 | P81: 1 | Q81: 0.041947234 | R81: 0 | S81: 0 | T81: 0.00022198833
A82: Waste | B82: Water | C82: Treatment | E82: Treatment Plant without De-Nitrification and without Anaerobic Digesters | F82: IN | G82: Electricity | H82: WASELC | J82: WASWATTRTDMDTOT | K82: WASWATTRTNOT20 | L82: 2020 | M82: 1 | N82: 1144.7151 | O82: 0.9 | P82: 1 | Q82: 2 | R82: 0 | S82: 0 | T82: 0.38551982
A83: Waste | B83: Water | C83: Treatment | E83: Treatment Plant without De-Nitrification and without Anaerobic Digesters | F83: IN | G83: Natural gas | H83: WASNGA | J83: WASWATTRTDMDTOT | K83: WASWATTRTNOT20 | L83: 2020 | M83: 1 | N83: 1144.7151 | O83: 0.9 | P83: 1 | Q83: 6 | R83: 0 | S83: 0 | T83: 0.38551982
A84: Waste | B84: Water | C84: Treatment | E84: Treatment Plant without De-Nitrification and without Anaerobic Digesters | F84: OUT | G84: Biogas | I84: WASWATNOTBGA | J84: WASWATTRTDMDTOT | K84: WASWATTRTNOT20 | L84: 2020 | M84: 1 | N84: 1144.7151 | O84: 0.9 | P84: 1 | Q84: 0 | R84: 0 | S84: 0 | T84: 0.38551982
A85: Waste | B85: Water | C85: Treatment | E85: Treatment Plant without De-Nitrification and with Anaerobic Digesters | F85: IN | G85: Electricity | H85: WASELC | J85: WASWATTRTDMDTOT | K85: WASWATTRTWAD20 | L85: 2020 | M85: 1 | N85: 1717.0727 | O85: 0.9 | P85: 1 | Q85: 2 | R85: 0 | S85: 0 | T85: 0.38551982
A86: Waste | B86: Water | C86: Treatment | E86: Treatment Plant without De-Nitrification and with Anaerobic Digesters | F86: IN | G86: Natural gas | H86: WASNGA | J86: WASWATTRTDMDTOT | K86: WASWATTRTWAD20 | L86: 2020 | M86: 1 | N86: 1717.0727 | O86: 0.9 | P86: 1 | Q86: 6 | R86: 0 | S86: 0 | T86: 0.38551982
A87: Waste | B87: Water | C87: Treatment | E87: Treatment Plant without De-Nitrification and with Anaerobic Digesters | F87: OUT | G87: Biogas | I87: WASWATWADBGA | J87: WASWATTRTDMDTOT | K87: WASWATTRTWAD20 | L87: 2020 | M87: 1 | N87: 1717.0727 | O87: 0.9 | P87: 1 | Q87: 2.7543379 | R87: 0 | S87: 0 | T87: 0.38551982
A88: Waste | B88: Water | C88: Treatment | E88: Treatment Plant with De-Nitrification and without Anaerobic Digesters | F88: IN | G88: Electricity | H88: WASELC | J88: WASWATTRTDMDTOT | K88: WASWATTRTWDN20 | L88: 2020 | M88: 1 | N88: 1430.8939 | O88: 0.9 | P88: 1 | Q88: 2 | R88: 0 | S88: 0 | T88: 0.060746946
A89: Waste | B89: Water | C89: Treatment | E89: Treatment Plant with De-Nitrification and without Anaerobic Digesters | F89: IN | G89: Natural gas | H89: WASNGA | J89: WASWATTRTDMDTOT | K89: WASWATTRTWDN20 | L89: 2020 | M89: 1 | N89: 1430.8939 | O89: 0.9 | P89: 1 | Q89: 6 | R89: 0 | S89: 0 | T89: 0.060746946
A90: Waste | B90: Water | C90: Treatment | E90: Treatment Plant with De-Nitrification and without Anaerobic Digesters | F90: OUT | G90: Biogas | I90: WASWATWDNBGA | J90: WASWATTRTDMDTOT | K90: WASWATTRTWDN20 | L90: 2020 | M90: 1 | N90: 1430.8939 | O90: 0.9 | P90: 1 | Q90: 0 | R90: 0 | S90: 0 | T90: 0.060746946
A91: Waste | B91: Water | C91: Treatment | E91: Treatment Plant with De-Nitrification and with Anaerobic Digesters | F91: IN | G91: Electricity | H91: WASELC | J91: WASWATTRTDMDTOT | K91: WASWATTRTWAN20 | L91: 2020 | M91: 1 | N91: 2003.2515 | O91: 0.9 | P91: 1 | Q91: 2 | R91: 0 | S91: 0 | T91: 0.060746946
A92: Waste | B92: Water | C92: Treatment | E92: Treatment Plant with De-Nitrification and with Anaerobic Digesters | F92: IN | G92: Natural gas | H92: WASNGA | J92: WASWATTRTDMDTOT | K92: WASWATTRTWAN20 | L92: 2020 | M92: 1 | N92: 2003.2515 | O92: 0.9 | P92: 1 | Q92: 6 | R92: 0 | S92: 0 | T92: 0.060746946
A93: Waste | B93: Water | C93: Treatment | E93: Treatment Plant with De-Nitrification and with Anaerobic Digesters | F93: OUT | G93: Biogas | I93: WASWATWANBGA | J93: WASWATTRTDMDTOT | K93: WASWATTRTWAN20 | L93: 2020 | M93: 1 | N93: 2003.2515 | O93: 0.9 | P93: 1 | Q93: 2.7543379 | R93: 0 | S93: 0 | T93: 0.060746946
A94: *
L95: Start Year | M95: Included | N95: CAPEX (2023 USD/ t) | O95: CFA | P95: C2A | Q95: Energy flow (TJ/ktonnes) | R95: CH4 (tonnes/ktonnes) | S95: CO2 (tonnes/ktonnes) | T95: N2O (tonnes/ktonnes) | U95: Efficiency
A96: Waste | B96: Solid | C96: Paper | E96: Landfill | F96: IN | G96: Decay | H96: WASSOLPAPLDFDEC | K96: WASSOLPAPLDFDEC20 | L96: 2020 | M96: 1 | N96: 1 | O96: 0.9 | P96: 1 | Q96: 0 | R96: 0 | S96: 0 | T96: 0 | U96: 0.9467354
A97: Waste | B97: Solid | C97: Paper | E97: Landfill | F97: OUT | G97: Biogas | I97: WASSOLLDFBGA | K97: WASSOLPAPLDFDEC20 | L97: 2020 | M97: 1 | N97: 1 | O97: 0.9 | P97: 1 | Q97: 0.14728478 | R97: 0 | S97: 0 | T97: 0 | U97: 0.9467354
A98: Waste | B98: Solid | C98: Glass | E98: Landfill | F98: IN | G98: Decay | H98: WASSOLGLALDFDEC | K98: WASSOLGLALDFDEC20 | L98: 2020 | M98: 1 | N98: 1 | O98: 0.9 | P98: 1 | Q98: 0 | R98: 0 | S98: 0 | T98: 0 | U98: 0
A99: Waste | B99: Solid | C99: Glass | E99: Landfill | F99: OUT | G99: Biogas | I99: WASSOLLDFBGA | K99: WASSOLGLALDFDEC20 | L99: 2020 | M99: 1 | N99: 1 | O99: 0.9 | P99: 1 | Q99: 0 | R99: 0 | S99: 0 | T99: 0 | U99: 0
A100: Waste | B100: Solid | C100: Metals | E100: Landfill | F100: IN | G100: Decay | H100: WASSOLMETLDFDEC | K100: WASSOLMETLDFDEC20 | L100: 2020 | M100: 1 | N100: 1 | O100: 0.9 | P100: 1 | Q100: 0 | R100: 0 | S100: 0 | T100: 0 | U100: 0
A101: Waste | B101: Solid | C101: Metals | E101: Landfill | F101: OUT | G101: Biogas | I101: WASSOLLDFBGA | K101: WASSOLMETLDFDEC20 | L101: 2020 | M101: 1 | N101: 1 | O101: 0.9 | P101: 1 | Q101: 0 | R101: 0 | S101: 0 | T101: 0 | U101: 0
A102: Waste | B102: Solid | C102: Plastics | E102: Landfill | F102: IN | G102: Decay | H102: WASSOLPLALDFDEC | K102: WASSOLPLALDFDEC20 | L102: 2020 | M102: 1 | N102: 1 | O102: 0.9 | P102: 1 | Q102: 0 | R102: 0 | S102: 0 | T102: 0 | U102: 0
A103: Waste | B103: Solid | C103: Plastics | E103: Landfill | F103: OUT | G103: Biogas | I103: WASSOLLDFBGA | K103: WASSOLPLALDFDEC20 | L103: 2020 | M103: 1 | N103: 1 | O103: 0.9 | P103: 1 | Q103: 0 | R103: 0 | S103: 0 | T103: 0 | U103: 0
A104: Waste | B104: Solid | C104: Food | E104: Landfill | F104: IN | G104: Decay | H104: WASSOLFOOLDFDEC | K104: WASSOLFOOLDFDEC20 | L104: 2020 | M104: 1 | N104: 1 | O104: 0.9 | P104: 1 | Q104: 0 | R104: 0 | S104: 0 | T104: 0 | U104: 0.90820782
A105: Waste | B105: Solid | C105: Food | E105: Landfill | F105: OUT | G105: Biogas | I105: WASSOLLDFBGA | K105: WASSOLFOOLDFDEC20 | L105: 2020 | M105: 1 | N105: 1 | O105: 0.9 | P105: 1 | Q105: 0.42075455 | R105: 0 | S105: 0 | T105: 0 | U105: 0.90820782
...

Sheet >> TIMES

Sheet Tech_availability
B2: ~TFM_AVA
B3: PSET_SET | C3: PSET_PN | D3: PSET_PD | E3: PSET_CO | F3: PSET_CI | G3: CITY | H3: EGRID
B4: *
C5: {=_xlfn.UNIQUE('WAS TECH'!K2:K93)} -> WASSOLPAPCMP20 | G5: =_xlfn.XLOOKUP(C5,'WAS TECH'!K:K,'WAS TECH'!M:M) -> 1 | H5: 0
C6: WASSOLGLACMP20 | G6: =_xlfn.XLOOKUP(C6,'WAS TECH'!K:K,'WAS TECH'!M:M) -> 0 | H6: 0
C7: WASSOLMETCMP20 | G7: =_xlfn.XLOOKUP(C7,'WAS TECH'!K:K,'WAS TECH'!M:M) -> 0 | H7: 0
C8: WASSOLPLACMP20 | G8: =_xlfn.XLOOKUP(C8,'WAS TECH'!K:K,'WAS TECH'!M:M) -> 0 | H8: 0
C9: WASSOLFOOCMP20 | G9: =_xlfn.XLOOKUP(C9,'WAS TECH'!K:K,'WAS TECH'!M:M) -> 1 | H9: 0
C10: WASSOLYARCMP20 | G10: =_xlfn.XLOOKUP(C10,'WAS TECH'!K:K,'WAS TECH'!M:M) -> 1 | H10: 0
C11: WASSOLAOTCMP20 | G11: =_xlfn.XLOOKUP(C11,'WAS TECH'!K:K,'WAS TECH'!M:M) -> 0 | H11: 0
C12: WASSOLPAPADG20 | G12: =_xlfn.XLOOKUP(C12,'WAS TECH'!K:K,'WAS TECH'!M:M) -> 1 | H12: 0
C13: WASSOLGLAADG20 | G13: =_xlfn.XLOOKUP(C13,'WAS TECH'!K:K,'WAS TECH'!M:M) -> 0 | H13: 0
C14: WASSOLMETADG20 | G14: =_xlfn.XLOOKUP(C14,'WAS TECH'!K:K,'WAS TECH'!M:M) -> 0 | H14: 0
C15: WASSOLPLAADG20 | G15: =_xlfn.XLOOKUP(C15,'WAS TECH'!K:K,'WAS TECH'!M:M) -> 0 | H15: 0
C16: WASSOLFOOADG20 | G16: =_xlfn.XLOOKUP(C16,'WAS TECH'!K:K,'WAS TECH'!M:M) -> 1 | H16: 0
C17: WASSOLYARADG20 | G17: =_xlfn.XLOOKUP(C17,'WAS TECH'!K:K,'WAS TECH'!M:M) -> 1 | H17: 0
... C44: WASWATTRTWAN20 | G44: =_xlfn.XLOOKUP(C44,'WAS TECH'!K:K,'WAS TECH'!M:M) -> 1 | H44: 0
C45: {=_xlfn.UNIQUE('WAS TECH'!K96:K110)} -> WASSOLPAPLDFDEC20 | G45: =_xlfn.XLOOKUP(C45,'WAS TECH'!K:K,'WAS TECH'!M:M) -> 1 | H45: 0
C46: WASSOLGLALDFDEC20 | G46: =_xlfn.XLOOKUP(C46,'WAS TECH'!K:K,'WAS TECH'!M:M) -> 1 | H46: 0
C47: WASSOLMETLDFDEC20 | G47: =_xlfn.XLOOKUP(C47,'WAS TECH'!K:K,'WAS TECH'!M:M) -> 1 | H47: 0
C48: WASSOLPLALDFDEC20 | G48: =_xlfn.XLOOKUP(C48,'WAS TECH'!K:K,'WAS TECH'!M:M) -> 1 | H48: 0
C49: WASSOLFOOLDFDEC20 | G49: =_xlfn.XLOOKUP(C49,'WAS TECH'!K:K,'WAS TECH'!M:M) -> 1 | H49: 0
C50: WASSOLYARLDFDEC20 | G50: =_xlfn.XLOOKUP(C50,'WAS TECH'!K:K,'WAS TECH'!M:M) -> 1 | H50: 0
C51: WASSOLAOTLDFDEC20 | G51: =_xlfn.XLOOKUP(C51,'WAS TECH'!K:K,'WAS TECH'!M:M) -> 1 | H51: 0
C52: WASSOLHISLDFDEC20 | G52: =_xlfn.XLOOKUP(C52,'WAS TECH'!K:K,'WAS TECH'!M:M) -> 1 | H52: 0
C53: {=_xlfn.UNIQUE('WAS TECH'!K114:K149)} -> WASSOLADGVEN20 | G53: =_xlfn.XLOOKUP(C53,'WAS TECH'!K:K,'WAS TECH'!M:M) -> 1 | H53: 0
C54: WASSOLADGFLA20 | G54: =_xlfn.XLOOKUP(C54,'WAS TECH'!K:K,'WAS TECH'!M:M) -> 1 | H54: 0
C55: WASSOLADGCOG20 | G55: =_xlfn.XLOOKUP(C55,'WAS TECH'!K:K,'WAS TECH'!M:M) -> 1 | H55: 0
C56: WASSOLADGPOW20 | G56: =_xlfn.XLOOKUP(C56,'WAS TECH'!K:K,'WAS TECH'!M:M) -> 1 | H56: 0
C57: WASSOLADGPUR20 | G57: =_xlfn.XLOOKUP(C57,'WAS TECH'!K:K,'WAS TECH'!M:M) -> 1 | H57: 0
C58: WASSOLLDFVEN20 | G58: =_xlfn.XLOOKUP(C58,'WAS TECH'!K:K,'WAS TECH'!M:M) -> 1 | H58: 0
C59: WASSOLLDFFLA20 | G59: =_xlfn.XLOOKUP(C59,'WAS TECH'!K:K,'WAS TECH'!M:M) -> 1 | H59: 0
C60: WASSOLLDFCOG20 | G60: =_xlfn.XLOOKUP(C60,'WAS TECH'!K:K,'WAS TECH'!M:M) -> 1 | H60: 0
C61: WASSOLLDFPOW20 | G61: =_xlfn.XLOOKUP(C61,'WAS TECH'!K:K,'WAS TECH'!M:M) -> 1 | H61: 0
C62: WASSOLLDFPUR20 | G62: =_xlfn.XLOOKUP(C62,'WAS TECH'!K:K,'WAS TECH'!M:M) -> 1 | H62: 0
C63: WASWATWADVEN20 | G63: =_xlfn.XLOOKUP(C63,'WAS TECH'!K:K,'WAS TECH'!M:M) -> 1 | H63: 0
C64: WASWATWADFLA20 | G64: =_xlfn.XLOOKUP(C64,'WAS TECH'!K:K,'WAS TECH'!M:M) -> 1 | H64: 0
C65: WASWATWADCOG20 | G65: =_xlfn.XLOOKUP(C65,'WAS TECH'!K:K,'WAS TECH'!M:M) -> 1 | H65: 0
... C72: WASWATWANPUR20 | G72: =_xlfn.XLOOKUP(C72,'WAS TECH'!K:K,'WAS TECH'!M:M) -> 1 | H72: 0
