Workbook

Sheet ReadMe
A1: Generic Comet (GC) TIMES Supply
B3: Sheet color
C4: Raw Data and Parameters
C6: City Specific Data
C8: Post processing for TIMES
C10: Table formatted for TIMES

Sheet >> City Data

Sheet City characteristics
B2: City Basic Data
B4: Calibration methodology | C4: GHG Inventory
B6: A. City Characteristics
B7: Data Item | C7: Value | D7: Units
B8: City Name | C8: New York
B9: Latitude | C9: 40.5
B10: Longitude | C10: -75
B11: County | C11: New York County
B12: State | C12: New York
B13: Census Division | C13: Middle Atlantic
B14: Climate Division | C14: Northeast
B15: Egrid Region | C15: NPCC NYC/Westchester
B16: Area of city (excluding water, natural and agricultural areas) | C16: 778 | D16: square kilometers
B17: * Division and Region Map can be found in the Maps sheet.
B18: B. Planning Base Year and Target Years
B19: Year | C19: Value | D19: Units
B20: Base Year | C20: 2019 | D20: Acceptable range [2018,2021]
B21: End Year | C21: 2050
B23: C. City Population and GDP
B24: Data Item | C24: Value | D24: Units
B25: Population in Base Year | C25: 8337 | D25: Thousand of people
B26: Annual population growth (Base Year - End Year) | C26: 0.5 | D26: % people
B27: GDP in Base Year | C27: 1206000 | D27: Million US$
B28: Annual GDP growth rate | C28: 2 | D28: % US$
B29: Share of manufacturing GDP | C29: 5 | D29: % US$
B30: Share of State population | C30: 0.42835123
B31: Share of State GDP | C31: 0.67251772
B32: Adjustment from state manufacturing GDP | C32: 1.0638298
B34: D. Climate Data
B35: Data Item | C35: 2000 | D35: 2050 | E35: 2100 | F35: Units
B36: Heating degree days (HDD) | C36: 4473.4625 | D36: 4066.4182 | E36: 3763.8582 | F36: F
B37: Cooling degree days (CDD) | C37: 1020.7333 | D37: 1224.2555 | E37: 1375.5355 | F37: F
B39: Data Item | C39: Value | D39: Units
B40: Correction from State HDD | C40: 0.72727402
B41: Correction from State CDD | C41: 1.5583715
B42: Annual precipitation | C42: 762 | D42: mm / year
B43: Climate change scenario | C43: RCP4.5
B44: Average temperature increase in 1980-2020 | C44: 1.4617857 | D44: F
B45: Forecasted average temperature increase in 2035-2065 | C45: 3.13 | D45: F
B46: Forecasted average temperature increase in 2070-2100 | C46: 4.37 | D46: F
B47: *Climate change scenario description can be found in the Lists sheet.
B48: E. Energy scenario
B49: Data Item | C49: Value | D49: Units
B50: AEO energy scenario | C50: lowmachighZTC
B51: Electricity technology scenario | C51: Moderate
B52: Transport technology scenario | C52: Mid
B53: District energy | C53: Yes
B54: * Energy scenario description can be foundin the Lists sheet.

Sheet >> GC_NewTech

Sheet ELC TECH
M1: 2021 | N1: 2025 | O1: 2030 | P1: 2035 | Q1: 2040 | R1: 2045 | S1: 2050 | T1: 2100 | U1: 2021 | V1: 2025 | W1: 2030 | X1: 2035 | Y1: 2040 | Z1: 2045 | AA1: 2050 | AB1: 2100 | AC1: 2021 | AD1: 2025 | AE1: 2030 | AF1: 2035 | AG1: 2040 | AH1: 2045 | AI1: 2050 | AJ1: 2100 | AK1: 2021 | AL1: 2025 | AM1: 2030 | AN1: 2035 | AO1: 2040 | AP1: 2045 | AQ1: 2050 | AR1: 2100 | AS1: 2021 | AT1: 2025 | AU1: 2030 | AV1: 2035 | AW1: 2040 | AX1: 2045 | AY1: 2050 | AZ1: 2100
M2: OCC | N2: OCC | O2: OCC | P2: OCC | Q2: OCC | R2: OCC | S2: OCC | T2: OCC | U2: Fixed O&M | V2: Fixed O&M | W2: Fixed O&M | X2: Fixed O&M | Y2: Fixed O&M | Z2: Fixed O&M | AA2: Fixed O&M | AB2: Fixed O&M | AC2: Variable O&M | AD2: Variable O&M | AE2: Variable O&M | AF2: Variable O&M | AG2: Variable O&M | AH2: Variable O&M | AI2: Variable O&M | AJ2: Variable O&M | AK2: Heat Rate | AL2: Heat Rate | AM2: Heat Rate | AN2: Heat Rate | AO2: Heat Rate | AP2: Heat Rate | AQ2: Heat Rate | AR2: Heat Rate | AS2: CF | AT2: CF | AU2: CF | AV2: CF | AW2: CF | AX2: CF | AY2: CF | AZ2: CF
A3: Sector | B3: Sub-sector | C3: Archetype | D3: Vintage | E3: End Use | F3: Technology | G3: Energy | H3: Technology Label | I3: To include | J3: Capacity Potential (MW) | K3: Lifetime (yr) | L3: Capacity2Activity | M3: ATB CAPEX 2023 US$ / kW | U3: ATB Fixed OM 2023 US$ / kW . Yr | AC3: ATB Variable OM 2023 US$ / GJ | AK3: ATB Efficiency (Mwh e /Mwh th) | AS3: ATB ANNUAL CF %
A4: Electricity | B4: Grid | D4: 2020 | E4: Dispatchable | F4: Hydro New-Stream Dispatchable Class 1 | G4: Hydro | H4: ELCHYDGRDHNSDC120 | I4: 1 | J4: 0 | K4: 100 | L4: 31.536 | M4: 8970.3682 | N4: 8970.3682 | O4: 8970.3682 | P4: 8970.3682 | Q4: 8970.3682 | R4: 8970.3682 | S4: 8970.3682 | T4: 8970.3682 | U4: 161.69957 | V4: 161.69957 | W4: 161.69957 | X4: 161.69957 | Y4: 161.69957 | Z4: 161.69957 | AA4: 161.69957 | AB4: 161.69957 | AS4: 0.66 | AT4: 0.66 | AU4: 0.66 | AV4: 0.66 | AW4: 0.66 | AX4: 0.66 | AY4: 0.66 | AZ4: 0.66
A5: Electricity | B5: Grid | D5: 2020 | E5: Dispatchable | F5: Hydro New-Stream Dispatchable Class 2 | G5: Hydro | H5: ELCHYDGRDHNSDC220 | I5: 1 | J5: 0 | K5: 100 | L5: 31.536 | M5: 8008.0862 | N5: 8008.0862 | O5: 8008.0862 | P5: 8008.0862 | Q5: 8008.0862 | R5: 8008.0862 | S5: 8008.0862 | T5: 8008.0862 | U5: 53.146011 | V5: 53.146011 | W5: 53.146011 | X5: 53.146011 | Y5: 53.146011 | Z5: 53.146011 | AA5: 53.146011 | AB5: 53.146011 | AS5: 0.66 | AT5: 0.66 | AU5: 0.66 | AV5: 0.66 | AW5: 0.66 | AX5: 0.66 | AY5: 0.66 | AZ5: 0.66
A6: Electricity | B6: Grid | D6: 2020 | E6: Dispatchable | F6: Hydro New-Stream Dispatchable Class 3 | G6: Hydro | H6: ELCHYDGRDHNSDC320 | I6: 1 | J6: 0 | K6: 100 | L6: 31.536 | M6: 7842.9943 | N6: 7842.9943 | O6: 7842.9943 | P6: 7842.9943 | Q6: 7842.9943 | R6: 7842.9943 | S6: 7842.9943 | T6: 7842.9943 | U6: 152.65344 | V6: 152.65344 | W6: 152.65344 | X6: 152.65344 | Y6: 152.65344 | Z6: 152.65344 | AA6: 152.65344 | AB6: 152.65344 | AS6: 0.62 | AT6: 0.62 | AU6: 0.62 | AV6: 0.62 | AW6: 0.62 | AX6: 0.62 | AY6: 0.62 | AZ6: 0.62
A7: Electricity | B7: Grid | D7: 2020 | E7: Dispatchable | F7: Hydro New-Stream Dispatchable Class 4 | G7: Hydro | H7: ELCHYDGRDHNSDC420 | I7: 1 | J7: 0 | K7: 100 | L7: 31.536 | M7: 7060.5041 | N7: 7060.5041 | O7: 7060.5041 | P7: 7060.5041 | Q7: 7060.5041 | R7: 7060.5041 | S7: 7060.5041 | T7: 7060.5041 | U7: 37.315284 | V7: 37.315284 | W7: 37.315284 | X7: 37.315284 | Y7: 37.315284 | Z7: 37.315284 | AA7: 37.315284 | AB7: 37.315284 | AS7: 0.66 | AT7: 0.66 | AU7: 0.66 | AV7: 0.66 | AW7: 0.66 | AX7: 0.66 | AY7: 0.66 | AZ7: 0.66
A8: Electricity | B8: Grid | D8: 2020 | E8: Dispatchable | F8: Hydro New-Stream Dispatchable Class 5 | G8: Hydro | H8: ELCHYDGRDHNSDC520 | I8: 1 | J8: 0 | K8: 100 | L8: 31.536 | M8: 7060.5041 | N8: 7060.5041 | O8: 7060.5041 | P8: 7060.5041 | Q8: 7060.5041 | R8: 7060.5041 | S8: 7060.5041 | T8: 7060.5041 | U8: 37.315284 | V8: 37.315284 | W8: 37.315284 | X8: 37.315284 | Y8: 37.315284 | Z8: 37.315284 | AA8: 37.315284 | AB8: 37.315284 | AS8: 0.66 | AT8: 0.66 | AU8: 0.66 | AV8: 0.66 | AW8: 0.66 | AX8: 0.66 | AY8: 0.66 | AZ8: 0.66
A9: Electricity | B9: Grid | D9: 2020 | E9: Non Dispatchable | F9: Hydro New-Stream Non Dispatchable Class 1 | G9: Hydro | H9: ELCHYDGRDHNSNDC120 | I9: 1 | J9: 0 | K9: 100 | L9: 31.536 | M9: 8970.3682 | N9: 8970.3682 | O9: 8970.3682 | P9: 8970.3682 | Q9: 8970.3682 | R9: 8970.3682 | S9: 8970.3682 | T9: 8970.3682 | U9: 161.69957 | V9: 161.69957 | W9: 161.69957 | X9: 161.69957 | Y9: 161.69957 | Z9: 161.69957 | AA9: 161.69957 | AB9: 161.69957 | AS9: 0.66 | AT9: 0.66 | AU9: 0.66 | AV9: 0.66 | AW9: 0.66 | AX9: 0.66 | AY9: 0.66 | AZ9: 0.66
A10: Electricity | B10: Grid | D10: 2020 | E10: Non Dispatchable | F10: Hydro New-Stream Non Dispatchable Class 2 | G10: Hydro | H10: ELCHYDGRDHNSNDC220 | I10: 1 | J10: 0 | K10: 100 | L10: 31.536 | M10: 8008.0862 | N10: 8008.0862 | O10: 8008.0862 | P10: 8008.0862 | Q10: 8008.0862 | R10: 8008.0862 | S10: 8008.0862 | T10: 8008.0862 | U10: 53.146011 | V10: 53.146011 | W10: 53.146011 | X10: 53.146011 | Y10: 53.146011 | Z10: 53.146011 | AA10: 53.146011 | AB10: 53.146011 | AS10: 0.66 | AT10: 0.66 | AU10: 0.66 | AV10: 0.66 | AW10: 0.66 | AX10: 0.66 | AY10: 0.66 | AZ10: 0.66
A11: Electricity | B11: Grid | D11: 2020 | E11: Non Dispatchable | F11: Hydro New-Stream Non Dispatchable Class 3 | G11: Hydro | H11: ELCHYDGRDHNSNDC320 | I11: 1 | J11: 0 | K11: 100 | L11: 31.536 | M11: 7842.9943 | N11: 7842.9943 | O11: 7842.9943 | P11: 7842.9943 | Q11: 7842.9943 | R11: 7842.9943 | S11: 7842.9943 | T11: 7842.9943 | U11: 152.65344 | V11: 152.65344 | W11: 152.65344 | X11: 152.65344 | Y11: 152.65344 | Z11: 152.65344 | AA11: 152.65344 | AB11: 152.65344 | AS11: 0.62 | AT11: 0.62 | AU11: 0.62 | AV11: 0.62 | AW11: 0.62 | AX11: 0.62 | AY11: 0.62 | AZ11: 0.62
A12: Electricity | B12: Grid | D12: 2020 | E12: Non Dispatchable | F12: Hydro New-Stream Non Dispatchable Class 4 | G12: Hydro | H12: ELCHYDGRDHNSNDC420 | I12: 1 | J12: 0 | K12: 100 | L12: 31.536 | M12: 7060.5041 | N12: 7060.5041 | O12: 7060.5041 | P12: 7060.5041 | Q12: 7060.5041 | R12: 7060.5041 | S12: 7060.5041 | T12: 7060.5041 | U12: 37.315284 | V12: 37.315284 | W12: 37.315284 | X12: 37.315284 | Y12: 37.315284 | Z12: 37.315284 | AA12: 37.315284 | AB12: 37.315284 | AS12: 0.66 | AT12: 0.66 | AU12: 0.66 | AV12: 0.66 | AW12: 0.66 | AX12: 0.66 | AY12: 0.66 | AZ12: 0.66
A13: Electricity | B13: Grid | D13: 2020 | E13: Non Dispatchable | F13: Hydro New-Stream Non Dispatchable Class 5 | G13: Hydro | H13: ELCHYDGRDHNSNDC520 | I13: 1 | J13: 0 | K13: 100 | L13: 31.536 | M13: 7060.5041 | N13: 7060.5041 | O13: 7060.5041 | P13: 7060.5041 | Q13: 7060.5041 | R13: 7060.5041 | S13: 7060.5041 | T13: 7060.5041 | U13: 37.315284 | V13: 37.315284 | W13: 37.315284 | X13: 37.315284 | Y13: 37.315284 | Z13: 37.315284 | AA13: 37.315284 | AB13: 37.315284 | AS13: 0.66 | AT13: 0.66 | AU13: 0.66 | AV13: 0.66 | AW13: 0.66 | AX13: 0.66 | AY13: 0.66 | AZ13: 0.66
A14: Electricity | B14: Grid | D14: 2020 | E14: Non Dispatchable | F14: Hydro Non-Powered Non Dispatchable Class 1 | G14: Hydro | H14: ELCHYDGRDHNPNDC120 | I14: 1 | J14: 0 | K14: 100 | L14: 31.536 | M14: 3188.7607 | N14: 3188.7607 | O14: 3188.7607 | P14: 3188.7607 | Q14: 3060.9841 | R14: 3060.9841 | S14: 3060.9841 | T14: 3060.9841 | U14: 96.115126 | V14: 96.115126 | W14: 96.115126 | X14: 96.115126 | Y14: 92.722828 | Z14: 92.722828 | AA14: 92.722828 | AB14: 92.722828 | AS14: 0.33 | AT14: 0.33 | AU14: 0.33 | AV14: 0.33 | AW14: 0.33 | AX14: 0.33 | AY14: 0.33 | AZ14: 0.33
A15: Electricity | B15: Grid | D15: 2020 | E15: Non Dispatchable | F15: Hydro Non-Powered Non Dispatchable Class 2 | G15: Hydro | H15: ELCHYDGRDHNPNDC220 | I15: 1 | J15: 0 | K15: 100 | L15: 31.536 | M15: 6253.137 | N15: 6253.137 | O15: 4777.4871 | P15: 3300.7065 | Q15: 3168.4069 | R15: 3168.4069 | S15: 3168.4069 | T15: 3168.4069 | U15: 98.376658 | V15: 98.376658 | W15: 98.376658 | X15: 98.376658 | Y15: 93.853594 | Z15: 93.853594 | AA15: 93.853594 | AB15: 93.853594 | AS15: 0.41 | AT15: 0.41 | AU15: 0.38 | AV15: 0.38 | AW15: 0.38 | AX15: 0.38 | AY15: 0.38 | AZ15: 0.38
... A28: Electricity | B28: Grid | D28: 2020 | E28: Non Dispatchable | F28: Hydro Upgrade Non Dispatchable Class 5 | G28: Hydro | H28: ELCHYDGRDHUPNDC520 | I28: 1 | J28: 0 | K28: 100 | L28: 31.536 | M28: 14006.801 | N28: 14006.801 | O28: 11382.292 | P28: 8758.9149 | Q28: 8408.3774 | R28: 8408.3774 | S28: 8408.3774 | T28: 8408.3774 | U28: 196.75332 | V28: 196.75332 | W28: 196.75332 | X28: 196.75332 | Y28: 188.83795 | Z28: 188.83795 | AA28: 188.83795 | AB28: 188.83795 | AS28: 0.38 | AT28: 0.38 | AU28: 0.38 | AV28: 0.38 | AW28: 0.38 | AX28: 0.38 | AY28: 0.38 | AZ28: 0.38
A29: Electricity | B29: Grid | D29: 2020 | E29: Storage | F29: Pumped Hydro 12h Class 1 | G29: Storage | H29: ELCSTGGRDPSH12HC120 | I29: 1 | J29: 0 | K29: 100 | L29: 31.536 | M29: 2385.0938 | N29: 2385.0938 | O29: 2385.0938 | P29: 2385.0938 | Q29: 2385.0938 | R29: 2385.0938 | S29: 2385.0938 | T29: 2385.0938 | U29: 21.100097 | V29: 21.100097 | W29: 21.100097 | X29: 21.100097 | Y29: 21.100097 | Z29: 21.100097 | AA29: 21.100097 | AB29: 21.100097 | AC29: 0.16961493 | AD29: 0.16961493 | AE29: 0.16961493 | AF29: 0.16961493 | AG29: 0.16961493 | AH29: 0.16961493 | AI29: 0.16961493 | AJ29: 0.16961493 | AS29: 0.5 | AT29: 0.5 | AU29: 0.5 | AV29: 0.5 | AW29: 0.5 | AX29: 0.5 | AY29: 0.5 | AZ29: 0.5
A30: Electricity | B30: Grid | D30: 2020 | E30: Storage | F30: Pumped Hydro 12h Class 2 | G30: Storage | H30: ELCSTGGRDPSH12HC220 | I30: 1 | J30: 0 | K30: 100 | L30: 31.536 | M30: 2703.9531 | N30: 2703.9531 | O30: 2703.9531 | P30: 2703.9531 | Q30: 2703.9531 | R30: 2703.9531 | S30: 2703.9531 | T30: 2703.9531 | U30: 21.100097 | V30: 21.100097 | W30: 21.100097 | X30: 21.100097 | Y30: 21.100097 | Z30: 21.100097 | AA30: 21.100097 | AB30: 21.100097 | AC30: 0.16961493 | AD30: 0.16961493 | AE30: 0.16961493 | AF30: 0.16961493 | AG30: 0.16961493 | AH30: 0.16961493 | AI30: 0.16961493 | AJ30: 0.16961493 | AS30: 0.5 | AT30: 0.5 | AU30: 0.5 | AV30: 0.5 | AW30: 0.5 | AX30: 0.5 | AY30: 0.5 | AZ30: 0.5
A31: Electricity | B31: Grid | D31: 2020 | E31: Storage | F31: Pumped Hydro 12h Class 3 | G31: Storage | H31: ELCSTGGRDPSH12HC320 | I31: 1 | J31: 0 | K31: 100 | L31: 31.536 | M31: 2902.3052 | N31: 2902.3052 | O31: 2902.3052 | P31: 2902.3052 | Q31: 2902.3052 | R31: 2902.3052 | S31: 2902.3052 | T31: 2902.3052 | U31: 21.100097 | V31: 21.100097 | W31: 21.100097 | X31: 21.100097 | Y31: 21.100097 | Z31: 21.100097 | AA31: 21.100097 | AB31: 21.100097 | AC31: 0.16961493 | AD31: 0.16961493 | AE31: 0.16961493 | AF31: 0.16961493 | AG31: 0.16961493 | AH31: 0.16961493 | AI31: 0.16961493 | AJ31: 0.16961493 | AS31: 0.5 | AT31: 0.5 | AU31: 0.5 | AV31: 0.5 | AW31: 0.5 | AX31: 0.5 | AY31: 0.5 | AZ31: 0.5
A32: Electricity | B32: Grid | D32: 2020 | E32: Storage | F32: Pumped Hydro 12h Class 4 | G32: Storage | H32: ELCSTGGRDPSH12HC420 | I32: 1 | J32: 0 | K32: 100 | L32: 31.536 | M32: 3059.5593 | N32: 3059.5593 | O32: 3059.5593 | P32: 3059.5593 | Q32: 3059.5593 | R32: 3059.5593 | S32: 3059.5593 | T32: 3059.5593 | U32: 21.100097 | V32: 21.100097 | W32: 21.100097 | X32: 21.100097 | Y32: 21.100097 | Z32: 21.100097 | AA32: 21.100097 | AB32: 21.100097 | AC32: 0.16961493 | AD32: 0.16961493 | AE32: 0.16961493 | AF32: 0.16961493 | AG32: 0.16961493 | AH32: 0.16961493 | AI32: 0.16961493 | AJ32: 0.16961493 | AS32: 0.5 | AT32: 0.5 | AU32: 0.5 | AV32: 0.5 | AW32: 0.5 | AX32: 0.5 | AY32: 0.5 | AZ32: 0.5
A33: Electricity | B33: Grid | D33: 2020 | E33: Storage | F33: Pumped Hydro 12h Class 5 | G33: Storage | H33: ELCSTGGRDPSH12HC520 | I33: 1 | J33: 0 | K33: 100 | L33: 31.536 | M33: 3198.7824 | N33: 3198.7824 | O33: 3198.7824 | P33: 3198.7824 | Q33: 3198.7824 | R33: 3198.7824 | S33: 3198.7824 | T33: 3198.7824 | U33: 21.100097 | V33: 21.100097 | W33: 21.100097 | X33: 21.100097 | Y33: 21.100097 | Z33: 21.100097 | AA33: 21.100097 | AB33: 21.100097 | AC33: 0.16961493 | AD33: 0.16961493 | AE33: 0.16961493 | AF33: 0.16961493 | AG33: 0.16961493 | AH33: 0.16961493 | AI33: 0.16961493 | AJ33: 0.16961493 | AS33: 0.5 | AT33: 0.5 | AU33: 0.5 | AV33: 0.5 | AW33: 0.5 | AX33: 0.5 | AY33: 0.5 | AZ33: 0.5
A34: Electricity | B34: Grid | D34: 2020 | E34: Storage | F34: Pumped Hydro 12h Class 6 | G34: Storage | H34: ELCSTGGRDPSH12HC620 | I34: 1 | J34: 0 | K34: 100 | L34: 31.536 | M34: 3332.5121 | N34: 3332.5121 | O34: 3332.5121 | P34: 3332.5121 | Q34: 3332.5121 | R34: 3332.5121 | S34: 3332.5121 | T34: 3332.5121 | U34: 21.100097 | V34: 21.100097 | W34: 21.100097 | X34: 21.100097 | Y34: 21.100097 | Z34: 21.100097 | AA34: 21.100097 | AB34: 21.100097 | AC34: 0.16961493 | AD34: 0.16961493 | AE34: 0.16961493 | AF34: 0.16961493 | AG34: 0.16961493 | AH34: 0.16961493 | AI34: 0.16961493 | AJ34: 0.16961493 | AS34: 0.5 | AT34: 0.5 | AU34: 0.5 | AV34: 0.5 | AW34: 0.5 | AX34: 0.5 | AY34: 0.5 | AZ34: 0.5
A35: Electricity | B35: Grid | D35: 2020 | E35: Storage | F35: Pumped Hydro 12h Class 7 | G35: Storage | H35: ELCSTGGRDPSH12HC720 | I35: 1 | J35: 0 | K35: 100 | L35: 31.536 | M35: 3454.6144 | N35: 3454.6144 | O35: 3454.6144 | P35: 3454.6144 | Q35: 3454.6144 | R35: 3454.6144 | S35: 3454.6144 | T35: 3454.6144 | U35: 21.100097 | V35: 21.100097 | W35: 21.100097 | X35: 21.100097 | Y35: 21.100097 | Z35: 21.100097 | AA35: 21.100097 | AB35: 21.100097 | AC35: 0.16961493 | AD35: 0.16961493 | AE35: 0.16961493 | AF35: 0.16961493 | AG35: 0.16961493 | AH35: 0.16961493 | AI35: 0.16961493 | AJ35: 0.16961493 | AS35: 0.5 | AT35: 0.5 | AU35: 0.5 | AV35: 0.5 | AW35: 0.5 | AX35: 0.5 | AY35: 0.5 | AZ35: 0.5
A36: Electricity | B36: Grid | D36: 2020 | E36: Storage | F36: Pumped Hydro 12h Class 8 | G36: Storage | H36: ELCSTGGRDPSH12HC820 | I36: 1 | J36: 0 | K36: 100 | L36: 31.536 | M36: 3580.1996 | N36: 3580.1996 | O36: 3580.1996 | P36: 3580.1996 | Q36: 3580.1996 | R36: 3580.1996 | S36: 3580.1996 | T36: 3580.1996 | U36: 21.100097 | V36: 21.100097 | W36: 21.100097 | X36: 21.100097 | Y36: 21.100097 | Z36: 21.100097 | AA36: 21.100097 | AB36: 21.100097 | AC36: 0.16961493 | AD36: 0.16961493 | AE36: 0.16961493 | AF36: 0.16961493 | AG36: 0.16961493 | AH36: 0.16961493 | AI36: 0.16961493 | AJ36: 0.16961493 | AS36: 0.5 | AT36: 0.5 | AU36: 0.5 | AV36: 0.5 | AW36: 0.5 | AX36: 0.5 | AY36: 0.5 | AZ36: 0.5
A37: Electricity | B37: Grid | D37: 2020 | E37: Storage | F37: Pumped Hydro 12h Class 9 | G37: Storage | H37: ELCSTGGRDPSH12HC920 | I37: 1 | J37: 0 | K37: 100 | L37: 31.536 | M37: 3708.5882 | N37: 3708.5882 | O37: 3708.5882 | P37: 3708.5882 | Q37: 3708.5882 | R37: 3708.5882 | S37: 3708.5882 | T37: 3708.5882 | U37: 21.100097 | V37: 21.100097 | W37: 21.100097 | X37: 21.100097 | Y37: 21.100097 | Z37: 21.100097 | AA37: 21.100097 | AB37: 21.100097 | AC37: 0.16961493 | AD37: 0.16961493 | AE37: 0.16961493 | AF37: 0.16961493 | AG37: 0.16961493 | AH37: 0.16961493 | AI37: 0.16961493 | AJ37: 0.16961493 | AS37: 0.5 | AT37: 0.5 | AU37: 0.5 | AV37: 0.5 | AW37: 0.5 | AX37: 0.5 | AY37: 0.5 | AZ37: 0.5
A38: Electricity | B38: Grid | D38: 2020 | E38: Storage | F38: Pumped Hydro 12h Class 10 | G38: Storage | H38: ELCSTGGRDPSH12HC1020 | I38: 1 | J38: 0 | K38: 100 | L38: 31.536 | M38: 3847.159 | N38: 3847.159 | O38: 3847.159 | P38: 3847.159 | Q38: 3847.159 | R38: 3847.159 | S38: 3847.159 | T38: 3847.159 | U38: 21.100097 | V38: 21.100097 | W38: 21.100097 | X38: 21.100097 | Y38: 21.100097 | Z38: 21.100097 | AA38: 21.100097 | AB38: 21.100097 | AC38: 0.16961493 | AD38: 0.16961493 | AE38: 0.16961493 | AF38: 0.16961493 | AG38: 0.16961493 | AH38: 0.16961493 | AI38: 0.16961493 | AJ38: 0.16961493 | AS38: 0.5 | AT38: 0.5 | AU38: 0.5 | AV38: 0.5 | AW38: 0.5 | AX38: 0.5 | AY38: 0.5 | AZ38: 0.5
A39: Electricity | B39: Grid | D39: 2020 | E39: Storage | F39: Pumped Hydro 12h Class 11 | G39: Storage | H39: ELCSTGGRDPSH12HC1120 | I39: 1 | J39: 0 | K39: 100 | L39: 31.536 | M39: 3989.3388 | N39: 3989.3388 | O39: 3989.3388 | P39: 3989.3388 | Q39: 3989.3388 | R39: 3989.3388 | S39: 3989.3388 | T39: 3989.3388 | U39: 21.100097 | V39: 21.100097 | W39: 21.100097 | X39: 21.100097 | Y39: 21.100097 | Z39: 21.100097 | AA39: 21.100097 | AB39: 21.100097 | AC39: 0.16961493 | AD39: 0.16961493 | AE39: 0.16961493 | AF39: 0.16961493 | AG39: 0.16961493 | AH39: 0.16961493 | AI39: 0.16961493 | AJ39: 0.16961493 | AS39: 0.5 | AT39: 0.5 | AU39: 0.5 | AV39: 0.5 | AW39: 0.5 | AX39: 0.5 | AY39: 0.5 | AZ39: 0.5
A40: Electricity | B40: Grid | D40: 2020 | E40: Storage | F40: Pumped Hydro 12h Class 12 | G40: Storage | H40: ELCSTGGRDPSH12HC1220 | I40: 1 | J40: 0 | K40: 100 | L40: 31.536 | M40: 4141.3324 | N40: 4141.3324 | O40: 4141.3324 | P40: 4141.3324 | Q40: 4141.3324 | R40: 4141.3324 | S40: 4141.3324 | T40: 4141.3324 | U40: 21.100097 | V40: 21.100097 | W40: 21.100097 | X40: 21.100097 | Y40: 21.100097 | Z40: 21.100097 | AA40: 21.100097 | AB40: 21.100097 | AC40: 0.16961493 | AD40: 0.16961493 | AE40: 0.16961493 | AF40: 0.16961493 | AG40: 0.16961493 | AH40: 0.16961493 | AI40: 0.16961493 | AJ40: 0.16961493 | AS40: 0.5 | AT40: 0.5 | AU40: 0.5 | AV40: 0.5 | AW40: 0.5 | AX40: 0.5 | AY40: 0.5 | AZ40: 0.5
... A76: Electricity | B76: Grid | D76: 2020 | E76: Partly Dispatchable | F76: Concentrated Solar Class 3 | G76: Solar | H76: ELCSOLGRDCSPC320 | I76: 1 | J76: 0 | K76: 30 | L76: 31.536 | M76: 7714.0905 | N76: 6685.5451 | O76: 5399.8634 | P76: 5207.0111 | Q76: 5014.1588 | R76: 4821.3066 | S76: 4628.4543 | T76: 4628.4543 | U76: 78.138205 | V76: 69.456182 | W76: 58.603654 | X76: 58.603654 | Y76: 58.603654 | Z76: 58.603654 | AA76: 58.603654 | AB76: 58.603654 | AC76: 1.1510258 | AD76: 1.058261 | AE76: 0.94230516 | AF76: 0.94230516 | AG76: 0.94230516 | AH76: 0.94230516 | AI76: 0.94230516 | AJ76: 0.94230516 | AS76: 0.514 | AT76: 0.514 | AU76: 0.514 | AV76: 0.514 | AW76: 0.514 | AX76: 0.514 | AY76: 0.514 | AZ76: 0.514
A77: Electricity | B77: Grid | D77: 2020 | E77: Non Dispatchable | F77: Onshore Wind Turbine Class 1 | G77: Wind | H77: ELCWNDGRDWONC120 | I77: 1 | J77: 0 | K77: 30 | L77: 31.536 | M77: 1451.7715 | N77: 1350.9393 | O77: 1224.8989 | P77: 1164.5945 | Q77: 1104.2901 | R77: 1043.9857 | S77: 983.68133 | T77: 983.68133 | U77: 34.262216 | V77: 32.603758 | W77: 30.530687 | X77: 29.484728 | Y77: 28.43877 | Z77: 27.392811 | AA77: 26.346852 | AB77: 26.346852 | AS77: 0.49815 | AT77: 0.51345667 | AU77: 0.53259 | AV77: 0.5347425 | AW77: 0.536895 | AX77: 0.5390475 | AY77: 0.5412 | AZ77: 0.5412
A78: Electricity | B78: Grid | D78: 2020 | E78: Non Dispatchable | F78: Onshore Wind Turbine Class 2 | G78: Wind | H78: ELCWNDGRDWONC220 | I78: 1 | J78: 0 | K78: 30 | L78: 31.536 | M78: 1451.7715 | N78: 1350.9393 | O78: 1224.8989 | P78: 1164.5945 | Q78: 1104.2901 | R78: 1043.9857 | S78: 983.68133 | T78: 983.68133 | U78: 34.262216 | V78: 32.603758 | W78: 30.530687 | X78: 29.484728 | Y78: 28.43877 | Z78: 27.392811 | AA78: 26.346852 | AB78: 26.346852 | AS78: 0.46737 | AT78: 0.48173089 | AU78: 0.499682 | AV78: 0.5017015 | AW78: 0.503721 | AX78: 0.5057405 | AY78: 0.50776 | AZ78: 0.50776
A79: Electricity | B79: Grid | D79: 2020 | E79: Non Dispatchable | F79: Onshore Wind Turbine Class 3 | G79: Wind | H79: ELCWNDGRDWONC320 | I79: 1 | J79: 0 | K79: 30 | L79: 31.536 | M79: 1451.7715 | N79: 1350.9393 | O79: 1224.8989 | P79: 1164.5945 | Q79: 1104.2901 | R79: 1043.9857 | S79: 983.68133 | T79: 983.68133 | U79: 34.262216 | V79: 32.603758 | W79: 30.530687 | X79: 29.484728 | Y79: 28.43877 | Z79: 27.392811 | AA79: 26.346852 | AB79: 26.346852 | AS79: 0.45684 | AT79: 0.47087733 | AU79: 0.488424 | AV79: 0.490398 | AW79: 0.492372 | AX79: 0.494346 | AY79: 0.49632 | AZ79: 0.49632
A80: Electricity | B80: Grid | D80: 2020 | E80: Non Dispatchable | F80: Onshore Wind Turbine Class 4 | G80: Wind | H80: ELCWNDGRDWONC420 | I80: 1 | J80: 0 | K80: 30 | L80: 31.536 | M80: 1451.7715 | N80: 1350.9393 | O80: 1224.8989 | P80: 1164.5945 | Q80: 1104.2901 | R80: 1043.9857 | S80: 983.68133 | T80: 983.68133 | U80: 34.262216 | V80: 32.603758 | W80: 30.530687 | X80: 29.484728 | Y80: 28.43877 | Z80: 27.392811 | AA80: 26.346852 | AB80: 26.346852 | AS80: 0.44469 | AT80: 0.458354 | AU80: 0.475434 | AV80: 0.4773555 | AW80: 0.479277 | AX80: 0.4811985 | AY80: 0.48312 | AZ80: 0.48312
A81: Electricity | B81: Grid | D81: 2020 | E81: Non Dispatchable | F81: Onshore Wind Turbine Class 5 | G81: Wind | H81: ELCWNDGRDWONC520 | I81: 1 | J81: 0 | K81: 30 | L81: 31.536 | M81: 1451.7715 | N81: 1350.9393 | O81: 1224.8989 | P81: 1164.5945 | Q81: 1104.2901 | R81: 1043.9857 | S81: 983.68133 | T81: 983.68133 | U81: 34.262216 | V81: 32.603758 | W81: 30.530687 | X81: 29.484728 | Y81: 28.43877 | Z81: 27.392811 | AA81: 26.346852 | AB81: 26.346852 | AS81: 0.43011 | AT81: 0.443326 | AU81: 0.459846 | AV81: 0.4617045 | AW81: 0.463563 | AX81: 0.4654215 | AY81: 0.46728 | AZ81: 0.46728
A82: Electricity | B82: Grid | D82: 2020 | E82: Non Dispatchable | F82: Onshore Wind Turbine Class 6 | G82: Wind | H82: ELCWNDGRDWONC620 | I82: 1 | J82: 0 | K82: 30 | L82: 31.536 | M82: 1451.7715 | N82: 1350.9393 | O82: 1224.8989 | P82: 1164.5945 | Q82: 1104.2901 | R82: 1043.9857 | S82: 983.68133 | T82: 983.68133 | U82: 34.262216 | V82: 32.603758 | W82: 30.530687 | X82: 29.484728 | Y82: 28.43877 | Z82: 27.392811 | AA82: 26.346852 | AB82: 26.346852 | AS82: 0.40743 | AT82: 0.41994911 | AU82: 0.435598 | AV82: 0.4373585 | AW82: 0.439119 | AX82: 0.4408795 | AY82: 0.44264 | AZ82: 0.44264
A83: Electricity | B83: Grid | D83: 2020 | E83: Non Dispatchable | F83: Onshore Wind Turbine Class 7 | G83: Wind | H83: ELCWNDGRDWONC720 | I83: 1 | J83: 0 | K83: 30 | L83: 31.536 | M83: 1451.7715 | N83: 1350.9393 | O83: 1224.8989 | P83: 1164.5945 | Q83: 1104.2901 | R83: 1043.9857 | S83: 983.68133 | T83: 983.68133 | U83: 34.262216 | V83: 32.603758 | W83: 30.530687 | X83: 29.484728 | Y83: 28.43877 | Z83: 27.392811 | AA83: 26.346852 | AB83: 26.346852 | AS83: 0.37584 | AT83: 0.38738844 | AU83: 0.401824 | AV83: 0.403448 | AW83: 0.405072 | AX83: 0.406696 | AY83: 0.40832 | AZ83: 0.40832
A84: Electricity | B84: Grid | D84: 2020 | E84: Non Dispatchable | F84: Onshore Wind Turbine Class 8 | G84: Wind | H84: ELCWNDGRDWONC820 | I84: 1 | J84: 0 | K84: 30 | L84: 31.536 | M84: 1585.9778 | N84: 1451.0614 | O84: 1282.4159 | P84: 1219.7005 | Q84: 1156.985 | R84: 1094.2695 | S84: 1031.5541 | T84: 1031.5541 | U84: 32.226836 | V84: 30.266842 | W84: 27.816848 | X84: 26.883966 | Y84: 25.951084 | Z84: 25.018202 | AA84: 24.08532 | AB84: 24.08532 | AS84: 0.33939 | AT84: 0.34981844 | AU84: 0.362854 | AV84: 0.3643205 | AW84: 0.365787 | AX84: 0.3672535 | AY84: 0.36872 | AZ84: 0.36872
A85: Electricity | B85: Grid | D85: 2020 | E85: Non Dispatchable | F85: Onshore Wind Turbine Class 9 | G85: Wind | H85: ELCWNDGRDWONC920 | I85: 1 | J85: 0 | K85: 30 | L85: 31.536 | M85: 1508.2234 | N85: 1435.7946 | O85: 1345.2586 | P85: 1281.5798 | Q85: 1217.9009 | R85: 1154.2221 | S85: 1090.5433 | T85: 1090.5433 | U85: 43.421422 | V85: 41.762965 | W85: 39.689893 | X85: 38.13509 | Y85: 36.580286 | Z85: 35.025483 | AA85: 33.470679 | AB85: 33.470679 | AS85: 0.32805 | AT85: 0.33813 | AU85: 0.35073 | AV85: 0.3521475 | AW85: 0.353565 | AX85: 0.3549825 | AY85: 0.3564 | AZ85: 0.3564
A86: Electricity | B86: Grid | D86: 2020 | E86: Non Dispatchable | F86: Onshore Wind Turbine Class 10 | G86: Wind | H86: ELCWNDGRDWONC1020 | I86: 1 | J86: 0 | K86: 30 | L86: 31.536 | M86: 2088.719 | N86: 1887.5278 | O86: 1636.0389 | P86: 1557.4874 | Q86: 1478.9358 | R86: 1400.3842 | S86: 1321.8326 | T86: 1321.8326 | U86: 34.262216 | V86: 32.603758 | W86: 30.530687 | X86: 29.484728 | Y86: 28.43877 | Z86: 27.392811 | AA86: 26.346852 | AB86: 26.346852 | AS86: 0.25839 | AT86: 0.26632956 | AU86: 0.276254 | AV86: 0.2773705 | AW86: 0.278487 | AX86: 0.2796035 | AY86: 0.28072 | AZ86: 0.28072
A87: Electricity | B87: Grid | D87: 2020 | E87: Non Dispatchable | F87: Offshore Wind Turbine Class 1 | G87: Wind | H87: ELCWNDGRDWOFC120 | I87: 1 | J87: 0 | K87: 30 | L87: 31.536 | M87: 2535.3823 | N87: 2211.51 | O87: 2032.8204 | P87: 1922.3603 | Q87: 1842.1939 | R87: 1779.232 | S87: 1727.3792 | T87: 1727.3792 | U87: 121.32756 | V87: 107.77056 | W87: 98.274699 | X87: 91.909887 | Y87: 87.11563 | Z87: 83.268249 | AA87: 80.054708 | AB87: 80.054708 | AS87: 0.46351979 | AT87: 0.48634191 | AU87: 0.50892216 | AV87: 0.51900298 | AW87: 0.52783008 | AX87: 0.53590133 | AY87: 0.54346659 | AZ87: 0.54346659
A88: Electricity | B88: Grid | D88: 2020 | E88: Non Dispatchable | F88: Offshore Wind Turbine Class 2 | G88: Wind | H88: ELCWNDGRDWOFC220 | I88: 1 | J88: 0 | K88: 30 | L88: 31.536 | M88: 2543.1481 | N88: 2218.2839 | O88: 2039.0469 | P88: 1928.2485 | Q88: 1847.8366 | R88: 1784.6818 | S88: 1732.6702 | T88: 1732.6702 | U88: 123.93596 | V88: 110.0875 | W88: 100.38749 | X88: 93.88584 | Y88: 88.988513 | Z88: 85.058417 | AA88: 81.775789 | AB88: 81.775789 | AS88: 0.45177936 | AT88: 0.47432558 | AU88: 0.49671258 | AV88: 0.50666387 | AW88: 0.51539341 | AX88: 0.52338635 | AY88: 0.53088622 | AZ88: 0.53088622
... A111: Electricity | B111: Grid | D111: 2020 | E111: Baseload | F111: Near Field EGS Flash | G111: Geothermal | H111: ELCGEOGRDNEGSF20 | I111: 1 | J111: 0 | K111: 30 | L111: 31.536 | M111: 10912.239 | N111: 8830.3734 | O111: 7281.7718 | P111: 6496.0134 | Q111: 6335.229 | R111: 6178.4242 | S111: 6025.5005 | T111: 6025.5005 | U111: 229.03185 | V111: 208.81873 | W111: 183.55234 | X111: 158.28595 | Y111: 158.28595 | Z111: 158.28595 | AA111: 158.28595 | AB111: 158.28595 | AS111: 0.9 | AT111: 0.9 | AU111: 0.9 | AV111: 0.9 | AW111: 0.9 | AX111: 0.9 | AY111: 0.9 | AZ111: 0.9
A112: Electricity | B112: Grid | D112: 2020 | E112: Baseload | F112: Nuclear Power Plant | G112: Uranium | H112: ELCURNGRDNUCPP20 | I112: 1 | K112: 60 | L112: 31.536 | M112: 8444.1993 | N112: 7250.8324 | O112: 6914.1113 | P112: 6684.4877 | Q112: 6448.5118 | R112: 6226.9914 | S112: 5964.6352 | T112: 5964.6352 | U112: 172.01215 | V112: 172.01215 | W112: 172.01215 | X112: 172.01215 | Y112: 172.01215 | Z112: 172.01215 | AA112: 172.01215 | AB112: 172.01215 | AC112: 0.77583125 | AD112: 0.77583125 | AE112: 0.77583125 | AF112: 0.77583125 | AG112: 0.77583125 | AH112: 0.77583125 | AI112: 0.77583125 | AJ112: 0.77583125 | AK112: 0.3266145 | AL112: 0.3266145 | AM112: 0.3266145 | AN112: 0.3266145 | AO112: 0.3266145 | AP112: 0.3266145 | AQ112: 0.3266145 | AR112: 0.3266145 | AS112: 0.927 | AT112: 0.927 | AU112: 0.927 | AV112: 0.927 | AW112: 0.927 | AX112: 0.927 | AY112: 0.927 | AZ112: 0.927
A113: Electricity | B113: Grid | D113: 2020 | E113: Baseload | F113: Small Modular Reactor | G113: Uranium | H113: ELCURNGRDSMRPP20 | I113: 1 | K113: 45 | L113: 31.536 | M113: 9065.383 | N113: 7918.8504 | O113: 7552.3338 | P113: 7302.7832 | Q113: 7046.2922 | R113: 6805.5984 | S113: 6520.2689 | T113: 6520.2689 | U113: 134.33502 | V113: 134.33502 | W113: 134.33502 | X113: 134.33502 | Y113: 134.33502 | Z113: 134.33502 | AA113: 134.33502 | AB113: 134.33502 | AC113: 0.98313838 | AD113: 0.98313838 | AE113: 0.98313838 | AF113: 0.98313838 | AG113: 0.98313838 | AH113: 0.98313838 | AI113: 0.98313838 | AJ113: 0.98313838 | AK113: 0.3266145 | AL113: 0.3266145 | AM113: 0.3266145 | AN113: 0.3266145 | AO113: 0.3266145 | AP113: 0.3266145 | AQ113: 0.3266145 | AR113: 0.3266145 | AS113: 0.927 | AT113: 0.927 | AU113: 0.927 | AV113: 0.927 | AW113: 0.927 | AX113: 0.927 | AY113: 0.927 | AZ113: 0.927
A114: Electricity | B114: Grid | D114: 2020 | E114: Dispatchable | F114: Dedicated Biopower Plant | G114: Biomass | H114: ELCBIOGRDBIODPP20 | I114: 1 | K114: 15 | L114: 31.536 | M114: 5427.3483 | N114: 4740.3001 | O114: 4519.7512 | P114: 4369.112 | Q114: 4214.772 | R114: 4069.8801 | S114: 3897.253 | T114: 3897.253 | U114: 177.77906 | V114: 177.77906 | W114: 177.77906 | X114: 177.77906 | Y114: 177.77906 | Z114: 177.77906 | AA114: 177.77906 | AB114: 177.77906 | AC114: 1.5830727 | AD114: 1.5830727 | AE114: 1.5830727 | AF114: 1.5830727 | AG114: 1.5830727 | AH114: 1.5830727 | AI114: 1.5830727 | AJ114: 1.5830727 | AK114: 0.25275123 | AL114: 0.25275123 | AM114: 0.25275123 | AN114: 0.25275123 | AO114: 0.25275123 | AP114: 0.25275123 | AQ114: 0.25275123 | AR114: 0.25275123 | AS114: 0.635 | AT114: 0.635 | AU114: 0.635 | AV114: 0.635 | AW114: 0.635 | AX114: 0.635 | AY114: 0.635 | AZ114: 0.635
A115: Electricity | B115: Grid | D115: 2020 | E115: Storage | F115: Utility-Scale Battery Storage 10H | G115: Storage | H115: ELCSTGGRDUBES10H20 | I115: 1 | K115: 15 | L115: 31.536 | M115: 3979.7975 | N115: 3570.9589 | O115: 2904.7141 | P115: 2659.4797 | Q115: 2415.0338 | R115: 2171.5587 | S115: 1929.2968 | T115: 1929.2968 | U115: 99.494938 | V115: 89.273971 | W115: 72.617854 | X115: 66.486991 | Y115: 60.375846 | Z115: 54.288966 | AA115: 48.232419 | AB115: 48.232419 | AS115: 0.41666667 | AT115: 0.41666667 | AU115: 0.41666667 | AV115: 0.41666667 | AW115: 0.41666667 | AX115: 0.41666667 | AY115: 0.41666667 | AZ115: 0.41666667
A116: Electricity | B116: Grid | D116: 2020 | E116: Storage | F116: Utility-Scale Battery Storage 2H | G116: Storage | H116: ELCSTGGRDUBES2H20 | I116: 1 | K116: 15 | L116: 31.536 | M116: 1066.482 | N116: 974.98777 | O116: 846.78511 | P116: 788.57211 | Q116: 730.1218 | R116: 671.37944 | S116: 612.27201 | T116: 612.27201 | U116: 26.66205 | V116: 24.374694 | W116: 21.169628 | X116: 19.714303 | Y116: 18.253045 | Z116: 16.784486 | AA116: 15.3068 | AB116: 15.3068 | AS116: 0.083333333 | AT116: 0.083333333 | AU116: 0.083333333 | AV116: 0.083333333 | AW116: 0.083333333 | AX116: 0.083333333 | AY116: 0.083333333 | AZ116: 0.083333333
A117: Electricity | B117: Grid | D117: 2020 | E117: Storage | F117: Utility-Scale Battery Storage 4H | G117: Storage | H117: ELCSTGGRDUBES4H20 | I117: 1 | K117: 15 | L117: 31.536 | M117: 1794.8109 | N117: 1623.9805 | O117: 1361.2674 | P117: 1256.299 | Q117: 1151.3498 | R117: 1046.4242 | S117: 941.5282 | T117: 941.5282 | U117: 44.870272 | V117: 40.599513 | W117: 34.031684 | X117: 31.407475 | Y117: 28.783745 | Z117: 26.160606 | AA117: 23.538205 | AB117: 23.538205 | AS117: 0.16666667 | AT117: 0.16666667 | AU117: 0.16666667 | AV117: 0.16666667 | AW117: 0.16666667 | AX117: 0.16666667 | AY117: 0.16666667 | AZ117: 0.16666667
A118: Electricity | B118: Grid | D118: 2020 | E118: Storage | F118: Utility-Scale Battery Storage 6H | G118: Storage | H118: ELCSTGGRDUBES6H20 | I118: 1 | K118: 15 | L118: 31.536 | M118: 2523.1398 | N118: 2272.9733 | O118: 1875.7496 | P118: 1724.0259 | Q118: 1572.5778 | R118: 1421.469 | S118: 1270.7844 | T118: 1270.7844 | U118: 63.078494 | V118: 56.824333 | W118: 46.893741 | X118: 43.100647 | Y118: 39.314445 | Z118: 35.536726 | AA118: 31.76961 | AB118: 31.76961 | AS118: 0.25 | AT118: 0.25 | AU118: 0.25 | AV118: 0.25 | AW118: 0.25 | AX118: 0.25 | AY118: 0.25 | AZ118: 0.25
A119: Electricity | B119: Grid | D119: 2020 | E119: Storage | F119: Utility-Scale Battery Storage 8H | G119: Storage | H119: ELCSTGGRDUBES8H20 | I119: 1 | K119: 15 | L119: 31.536 | M119: 3251.4686 | N119: 2921.9661 | O119: 2390.2319 | P119: 2191.7528 | Q119: 1993.8058 | R119: 1796.5139 | S119: 1600.0406 | T119: 1600.0406 | U119: 81.286716 | V119: 73.049152 | W119: 59.755797 | X119: 54.793819 | Y119: 49.845146 | Z119: 44.912846 | AA119: 40.001015 | AB119: 40.001015 | AS119: 0.33333333 | AT119: 0.33333333 | AU119: 0.33333333 | AV119: 0.33333333 | AW119: 0.33333333 | AX119: 0.33333333 | AY119: 0.33333333 | AZ119: 0.33333333
A120: Electricity | B120: Grid | D120: 2020 | E120: Dispatchable | F120: Coal Power Plant w/ 95% CCS | G120: Coal | H120: ELCCOAGRD95CCS20 | I120: 1 | K120: 30 | L120: 31.536 | M120: 5365.9379 | N120: 5176.1953 | O120: 4859.8069 | P120: 4543.5316 | Q120: 4295.7808 | R120: 4048.0299 | S120: 3800.279 | T120: 3800.279 | U120: 138.06655 | V120: 135.23964 | W120: 127.88966 | X120: 120.65275 | Y120: 114.88584 | Z120: 109.11894 | AA120: 103.35203 | AB120: 103.35203 | AC120: 4.6141543 | AD120: 4.4885136 | AE120: 4.2780654 | AF120: 4.0707583 | AG120: 3.9985149 | AH120: 3.9231305 | AI120: 3.8508871 | AJ120: 3.8508871 | AK120: 0.31195298 | AL120: 0.31684851 | AM120: 0.32533769 | AN120: 0.33429427 | AO120: 0.33429427 | AP120: 0.33429427 | AQ120: 0.33429427 | AR120: 0.33429427 | AS120: 0.9 | AT120: 0.9 | AU120: 0.9 | AV120: 0.9 | AW120: 0.9 | AX120: 0.9 | AY120: 0.9 | AZ120: 0.9
A121: Electricity | B121: Grid | D121: 2020 | E121: Dispatchable | F121: Coal Power Plant w/ 99% CCS | G121: Coal | H121: ELCCOAGRD99CCS20 | I121: 1 | K121: 30 | L121: 31.536 | M121: 5490.096 | N121: 5291.7596 | O121: 4961.1236 | P121: 4630.4875 | Q121: 4377.9875 | R121: 4125.6004 | S121: 3873.1004 | T121: 3873.1004 | U121: 140.89347 | V121: 137.8404 | W121: 130.26427 | X121: 122.57505 | Y121: 116.69507 | Z121: 110.92816 | AA121: 105.04818 | AB121: 105.04818 | AC121: 4.7272309 | AD121: 4.5953082 | AE121: 4.3754369 | AF121: 4.1587068 | AG121: 4.0833224 | AH121: 4.0079379 | AI121: 3.9325535 | AJ121: 3.9325535 | AK121: 0.30695769 | AL121: 0.31195298 | AM121: 0.32059961 | AN121: 0.32973924 | AO121: 0.32973924 | AP121: 0.32973924 | AQ121: 0.32973924 | AR121: 0.32973924 | AS121: 0.9 | AT121: 0.9 | AU121: 0.9 | AV121: 0.9 | AW121: 0.9 | AX121: 0.9 | AY121: 0.9 | AZ121: 0.9
A122: Electricity | B122: Grid | D122: 2020 | E122: Dispatchable | F122: Coal Power Plant Conventional | G122: Coal | H122: ELCCOAGRDCONV20 | I122: 1 | K122: 30 | L122: 31.536 | M122: 3230.2598 | N122: 3177.453 | O122: 3089.5925 | P122: 3001.6188 | Q122: 2857.6723 | R122: 2713.8389 | S122: 2569.8923 | T122: 2569.8923 | U122: 87.747456 | V122: 86.842843 | W122: 84.920541 | X122: 82.885162 | Y122: 79.492863 | Z122: 76.213641 | AA122: 72.821343 | AB122: 72.821343 | AC122: 2.6573005 | AD122: 2.6258904 | AE122: 2.5693521 | AF122: 2.5159548 | AG122: 2.4719805 | AH122: 2.4311473 | AI122: 2.3871731 | AJ122: 2.3871731 | AK122: 0.40190125 | AL122: 0.40529061 | AM122: 0.4111014 | AN122: 0.41703027 | AO122: 0.41703027 | AP122: 0.41703027 | AQ122: 0.41703027 | AR122: 0.41703027 | AS122: 0.9 | AT122: 0.9 | AU122: 0.9 | AV122: 0.9 | AW122: 0.9 | AX122: 0.9 | AY122: 0.9 | AZ122: 0.9
A123: Electricity | B123: Grid | D123: 2020 | E123: Dispatchable | F123: Coal Power Plant IGCC | G123: Coal | H123: ELCCOAGRDIGCC20 | I123: 1 | K123: 30 | L123: 31.536 | M123: 5656.5448 | N123: 5623.0741 | O123: 5567.3273 | P123: 5511.6936 | Q123: 5455.9469 | R123: 5400.3132 | S123: 5344.5664 | T123: 5344.5664 | U123: 169.72801 | V123: 169.16262 | W123: 167.69263 | X123: 166.10955 | Y123: 164.63956 | Z123: 163.05648 | AA123: 161.58649 | AB123: 161.58649 | AC123: 4.6392824 | AD123: 4.6172953 | AE123: 4.5827441 | AF123: 4.5481929 | AG123: 4.5105007 | AH123: 4.4759495 | AI123: 4.4413983 | AJ123: 4.4413983 | AK123: 0.41070554 | AL123: 0.41070554 | AM123: 0.41070554 | AN123: 0.41070554 | AO123: 0.41070554 | AP123: 0.41070554 | AQ123: 0.41070554 | AR123: 0.41070554 | AS123: 0.9 | AT123: 0.9 | AU123: 0.9 | AV123: 0.9 | AW123: 0.9 | AX123: 0.9 | AY123: 0.9 | AZ123: 0.9
A124: Electricity | B124: Grid | D124: 2020 | E124: Dispatchable | F124: Retrofit Coal Power Plant w/ 90% CCS | G124: Coal | H124: ELCCOAGRD90RCCS20 | I124: 1 | K124: 30 | L124: 31.536 | M124: 2270.1262 | N124: 2135.4519 | O124: 1910.7687 | P124: 1686.1985 | Q124: 1593.7019 | R124: 1501.0921 | S124: 1408.5954 | T124: 1408.5954 | U124: 162.37802 | V124: 158.75957 | W124: 152.65344 | X124: 146.43422 | Y124: 141.2327 | Z124: 135.9181 | AA124: 130.71657 | AB124: 130.71657 | AC124: 5.0287685 | AD124: 4.937679 | AE124: 4.7837692 | AF124: 4.6330004 | AG124: 4.567039 | AH124: 4.4979366 | AI124: 4.4319753 | AJ124: 4.4319753 | AK124: 0.29384616 | AL124: 0.29603866 | AM124: 0.29973135 | AN124: 0.30354431 | AO124: 0.30354431 | AP124: 0.30354431 | AQ124: 0.30354431 | AR124: 0.30354431 | AS124: 0.9 | AT124: 0.9 | AU124: 0.9 | AV124: 0.9 | AW124: 0.9 | AX124: 0.9 | AY124: 0.9 | AZ124: 0.9
A125: Electricity | B125: Grid | D125: 2020 | E125: Dispatchable | F125: Retrofit Coal Power Plant w/ 95% CCS | G125: Coal | H125: ELCCOAGRD95RCCS20 | I125: 1 | K125: 30 | L125: 31.536 | M125: 2372.3475 | N125: 2230.7755 | O125: 1994.6716 | P125: 1758.6807 | Q125: 1662.1132 | R125: 1565.6589 | S125: 1469.2045 | T125: 1469.2045 | U125: 166.33571 | V125: 162.4911 | W125: 155.93266 | X125: 149.48729 | Y125: 144.05961 | Z125: 138.74501 | AA125: 133.31733 | AB125: 133.31733 | AC125: 5.1449862 | AD125: 5.0507556 | AE125: 4.8905638 | AF125: 4.7303719 | AG125: 4.6612695 | AH125: 4.5921671 | AI125: 4.5230648 | AJ125: 4.5230648 | AK125: 0.28933619 | AL125: 0.29163604 | AM125: 0.29552587 | AN125: 0.29952086 | AO125: 0.29952086 | AP125: 0.29952086 | AQ125: 0.29952086 | AR125: 0.29952086 | AS125: 0.9 | AT125: 0.9 | AU125: 0.9 | AV125: 0.9 | AW125: 0.9 | AX125: 0.9 | AY125: 0.9 | AZ125: 0.9
A126: Electricity | B126: Grid | D126: 2020 | E126: Dispatchable | F126: F-Frame Combustion Turbine | G126: Natural gas | H126: ELCNGAGRDFFCT20 | I126: 1 | K126: 30 | L126: 31.536 | M126: 1133.7062 | N126: 1106.7939 | O126: 1062.0156 | P126: 1017.2373 | Q126: 972.34585 | R126: 927.56751 | S126: 882.78916 | T126: 882.78916 | U126: 27.138389 | V126: 26.686082 | W126: 25.894546 | X126: 25.216086 | Y126: 24.42455 | Z126: 23.633013 | AA126: 22.954554 | AB126: 22.954554 | AC126: 2.0228151 | AD126: 2.0228151 | AE126: 2.0228151 | AF126: 2.0228151 | AG126: 2.0228151 | AH126: 2.0228151 | AI126: 2.0228151 | AJ126: 2.0228151 | AK126: 0.35115176 | AL126: 0.35115176 | AM126: 0.35115176 | AN126: 0.35115176 | AO126: 0.35115176 | AP126: 0.35115176 | AQ126: 0.35115176 | AR126: 0.35115176 | AS126: 0.9 | AT126: 0.9 | AU126: 0.9 | AV126: 0.9 | AW126: 0.9 | AX126: 0.9 | AY126: 0.9 | AZ126: 0.9
A127: Electricity | B127: Grid | D127: 2020 | E127: Dispatchable | F127: F-Frame Combined Cycle | G127: Natural gas | H127: ELCNGAGRDFFCC20 | I127: 1 | K127: 30 | L127: 31.536 | M127: 1262.3874 | N127: 1229.7082 | O127: 1175.2053 | P127: 1120.7024 | Q127: 1074.5671 | R127: 1028.4318 | S127: 982.40967 | T127: 982.40967 | U127: 35.166828 | V127: 34.149139 | W127: 32.45299 | X127: 30.643764 | Y127: 29.512998 | Z127: 28.382231 | AA127: 27.251465 | AB127: 27.251465 | AC127: 0.61563937 | AD127: 0.59993428 | AE127: 0.57794716 | AF127: 0.55596004 | AG127: 0.54025496 | AH127: 0.52454987 | AI127: 0.50884479 | AJ127: 0.50884479 | AK127: 0.53624731 | AL127: 0.54023775 | AM127: 0.54699289 | AN127: 0.55400903 | AO127: 0.55400903 | AP127: 0.55400903 | AQ127: 0.55400903 | AR127: 0.55400903 | AS127: 0.9 | AT127: 0.9 | AU127: 0.9 | AV127: 0.9 | AW127: 0.9 | AX127: 0.9 | AY127: 0.9 | AZ127: 0.9
A128: Electricity | B128: Grid | D128: 2020 | E128: Dispatchable | F128: F-Frame Combined Cycle w/ 95% CCS | G128: Natural gas | H128: ELCNGAGRDFFCC95CCS20 | I128: 1 | K128: 30 | L128: 31.536 | M128: 2692.9197 | N128: 2538.7962 | O128: 2281.8862 | P128: 2024.9761 | Q128: 1909.2987 | R128: 1793.7344 | S128: 1678.1701 | T128: 1678.1701 | U128: 72.029806 | V128: 67.959048 | W128: 61.061374 | X128: 54.1637 | Y128: 51.336785 | Z128: 48.50987 | AA128: 45.682954 | AB128: 45.682954 | AC128: 1.454291 | AD128: 1.3883296 | AE128: 1.275253 | AF128: 1.1653174 | AG128: 1.1244842 | AH128: 1.0836509 | AI128: 1.0428177 | AJ128: 1.0428177 | AK128: 0.4725958 | AL128: 0.47829291 | AM128: 0.48814616 | AN128: 0.49834112 | AO128: 0.49834112 | AP128: 0.49834112 | AQ128: 0.49834112 | AR128: 0.49834112 | AS128: 0.9 | AT128: 0.9 | AU128: 0.9 | AV128: 0.9 | AW128: 0.9 | AX128: 0.9 | AY128: 0.9 | AZ128: 0.9
A129: Electricity | B129: Grid | D129: 2020 | E129: Dispatchable | F129: F-Frame Combined Cycle w/ 97% CCS | G129: Natural gas | H129: ELCNGAGRDFFCC97CCS20 | I129: 1 | K129: 30 | L129: 31.536 | M129: 2734.0796 | N129: 2576.3377 | O129: 2313.4345 | P129: 2050.5314 | Q129: 1933.4971 | R129: 1816.4628 | S129: 1699.3154 | T129: 1699.3154 | U129: 73.047496 | V129: 68.863661 | W129: 61.852911 | X129: 54.84216 | Y129: 52.015245 | Z129: 49.075253 | AA129: 46.248337 | AB129: 46.248337 | AC129: 1.4794191 | AD129: 1.4103167 | AE129: 1.2972401 | AF129: 1.1841635 | AG129: 1.1433303 | AH129: 1.102497 | AI129: 1.0616638 | AJ129: 1.0616638 | AK129: 0.46999196 | AL129: 0.47582508 | AM129: 0.48571411 | AN129: 0.49609503 | AO129: 0.49609503 | AP129: 0.49609503 | AQ129: 0.49609503 | AR129: 0.49609503 | AS129: 0.9 | AT129: 0.9 | AU129: 0.9 | AV129: 0.9 | AW129: 0.9 | AX129: 0.9 | AY129: 0.9 | AZ129: 0.9
A130: Electricity | B130: Grid | D130: 2020 | E130: Dispatchable | F130: Retrofit F-Frame Combined Cycle w/ 90% CCS | G130: Natural gas | H130: ELCNGAGRDFFCC90RCCS20 | I130: 1 | K130: 30 | L130: 31.536 | M130: 1410.6308 | N130: 1322.9964 | O130: 1176.9014 | P130: 1030.8065 | Q130: 971.78046 | R130: 912.86754 | S130: 853.84155 | T130: 853.84155 | U130: 72.934419 | V130: 70.446734 | W130: 66.262899 | X130: 62.19214 | Y130: 59.252148 | Z130: 56.312156 | AA130: 53.372164 | AB130: 53.372164 | AC130: 1.454291 | AD130: 1.4103167 | AE130: 1.3380733 | AF130: 1.2689709 | AG130: 1.2249967 | AH130: 1.1841635 | AI130: 1.1401892 | AJ130: 1.1401892 | AK130: 0.47272674 | AL130: 0.47456768 | AM130: 0.47769028 | AN130: 0.48078648 | AO130: 0.48078648 | AP130: 0.48078648 | AQ130: 0.48078648 | AR130: 0.48078648 | AS130: 0.9 | AT130: 0.9 | AU130: 0.9 | AV130: 0.9 | AW130: 0.9 | AX130: 0.9 | AY130: 0.9 | AZ130: 0.9
A131: Electricity | B131: Grid | D131: 2020 | E131: Dispatchable | F131: Retrofit F-Frame Combined Cycle w/ 95% CCS | G131: Natural gas | H131: ELCNGAGRDFFCC95RCCS20 | I131: 1 | K131: 30 | L131: 31.536 | M131: 1473.2753 | N131: 1381.2309 | O131: 1227.899 | P131: 1074.454 | Q131: 1012.9404 | R131: 951.53975 | S131: 890.02607 | T131: 890.02607 | U131: 74.630568 | V131: 72.029806 | W131: 67.732895 | X131: 63.435983 | Y131: 60.382915 | Z131: 57.329846 | AA131: 54.389854 | AB131: 54.389854 | AC131: 1.4919832 | AD131: 1.4480089 | AE131: 1.3726245 | AF131: 1.2972401 | AG131: 1.2564069 | AH131: 1.2124326 | AI131: 1.1684584 | AJ131: 1.1684584 | AK131: 0.46934548 | AL131: 0.4712252 | AM131: 0.47450169 | AN131: 0.47782406 | AO131: 0.47782406 | AP131: 0.47782406 | AQ131: 0.47782406 | AR131: 0.47782406 | AS131: 0.9 | AT131: 0.9 | AU131: 0.9 | AV131: 0.9 | AW131: 0.9 | AX131: 0.9 | AY131: 0.9 | AZ131: 0.9
... A136: Electricity | B136: Grid | D136: 2020 | E136: Dispatchable | F136: Retrofit H-Frame Combined Cycle w/ 95% CCS | G136: Natural gas | H136: ELCNGAGRDHFCC95RCCS20 | I136: 1 | K136: 30 | L136: 31.536 | M136: 1280.8189 | N136: 1200.8737 | O136: 1067.6694 | P136: 934.46518 | Q136: 880.97994 | R136: 827.4947 | S136: 774.00946 | T136: 774.00946 | U136: 69.315967 | V136: 67.054435 | W136: 63.20983 | X136: 59.365225 | Y136: 56.425233 | Z136: 53.598317 | AA136: 50.658325 | AB136: 50.658325 | AC136: 1.4165988 | AD136: 1.3757655 | AE136: 1.3098042 | AF136: 1.2407018 | AG136: 1.1998686 | AH136: 1.1590353 | AI136: 1.1182021 | AJ136: 1.1182021 | AK136: 0.48392308 | AL136: 0.48592162 | AM136: 0.48926608 | AN136: 0.49272803 | AO136: 0.49272803 | AP136: 0.49272803 | AQ136: 0.49272803 | AR136: 0.49272803 | AS136: 0.9 | AT136: 0.9 | AU136: 0.9 | AV136: 0.9 | AW136: 0.9 | AX136: 0.9 | AY136: 0.9 | AZ136: 0.9
A137: Electricity | B137: Decentralized | D137: 2020 | E137: Non Dispatchable | F137: Commercial DW - Class 10 | G137: Wind | H137: ELCWNDDCECDWC1020 | I137: 1 | J137: 233.39318 | K137: 30 | L137: 31.536 | M137: 4917.4185 | N137: 4821.6848 | O137: 2984.1898 | P137: 2539.1897 | Q137: 2093.98 | R137: 1896.0959 | S137: 1698.2119 | T137: 1698.2119 | U137: 41.271179 | V137: 40.608188 | W137: 39.77945 | X137: 39.157896 | Y137: 38.536342 | Z137: 37.914788 | AA137: 37.293234 | AB137: 37.293234 | AS137: 0.1269585 | AT137: 0.1691445 | AU137: 0.221877 | AV137: 0.221877 | AW137: 0.221877 | AX137: 0.221877 | AY137: 0.221877 | AZ137: 0.221877
A138: Electricity | B138: Decentralized | D138: 2020 | E138: Non Dispatchable | F138: Commercial DW - Class 1 | G138: Wind | H138: ELCWNDDCECDWC120 | I138: 1 | J138: 233.39318 | K138: 30 | L138: 31.536 | M138: 4917.4185 | N138: 4821.6848 | O138: 2984.1898 | P138: 2539.1897 | Q138: 2093.98 | R138: 1896.0959 | S138: 1698.2119 | T138: 1698.2119 | U138: 41.271179 | V138: 40.608188 | W138: 39.77945 | X138: 39.157896 | Y138: 38.536342 | Z138: 37.914788 | AA138: 37.293234 | AB138: 37.293234 | AS138: 0.4520577 | AT138: 0.5055645 | AU138: 0.572448 | AV138: 0.572448 | AW138: 0.572448 | AX138: 0.572448 | AY138: 0.572448 | AZ138: 0.572448
A139: Electricity | B139: Decentralized | D139: 2020 | E139: Non Dispatchable | F139: Commercial DW - Class 2 | G139: Wind | H139: ELCWNDDCECDWC220 | I139: 1 | J139: 233.39318 | K139: 30 | L139: 31.536 | M139: 4917.4185 | N139: 4821.6848 | O139: 2984.1898 | P139: 2539.1897 | Q139: 2093.98 | R139: 1896.0959 | S139: 1698.2119 | T139: 1698.2119 | U139: 41.271179 | V139: 40.608188 | W139: 39.77945 | X139: 39.157896 | Y139: 38.536342 | Z139: 37.914788 | AA139: 37.293234 | AB139: 37.293234 | AS139: 0.4120255 | AT139: 0.4677395 | AU139: 0.537382 | AV139: 0.537382 | AW139: 0.537382 | AX139: 0.537382 | AY139: 0.537382 | AZ139: 0.537382
A140: Electricity | B140: Decentralized | D140: 2020 | E140: Non Dispatchable | F140: Commercial DW - Class 3 | G140: Wind | H140: ELCWNDDCECDWC320 | I140: 1 | J140: 233.39318 | K140: 30 | L140: 31.536 | M140: 4917.4185 | N140: 4821.6848 | O140: 2984.1898 | P140: 2539.1897 | Q140: 2093.98 | R140: 1896.0959 | S140: 1698.2119 | T140: 1698.2119 | U140: 41.271179 | V140: 40.608188 | W140: 39.77945 | X140: 39.157896 | Y140: 38.536342 | Z140: 37.914788 | AA140: 37.293234 | AB140: 37.293234 | AS140: 0.3982038 | AT140: 0.454523 | AU140: 0.524922 | AV140: 0.524922 | AW140: 0.524922 | AX140: 0.524922 | AY140: 0.524922 | AZ140: 0.524922
A141: Electricity | B141: Decentralized | D141: 2020 | E141: Non Dispatchable | F141: Commercial DW - Class 4 | G141: Wind | H141: ELCWNDDCECDWC420 | I141: 1 | J141: 233.39318 | K141: 30 | L141: 31.536 | M141: 4917.4185 | N141: 4878.2231 | O141: 3372.0239 | P141: 2767.064 | Q141: 2154.1096 | R141: 1956.2255 | S141: 1758.3414 | T141: 1758.3414 | U141: 41.271179 | V141: 40.608188 | W141: 39.77945 | X141: 39.157896 | Y141: 38.536342 | Z141: 37.914788 | AA141: 37.293234 | AB141: 37.293234 | AS141: 0.3839193 | AT141: 0.4407725 | AU141: 0.511839 | AV141: 0.511839 | AW141: 0.511839 | AX141: 0.511839 | AY141: 0.511839 | AZ141: 0.511839
A142: Electricity | B142: Decentralized | D142: 2020 | E142: Non Dispatchable | F142: Commercial DW - Class 5 | G142: Wind | H142: ELCWNDDCECDWC520 | I142: 1 | J142: 233.39318 | K142: 30 | L142: 31.536 | M142: 4917.4185 | N142: 4821.6848 | O142: 2984.1898 | P142: 2539.1897 | Q142: 2093.98 | R142: 1896.0959 | S142: 1698.2119 | T142: 1698.2119 | U142: 41.271179 | V142: 40.608188 | W142: 39.77945 | X142: 39.157896 | Y142: 38.536342 | Z142: 37.914788 | AA142: 37.293234 | AB142: 37.293234 | AS142: 0.3663418 | AT142: 0.423729 | AU142: 0.495463 | AV142: 0.495463 | AW142: 0.495463 | AX142: 0.495463 | AY142: 0.495463 | AZ142: 0.495463
A143: Electricity | B143: Decentralized | D143: 2020 | E143: Non Dispatchable | F143: Commercial DW - Class 6 | G143: Wind | H143: ELCWNDDCECDWC620 | I143: 1 | J143: 233.39318 | K143: 30 | L143: 31.536 | M143: 4917.4185 | N143: 4821.6848 | O143: 2984.1898 | P143: 2539.1897 | Q143: 2093.98 | R143: 1896.0959 | S143: 1698.2119 | T143: 1698.2119 | U143: 41.271179 | V143: 40.608188 | W143: 39.77945 | X143: 39.157896 | Y143: 38.536342 | Z143: 37.914788 | AA143: 37.293234 | AB143: 37.293234 | AS143: 0.3402025 | AT143: 0.3980525 | AU143: 0.470365 | AV143: 0.470365 | AW143: 0.470365 | AX143: 0.470365 | AY143: 0.470365 | AZ143: 0.470365
A144: Electricity | B144: Decentralized | D144: 2020 | E144: Non Dispatchable | F144: Commercial DW - Class 7 | G144: Wind | H144: ELCWNDDCECDWC720 | I144: 1 | J144: 233.39318 | K144: 30 | L144: 31.536 | M144: 4917.4185 | N144: 4821.6848 | O144: 2984.1898 | P144: 2539.1897 | Q144: 2093.98 | R144: 1896.0959 | S144: 1698.2119 | T144: 1698.2119 | U144: 41.271179 | V144: 40.608188 | W144: 39.77945 | X144: 39.157896 | Y144: 38.536342 | Z144: 37.914788 | AA144: 37.293234 | AB144: 37.293234 | AS144: 0.3037036 | AT144: 0.361518 | AU144: 0.433786 | AV144: 0.433786 | AW144: 0.433786 | AX144: 0.433786 | AY144: 0.433786 | AZ144: 0.433786
A145: Electricity | B145: Decentralized | D145: 2020 | E145: Non Dispatchable | F145: Commercial DW - Class 8 | G145: Wind | H145: ELCWNDDCECDWC820 | I145: 1 | J145: 233.39318 | K145: 30 | L145: 31.536 | M145: 4917.4185 | N145: 4821.6848 | O145: 2984.1898 | P145: 2539.1897 | Q145: 2093.98 | R145: 1896.0959 | S145: 1698.2119 | T145: 1698.2119 | U145: 41.271179 | V145: 40.608188 | W145: 39.77945 | X145: 39.157896 | Y145: 38.536342 | Z145: 37.914788 | AA145: 37.293234 | AB145: 37.293234 | AS145: 0.2594083 | AT145: 0.3166175 | AU145: 0.388129 | AV145: 0.388129 | AW145: 0.388129 | AX145: 0.388129 | AY145: 0.388129 | AZ145: 0.388129
A146: Electricity | B146: Decentralized | D146: 2020 | E146: Non Dispatchable | F146: Commercial DW - Class 9 | G146: Wind | H146: ELCWNDDCECDWC920 | I146: 1 | J146: 233.39318 | K146: 30 | L146: 31.536 | M146: 4917.4185 | N146: 4821.6848 | O146: 2984.1898 | P146: 2539.1897 | Q146: 2093.98 | R146: 1896.0959 | S146: 1698.2119 | T146: 1698.2119 | U146: 41.271179 | V146: 40.608188 | W146: 39.77945 | X146: 39.157896 | Y146: 38.536342 | Z146: 37.914788 | AA146: 37.293234 | AB146: 37.293234 | AS146: 0.2115263 | AT146: 0.2651755 | AU146: 0.332237 | AV146: 0.332237 | AW146: 0.332237 | AX146: 0.332237 | AY146: 0.332237 | AZ146: 0.332237
A147: Electricity | B147: Decentralized | D147: 2020 | E147: Non Dispatchable | F147: Residential DW - Class 10 | G147: Wind | H147: ELCWNDDCERDWC1020 | I147: 1 | J147: 233.39318 | K147: 30 | L147: 31.536 | M147: 6549.0142 | N147: 6421.1426 | O147: 3968.0772 | P147: 3222.0032 | Q147: 2629.6923 | R147: 2226.8699 | S147: 1953.2584 | T147: 1953.2584 | U147: 41.271179 | V147: 40.608188 | W147: 39.77945 | X147: 39.157896 | Y147: 38.536342 | Z147: 37.914788 | AA147: 37.293234 | AB147: 37.293234 | AS147: 0.18580308 | AT147: 0.19076038 | AU147: 0.196957 | AV147: 0.196957 | AW147: 0.196957 | AX147: 0.196957 | AY147: 0.196957 | AZ147: 0.196957
A148: Electricity | B148: Decentralized | D148: 2020 | E148: Non Dispatchable | F148: Residential DW - Class 1 | G148: Wind | H148: ELCWNDDCERDWC120 | I148: 1 | J148: 233.39318 | K148: 30 | L148: 31.536 | M148: 6549.0142 | N148: 6421.1426 | O148: 3968.0772 | P148: 3222.0032 | Q148: 2629.6923 | R148: 2226.8699 | S148: 1953.2584 | T148: 1953.2584 | U148: 41.271179 | V148: 40.608188 | W148: 39.77945 | X148: 39.157896 | Y148: 38.536342 | Z148: 37.914788 | AA148: 37.293234 | AB148: 37.293234 | AS148: 0.3975897 | AT148: 0.4404165 | AU148: 0.49395 | AV148: 0.49395 | AW148: 0.49395 | AX148: 0.49395 | AY148: 0.49395 | AZ148: 0.49395
... A176: Electricity | B176: Decentralized | D176: 2020 | E176: Non Dispatchable | F176: Commercial PV - Class 9 | G176: Solar | H176: ELCSOLDCECDPV920 | I176: 1 | J176: 700.17955 | K176: 30 | L176: 31.536 | M176: 1912.2643 | N176: 1887.7034 | O176: 1569.6288 | P176: 1251.5542 | Q176: 1147.1546 | R176: 1042.7549 | S176: 938.35527 | T176: 938.35527 | U176: 20.242248 | V176: 19.891925 | W176: 17.127058 | X176: 14.362191 | Y176: 13.454696 | Z176: 12.5472 | AA176: 11.639705 | AB176: 11.639705 | AS176: 0.13298485 | AT176: 0.13567732 | AU176: 0.1390429 | AV176: 0.14240849 | AW176: 0.14476702 | AX176: 0.14712555 | AY176: 0.14948408 | AZ176: 0.14948408
A177: Electricity | B177: Decentralized | D177: 2020 | E177: Storage | F177: Residential Battery Storage - 5 kW - 12.5 kWh | G177: Storage | H177: ELCSTGDCERBES2.5H20 | I177: 1 | K177: 15 | L177: 31.536 | M177: 4162.5408 | N177: 3570.6787 | O177: 3116.0249 | P177: 2921.2733 | Q177: 2726.5218 | R177: 2531.7702 | S177: 2337.0187 | T177: 2337.0187 | U177: 104.06352 | V177: 89.266968 | W177: 77.900622 | X177: 73.031833 | Y177: 68.163044 | Z177: 63.294255 | AA177: 58.425466 | AB177: 58.425466 | AS177: 0.10416667 | AT177: 0.10416667 | AU177: 0.10416667 | AV177: 0.10416667 | AW177: 0.10416667 | AX177: 0.10416667 | AY177: 0.10416667 | AZ177: 0.10416667
A178: Electricity | B178: Decentralized | D178: 2020 | E178: Storage | F178: Residential Battery Storage - 5 kW - 20 kWh | G178: Storage | H178: ELCSTGDCERBES4H20 | I178: 1 | K178: 15 | L178: 31.536 | M178: 5380.281 | N178: 4339.0575 | O178: 3736.158 | P178: 3502.6481 | Q178: 3269.1382 | R178: 3035.6284 | S178: 2802.1185 | T178: 2802.1185 | U178: 134.50702 | V178: 108.47644 | W178: 93.40395 | X178: 87.566203 | Y178: 81.728456 | Z178: 75.890709 | AA178: 70.052962 | AB178: 70.052962 | AS178: 0.16666667 | AT178: 0.16666667 | AU178: 0.16666667 | AV178: 0.16666667 | AW178: 0.16666667 | AX178: 0.16666667 | AY178: 0.16666667 | AZ178: 0.16666667
A179: Electricity | B179: Decentralized | D179: 2020 | E179: Storage | F179: Commercial Battery Storage 1Hr | G179: Storage | H179: ELCSTGDCECBES1H20 | I179: 1 | K179: 15 | L179: 31.536 | M179: 1385.4371 | N179: 1492.1377 | O179: 1275.5618 | P179: 1195.8392 | Q179: 1116.1166 | R179: 1036.394 | S179: 956.67138 | T179: 956.67138 | U179: 34.635927 | V179: 37.303443 | W179: 31.889046 | X179: 29.895981 | Y179: 27.902915 | Z179: 25.90985 | AA179: 23.916785 | AB179: 23.916785 | AS179: 0.041666667 | AT179: 0.041666667 | AU179: 0.041666667 | AV179: 0.041666667 | AW179: 0.041666667 | AX179: 0.041666667 | AY179: 0.041666667 | AZ179: 0.041666667
A180: Electricity | B180: Decentralized | D180: 2020 | E180: Storage | F180: Commercial Battery Storage 2Hr | G180: Storage | H180: ELCSTGDCECBES2H20 | I180: 1 | K180: 15 | L180: 31.536 | M180: 1650.7408 | N180: 1728.1483 | O180: 1457.1876 | P180: 1366.1134 | Q180: 1275.0391 | R180: 1183.9649 | S180: 1092.8907 | T180: 1092.8907 | U180: 41.268519 | V180: 43.203709 | W180: 36.42969 | X180: 34.152834 | Y180: 31.875979 | Z180: 29.599123 | AA180: 27.322267 | AB180: 27.322267 | AS180: 0.083333333 | AT180: 0.083333333 | AU180: 0.083333333 | AV180: 0.083333333 | AW180: 0.083333333 | AX180: 0.083333333 | AY180: 0.083333333 | AZ180: 0.083333333
A181: Electricity | B181: Decentralized | D181: 2020 | E181: Storage | F181: Commercial Battery Storage 4Hr | G181: Storage | H181: ELCSTGDCECBES4H20 | I181: 1 | K181: 15 | L181: 31.536 | M181: 2181.3481 | N181: 2200.1696 | O181: 1820.4391 | P181: 1706.6617 | Q181: 1592.8842 | R181: 1479.1068 | S181: 1365.3293 | T181: 1365.3293 | U181: 54.533703 | V181: 55.004241 | W181: 45.510977 | X181: 42.666541 | Y181: 39.822105 | Z181: 36.977669 | AA181: 34.133233 | AB181: 34.133233 | AS181: 0.16666667 | AT181: 0.16666667 | AU181: 0.16666667 | AV181: 0.16666667 | AW181: 0.16666667 | AX181: 0.16666667 | AY181: 0.16666667 | AZ181: 0.16666667
A182: Electricity | B182: Decentralized | D182: 2020 | E182: Storage | F182: Commercial Battery Storage 6Hr | G182: Storage | H182: ELCSTGDCECBES6H20 | I182: 1 | K182: 15 | L182: 31.536 | M182: 2711.9555 | N182: 2672.1909 | O182: 2183.6906 | P182: 2047.2099 | Q182: 1910.7293 | R182: 1774.2486 | S182: 1637.768 | T182: 1637.768 | U182: 67.798887 | V182: 66.804772 | W182: 54.592265 | X182: 51.180248 | Y182: 47.768232 | Z182: 44.356215 | AA182: 40.944199 | AB182: 40.944199 | AS182: 0.25 | AT182: 0.25 | AU182: 0.25 | AV182: 0.25 | AW182: 0.25 | AX182: 0.25 | AY182: 0.25 | AZ182: 0.25
A183: Electricity | B183: Decentralized | D183: 2020 | E183: Storage | F183: Commercial Battery Storage 8Hr | G183: Storage | H183: ELCSTGDCECBES8H20 | I183: 1 | K183: 15 | L183: 31.536 | M183: 3242.5629 | N183: 3144.2122 | O183: 2546.9421 | P183: 2387.7582 | Q183: 2228.5743 | R183: 2069.3905 | S183: 1910.2066 | T183: 1910.2066 | U183: 81.064072 | V183: 78.605304 | W183: 63.673553 | X183: 59.693956 | Y183: 55.714359 | Z183: 51.734761 | AA183: 47.755164 | AB183: 47.755164 | AS183: 0.33333333 | AT183: 0.33333333 | AU183: 0.33333333 | AV183: 0.33333333 | AW183: 0.33333333 | AX183: 0.33333333 | AY183: 0.33333333 | AZ183: 0.33333333

Sheet >> TIMES

Sheet Def_Tech
B2: ~FI_Process
B3: Sets | C3: TechName | D3: TechDesc | E3: Tact | F3: Tcap | G3: Tslvl | H3: PrimaryCG | I3: Vintage
B4: *Process Set Membership | C4: Technology Name | D4: Technology Description | E4: Activity Unit | F4: Capacity Unit | G4: TimeSlice level of Process Activity | H4: Primary Commodity Group | I4: Vintage Tracking
B5: =IF('ELC TECH'!I4=0,"*",IF(_xlfn.XLOOKUP(C5,'ELC TECH'!H:H,'ELC TECH'!E:E)="Storage","STG","ELE")) -> ELE | C5: ='ELC TECH'!H4 -> ELCHYDGRDHNSDC120 | D5: =_xlfn.XLOOKUP(C5,'ELC TECH'!$H:$H,'ELC TECH'!$A:$A)&" "&_xlfn.XLOOKUP(C5,'ELC TECH'!$H:$H,'ELC TECH'!$B:$B)&" "&_xlfn.XLOOKUP(C5,'ELC TECH'!$H:$H,'ELC TECH'!$F:$F) -> Electricity Grid Hydro New-Stream Dispatchable Class 1 | E5: TJ | F5: MW | G5: DAYNITE
B6: =IF('ELC TECH'!I5=0,"*",IF(_xlfn.XLOOKUP(C6,'ELC TECH'!H:H,'ELC TECH'!E:E)="Storage","STG","ELE")) -> ELE | C6: ='ELC TECH'!H5 -> ELCHYDGRDHNSDC220 | D6: =_xlfn.XLOOKUP(C6,'ELC TECH'!$H:$H,'ELC TECH'!$A:$A)&" "&_xlfn.XLOOKUP(C6,'ELC TECH'!$H:$H,'ELC TECH'!$B:$B)&" "&_xlfn.XLOOKUP(C6,'ELC TECH'!$H:$H,'ELC TECH'!$F:$F) -> Electricity Grid Hydro New-Stream Dispatchable Class 2 | E6: TJ | F6: MW | G6: DAYNITE
B7: =IF('ELC TECH'!I6=0,"*",IF(_xlfn.XLOOKUP(C7,'ELC TECH'!H:H,'ELC TECH'!E:E)="Storage","STG","ELE")) -> ELE | C7: ='ELC TECH'!H6 -> ELCHYDGRDHNSDC320 | D7: =_xlfn.XLOOKUP(C7,'ELC TECH'!$H:$H,'ELC TECH'!$A:$A)&" "&_xlfn.XLOOKUP(C7,'ELC TECH'!$H:$H,'ELC TECH'!$B:$B)&" "&_xlfn.XLOOKUP(C7,'ELC TECH'!$H:$H,'ELC TECH'!$F:$F) -> Electricity Grid Hydro New-Stream Dispatchable Class 3 | E7: TJ | F7: MW | G7: DAYNITE
B8: =IF('ELC TECH'!I7=0,"*",IF(_xlfn.XLOOKUP(C8,'ELC TECH'!H:H,'ELC TECH'!E:E)="Storage","STG","ELE")) -> ELE | C8: ='ELC TECH'!H7 -> ELCHYDGRDHNSDC420 | D8: =_xlfn.XLOOKUP(C8,'ELC TECH'!$H:$H,'ELC TECH'!$A:$A)&" "&_xlfn.XLOOKUP(C8,'ELC TECH'!$H:$H,'ELC TECH'!$B:$B)&" "&_xlfn.XLOOKUP(C8,'ELC TECH'!$H:$H,'ELC TECH'!$F:$F) -> Electricity Grid Hydro New-Stream Dispatchable Class 4 | E8: TJ | F8: MW | G8: DAYNITE
B9: =IF('ELC TECH'!I8=0,"*",IF(_xlfn.XLOOKUP(C9,'ELC TECH'!H:H,'ELC TECH'!E:E)="Storage","STG","ELE")) -> ELE | C9: ='ELC TECH'!H8 -> ELCHYDGRDHNSDC520 | D9: =_xlfn.XLOOKUP(C9,'ELC TECH'!$H:$H,'ELC TECH'!$A:$A)&" "&_xlfn.XLOOKUP(C9,'ELC TECH'!$H:$H,'ELC TECH'!$B:$B)&" "&_xlfn.XLOOKUP(C9,'ELC TECH'!$H:$H,'ELC TECH'!$F:$F) -> Electricity Grid Hydro New-Stream Dispatchable Class 5 | E9: TJ | F9: MW | G9: DAYNITE
B10: =IF('ELC TECH'!I9=0,"*",IF(_xlfn.XLOOKUP(C10,'ELC TECH'!H:H,'ELC TECH'!E:E)="Storage","STG","ELE")) -> ELE | C10: ='ELC TECH'!H9 -> ELCHYDGRDHNSNDC120 | D10: =_xlfn.XLOOKUP(C10,'ELC TECH'!$H:$H,'ELC TECH'!$A:$A)&" "&_xlfn.XLOOKUP(C10,'ELC TECH'!$H:$H,'ELC TECH'!$B:$B)&" "&_xlfn.XLOOKUP(C10,'ELC TECH'!$H:$H,'ELC TECH'!$F:$F) -> Electricity Grid Hydro New-Stream Non Dispatchable Class 1 | E10: TJ | F10: MW | G10: DAYNITE
B11: =IF('ELC TECH'!I10=0,"*",IF(_xlfn.XLOOKUP(C11,'ELC TECH'!H:H,'ELC TECH'!E:E)="Storage","STG","ELE")) -> ELE | C11: ='ELC TECH'!H10 -> ELCHYDGRDHNSNDC220 | D11: =_xlfn.XLOOKUP(C11,'ELC TECH'!$H:$H,'ELC TECH'!$A:$A)&" "&_xlfn.XLOOKUP(C11,'ELC TECH'!$H:$H,'ELC TECH'!$B:$B)&" "&_xlfn.XLOOKUP(C11,'ELC TECH'!$H:$H,'ELC TECH'!$F:$F) -> Electricity Grid Hydro New-Stream Non Dispatchable Class 2 | E11: TJ | F11: MW | G11: DAYNITE
B12: =IF('ELC TECH'!I11=0,"*",IF(_xlfn.XLOOKUP(C12,'ELC TECH'!H:H,'ELC TECH'!E:E)="Storage","STG","ELE")) -> ELE | C12: ='ELC TECH'!H11 -> ELCHYDGRDHNSNDC320 | D12: =_xlfn.XLOOKUP(C12,'ELC TECH'!$H:$H,'ELC TECH'!$A:$A)&" "&_xlfn.XLOOKUP(C12,'ELC TECH'!$H:$H,'ELC TECH'!$B:$B)&" "&_xlfn.XLOOKUP(C12,'ELC TECH'!$H:$H,'ELC TECH'!$F:$F) -> Electricity Grid Hydro New-Stream Non Dispatchable Class 3 | E12: TJ | F12: MW | G12: DAYNITE
B13: =IF('ELC TECH'!I12=0,"*",IF(_xlfn.XLOOKUP(C13,'ELC TECH'!H:H,'ELC TECH'!E:E)="Storage","STG","ELE")) -> ELE | C13: ='ELC TECH'!H12 -> ELCHYDGRDHNSNDC420 | D13: =_xlfn.XLOOKUP(C13,'ELC TECH'!$H:$H,'ELC TECH'!$A:$A)&" "&_xlfn.XLOOKUP(C13,'ELC TECH'!$H:$H,'ELC TECH'!$B:$B)&" "&_xlfn.XLOOKUP(C13,'ELC TECH'!$H:$H,'ELC TECH'!$F:$F) -> Electricity Grid Hydro New-Stream Non Dispatchable Class 4 | E13: TJ | F13: MW | G13: DAYNITE
B14: =IF('ELC TECH'!I13=0,"*",IF(_xlfn.XLOOKUP(C14,'ELC TECH'!H:H,'ELC TECH'!E:E)="Storage","STG","ELE")) -> ELE | C14: ='ELC TECH'!H13 -> ELCHYDGRDHNSNDC520 | D14: =_xlfn.XLOOKUP(C14,'ELC TECH'!$H:$H,'ELC TECH'!$A:$A)&" "&_xlfn.XLOOKUP(C14,'ELC TECH'!$H:$H,'ELC TECH'!$B:$B)&" "&_xlfn.XLOOKUP(C14,'ELC TECH'!$H:$H,'ELC TECH'!$F:$F) -> Electricity Grid Hydro New-Stream Non Dispatchable Class 5 | E14: TJ | F14: MW | G14: DAYNITE
B15: =IF('ELC TECH'!I14=0,"*",IF(_xlfn.XLOOKUP(C15,'ELC TECH'!H:H,'ELC TECH'!E:E)="Storage","STG","ELE")) -> ELE | C15: ='ELC TECH'!H14 -> ELCHYDGRDHNPNDC120 | D15: =_xlfn.XLOOKUP(C15,'ELC TECH'!$H:$H,'ELC TECH'!$A:$A)&" "&_xlfn.XLOOKUP(C15,'ELC TECH'!$H:$H,'ELC TECH'!$B:$B)&" "&_xlfn.XLOOKUP(C15,'ELC TECH'!$H:$H,'ELC TECH'!$F:$F) -> Electricity Grid Hydro Non-Powered Non Dispatchable Class 1 | E15: TJ | F15: MW | G15: DAYNITE
B16: =IF('ELC TECH'!I15=0,"*",IF(_xlfn.XLOOKUP(C16,'ELC TECH'!H:H,'ELC TECH'!E:E)="Storage","STG","ELE")) -> ELE | C16: ='ELC TECH'!H15 -> ELCHYDGRDHNPNDC220 | D16: =_xlfn.XLOOKUP(C16,'ELC TECH'!$H:$H,'ELC TECH'!$A:$A)&" "&_xlfn.XLOOKUP(C16,'ELC TECH'!$H:$H,'ELC TECH'!$B:$B)&" "&_xlfn.XLOOKUP(C16,'ELC TECH'!$H:$H,'ELC TECH'!$F:$F) -> Electricity Grid Hydro Non-Powered Non Dispatchable Class 2 | E16: TJ | F16: MW | G16: DAYNITE
... B184: =IF('ELC TECH'!I183=0,"*",IF(_xlfn.XLOOKUP(C184,'ELC TECH'!H:H,'ELC TECH'!E:E)="Storage","STG","ELE")) -> STG | C184: ='ELC TECH'!H183 -> ELCSTGDCECBES8H20 | D184: =_xlfn.XLOOKUP(C184,'ELC TECH'!$H:$H,'ELC TECH'!$A:$A)&" "&_xlfn.XLOOKUP(C184,'ELC TECH'!$H:$H,'ELC TECH'!$B:$B)&" "&_xlfn.XLOOKUP(C184,'ELC TECH'!$H:$H,'ELC TECH'!$F:$F) -> Electricity Decentralized Commercial Battery Storage 8Hr | E184: TJ | F184: MW | G184: DAYNITE

Sheet Def_Comm
B2: ~FI_Comm
B3: Csets | C3: CommName | D3: CommDesc | E3: Unit | F3: LimType | G3: CTSLvl | H3: PeakTS | I3: Ctype
B4: *Commodity Set Membership | C4: Commodity Name | D4: Commodity Description | E4: Unit | F4: Sense of the Balance EQN. | G4: Timeslice Level | H4: Peak Monitoring | I4: Electricity Indicator

Sheet ResidELC
BM1: ELCSOL | BN1: 0.47550939 | BO1: 0.47550939 | BP1: =BN1*0.1 -> 0.047550939 | BQ1: 0 | BR1: 0.5476587 | BS1: 0.5476587 | BT1: =BR1*0.1 -> 0.05476587 | BU1: 0 | BV1: 0.45816402 | BW1: 0.45816402 | BX1: =BV1*0.1 -> 0.045816402 | BY1: 0 | BZ1: 0.47550939 | CA1: 0.47550939 | CB1: =BZ1*0.1 -> 0.047550939 | CC1: 0 | CD1: 0.5476587 | CE1: 0.5476587 | CF1: =CD1*0.1 -> 0.05476587 | CG1: 0 | CH1: 0.45816402 | CI1: 0.45816402 | CJ1: =CH1*0.1 -> 0.045816402 | CK1: 0 | CL1: 0.47550939 | CM1: 0.47550939 | CN1: =CL1*0.1 -> 0.047550939 | CO1: 0 | CP1: 0.5476587 | CQ1: 0.5476587 | CR1: =CP1*0.1 -> 0.05476587 | CS1: 0 | CT1: 0.45816402 | CU1: 0.45816402 | CV1: =CT1*0.1 -> 0.045816402 | CW1: 0 | CX1: 0.47550939 | CY1: 0.47550939 | CZ1: =CX1*0.1 -> 0.047550939 | DA1: 0 | DB1: 0.5476587 | DC1: 0.5476587 | DD1: =DB1*0.1 -> 0.05476587 | DE1: 0 | DF1: 0.45816402 | DG1: 0.45816402 | DH1: =DF1*0.1 -> 0.045816402 | DI1: 0
BM2: ELCWND | BN2: 0.49405275 | BO2: 0.49405275 | BP2: =BN2*0.1 -> 0.049405275 | BQ2: 0.39586365 | BR2: 0.57489775 | BS2: 0.57489775 | BT2: =BR2*0.1 -> 0.057489775 | BU2: 0.50939778 | BV2: 0.29772235 | BW2: 0.29772235 | BX2: =BV2*0.1 -> 0.029772235 | BY2: 0.21762049 | BZ2: 0.49405275 | CA2: 0.49405275 | CB2: =BZ2*0.1 -> 0.049405275 | CC2: 0.39586365 | CD2: 0.57489775 | CE2: 0.57489775 | CF2: =CD2*0.1 -> 0.057489775 | CG2: 0.50939778 | CH2: 0.29772235 | CI2: 0.29772235 | CJ2: =CH2*0.1 -> 0.029772235 | CK2: 0.21762049 | CL2: 0.49405275 | CM2: 0.49405275 | CN2: =CL2*0.1 -> 0.049405275 | CO2: 0.39586365 | CP2: 0.57489775 | CQ2: 0.57489775 | CR2: =CP2*0.1 -> 0.057489775 | CS2: 0.50939778 | CT2: 0.29772235 | CU2: 0.29772235 | CV2: =CT2*0.1 -> 0.029772235 | CW2: 0.21762049 | CX2: 0.49405275 | CY2: 0.49405275 | CZ2: =CX2*0.1 -> 0.049405275 | DA2: 0.39586365 | DB2: 0.57489775 | DC2: 0.57489775 | DD2: =DB2*0.1 -> 0.057489775 | DE2: 0.50939778 | DF2: 0.29772235 | DG2: 0.29772235 | DH2: =DF2*0.1 -> 0.029772235 | DI2: 0.21762049
BM3: ELCHYD | BN3: 0.0822 | BO3: 0.0957 | BP3: 0.1532 | BQ3: 0.0032 | BR3: 0.0815 | BS3: 0.1087 | BT3: 0.1381 | BU3: 0.0032 | BV3: 0.0975 | BW3: 0.1087 | BX3: 0.1253 | BY3: 0.0027 | BZ3: 0.0822 | CA3: 0.0957 | CB3: 0.1532 | CC3: 0.0032 | CD3: 0.0815 | CE3: 0.1087 | CF3: 0.1381 | CG3: 0.0032 | CH3: 0.0975 | CI3: 0.1087 | CJ3: 0.1253 | CK3: 0.0027 | CL3: 0.0822 | CM3: 0.0957 | CN3: 0.1532 | CO3: 0.0032 | CP3: 0.0815 | CQ3: 0.1087 | CR3: 0.1381 | CS3: 0.0032 | CT3: 0.0975 | CU3: 0.1087 | CV3: 0.1253 | CW3: 0.0027 | CX3: 0.0822 | CY3: 0.0957 | CZ3: 0.1532 | DA3: 0.0032 | DB3: 0.0815 | DC3: 0.1087 | DD3: 0.1381 | DE3: 0.0032 | DF3: 0.0975 | DG3: 0.1087 | DH3: 0.1253 | DI3: 0.0027
BN4: 0.0822 | BO4: 0.0957 | BP4: 0.1532 | BQ4: 0.0032 | BR4: 0.0815 | BS4: 0.1087 | BT4: 0.1381 | BU4: 0.0032 | BV4: 0.0975 | BW4: 0.1087 | BX4: 0.1253 | BY4: 0.0027 | BZ4: 0.0822 | CA4: 0.0957 | CB4: 0.1532 | CC4: 0.0032 | CD4: 0.0815 | CE4: 0.1087 | CF4: 0.1381 | CG4: 0.0032 | CH4: 0.0975 | CI4: 0.1087 | CJ4: 0.1253 | CK4: 0.0027 | CL4: 0.0822 | CM4: 0.0957 | CN4: 0.1532 | CO4: 0.0032 | CP4: 0.0815 | CQ4: 0.1087 | CR4: 0.1381 | CS4: 0.0032 | CT4: 0.0975 | CU4: 0.1087 | CV4: 0.1253 | CW4: 0.0027 | CX4: 0.0822 | CY4: 0.0957 | CZ4: 0.1532 | DA4: 0.0032 | DB4: 0.0815 | DC4: 0.1087 | DD4: 0.1381 | DE4: 0.0032 | DF4: 0.0975 | DG4: 0.1087 | DH4: 0.1253 | DI4: 0.0027
J5: ='City characteristics'!$C$20+1 -> 2020 | K5: 2025 | L5: 2030 | M5: 2035 | N5: 2040 | O5: 2045 | P5: 2050 | Q5: 2100 | R5: ='City characteristics'!$C$20+1 -> 2020 | S5: 2025 | T5: 2030 | U5: 2035 | V5: 2040 | W5: 2045 | X5: 2050 | Y5: 2100 | Z5: ='City characteristics'!$C$20+1 -> 2020 | AA5: 2025 | AB5: 2030 | AC5: 2035 | AD5: 2040 | AE5: 2045 | AF5: 2050 | AG5: 2100 | AH5: ='City characteristics'!$C$20+1 -> 2020 | AI5: 2025 | AJ5: 2030 | AK5: 2035 | AL5: 2040 | AM5: 2045 | AN5: 2050 | AO5: 2100 | AP5: ='City characteristics'!$C$20+1 -> 2020 | AQ5: 2025 | AR5: 2030 | AS5: 2035 | AT5: 2040 | AU5: 2045 | AV5: 2050 | AW5: 2100 | AX5: ='City characteristics'!$C$20+1 -> 2020 | AY5: 2025 | AZ5: 2030 | BA5: 2035 | BB5: 2040 | BC5: 2045 | BD5: 2050 | BE5: 2100 | BF5: ='City characteristics'!$C$20+1 -> 2020 | BG5: 2025 | BH5: 2030 | BI5: 2035 | BJ5: 2040 | BK5: 2045 | BL5: 2050 | BM5: 2100 | BN5: IDAM | BO5: IDPM | BP5: IP | BQ5: IN | BR5: WDAM | BS5: WDPM | BT5: WP | BU5: WN | BV5: SDAM | BW5: SDPM | BX5: SP | BY5: SN | BZ5: IDAM | CA5: IDPM | CB5: IP | CC5: IN | CD5: WDAM | CE5: WDPM | CF5: WP | CG5: WN | CH5: SDAM | CI5: SDPM | CJ5: SP | CK5: SN | CL5: IDAM | CM5: IDPM | CN5: IP | CO5: IN | CP5: WDAM | CQ5: WDPM | CR5: WP | CS5: WN | CT5: SDAM | CU5: SDPM | CV5: SP | CW5: SN | CX5: IDAM | CY5: IDPM | CZ5: IP | DA5: IN | DB5: WDAM | DC5: WDPM | DD5: WP | DE5: WN | DF5: SDAM | DG5: SDPM | DH5: SP | DI5: SN
J6: EFF | K6: EFF | L6: EFF | M6: EFF | N6: EFF | O6: EFF | P6: EFF | Q6: EFF | R6: STG_EFF | S6: STG_EFF | T6: STG_EFF | U6: STG_EFF | V6: STG_EFF | W6: STG_EFF | X6: STG_EFF | Y6: STG_EFF | Z6: NCAP_COST | AA6: NCAP_COST | AB6: NCAP_COST | AC6: NCAP_COST | AD6: NCAP_COST | AE6: NCAP_COST | AF6: NCAP_COST | AG6: NCAP_COST | AH6: NCAP_FOM | AI6: NCAP_FOM | AJ6: NCAP_FOM | AK6: NCAP_FOM | AL6: NCAP_FOM | AM6: NCAP_FOM | AN6: NCAP_FOM | AO6: NCAP_FOM | AP6: ACT_COST | AQ6: ACT_COST | AR6: ACT_COST | AS6: ACT_COST | AT6: ACT_COST | AU6: ACT_COST | AV6: ACT_COST | AW6: ACT_COST | AX6: NCAP_AFA | AY6: NCAP_AFA | AZ6: NCAP_AFA | BA6: NCAP_AFA | BB6: NCAP_AFA | BC6: NCAP_AFA | BD6: NCAP_AFA | BE6: NCAP_AFA | BF6: NCAP_AFC | BG6: NCAP_AFC | BH6: NCAP_AFC | BI6: NCAP_AFC | BJ6: NCAP_AFC | BK6: NCAP_AFC | BL6: NCAP_AFC | BM6: NCAP_AFC | BN6: NCAP_AF | BO6: NCAP_AF | BP6: NCAP_AF | BQ6: NCAP_AF | BR6: NCAP_AF | BS6: NCAP_AF | BT6: NCAP_AF | BU6: NCAP_AF | BV6: NCAP_AF | BW6: NCAP_AF | BX6: NCAP_AF | BY6: NCAP_AF | BZ6: NCAP_AF | CA6: NCAP_AF | CB6: NCAP_AF | CC6: NCAP_AF | CD6: NCAP_AF | CE6: NCAP_AF | CF6: NCAP_AF | CG6: NCAP_AF | CH6: NCAP_AF | CI6: NCAP_AF | CJ6: NCAP_AF | CK6: NCAP_AF | CL6: NCAP_AFC | CM6: NCAP_AFC | CN6: NCAP_AFC | CO6: NCAP_AFC | CP6: NCAP_AFC | CQ6: NCAP_AFC | CR6: NCAP_AFC | CS6: NCAP_AFC | CT6: NCAP_AFC | CU6: NCAP_AFC | CV6: NCAP_AFC | CW6: NCAP_AFC | CX6: NCAP_AFC | CY6: NCAP_AFC | CZ6: NCAP_AFC | DA6: NCAP_AFC | DB6: NCAP_AFC | DC6: NCAP_AFC | DD6: NCAP_AFC | DE6: NCAP_AFC | DF6: NCAP_AFC | DG6: NCAP_AFC | DH6: NCAP_AFC | DI6: NCAP_AFC
D8: ~FI_T
B9: TechName | C9: Comm-IN | D9: Comm-OUT | E9: NCAP_START | F9: NCAP_TLIFE | G9: PRC_CAPACT | H9: NCAP_PKCNT | I9: CAP_BND~UP | J9: =J6&"~"&J5 -> EFF~2020 | K9: =K6&"~"&K5 -> EFF~2025 | L9: =L6&"~"&L5 -> EFF~2030 | M9: =M6&"~"&M5 -> EFF~2035 | N9: =N6&"~"&N5 -> EFF~2040 | O9: =O6&"~"&O5 -> EFF~2045 | P9: =P6&"~"&P5 -> EFF~2050 | Q9: =Q6&"~"&Q5 -> EFF~2100 | ... BM9: =BM6&"~"&BM5 -> NCAP_AFC~2100 | BN9: =BN6&"~"&BN5&"~"&ResidELC!$AX$5 -> NCAP_AF~IDAM~2020 | BO9: =BO6&"~"&BO5&"~"&ResidELC!$AX$5 -> NCAP_AF~IDPM~2020 | BP9: =BP6&"~"&BP5&"~"&ResidELC!$AX$5 -> NCAP_AF~IP~2020 | BQ9: =BQ6&"~"&BQ5&"~"&ResidELC!$AX$5 -> NCAP_AF~IN~2020 | BR9: =BR6&"~"&BR5&"~"&ResidELC!$AX$5 -> NCAP_AF~WDAM~2020 | BS9: =BS6&"~"&BS5&"~"&ResidELC!$AX$5 -> NCAP_AF~WDPM~2020 | BT9: =BT6&"~"&BT5&"~"&ResidELC!$AX$5 -> NCAP_AF~WP~2020 | BU9: =BU6&"~"&BU5&"~"&ResidELC!$AX$5 -> NCAP_AF~WN~2020 | ... BY9: =BY6&"~"&BY5&"~"&ResidELC!$AX$5 -> NCAP_AF~SN~2020 | BZ9: =BZ6&"~"&BZ5&"~"&$BD$5 -> NCAP_AF~IDAM~2050 | CA9: =CA6&"~"&CA5&"~"&$BD$5 -> NCAP_AF~IDPM~2050 | CB9: =CB6&"~"&CB5&"~"&$BD$5 -> NCAP_AF~IP~2050 | CC9: =CC6&"~"&CC5&"~"&$BD$5 -> NCAP_AF~IN~2050 | CD9: =CD6&"~"&CD5&"~"&$BD$5 -> NCAP_AF~WDAM~2050 | CE9: =CE6&"~"&CE5&"~"&$BD$5 -> NCAP_AF~WDPM~2050 | CF9: =CF6&"~"&CF5&"~"&$BD$5 -> NCAP_AF~WP~2050 | CG9: =CG6&"~"&CG5&"~"&$BD$5 -> NCAP_AF~WN~2050 | ... CK9: =CK6&"~"&CK5&"~"&$BD$5 -> NCAP_AF~SN~2050 | CL9: =CL6&"~"&CL5&"~"&ResidELC!$AX$5 -> NCAP_AFC~IDAM~2020 | CM9: =CM6&"~"&CM5&"~"&ResidELC!$AX$5 -> NCAP_AFC~IDPM~2020 | CN9: =CN6&"~"&CN5&"~"&ResidELC!$AX$5 -> NCAP_AFC~IP~2020 | CO9: =CO6&"~"&CO5&"~"&ResidELC!$AX$5 -> NCAP_AFC~IN~2020 | CP9: =CP6&"~"&CP5&"~"&ResidELC!$AX$5 -> NCAP_AFC~WDAM~2020 | CQ9: =CQ6&"~"&CQ5&"~"&ResidELC!$AX$5 -> NCAP_AFC~WDPM~2020 | CR9: =CR6&"~"&CR5&"~"&ResidELC!$AX$5 -> NCAP_AFC~WP~2020 | CS9: =CS6&"~"&CS5&"~"&ResidELC!$AX$5 -> NCAP_AFC~WN~2020 | ... CW9: =CW6&"~"&CW5&"~"&ResidELC!$AX$5 -> NCAP_AFC~SN~2020 | CX9: =CX6&"~"&CX5&"~"&$BD$5 -> NCAP_AFC~IDAM~2050 | CY9: =CY6&"~"&CY5&"~"&$BD$5 -> NCAP_AFC~IDPM~2050 | CZ9: =CZ6&"~"&CZ5&"~"&$BD$5 -> NCAP_AFC~IP~2050 | DA9: =DA6&"~"&DA5&"~"&$BD$5 -> NCAP_AFC~IN~2050 | DB9: =DB6&"~"&DB5&"~"&$BD$5 -> NCAP_AFC~WDAM~2050 | DC9: =DC6&"~"&DC5&"~"&$BD$5 -> NCAP_AFC~WDPM~2050 | DD9: =DD6&"~"&DD5&"~"&$BD$5 -> NCAP_AFC~WP~2050 | DE9: =DE6&"~"&DE5&"~"&$BD$5 -> NCAP_AFC~WN~2050 | ... DI9: =DI6&"~"&DI5&"~"&$BD$5 -> NCAP_AFC~SN~2050
B10: * | F10: Yr | G10: TJ/MW | H10: % | I10: MW | J10: Out/In | K10: Out/In | L10: Out/In | M10: Out/In | N10: Out/In | O10: Out/In | P10: Out/In | Q10: Out/In | R10: Out/In | S10: Out/In | T10: Out/In | U10: Out/In | V10: Out/In | W10: Out/In | X10: Out/In | Y10: Out/In | Z10: $/kW | AA10: $/kW | AB10: $/kW | AC10: $/kW | AD10: $/kW | AE10: $/kW | AF10: $/kW | AG10: $/kW | AH10: $/kW/yr | AI10: $/kW/yr | AJ10: $/kW/yr | AK10: $/kW/yr | AL10: $/kW/yr | AM10: $/kW/yr | AN10: $/kW/yr | AO10: $/kW/yr | AP10: $/GJ | AQ10: $/GJ | AR10: $/GJ | AS10: $/GJ | AT10: $/GJ | AU10: $/GJ | AV10: $/GJ | AW10: $/GJ | AX10: % | AY10: % | AZ10: % | BA10: % | BB10: % | BC10: % | BD10: % | BE10: % | BF10: % | BG10: % | BH10: % | BI10: % | BJ10: % | BK10: % | BL10: % | BM10: % | BN10: % | BO10: % | BP10: % | BQ10: % | BR10: % | BS10: % | BT10: % | BU10: % | BV10: % | BW10: % | BX10: % | BY10: % | BZ10: % | CA10: % | CB10: % | CC10: % | CD10: % | CE10: % | CF10: % | CG10: % | CH10: % | CI10: % | CJ10: % | CK10: % | CL10: % | CM10: % | CN10: % | CO10: % | CP10: % | CQ10: % | CR10: % | CS10: % | CT10: % | CU10: % | CV10: % | CW10: % | CX10: % | CY10: % | CZ10: % | DA10: % | DB10: % | DC10: % | DD10: % | DE10: % | DF10: % | DG10: % | DH10: % | DI10: %
B11: =IF('ELC TECH'!I4=0,"*",'ELC TECH'!H4) -> ELCHYDGRDHNSDC120 | C11: =IF(_xlfn.XLOOKUP(_xlfn.XLOOKUP(B11,'ELC TECH'!$H:$H,'ELC TECH'!$G:$G),List!C:C,List!B:B)="STG",D11,"ELC"&_xlfn.XLOOKUP(_xlfn.XLOOKUP(B11,'ELC TECH'!H:H,'ELC TECH'!G:G),List!C:C,List!B:B)) -> ELCHYD | D11: CELC | E11: =_xlfn.XLOOKUP(B11,'ELC TECH'!H:H,'ELC TECH'!D:D) -> 2020 | F11: =_xlfn.XLOOKUP(B11,'ELC TECH'!H:H,'ELC TECH'!K:K) -> 100 | G11: =8760*0.0036 -> 31.536 | H11: =IF(_xlfn.XLOOKUP(B11,'ELC TECH'!$H:$H,'ELC TECH'!$E:$E)="Storage",0.3,IF(_xlfn.XLOOKUP(B11,'ELC TECH'!$H:$H,'ELC TECH'!$E:$E)="Baseload",0.9,IF(_xlfn.XLOOKUP(B11,'ELC TECH'!$H:$H,'ELC TECH'!$E:$E)="Non Dispatchable",0.05,IF(_xlfn.XLOOKUP(B11,'ELC TECH'!$H:$H,'ELC TECH'!$E:$E)="Dispatchable",0.9,1)))) -> 0.9 | I11: =IF(_xlfn.XLOOKUP(B11,'ELC TECH'!H:H,'ELC TECH'!J:J)="","",_xlfn.XLOOKUP(B11,'ELC TECH'!H:H,'ELC TECH'!J:J)) -> 0 | J11: =IF(_xlfn.XLOOKUP($B11,'ELC TECH'!$H:$H,'ELC TECH'!$E:$E)="Storage","",IF(_xlfn.XLOOKUP($B11,'ELC TECH'!$H:$H,'ELC TECH'!AK:AK)="",1,_xlfn.XLOOKUP($B11,'ELC TECH'!$H:$H,'ELC TECH'!AK:AK))) -> 1 | K11: =IF(_xlfn.XLOOKUP($B11,'ELC TECH'!$H:$H,'ELC TECH'!$E:$E)="Storage","",IF(_xlfn.XLOOKUP($B11,'ELC TECH'!$H:$H,'ELC TECH'!AL:AL)="",1,_xlfn.XLOOKUP($B11,'ELC TECH'!$H:$H,'ELC TECH'!AL:AL))) -> 1 | L11: =IF(_xlfn.XLOOKUP($B11,'ELC TECH'!$H:$H,'ELC TECH'!$E:$E)="Storage","",IF(_xlfn.XLOOKUP($B11,'ELC TECH'!$H:$H,'ELC TECH'!AM:AM)="",1,_xlfn.XLOOKUP($B11,'ELC TECH'!$H:$H,'ELC TECH'!AM:AM))) -> 1 | M11: =IF(_xlfn.XLOOKUP($B11,'ELC TECH'!$H:$H,'ELC TECH'!$E:$E)="Storage","",IF(_xlfn.XLOOKUP($B11,'ELC TECH'!$H:$H,'ELC TECH'!AN:AN)="",1,_xlfn.XLOOKUP($B11,'ELC TECH'!$H:$H,'ELC TECH'!AN:AN))) -> 1 | N11: =IF(_xlfn.XLOOKUP($B11,'ELC TECH'!$H:$H,'ELC TECH'!$E:$E)="Storage","",IF(_xlfn.XLOOKUP($B11,'ELC TECH'!$H:$H,'ELC TECH'!AO:AO)="",1,_xlfn.XLOOKUP($B11,'ELC TECH'!$H:$H,'ELC TECH'!AO:AO))) -> 1 | O11: =IF(_xlfn.XLOOKUP($B11,'ELC TECH'!$H:$H,'ELC TECH'!$E:$E)="Storage","",IF(_xlfn.XLOOKUP($B11,'ELC TECH'!$H:$H,'ELC TECH'!AP:AP)="",1,_xlfn.XLOOKUP($B11,'ELC TECH'!$H:$H,'ELC TECH'!AP:AP))) -> 1 | P11: =IF(_xlfn.XLOOKUP($B11,'ELC TECH'!$H:$H,'ELC TECH'!$E:$E)="Storage","",IF(_xlfn.XLOOKUP($B11,'ELC TECH'!$H:$H,'ELC TECH'!AQ:AQ)="",1,_xlfn.XLOOKUP($B11,'ELC TECH'!$H:$H,'ELC TECH'!AQ:AQ))) -> 1 | Q11: =IF(_xlfn.XLOOKUP($B11,'ELC TECH'!$H:$H,'ELC TECH'!$E:$E)="Storage","",IF(_xlfn.XLOOKUP($B11,'ELC TECH'!$H:$H,'ELC TECH'!AR:AR)="",1,_xlfn.XLOOKUP($B11,'ELC TECH'!$H:$H,'ELC TECH'!AR:AR))) -> 1 | R11: =IF(_xlfn.XLOOKUP($B11,'ELC TECH'!$H:$H,'ELC TECH'!$E:$E)<>"Storage","",IF(_xlfn.XLOOKUP($B11,'ELC TECH'!$H:$H,'ELC TECH'!AK:AK)="",0.8,_xlfn.XLOOKUP($B11,'ELC TECH'!$H:$H,'ELC TECH'!AK:AK))) | S11: =IF(_xlfn.XLOOKUP($B11,'ELC TECH'!$H:$H,'ELC TECH'!$E:$E)<>"Storage","",IF(_xlfn.XLOOKUP($B11,'ELC TECH'!$H:$H,'ELC TECH'!AL:AL)="",0.8,_xlfn.XLOOKUP($B11,'ELC TECH'!$H:$H,'ELC TECH'!AL:AL))) | T11: =IF(_xlfn.XLOOKUP($B11,'ELC TECH'!$H:$H,'ELC TECH'!$E:$E)<>"Storage","",IF(_xlfn.XLOOKUP($B11,'ELC TECH'!$H:$H,'ELC TECH'!AM:AM)="",0.8,_xlfn.XLOOKUP($B11,'ELC TECH'!$H:$H,'ELC TECH'!AM:AM))) | U11: =IF(_xlfn.XLOOKUP($B11,'ELC TECH'!$H:$H,'ELC TECH'!$E:$E)<>"Storage","",IF(_xlfn.XLOOKUP($B11,'ELC TECH'!$H:$H,'ELC TECH'!AN:AN)="",0.8,_xlfn.XLOOKUP($B11,'ELC TECH'!$H:$H,'ELC TECH'!AN:AN))) | V11: =IF(_xlfn.XLOOKUP($B11,'ELC TECH'!$H:$H,'ELC TECH'!$E:$E)<>"Storage","",IF(_xlfn.XLOOKUP($B11,'ELC TECH'!$H:$H,'ELC TECH'!AO:AO)="",0.8,_xlfn.XLOOKUP($B11,'ELC TECH'!$H:$H,'ELC TECH'!AO:AO))) | W11: =IF(_xlfn.XLOOKUP($B11,'ELC TECH'!$H:$H,'ELC TECH'!$E:$E)<>"Storage","",IF(_xlfn.XLOOKUP($B11,'ELC TECH'!$H:$H,'ELC TECH'!AP:AP)="",0.8,_xlfn.XLOOKUP($B11,'ELC TECH'!$H:$H,'ELC TECH'!AP:AP))) | X11: =IF(_xlfn.XLOOKUP($B11,'ELC TECH'!$H:$H,'ELC TECH'!$E:$E)<>"Storage","",IF(_xlfn.XLOOKUP($B11,'ELC TECH'!$H:$H,'ELC TECH'!AQ:AQ)="",0.8,_xlfn.XLOOKUP($B11,'ELC TECH'!$H:$H,'ELC TECH'!AQ:AQ))) | Y11: =IF(_xlfn.XLOOKUP($B11,'ELC TECH'!$H:$H,'ELC TECH'!$E:$E)<>"Storage","",IF(_xlfn.XLOOKUP($B11,'ELC TECH'!$H:$H,'ELC TECH'!AR:AR)="",0.8,_xlfn.XLOOKUP($B11,'ELC TECH'!$H:$H,'ELC TECH'!AR:AR))) | Z11: =_xlfn.XLOOKUP($B11,'ELC TECH'!$H:$H,'ELC TECH'!M:M) -> 8970.3682 | AA11: =_xlfn.XLOOKUP($B11,'ELC TECH'!$H:$H,'ELC TECH'!N:N) -> 8970.3682 | AB11: =_xlfn.XLOOKUP($B11,'ELC TECH'!$H:$H,'ELC TECH'!O:O) -> 8970.3682 | AC11: =_xlfn.XLOOKUP($B11,'ELC TECH'!$H:$H,'ELC TECH'!P:P) -> 8970.3682 | AD11: =_xlfn.XLOOKUP($B11,'ELC TECH'!$H:$H,'ELC TECH'!Q:Q) -> 8970.3682 | AE11: =_xlfn.XLOOKUP($B11,'ELC TECH'!$H:$H,'ELC TECH'!R:R) -> 8970.3682 | AF11: =_xlfn.XLOOKUP($B11,'ELC TECH'!$H:$H,'ELC TECH'!S:S) -> 8970.3682 | AG11: =_xlfn.XLOOKUP($B11,'ELC TECH'!$H:$H,'ELC TECH'!T:T) -> 8970.3682 | AH11: =_xlfn.XLOOKUP($B11,'ELC TECH'!$H:$H,'ELC TECH'!U:U) -> 161.69957 | AI11: =_xlfn.XLOOKUP($B11,'ELC TECH'!$H:$H,'ELC TECH'!V:V) -> 161.69957 | AJ11: =_xlfn.XLOOKUP($B11,'ELC TECH'!$H:$H,'ELC TECH'!W:W) -> 161.69957 | AK11: =_xlfn.XLOOKUP($B11,'ELC TECH'!$H:$H,'ELC TECH'!X:X) -> 161.69957 | AL11: =_xlfn.XLOOKUP($B11,'ELC TECH'!$H:$H,'ELC TECH'!Y:Y) -> 161.69957 | AM11: =_xlfn.XLOOKUP($B11,'ELC TECH'!$H:$H,'ELC TECH'!Z:Z) -> 161.69957 | AN11: =_xlfn.XLOOKUP($B11,'ELC TECH'!$H:$H,'ELC TECH'!AA:AA) -> 161.69957 | AO11: =_xlfn.XLOOKUP($B11,'ELC TECH'!$H:$H,'ELC TECH'!AB:AB) -> 161.69957 | AP11: =_xlfn.XLOOKUP($B11,'ELC TECH'!$H:$H,'ELC TECH'!AC:AC) -> 0 | AQ11: =_xlfn.XLOOKUP($B11,'ELC TECH'!$H:$H,'ELC TECH'!AD:AD) -> 0 | AR11: =_xlfn.XLOOKUP($B11,'ELC TECH'!$H:$H,'ELC TECH'!AE:AE) -> 0 | AS11: =_xlfn.XLOOKUP($B11,'ELC TECH'!$H:$H,'ELC TECH'!AF:AF) -> 0 | AT11: =_xlfn.XLOOKUP($B11,'ELC TECH'!$H:$H,'ELC TECH'!AG:AG) -> 0 | AU11: =_xlfn.XLOOKUP($B11,'ELC TECH'!$H:$H,'ELC TECH'!AH:AH) -> 0 | AV11: =_xlfn.XLOOKUP($B11,'ELC TECH'!$H:$H,'ELC TECH'!AI:AI) -> 0 | AW11: =_xlfn.XLOOKUP($B11,'ELC TECH'!$H:$H,'ELC TECH'!AJ:AJ) -> 0 | AX11: =IF(_xlfn.XLOOKUP($B11,'ELC TECH'!$H:$H,'ELC TECH'!$E:$E)="Storage","",_xlfn.XLOOKUP($B11,'ELC TECH'!$H:$H,'ELC TECH'!AS:AS)) -> 0.66 | AY11: =IF(_xlfn.XLOOKUP($B11,'ELC TECH'!$H:$H,'ELC TECH'!$E:$E)="Storage","",_xlfn.XLOOKUP($B11,'ELC TECH'!$H:$H,'ELC TECH'!AT:AT)) -> 0.66 | AZ11: =IF(_xlfn.XLOOKUP($B11,'ELC TECH'!$H:$H,'ELC TECH'!$E:$E)="Storage","",_xlfn.XLOOKUP($B11,'ELC TECH'!$H:$H,'ELC TECH'!AU:AU)) -> 0.66 | BA11: =IF(_xlfn.XLOOKUP($B11,'ELC TECH'!$H:$H,'ELC TECH'!$E:$E)="Storage","",_xlfn.XLOOKUP($B11,'ELC TECH'!$H:$H,'ELC TECH'!AV:AV)) -> 0.66 | BB11: =IF(_xlfn.XLOOKUP($B11,'ELC TECH'!$H:$H,'ELC TECH'!$E:$E)="Storage","",_xlfn.XLOOKUP($B11,'ELC TECH'!$H:$H,'ELC TECH'!AW:AW)) -> 0.66 | BC11: =IF(_xlfn.XLOOKUP($B11,'ELC TECH'!$H:$H,'ELC TECH'!$E:$E)="Storage","",_xlfn.XLOOKUP($B11,'ELC TECH'!$H:$H,'ELC TECH'!AX:AX)) -> 0.66 | BD11: =IF(_xlfn.XLOOKUP($B11,'ELC TECH'!$H:$H,'ELC TECH'!$E:$E)="Storage","",_xlfn.XLOOKUP($B11,'ELC TECH'!$H:$H,'ELC TECH'!AY:AY)) -> 0.66 | BE11: =IF(_xlfn.XLOOKUP($B11,'ELC TECH'!$H:$H,'ELC TECH'!$E:$E)="Storage","",_xlfn.XLOOKUP($B11,'ELC TECH'!$H:$H,'ELC TECH'!AZ:AZ)) -> 0.66 | BF11: =IF(_xlfn.XLOOKUP($B11,'ELC TECH'!$H:$H,'ELC TECH'!$E:$E)="Storage",_xlfn.XLOOKUP($B11,'ELC TECH'!$H:$H,'ELC TECH'!AS:AS),"") | BG11: =IF(_xlfn.XLOOKUP($B11,'ELC TECH'!$H:$H,'ELC TECH'!$E:$E)="Storage",_xlfn.XLOOKUP($B11,'ELC TECH'!$H:$H,'ELC TECH'!AT:AT),"") | BH11: =IF(_xlfn.XLOOKUP($B11,'ELC TECH'!$H:$H,'ELC TECH'!$E:$E)="Storage",_xlfn.XLOOKUP($B11,'ELC TECH'!$H:$H,'ELC TECH'!AU:AU),"") | BI11: =IF(_xlfn.XLOOKUP($B11,'ELC TECH'!$H:$H,'ELC TECH'!$E:$E)="Storage",_xlfn.XLOOKUP($B11,'ELC TECH'!$H:$H,'ELC TECH'!AV:AV),"") | BJ11: =IF(_xlfn.XLOOKUP($B11,'ELC TECH'!$H:$H,'ELC TECH'!$E:$E)="Storage",_xlfn.XLOOKUP($B11,'ELC TECH'!$H:$H,'ELC TECH'!AW:AW),"") | BK11: =IF(_xlfn.XLOOKUP($B11,'ELC TECH'!$H:$H,'ELC TECH'!$E:$E)="Storage",_xlfn.XLOOKUP($B11,'ELC TECH'!$H:$H,'ELC TECH'!AX:AX),"") | BL11: =IF(_xlfn.XLOOKUP($B11,'ELC TECH'!$H:$H,'ELC TECH'!$E:$E)="Storage",_xlfn.XLOOKUP($B11,'ELC TECH'!$H:$H,'ELC TECH'!AY:AY),"") | BM11: =IF(_xlfn.XLOOKUP($B11,'ELC TECH'!$H:$H,'ELC TECH'!$E:$E)="Storage",_xlfn.XLOOKUP($B11,'ELC TECH'!$H:$H,'ELC TECH'!AZ:AZ),"") | BN11: =IF(_xlfn.XLOOKUP($B11,'ELC TECH'!$H:$H,'ELC TECH'!$E:$E)="Non Dispatchable",IFERROR($AX11*_xlfn.XLOOKUP($C11,$BM$1:$BM$3,BN$1:BN$3)/SUMPRODUCT(_xlfn.XLOOKUP($C11,$BM$1:$BM$3,$BN$1:$BY$3),$BN$4:$BY$4),""), "") | BO11: =IF(_xlfn.XLOOKUP($B11,'ELC TECH'!$H:$H,'ELC TECH'!$E:$E)="Non Dispatchable",IFERROR($AX11*_xlfn.XLOOKUP($C11,$BM$1:$BM$3,BO$1:BO$3)/SUMPRODUCT(_xlfn.XLOOKUP($C11,$BM$1:$BM$3,$BN$1:$BY$3),$BN$4:$BY$4),""), "") | BP11: =IF(_xlfn.XLOOKUP($B11,'ELC TECH'!$H:$H,'ELC TECH'!$E:$E)="Non Dispatchable",IFERROR($AX11*_xlfn.XLOOKUP($C11,$BM$1:$BM$3,BP$1:BP$3)/SUMPRODUCT(_xlfn.XLOOKUP($C11,$BM$1:$BM$3,$BN$1:$BY$3),$BN$4:$BY$4),""), "") | BQ11: =IF(_xlfn.XLOOKUP($B11,'ELC TECH'!$H:$H,'ELC TECH'!$E:$E)="Non Dispatchable",IFERROR($AX11*_xlfn.XLOOKUP($C11,$BM$1:$BM$3,BQ$1:BQ$3)/SUMPRODUCT(_xlfn.XLOOKUP($C11,$BM$1:$BM$3,$BN$1:$BY$3),$BN$4:$BY$4),""), "") | BR11: =IF(_xlfn.XLOOKUP($B11,'ELC TECH'!$H:$H,'ELC TECH'!$E:$E)="Non Dispatchable",IFERROR($AX11*_xlfn.XLOOKUP($C11,$BM$1:$BM$3,BR$1:BR$3)/SUMPRODUCT(_xlfn.XLOOKUP($C11,$BM$1:$BM$3,$BN$1:$BY$3),$BN$4:$BY$4),""), "") | BS11: =IF(_xlfn.XLOOKUP($B11,'ELC TECH'!$H:$H,'ELC TECH'!$E:$E)="Non Dispatchable",IFERROR($AX11*_xlfn.XLOOKUP($C11,$BM$1:$BM$3,BS$1:BS$3)/SUMPRODUCT(_xlfn.XLOOKUP($C11,$BM$1:$BM$3,$BN$1:$BY$3),$BN$4:$BY$4),""), "") | BT11: =IF(_xlfn.XLOOKUP($B11,'ELC TECH'!$H:$H,'ELC TECH'!$E:$E)="Non Dispatchable",IFERROR($AX11*_xlfn.XLOOKUP($C11,$BM$1:$BM$3,BT$1:BT$3)/SUMPRODUCT(_xlfn.XLOOKUP($C11,$BM$1:$BM$3,$BN$1:$BY$3),$BN$4:$BY$4),""), "") | BU11: =IF(_xlfn.XLOOKUP($B11,'ELC TECH'!$H:$H,'ELC TECH'!$E:$E)="Non Dispatchable",IFERROR($AX11*_xlfn.XLOOKUP($C11,$BM$1:$BM$3,BU$1:BU$3)/SUMPRODUCT(_xlfn.XLOOKUP($C11,$BM$1:$BM$3,$BN$1:$BY$3),$BN$4:$BY$4),""), "") | ... CK11: =IF(_xlfn.XLOOKUP($B11,'ELC TECH'!$H:$H,'ELC TECH'!$E:$E)="Non Dispatchable",IFERROR($AX11*_xlfn.XLOOKUP($C11,$BM$1:$BM$3,CK$1:CK$3)/SUMPRODUCT(_xlfn.XLOOKUP($C11,$BM$1:$BM$3,$BN$1:$BY$3),$BN$4:$BY$4),""), "") | CL11: =IF(_xlfn.XLOOKUP($B11,'ELC TECH'!$H:$H,'ELC TECH'!$E:$E)="Storage",CL$4*$BF11,"") | CM11: =IF(_xlfn.XLOOKUP($B11,'ELC TECH'!$H:$H,'ELC TECH'!$E:$E)="Storage",CM$4*$BF11,"") | CN11: =IF(_xlfn.XLOOKUP($B11,'ELC TECH'!$H:$H,'ELC TECH'!$E:$E)="Storage",CN$4*$BF11,"") | CO11: =IF(_xlfn.XLOOKUP($B11,'ELC TECH'!$H:$H,'ELC TECH'!$E:$E)="Storage",CO$4*$BF11,"") | CP11: =IF(_xlfn.XLOOKUP($B11,'ELC TECH'!$H:$H,'ELC TECH'!$E:$E)="Storage",CP$4*$BF11,"") | CQ11: =IF(_xlfn.XLOOKUP($B11,'ELC TECH'!$H:$H,'ELC TECH'!$E:$E)="Storage",CQ$4*$BF11,"") | CR11: =IF(_xlfn.XLOOKUP($B11,'ELC TECH'!$H:$H,'ELC TECH'!$E:$E)="Storage",CR$4*$BF11,"") | CS11: =IF(_xlfn.XLOOKUP($B11,'ELC TECH'!$H:$H,'ELC TECH'!$E:$E)="Storage",CS$4*$BF11,"") | ... DI11: =IF(_xlfn.XLOOKUP($B11,'ELC TECH'!$H:$H,'ELC TECH'!$E:$E)="Storage",DI$4*$BF11,"")
B12: =IF('ELC TECH'!I5=0,"*",'ELC TECH'!H5) -> ELCHYDGRDHNSDC220 | C12: =IF(_xlfn.XLOOKUP(_xlfn.XLOOKUP(B12,'ELC TECH'!$H:$H,'ELC TECH'!$G:$G),List!C:C,List!B:B)="STG",D12,"ELC"&_xlfn.XLOOKUP(_xlfn.XLOOKUP(B12,'ELC TECH'!H:H,'ELC TECH'!G:G),List!C:C,List!B:B)) -> ELCHYD | D12: CELC | E12: =_xlfn.XLOOKUP(B12,'ELC TECH'!H:H,'ELC TECH'!D:D) -> 2020 | F12: =_xlfn.XLOOKUP(B12,'ELC TECH'!H:H,'ELC TECH'!K:K) -> 100 | G12: =8760*0.0036 -> 31.536 | H12: =IF(_xlfn.XLOOKUP(B12,'ELC TECH'!$H:$H,'ELC TECH'!$E:$E)="Storage",0.3,IF(_xlfn.XLOOKUP(B12,'ELC TECH'!$H:$H,'ELC TECH'!$E:$E)="Baseload",0.9,IF(_xlfn.XLOOKUP(B12,'ELC TECH'!$H:$H,'ELC TECH'!$E:$E)="Non Dispatchable",0.05,IF(_xlfn.XLOOKUP(B12,'ELC TECH'!$H:$H,'ELC TECH'!$E:$E)="Dispatchable",0.9,1)))) -> 0.9 | I12: =IF(_xlfn.XLOOKUP(B12,'ELC TECH'!H:H,'ELC TECH'!J:J)="","",_xlfn.XLOOKUP(B12,'ELC TECH'!H:H,'ELC TECH'!J:J)) -> 0 | J12: =IF(_xlfn.XLOOKUP($B12,'ELC TECH'!$H:$H,'ELC TECH'!$E:$E)="Storage","",IF(_xlfn.XLOOKUP($B12,'ELC TECH'!$H:$H,'ELC TECH'!AK:AK)="",1,_xlfn.XLOOKUP($B12,'ELC TECH'!$H:$H,'ELC TECH'!AK:AK))) -> 1 | K12: =IF(_xlfn.XLOOKUP($B12,'ELC TECH'!$H:$H,'ELC TECH'!$E:$E)="Storage","",IF(_xlfn.XLOOKUP($B12,'ELC TECH'!$H:$H,'ELC TECH'!AL:AL)="",1,_xlfn.XLOOKUP($B12,'ELC TECH'!$H:$H,'ELC TECH'!AL:AL))) -> 1 | L12: =IF(_xlfn.XLOOKUP($B12,'ELC TECH'!$H:$H,'ELC TECH'!$E:$E)="Storage","",IF(_xlfn.XLOOKUP($B12,'ELC TECH'!$H:$H,'ELC TECH'!AM:AM)="",1,_xlfn.XLOOKUP($B12,'ELC TECH'!$H:$H,'ELC TECH'!AM:AM))) -> 1 | M12: =IF(_xlfn.XLOOKUP($B12,'ELC TECH'!$H:$H,'ELC TECH'!$E:$E)="Storage","",IF(_xlfn.XLOOKUP($B12,'ELC TECH'!$H:$H,'ELC TECH'!AN:AN)="",1,_xlfn.XLOOKUP($B12,'ELC TECH'!$H:$H,'ELC TECH'!AN:AN))) -> 1 | N12: =IF(_xlfn.XLOOKUP($B12,'ELC TECH'!$H:$H,'ELC TECH'!$E:$E)="Storage","",IF(_xlfn.XLOOKUP($B12,'ELC TECH'!$H:$H,'ELC TECH'!AO:AO)="",1,_xlfn.XLOOKUP($B12,'ELC TECH'!$H:$H,'ELC TECH'!AO:AO))) -> 1 | O12: =IF(_xlfn.XLOOKUP($B12,'ELC TECH'!$H:$H,'ELC TECH'!$E:$E)="Storage","",IF(_xlfn.XLOOKUP($B12,'ELC TECH'!$H:$H,'ELC TECH'!AP:AP)="",1,_xlfn.XLOOKUP($B12,'ELC TECH'!$H:$H,'ELC TECH'!AP:AP))) -> 1 | P12: =IF(_xlfn.XLOOKUP($B12,'ELC TECH'!$H:$H,'ELC TECH'!$E:$E)="Storage","",IF(_xlfn.XLOOKUP($B12,'ELC TECH'!$H:$H,'ELC TECH'!AQ:AQ)="",1,_xlfn.XLOOKUP($B12,'ELC TECH'!$H:$H,'ELC TECH'!AQ:AQ))) -> 1 | Q12: =IF(_xlfn.XLOOKUP($B12,'ELC TECH'!$H:$H,'ELC TECH'!$E:$E)="Storage","",IF(_xlfn.XLOOKUP($B12,'ELC TECH'!$H:$H,'ELC TECH'!AR:AR)="",1,_xlfn.XLOOKUP($B12,'ELC TECH'!$H:$H,'ELC TECH'!AR:AR))) -> 1 | R12: =IF(_xlfn.XLOOKUP($B12,'ELC TECH'!$H:$H,'ELC TECH'!$E:$E)<>"Storage","",IF(_xlfn.XLOOKUP($B12,'ELC TECH'!$H:$H,'ELC TECH'!AK:AK)="",0.8,_xlfn.XLOOKUP($B12,'ELC TECH'!$H:$H,'ELC TECH'!AK:AK))) | S12: =IF(_xlfn.XLOOKUP($B12,'ELC TECH'!$H:$H,'ELC TECH'!$E:$E)<>"Storage","",IF(_xlfn.XLOOKUP($B12,'ELC TECH'!$H:$H,'ELC TECH'!AL:AL)="",0.8,_xlfn.XLOOKUP($B12,'ELC TECH'!$H:$H,'ELC TECH'!AL:AL))) | T12: =IF(_xlfn.XLOOKUP($B12,'ELC TECH'!$H:$H,'ELC TECH'!$E:$E)<>"Storage","",IF(_xlfn.XLOOKUP($B12,'ELC TECH'!$H:$H,'ELC TECH'!AM:AM)="",0.8,_xlfn.XLOOKUP($B12,'ELC TECH'!$H:$H,'ELC TECH'!AM:AM))) | U12: =IF(_xlfn.XLOOKUP($B12,'ELC TECH'!$H:$H,'ELC TECH'!$E:$E)<>"Storage","",IF(_xlfn.XLOOKUP($B12,'ELC TECH'!$H:$H,'ELC TECH'!AN:AN)="",0.8,_xlfn.XLOOKUP($B12,'ELC TECH'!$H:$H,'ELC TECH'!AN:AN))) | V12: =IF(_xlfn.XLOOKUP($B12,'ELC TECH'!$H:$H,'ELC TECH'!$E:$E)<>"Storage","",IF(_xlfn.XLOOKUP($B12,'ELC TECH'!$H:$H,'ELC TECH'!AO:AO)="",0.8,_xlfn.XLOOKUP($B12,'ELC TECH'!$H:$H,'ELC TECH'!AO:AO))) | W12: =IF(_xlfn.XLOOKUP($B12,'ELC TECH'!$H:$H,'ELC TECH'!$E:$E)<>"Storage","",IF(_xlfn.XLOOKUP($B12,'ELC TECH'!$H:$H,'ELC TECH'!AP:AP)="",0.8,_xlfn.XLOOKUP($B12,'ELC TECH'!$H:$H,'ELC TECH'!AP:AP))) | X12: =IF(_xlfn.XLOOKUP($B12,'ELC TECH'!$H:$H,'ELC TECH'!$E:$E)<>"Storage","",IF(_xlfn.XLOOKUP($B12,'ELC TECH'!$H:$H,'ELC TECH'!AQ:AQ)="",0.8,_xlfn.XLOOKUP($B12,'ELC TECH'!$H:$H,'ELC TECH'!AQ:AQ))) | Y12: =IF(_xlfn.XLOOKUP($B12,'ELC TECH'!$H:$H,'ELC TECH'!$E:$E)<>"Storage","",IF(_xlfn.XLOOKUP($B12,'ELC TECH'!$H:$H,'ELC TECH'!AR:AR)="",0.8,_xlfn.XLOOKUP($B12,'ELC TECH'!$H:$H,'ELC TECH'!AR:AR))) | Z12: =_xlfn.XLOOKUP($B12,'ELC TECH'!$H:$H,'ELC TECH'!M:M) -> 8008.0862 | AA12: =_xlfn.XLOOKUP($B12,'ELC TECH'!$H:$H,'ELC TECH'!N:N) -> 8008.0862 | AB12: =_xlfn.XLOOKUP($B12,'ELC TECH'!$H:$H,'ELC TECH'!O:O) -> 8008.0862 | AC12: =_xlfn.XLOOKUP($B12,'ELC TECH'!$H:$H,'ELC TECH'!P:P) -> 8008.0862 | AD12: =_xlfn.XLOOKUP($B12,'ELC TECH'!$H:$H,'ELC TECH'!Q:Q) -> 8008.0862 | AE12: =_xlfn.XLOOKUP($B12,'ELC TECH'!$H:$H,'ELC TECH'!R:R) -> 8008.0862 | AF12: =_xlfn.XLOOKUP($B12,'ELC TECH'!$H:$H,'ELC TECH'!S:S) -> 8008.0862 | AG12: =_xlfn.XLOOKUP($B12,'ELC TECH'!$H:$H,'ELC TECH'!T:T) -> 8008.0862 | AH12: =_xlfn.XLOOKUP($B12,'ELC TECH'!$H:$H,'ELC TECH'!U:U) -> 53.146011 | AI12: =_xlfn.XLOOKUP($B12,'ELC TECH'!$H:$H,'ELC TECH'!V:V) -> 53.146011 | AJ12: =_xlfn.XLOOKUP($B12,'ELC TECH'!$H:$H,'ELC TECH'!W:W) -> 53.146011 | AK12: =_xlfn.XLOOKUP($B12,'ELC TECH'!$H:$H,'ELC TECH'!X:X) -> 53.146011 | AL12: =_xlfn.XLOOKUP($B12,'ELC TECH'!$H:$H,'ELC TECH'!Y:Y) -> 53.146011 | AM12: =_xlfn.XLOOKUP($B12,'ELC TECH'!$H:$H,'ELC TECH'!Z:Z) -> 53.146011 | AN12: =_xlfn.XLOOKUP($B12,'ELC TECH'!$H:$H,'ELC TECH'!AA:AA) -> 53.146011 | AO12: =_xlfn.XLOOKUP($B12,'ELC TECH'!$H:$H,'ELC TECH'!AB:AB) -> 53.146011 | AP12: =_xlfn.XLOOKUP($B12,'ELC TECH'!$H:$H,'ELC TECH'!AC:AC) -> 0 | AQ12: =_xlfn.XLOOKUP($B12,'ELC TECH'!$H:$H,'ELC TECH'!AD:AD) -> 0 | AR12: =_xlfn.XLOOKUP($B12,'ELC TECH'!$H:$H,'ELC TECH'!AE:AE) -> 0 | AS12: =_xlfn.XLOOKUP($B12,'ELC TECH'!$H:$H,'ELC TECH'!AF:AF) -> 0 | AT12: =_xlfn.XLOOKUP($B12,'ELC TECH'!$H:$H,'ELC TECH'!AG:AG) -> 0 | AU12: =_xlfn.XLOOKUP($B12,'ELC TECH'!$H:$H,'ELC TECH'!AH:AH) -> 0 | AV12: =_xlfn.XLOOKUP($B12,'ELC TECH'!$H:$H,'ELC TECH'!AI:AI) -> 0 | AW12: =_xlfn.XLOOKUP($B12,'ELC TECH'!$H:$H,'ELC TECH'!AJ:AJ) -> 0 | AX12: =IF(_xlfn.XLOOKUP($B12,'ELC TECH'!$H:$H,'ELC TECH'!$E:$E)="Storage","",_xlfn.XLOOKUP($B12,'ELC TECH'!$H:$H,'ELC TECH'!AS:AS)) -> 0.66 | AY12: =IF(_xlfn.XLOOKUP($B12,'ELC TECH'!$H:$H,'ELC TECH'!$E:$E)="Storage","",_xlfn.XLOOKUP($B12,'ELC TECH'!$H:$H,'ELC TECH'!AT:AT)) -> 0.66 | AZ12: =IF(_xlfn.XLOOKUP($B12,'ELC TECH'!$H:$H,'ELC TECH'!$E:$E)="Storage","",_xlfn.XLOOKUP($B12,'ELC TECH'!$H:$H,'ELC TECH'!AU:AU)) -> 0.66 | BA12: =IF(_xlfn.XLOOKUP($B12,'ELC TECH'!$H:$H,'ELC TECH'!$E:$E)="Storage","",_xlfn.XLOOKUP($B12,'ELC TECH'!$H:$H,'ELC TECH'!AV:AV)) -> 0.66 | BB12: =IF(_xlfn.XLOOKUP($B12,'ELC TECH'!$H:$H,'ELC TECH'!$E:$E)="Storage","",_xlfn.XLOOKUP($B12,'ELC TECH'!$H:$H,'ELC TECH'!AW:AW)) -> 0.66 | BC12: =IF(_xlfn.XLOOKUP($B12,'ELC TECH'!$H:$H,'ELC TECH'!$E:$E)="Storage","",_xlfn.XLOOKUP($B12,'ELC TECH'!$H:$H,'ELC TECH'!AX:AX)) -> 0.66 | BD12: =IF(_xlfn.XLOOKUP($B12,'ELC TECH'!$H:$H,'ELC TECH'!$E:$E)="Storage","",_xlfn.XLOOKUP($B12,'ELC TECH'!$H:$H,'ELC TECH'!AY:AY)) -> 0.66 | BE12: =IF(_xlfn.XLOOKUP($B12,'ELC TECH'!$H:$H,'ELC TECH'!$E:$E)="Storage","",_xlfn.XLOOKUP($B12,'ELC TECH'!$H:$H,'ELC TECH'!AZ:AZ)) -> 0.66 | BF12: =IF(_xlfn.XLOOKUP($B12,'ELC TECH'!$H:$H,'ELC TECH'!$E:$E)="Storage",_xlfn.XLOOKUP($B12,'ELC TECH'!$H:$H,'ELC TECH'!AS:AS),"") | BG12: =IF(_xlfn.XLOOKUP($B12,'ELC TECH'!$H:$H,'ELC TECH'!$E:$E)="Storage",_xlfn.XLOOKUP($B12,'ELC TECH'!$H:$H,'ELC TECH'!AT:AT),"") | BH12: =IF(_xlfn.XLOOKUP($B12,'ELC TECH'!$H:$H,'ELC TECH'!$E:$E)="Storage",_xlfn.XLOOKUP($B12,'ELC TECH'!$H:$H,'ELC TECH'!AU:AU),"") | BI12: =IF(_xlfn.XLOOKUP($B12,'ELC TECH'!$H:$H,'ELC TECH'!$E:$E)="Storage",_xlfn.XLOOKUP($B12,'ELC TECH'!$H:$H,'ELC TECH'!AV:AV),"") | BJ12: =IF(_xlfn.XLOOKUP($B12,'ELC TECH'!$H:$H,'ELC TECH'!$E:$E)="Storage",_xlfn.XLOOKUP($B12,'ELC TECH'!$H:$H,'ELC TECH'!AW:AW),"") | BK12: =IF(_xlfn.XLOOKUP($B12,'ELC TECH'!$H:$H,'ELC TECH'!$E:$E)="Storage",_xlfn.XLOOKUP($B12,'ELC TECH'!$H:$H,'ELC TECH'!AX:AX),"") | BL12: =IF(_xlfn.XLOOKUP($B12,'ELC TECH'!$H:$H,'ELC TECH'!$E:$E)="Storage",_xlfn.XLOOKUP($B12,'ELC TECH'!$H:$H,'ELC TECH'!AY:AY),"") | BM12: =IF(_xlfn.XLOOKUP($B12,'ELC TECH'!$H:$H,'ELC TECH'!$E:$E)="Storage",_xlfn.XLOOKUP($B12,'ELC TECH'!$H:$H,'ELC TECH'!AZ:AZ),"") | BN12: =IF(_xlfn.XLOOKUP($B12,'ELC TECH'!$H:$H,'ELC TECH'!$E:$E)="Non Dispatchable",IFERROR($AX12*_xlfn.XLOOKUP($C12,$BM$1:$BM$3,BN$1:BN$3)/SUMPRODUCT(_xlfn.XLOOKUP($C12,$BM$1:$BM$3,$BN$1:$BY$3),$BN$4:$BY$4),""), "") | BO12: =IF(_xlfn.XLOOKUP($B12,'ELC TECH'!$H:$H,'ELC TECH'!$E:$E)="Non Dispatchable",IFERROR($AX12*_xlfn.XLOOKUP($C12,$BM$1:$BM$3,BO$1:BO$3)/SUMPRODUCT(_xlfn.XLOOKUP($C12,$BM$1:$BM$3,$BN$1:$BY$3),$BN$4:$BY$4),""), "") | BP12: =IF(_xlfn.XLOOKUP($B12,'ELC TECH'!$H:$H,'ELC TECH'!$E:$E)="Non Dispatchable",IFERROR($AX12*_xlfn.XLOOKUP($C12,$BM$1:$BM$3,BP$1:BP$3)/SUMPRODUCT(_xlfn.XLOOKUP($C12,$BM$1:$BM$3,$BN$1:$BY$3),$BN$4:$BY$4),""), "") | BQ12: =IF(_xlfn.XLOOKUP($B12,'ELC TECH'!$H:$H,'ELC TECH'!$E:$E)="Non Dispatchable",IFERROR($AX12*_xlfn.XLOOKUP($C12,$BM$1:$BM$3,BQ$1:BQ$3)/SUMPRODUCT(_xlfn.XLOOKUP($C12,$BM$1:$BM$3,$BN$1:$BY$3),$BN$4:$BY$4),""), "") | BR12: =IF(_xlfn.XLOOKUP($B12,'ELC TECH'!$H:$H,'ELC TECH'!$E:$E)="Non Dispatchable",IFERROR($AX12*_xlfn.XLOOKUP($C12,$BM$1:$BM$3,BR$1:BR$3)/SUMPRODUCT(_xlfn.XLOOKUP($C12,$BM$1:$BM$3,$BN$1:$BY$3),$BN$4:$BY$4),""), "") | BS12: =IF(_xlfn.XLOOKUP($B12,'ELC TECH'!$H:$H,'ELC TECH'!$E:$E)="Non Dispatchable",IFERROR($AX12*_xlfn.XLOOKUP($C12,$BM$1:$BM$3,BS$1:BS$3)/SUMPRODUCT(_xlfn.XLOOKUP($C12,$BM$1:$BM$3,$BN$1:$BY$3),$BN$4:$BY$4),""), "") | BT12: =IF(_xlfn.XLOOKUP($B12,'ELC TECH'!$H:$H,'ELC TECH'!$E:$E)="Non Dispatchable",IFERROR($AX12*_xlfn.XLOOKUP($C12,$BM$1:$BM$3,BT$1:BT$3)/SUMPRODUCT(_xlfn.XLOOKUP($C12,$BM$1:$BM$3,$BN$1:$BY$3),$BN$4:$BY$4),""), "") | BU12: =IF(_xlfn.XLOOKUP($B12,'ELC TECH'!$H:$H,'ELC TECH'!$E:$E)="Non Dispatchable",IFERROR($AX12*_xlfn.XLOOKUP($C12,$BM$1:$BM$3,BU$1:BU$3)/SUMPRODUCT(_xlfn.XLOOKUP($C12,$BM$1:$BM$3,$BN$1:$BY$3),$BN$4:$BY$4),""), "") | ... CK12: =IF(_xlfn.XLOOKUP($B12,'ELC TECH'!$H:$H,'ELC TECH'!$E:$E)="Non Dispatchable",IFERROR($AX12*_xlfn.XLOOKUP($C12,$BM$1:$BM$3,CK$1:CK$3)/SUMPRODUCT(_xlfn.XLOOKUP($C12,$BM$1:$BM$3,$BN$1:$BY$3),$BN$4:$BY$4),""), "") | CL12: =IF(_xlfn.XLOOKUP($B12,'ELC TECH'!$H:$H,'ELC TECH'!$E:$E)="Storage",CL$4*$BF12,"") | CM12: =IF(_xlfn.XLOOKUP($B12,'ELC TECH'!$H:$H,'ELC TECH'!$E:$E)="Storage",CM$4*$BF12,"") | CN12: =IF(_xlfn.XLOOKUP($B12,'ELC TECH'!$H:$H,'ELC TECH'!$E:$E)="Storage",CN$4*$BF12,"") | CO12: =IF(_xlfn.XLOOKUP($B12,'ELC TECH'!$H:$H,'ELC TECH'!$E:$E)="Storage",CO$4*$BF12,"") | CP12: =IF(_xlfn.XLOOKUP($B12,'ELC TECH'!$H:$H,'ELC TECH'!$E:$E)="Storage",CP$4*$BF12,"") | CQ12: =IF(_xlfn.XLOOKUP($B12,'ELC TECH'!$H:$H,'ELC TECH'!$E:$E)="Storage",CQ$4*$BF12,"") | CR12: =IF(_xlfn.XLOOKUP($B12,'ELC TECH'!$H:$H,'ELC TECH'!$E:$E)="Storage",CR$4*$BF12,"") | CS12: =IF(_xlfn.XLOOKUP($B12,'ELC TECH'!$H:$H,'ELC TECH'!$E:$E)="Storage",CS$4*$BF12,"") | ... DI12: =IF(_xlfn.XLOOKUP($B12,'ELC TECH'!$H:$H,'ELC TECH'!$E:$E)="Storage",DI$4*$BF12,"")
B13: =IF('ELC TECH'!I6=0,"*",'ELC TECH'!H6) -> ELCHYDGRDHNSDC320 | C13: =IF(_xlfn.XLOOKUP(_xlfn.XLOOKUP(B13,'ELC TECH'!$H:$H,'ELC TECH'!$G:$G),List!C:C,List!B:B)="STG",D13,"ELC"&_xlfn.XLOOKUP(_xlfn.XLOOKUP(B13,'ELC TECH'!H:H,'ELC TECH'!G:G),List!C:C,List!B:B)) -> ELCHYD | D13: CELC | E13: =_xlfn.XLOOKUP(B13,'ELC TECH'!H:H,'ELC TECH'!D:D) -> 2020 | F13: =_xlfn.XLOOKUP(B13,'ELC TECH'!H:H,'ELC TECH'!K:K) -> 100 | G13: =8760*0.0036 -> 31.536 | H13: =IF(_xlfn.XLOOKUP(B13,'ELC TECH'!$H:$H,'ELC TECH'!$E:$E)="Storage",0.3,IF(_xlfn.XLOOKUP(B13,'ELC TECH'!$H:$H,'ELC TECH'!$E:$E)="Baseload",0.9,IF(_xlfn.XLOOKUP(B13,'ELC TECH'!$H:$H,'ELC TECH'!$E:$E)="Non Dispatchable",0.05,IF(_xlfn.XLOOKUP(B13,'ELC TECH'!$H:$H,'ELC TECH'!$E:$E)="Dispatchable",0.9,1)))) -> 0.9 | I13: =IF(_xlfn.XLOOKUP(B13,'ELC TECH'!H:H,'ELC TECH'!J:J)="","",_xlfn.XLOOKUP(B13,'ELC TECH'!H:H,'ELC TECH'!J:J)) -> 0 | J13: =IF(_xlfn.XLOOKUP($B13,'ELC TECH'!$H:$H,'ELC TECH'!$E:$E)="Storage","",IF(_xlfn.XLOOKUP($B13,'ELC TECH'!$H:$H,'ELC TECH'!AK:AK)="",1,_xlfn.XLOOKUP($B13,'ELC TECH'!$H:$H,'ELC TECH'!AK:AK))) -> 1 | K13: =IF(_xlfn.XLOOKUP($B13,'ELC TECH'!$H:$H,'ELC TECH'!$E:$E)="Storage","",IF(_xlfn.XLOOKUP($B13,'ELC TECH'!$H:$H,'ELC TECH'!AL:AL)="",1,_xlfn.XLOOKUP($B13,'ELC TECH'!$H:$H,'ELC TECH'!AL:AL))) -> 1 | L13: =IF(_xlfn.XLOOKUP($B13,'ELC TECH'!$H:$H,'ELC TECH'!$E:$E)="Storage","",IF(_xlfn.XLOOKUP($B13,'ELC TECH'!$H:$H,'ELC TECH'!AM:AM)="",1,_xlfn.XLOOKUP($B13,'ELC TECH'!$H:$H,'ELC TECH'!AM:AM))) -> 1 | M13: =IF(_xlfn.XLOOKUP($B13,'ELC TECH'!$H:$H,'ELC TECH'!$E:$E)="Storage","",IF(_xlfn.XLOOKUP($B13,'ELC TECH'!$H:$H,'ELC TECH'!AN:AN)="",1,_xlfn.XLOOKUP($B13,'ELC TECH'!$H:$H,'ELC TECH'!AN:AN))) -> 1 | N13: =IF(_xlfn.XLOOKUP($B13,'ELC TECH'!$H:$H,'ELC TECH'!$E:$E)="Storage","",IF(_xlfn.XLOOKUP($B13,'ELC TECH'!$H:$H,'ELC TECH'!AO:AO)="",1,_xlfn.XLOOKUP($B13,'ELC TECH'!$H:$H,'ELC TECH'!AO:AO))) -> 1 | O13: =IF(_xlfn.XLOOKUP($B13,'ELC TECH'!$H:$H,'ELC TECH'!$E:$E)="Storage","",IF(_xlfn.XLOOKUP($B13,'ELC TECH'!$H:$H,'ELC TECH'!AP:AP)="",1,_xlfn.XLOOKUP($B13,'ELC TECH'!$H:$H,'ELC TECH'!AP:AP))) -> 1 | P13: =IF(_xlfn.XLOOKUP($B13,'ELC TECH'!$H:$H,'ELC TECH'!$E:$E)="Storage","",IF(_xlfn.XLOOKUP($B13,'ELC TECH'!$H:$H,'ELC TECH'!AQ:AQ)="",1,_xlfn.XLOOKUP($B13,'ELC TECH'!$H:$H,'ELC TECH'!AQ:AQ))) -> 1 | Q13: =IF(_xlfn.XLOOKUP($B13,'ELC TECH'!$H:$H,'ELC TECH'!$E:$E)="Storage","",IF(_xlfn.XLOOKUP($B13,'ELC TECH'!$H:$H,'ELC TECH'!AR:AR)="",1,_xlfn.XLOOKUP($B13,'ELC TECH'!$H:$H,'ELC TECH'!AR:AR))) -> 1 | R13: =IF(_xlfn.XLOOKUP($B13,'ELC TECH'!$H:$H,'ELC TECH'!$E:$E)<>"Storage","",IF(_xlfn.XLOOKUP($B13,'ELC TECH'!$H:$H,'ELC TECH'!AK:AK)="",0.8,_xlfn.XLOOKUP($B13,'ELC TECH'!$H:$H,'ELC TECH'!AK:AK))) | S13: =IF(_xlfn.XLOOKUP($B13,'ELC TECH'!$H:$H,'ELC TECH'!$E:$E)<>"Storage","",IF(_xlfn.XLOOKUP($B13,'ELC TECH'!$H:$H,'ELC TECH'!AL:AL)="",0.8,_xlfn.XLOOKUP($B13,'ELC TECH'!$H:$H,'ELC TECH'!AL:AL))) | T13: =IF(_xlfn.XLOOKUP($B13,'ELC TECH'!$H:$H,'ELC TECH'!$E:$E)<>"Storage","",IF(_xlfn.XLOOKUP($B13,'ELC TECH'!$H:$H,'ELC TECH'!AM:AM)="",0.8,_xlfn.XLOOKUP($B13,'ELC TECH'!$H:$H,'ELC TECH'!AM:AM))) | U13: =IF(_xlfn.XLOOKUP($B13,'ELC TECH'!$H:$H,'ELC TECH'!$E:$E)<>"Storage","",IF(_xlfn.XLOOKUP($B13,'ELC TECH'!$H:$H,'ELC TECH'!AN:AN)="",0.8,_xlfn.XLOOKUP($B13,'ELC TECH'!$H:$H,'ELC TECH'!AN:AN))) | V13: =IF(_xlfn.XLOOKUP($B13,'ELC TECH'!$H:$H,'ELC TECH'!$E:$E)<>"Storage","",IF(_xlfn.XLOOKUP($B13,'ELC TECH'!$H:$H,'ELC TECH'!AO:AO)="",0.8,_xlfn.XLOOKUP($B13,'ELC TECH'!$H:$H,'ELC TECH'!AO:AO))) | W13: =IF(_xlfn.XLOOKUP($B13,'ELC TECH'!$H:$H,'ELC TECH'!$E:$E)<>"Storage","",IF(_xlfn.XLOOKUP($B13,'ELC TECH'!$H:$H,'ELC TECH'!AP:AP)="",0.8,_xlfn.XLOOKUP($B13,'ELC TECH'!$H:$H,'ELC TECH'!AP:AP))) | X13: =IF(_xlfn.XLOOKUP($B13,'ELC TECH'!$H:$H,'ELC TECH'!$E:$E)<>"Storage","",IF(_xlfn.XLOOKUP($B13,'ELC TECH'!$H:$H,'ELC TECH'!AQ:AQ)="",0.8,_xlfn.XLOOKUP($B13,'ELC TECH'!$H:$H,'ELC TECH'!AQ:AQ))) | Y13: =IF(_xlfn.XLOOKUP($B13,'ELC TECH'!$H:$H,'ELC TECH'!$E:$E)<>"Storage","",IF(_xlfn.XLOOKUP($B13,'ELC TECH'!$H:$H,'ELC TECH'!AR:AR)="",0.8,_xlfn.XLOOKUP($B13,'ELC TECH'!$H:$H,'ELC TECH'!AR:AR))) | Z13: =_xlfn.XLOOKUP($B13,'ELC TECH'!$H:$H,'ELC TECH'!M:M) -> 7842.9943 | AA13: =_xlfn.XLOOKUP($B13,'ELC TECH'!$H:$H,'ELC TECH'!N:N) -> 7842.9943 | AB13: =_xlfn.XLOOKUP($B13,'ELC TECH'!$H:$H,'ELC TECH'!O:O) -> 7842.9943 | AC13: =_xlfn.XLOOKUP($B13,'ELC TECH'!$H:$H,'ELC TECH'!P:P) -> 7842.9943 | AD13: =_xlfn.XLOOKUP($B13,'ELC TECH'!$H:$H,'ELC TECH'!Q:Q) -> 7842.9943 | AE13: =_xlfn.XLOOKUP($B13,'ELC TECH'!$H:$H,'ELC TECH'!R:R) -> 7842.9943 | AF13: =_xlfn.XLOOKUP($B13,'ELC TECH'!$H:$H,'ELC TECH'!S:S) -> 7842.9943 | AG13: =_xlfn.XLOOKUP($B13,'ELC TECH'!$H:$H,'ELC TECH'!T:T) -> 7842.9943 | AH13: =_xlfn.XLOOKUP($B13,'ELC TECH'!$H:$H,'ELC TECH'!U:U) -> 152.65344 | AI13: =_xlfn.XLOOKUP($B13,'ELC TECH'!$H:$H,'ELC TECH'!V:V) -> 152.65344 | AJ13: =_xlfn.XLOOKUP($B13,'ELC TECH'!$H:$H,'ELC TECH'!W:W) -> 152.65344 | AK13: =_xlfn.XLOOKUP($B13,'ELC TECH'!$H:$H,'ELC TECH'!X:X) -> 152.65344 | AL13: =_xlfn.XLOOKUP($B13,'ELC TECH'!$H:$H,'ELC TECH'!Y:Y) -> 152.65344 | AM13: =_xlfn.XLOOKUP($B13,'ELC TECH'!$H:$H,'ELC TECH'!Z:Z) -> 152.65344 | AN13: =_xlfn.XLOOKUP($B13,'ELC TECH'!$H:$H,'ELC TECH'!AA:AA) -> 152.65344 | AO13: =_xlfn.XLOOKUP($B13,'ELC TECH'!$H:$H,'ELC TECH'!AB:AB) -> 152.65344 | AP13: =_xlfn.XLOOKUP($B13,'ELC TECH'!$H:$H,'ELC TECH'!AC:AC) -> 0 | AQ13: =_xlfn.XLOOKUP($B13,'ELC TECH'!$H:$H,'ELC TECH'!AD:AD) -> 0 | AR13: =_xlfn.XLOOKUP($B13,'ELC TECH'!$H:$H,'ELC TECH'!AE:AE) -> 0 | AS13: =_xlfn.XLOOKUP($B13,'ELC TECH'!$H:$H,'ELC TECH'!AF:AF) -> 0 | AT13: =_xlfn.XLOOKUP($B13,'ELC TECH'!$H:$H,'ELC TECH'!AG:AG) -> 0 | AU13: =_xlfn.XLOOKUP($B13,'ELC TECH'!$H:$H,'ELC TECH'!AH:AH) -> 0 | AV13: =_xlfn.XLOOKUP($B13,'ELC TECH'!$H:$H,'ELC TECH'!AI:AI) -> 0 | AW13: =_xlfn.XLOOKUP($B13,'ELC TECH'!$H:$H,'ELC TECH'!AJ:AJ) -> 0 | AX13: =IF(_xlfn.XLOOKUP($B13,'ELC TECH'!$H:$H,'ELC TECH'!$E:$E)="Storage","",_xlfn.XLOOKUP($B13,'ELC TECH'!$H:$H,'ELC TECH'!AS:AS)) -> 0.62 | AY13: =IF(_xlfn.XLOOKUP($B13,'ELC TECH'!$H:$H,'ELC TECH'!$E:$E)="Storage","",_xlfn.XLOOKUP($B13,'ELC TECH'!$H:$H,'ELC TECH'!AT:AT)) -> 0.62 | AZ13: =IF(_xlfn.XLOOKUP($B13,'ELC TECH'!$H:$H,'ELC TECH'!$E:$E)="Storage","",_xlfn.XLOOKUP($B13,'ELC TECH'!$H:$H,'ELC TECH'!AU:AU)) -> 0.62 | BA13: =IF(_xlfn.XLOOKUP($B13,'ELC TECH'!$H:$H,'ELC TECH'!$E:$E)="Storage","",_xlfn.XLOOKUP($B13,'ELC TECH'!$H:$H,'ELC TECH'!AV:AV)) -> 0.62 | BB13: =IF(_xlfn.XLOOKUP($B13,'ELC TECH'!$H:$H,'ELC TECH'!$E:$E)="Storage","",_xlfn.XLOOKUP($B13,'ELC TECH'!$H:$H,'ELC TECH'!AW:AW)) -> 0.62 | BC13: =IF(_xlfn.XLOOKUP($B13,'ELC TECH'!$H:$H,'ELC TECH'!$E:$E)="Storage","",_xlfn.XLOOKUP($B13,'ELC TECH'!$H:$H,'ELC TECH'!AX:AX)) -> 0.62 | BD13: =IF(_xlfn.XLOOKUP($B13,'ELC TECH'!$H:$H,'ELC TECH'!$E:$E)="Storage","",_xlfn.XLOOKUP($B13,'ELC TECH'!$H:$H,'ELC TECH'!AY:AY)) -> 0.62 | BE13: =IF(_xlfn.XLOOKUP($B13,'ELC TECH'!$H:$H,'ELC TECH'!$E:$E)="Storage","",_xlfn.XLOOKUP($B13,'ELC TECH'!$H:$H,'ELC TECH'!AZ:AZ)) -> 0.62 | BF13: =IF(_xlfn.XLOOKUP($B13,'ELC TECH'!$H:$H,'ELC TECH'!$E:$E)="Storage",_xlfn.XLOOKUP($B13,'ELC TECH'!$H:$H,'ELC TECH'!AS:AS),"") | BG13: =IF(_xlfn.XLOOKUP($B13,'ELC TECH'!$H:$H,'ELC TECH'!$E:$E)="Storage",_xlfn.XLOOKUP($B13,'ELC TECH'!$H:$H,'ELC TECH'!AT:AT),"") | BH13: =IF(_xlfn.XLOOKUP($B13,'ELC TECH'!$H:$H,'ELC TECH'!$E:$E)="Storage",_xlfn.XLOOKUP($B13,'ELC TECH'!$H:$H,'ELC TECH'!AU:AU),"") | BI13: =IF(_xlfn.XLOOKUP($B13,'ELC TECH'!$H:$H,'ELC TECH'!$E:$E)="Storage",_xlfn.XLOOKUP($B13,'ELC TECH'!$H:$H,'ELC TECH'!AV:AV),"") | BJ13: =IF(_xlfn.XLOOKUP($B13,'ELC TECH'!$H:$H,'ELC TECH'!$E:$E)="Storage",_xlfn.XLOOKUP($B13,'ELC TECH'!$H:$H,'ELC TECH'!AW:AW),"") | BK13: =IF(_xlfn.XLOOKUP($B13,'ELC TECH'!$H:$H,'ELC TECH'!$E:$E)="Storage",_xlfn.XLOOKUP($B13,'ELC TECH'!$H:$H,'ELC TECH'!AX:AX),"") | BL13: =IF(_xlfn.XLOOKUP($B13,'ELC TECH'!$H:$H,'ELC TECH'!$E:$E)="Storage",_xlfn.XLOOKUP($B13,'ELC TECH'!$H:$H,'ELC TECH'!AY:AY),"") | BM13: =IF(_xlfn.XLOOKUP($B13,'ELC TECH'!$H:$H,'ELC TECH'!$E:$E)="Storage",_xlfn.XLOOKUP($B13,'ELC TECH'!$H:$H,'ELC TECH'!AZ:AZ),"") | BN13: =IF(_xlfn.XLOOKUP($B13,'ELC TECH'!$H:$H,'ELC TECH'!$E:$E)="Non Dispatchable",IFERROR($AX13*_xlfn.XLOOKUP($C13,$BM$1:$BM$3,BN$1:BN$3)/SUMPRODUCT(_xlfn.XLOOKUP($C13,$BM$1:$BM$3,$BN$1:$BY$3),$BN$4:$BY$4),""), "") | BO13: =IF(_xlfn.XLOOKUP($B13,'ELC TECH'!$H:$H,'ELC TECH'!$E:$E)="Non Dispatchable",IFERROR($AX13*_xlfn.XLOOKUP($C13,$BM$1:$BM$3,BO$1:BO$3)/SUMPRODUCT(_xlfn.XLOOKUP($C13,$BM$1:$BM$3,$BN$1:$BY$3),$BN$4:$BY$4),""), "") | BP13: =IF(_xlfn.XLOOKUP($B13,'ELC TECH'!$H:$H,'ELC TECH'!$E:$E)="Non Dispatchable",IFERROR($AX13*_xlfn.XLOOKUP($C13,$BM$1:$BM$3,BP$1:BP$3)/SUMPRODUCT(_xlfn.XLOOKUP($C13,$BM$1:$BM$3,$BN$1:$BY$3),$BN$4:$BY$4),""), "") | BQ13: =IF(_xlfn.XLOOKUP($B13,'ELC TECH'!$H:$H,'ELC TECH'!$E:$E)="Non Dispatchable",IFERROR($AX13*_xlfn.XLOOKUP($C13,$BM$1:$BM$3,BQ$1:BQ$3)/SUMPRODUCT(_xlfn.XLOOKUP($C13,$BM$1:$BM$3,$BN$1:$BY$3),$BN$4:$BY$4),""), "") | BR13: =IF(_xlfn.XLOOKUP($B13,'ELC TECH'!$H:$H,'ELC TECH'!$E:$E)="Non Dispatchable",IFERROR($AX13*_xlfn.XLOOKUP($C13,$BM$1:$BM$3,BR$1:BR$3)/SUMPRODUCT(_xlfn.XLOOKUP($C13,$BM$1:$BM$3,$BN$1:$BY$3),$BN$4:$BY$4),""), "") | BS13: =IF(_xlfn.XLOOKUP($B13,'ELC TECH'!$H:$H,'ELC TECH'!$E:$E)="Non Dispatchable",IFERROR($AX13*_xlfn.XLOOKUP($C13,$BM$1:$BM$3,BS$1:BS$3)/SUMPRODUCT(_xlfn.XLOOKUP($C13,$BM$1:$BM$3,$BN$1:$BY$3),$BN$4:$BY$4),""), "") | BT13: =IF(_xlfn.XLOOKUP($B13,'ELC TECH'!$H:$H,'ELC TECH'!$E:$E)="Non Dispatchable",IFERROR($AX13*_xlfn.XLOOKUP($C13,$BM$1:$BM$3,BT$1:BT$3)/SUMPRODUCT(_xlfn.XLOOKUP($C13,$BM$1:$BM$3,$BN$1:$BY$3),$BN$4:$BY$4),""), "") | BU13: =IF(_xlfn.XLOOKUP($B13,'ELC TECH'!$H:$H,'ELC TECH'!$E:$E)="Non Dispatchable",IFERROR($AX13*_xlfn.XLOOKUP($C13,$BM$1:$BM$3,BU$1:BU$3)/SUMPRODUCT(_xlfn.XLOOKUP($C13,$BM$1:$BM$3,$BN$1:$BY$3),$BN$4:$BY$4),""), "") | ... CK13: =IF(_xlfn.XLOOKUP($B13,'ELC TECH'!$H:$H,'ELC TECH'!$E:$E)="Non Dispatchable",IFERROR($AX13*_xlfn.XLOOKUP($C13,$BM$1:$BM$3,CK$1:CK$3)/SUMPRODUCT(_xlfn.XLOOKUP($C13,$BM$1:$BM$3,$BN$1:$BY$3),$BN$4:$BY$4),""), "") | CL13: =IF(_xlfn.XLOOKUP($B13,'ELC TECH'!$H:$H,'ELC TECH'!$E:$E)="Storage",CL$4*$BF13,"") | CM13: =IF(_xlfn.XLOOKUP($B13,'ELC TECH'!$H:$H,'ELC TECH'!$E:$E)="Storage",CM$4*$BF13,"") | CN13: =IF(_xlfn.XLOOKUP($B13,'ELC TECH'!$H:$H,'ELC TECH'!$E:$E)="Storage",CN$4*$BF13,"") | CO13: =IF(_xlfn.XLOOKUP($B13,'ELC TECH'!$H:$H,'ELC TECH'!$E:$E)="Storage",CO$4*$BF13,"") | CP13: =IF(_xlfn.XLOOKUP($B13,'ELC TECH'!$H:$H,'ELC TECH'!$E:$E)="Storage",CP$4*$BF13,"") | CQ13: =IF(_xlfn.XLOOKUP($B13,'ELC TECH'!$H:$H,'ELC TECH'!$E:$E)="Storage",CQ$4*$BF13,"") | CR13: =IF(_xlfn.XLOOKUP($B13,'ELC TECH'!$H:$H,'ELC TECH'!$E:$E)="Storage",CR$4*$BF13,"") | CS13: =IF(_xlfn.XLOOKUP($B13,'ELC TECH'!$H:$H,'ELC TECH'!$E:$E)="Storage",CS$4*$BF13,"") | ... DI13: =IF(_xlfn.XLOOKUP($B13,'ELC TECH'!$H:$H,'ELC TECH'!$E:$E)="Storage",DI$4*$BF13,"")
B14: =IF('ELC TECH'!I7=0,"*",'ELC TECH'!H7) -> ELCHYDGRDHNSDC420 | C14: =IF(_xlfn.XLOOKUP(_xlfn.XLOOKUP(B14,'ELC TECH'!$H:$H,'ELC TECH'!$G:$G),List!C:C,List!B:B)="STG",D14,"ELC"&_xlfn.XLOOKUP(_xlfn.XLOOKUP(B14,'ELC TECH'!H:H,'ELC TECH'!G:G),List!C:C,List!B:B)) -> ELCHYD | D14: CELC | E14: =_xlfn.XLOOKUP(B14,'ELC TECH'!H:H,'ELC TECH'!D:D) -> 2020 | F14: =_xlfn.XLOOKUP(B14,'ELC TECH'!H:H,'ELC TECH'!K:K) -> 100 | G14: =8760*0.0036 -> 31.536 | H14: =IF(_xlfn.XLOOKUP(B14,'ELC TECH'!$H:$H,'ELC TECH'!$E:$E)="Storage",0.3,IF(_xlfn.XLOOKUP(B14,'ELC TECH'!$H:$H,'ELC TECH'!$E:$E)="Baseload",0.9,IF(_xlfn.XLOOKUP(B14,'ELC TECH'!$H:$H,'ELC TECH'!$E:$E)="Non Dispatchable",0.05,IF(_xlfn.XLOOKUP(B14,'ELC TECH'!$H:$H,'ELC TECH'!$E:$E)="Dispatchable",0.9,1)))) -> 0.9 | I14: =IF(_xlfn.XLOOKUP(B14,'ELC TECH'!H:H,'ELC TECH'!J:J)="","",_xlfn.XLOOKUP(B14,'ELC TECH'!H:H,'ELC TECH'!J:J)) -> 0 | J14: =IF(_xlfn.XLOOKUP($B14,'ELC TECH'!$H:$H,'ELC TECH'!$E:$E)="Storage","",IF(_xlfn.XLOOKUP($B14,'ELC TECH'!$H:$H,'ELC TECH'!AK:AK)="",1,_xlfn.XLOOKUP($B14,'ELC TECH'!$H:$H,'ELC TECH'!AK:AK))) -> 1 | K14: =IF(_xlfn.XLOOKUP($B14,'ELC TECH'!$H:$H,'ELC TECH'!$E:$E)="Storage","",IF(_xlfn.XLOOKUP($B14,'ELC TECH'!$H:$H,'ELC TECH'!AL:AL)="",1,_xlfn.XLOOKUP($B14,'ELC TECH'!$H:$H,'ELC TECH'!AL:AL))) -> 1 | L14: =IF(_xlfn.XLOOKUP($B14,'ELC TECH'!$H:$H,'ELC TECH'!$E:$E)="Storage","",IF(_xlfn.XLOOKUP($B14,'ELC TECH'!$H:$H,'ELC TECH'!AM:AM)="",1,_xlfn.XLOOKUP($B14,'ELC TECH'!$H:$H,'ELC TECH'!AM:AM))) -> 1 | M14: =IF(_xlfn.XLOOKUP($B14,'ELC TECH'!$H:$H,'ELC TECH'!$E:$E)="Storage","",IF(_xlfn.XLOOKUP($B14,'ELC TECH'!$H:$H,'ELC TECH'!AN:AN)="",1,_xlfn.XLOOKUP($B14,'ELC TECH'!$H:$H,'ELC TECH'!AN:AN))) -> 1 | N14: =IF(_xlfn.XLOOKUP($B14,'ELC TECH'!$H:$H,'ELC TECH'!$E:$E)="Storage","",IF(_xlfn.XLOOKUP($B14,'ELC TECH'!$H:$H,'ELC TECH'!AO:AO)="",1,_xlfn.XLOOKUP($B14,'ELC TECH'!$H:$H,'ELC TECH'!AO:AO))) -> 1 | O14: =IF(_xlfn.XLOOKUP($B14,'ELC TECH'!$H:$H,'ELC TECH'!$E:$E)="Storage","",IF(_xlfn.XLOOKUP($B14,'ELC TECH'!$H:$H,'ELC TECH'!AP:AP)="",1,_xlfn.XLOOKUP($B14,'ELC TECH'!$H:$H,'ELC TECH'!AP:AP))) -> 1 | P14: =IF(_xlfn.XLOOKUP($B14,'ELC TECH'!$H:$H,'ELC TECH'!$E:$E)="Storage","",IF(_xlfn.XLOOKUP($B14,'ELC TECH'!$H:$H,'ELC TECH'!AQ:AQ)="",1,_xlfn.XLOOKUP($B14,'ELC TECH'!$H:$H,'ELC TECH'!AQ:AQ))) -> 1 | Q14: =IF(_xlfn.XLOOKUP($B14,'ELC TECH'!$H:$H,'ELC TECH'!$E:$E)="Storage","",IF(_xlfn.XLOOKUP($B14,'ELC TECH'!$H:$H,'ELC TECH'!AR:AR)="",1,_xlfn.XLOOKUP($B14,'ELC TECH'!$H:$H,'ELC TECH'!AR:AR))) -> 1 | R14: =IF(_xlfn.XLOOKUP($B14,'ELC TECH'!$H:$H,'ELC TECH'!$E:$E)<>"Storage","",IF(_xlfn.XLOOKUP($B14,'ELC TECH'!$H:$H,'ELC TECH'!AK:AK)="",0.8,_xlfn.XLOOKUP($B14,'ELC TECH'!$H:$H,'ELC TECH'!AK:AK))) | S14: =IF(_xlfn.XLOOKUP($B14,'ELC TECH'!$H:$H,'ELC TECH'!$E:$E)<>"Storage","",IF(_xlfn.XLOOKUP($B14,'ELC TECH'!$H:$H,'ELC TECH'!AL:AL)="",0.8,_xlfn.XLOOKUP($B14,'ELC TECH'!$H:$H,'ELC TECH'!AL:AL))) | T14: =IF(_xlfn.XLOOKUP($B14,'ELC TECH'!$H:$H,'ELC TECH'!$E:$E)<>"Storage","",IF(_xlfn.XLOOKUP($B14,'ELC TECH'!$H:$H,'ELC TECH'!AM:AM)="",0.8,_xlfn.XLOOKUP($B14,'ELC TECH'!$H:$H,'ELC TECH'!AM:AM))) | U14: =IF(_xlfn.XLOOKUP($B14,'ELC TECH'!$H:$H,'ELC TECH'!$E:$E)<>"Storage","",IF(_xlfn.XLOOKUP($B14,'ELC TECH'!$H:$H,'ELC TECH'!AN:AN)="",0.8,_xlfn.XLOOKUP($B14,'ELC TECH'!$H:$H,'ELC TECH'!AN:AN))) | V14: =IF(_xlfn.XLOOKUP($B14,'ELC TECH'!$H:$H,'ELC TECH'!$E:$E)<>"Storage","",IF(_xlfn.XLOOKUP($B14,'ELC TECH'!$H:$H,'ELC TECH'!AO:AO)="",0.8,_xlfn.XLOOKUP($B14,'ELC TECH'!$H:$H,'ELC TECH'!AO:AO))) | W14: =IF(_xlfn.XLOOKUP($B14,'ELC TECH'!$H:$H,'ELC TECH'!$E:$E)<>"Storage","",IF(_xlfn.XLOOKUP($B14,'ELC TECH'!$H:$H,'ELC TECH'!AP:AP)="",0.8,_xlfn.XLOOKUP($B14,'ELC TECH'!$H:$H,'ELC TECH'!AP:AP))) | X14: =IF(_xlfn.XLOOKUP($B14,'ELC TECH'!$H:$H,'ELC TECH'!$E:$E)<>"Storage","",IF(_xlfn.XLOOKUP($B14,'ELC TECH'!$H:$H,'ELC TECH'!AQ:AQ)="",0.8,_xlfn.XLOOKUP($B14,'ELC TECH'!$H:$H,'ELC TECH'!AQ:AQ))) | Y14: =IF(_xlfn.XLOOKUP($B14,'ELC TECH'!$H:$H,'ELC TECH'!$E:$E)<>"Storage","",IF(_xlfn.XLOOKUP($B14,'ELC TECH'!$H:$H,'ELC TECH'!AR:AR)="",0.8,_xlfn.XLOOKUP($B14,'ELC TECH'!$H:$H,'ELC TECH'!AR:AR))) | Z14: =_xlfn.XLOOKUP($B14,'ELC TECH'!$H:$H,'ELC TECH'!M:M) -> 7060.5041 | AA14: =_xlfn.XLOOKUP($B14,'ELC TECH'!$H:$H,'ELC TECH'!N:N) -> 7060.5041 | AB14: =_xlfn.XLOOKUP($B14,'ELC TECH'!$H:$H,'ELC TECH'!O:O) -> 7060.5041 | AC14: =_xlfn.XLOOKUP($B14,'ELC TECH'!$H:$H,'ELC TECH'!P:P) -> 7060.5041 | AD14: =_xlfn.XLOOKUP($B14,'ELC TECH'!$H:$H,'ELC TECH'!Q:Q) -> 7060.5041 | AE14: =_xlfn.XLOOKUP($B14,'ELC TECH'!$H:$H,'ELC TECH'!R:R) -> 7060.5041 | AF14: =_xlfn.XLOOKUP($B14,'ELC TECH'!$H:$H,'ELC TECH'!S:S) -> 7060.5041 | AG14: =_xlfn.XLOOKUP($B14,'ELC TECH'!$H:$H,'ELC TECH'!T:T) -> 7060.5041 | AH14: =_xlfn.XLOOKUP($B14,'ELC TECH'!$H:$H,'ELC TECH'!U:U) -> 37.315284 | AI14: =_xlfn.XLOOKUP($B14,'ELC TECH'!$H:$H,'ELC TECH'!V:V) -> 37.315284 | AJ14: =_xlfn.XLOOKUP($B14,'ELC TECH'!$H:$H,'ELC TECH'!W:W) -> 37.315284 | AK14: =_xlfn.XLOOKUP($B14,'ELC TECH'!$H:$H,'ELC TECH'!X:X) -> 37.315284 | AL14: =_xlfn.XLOOKUP($B14,'ELC TECH'!$H:$H,'ELC TECH'!Y:Y) -> 37.315284 | AM14: =_xlfn.XLOOKUP($B14,'ELC TECH'!$H:$H,'ELC TECH'!Z:Z) -> 37.315284 | AN14: =_xlfn.XLOOKUP($B14,'ELC TECH'!$H:$H,'ELC TECH'!AA:AA) -> 37.315284 | AO14: =_xlfn.XLOOKUP($B14,'ELC TECH'!$H:$H,'ELC TECH'!AB:AB) -> 37.315284 | AP14: =_xlfn.XLOOKUP($B14,'ELC TECH'!$H:$H,'ELC TECH'!AC:AC) -> 0 | AQ14: =_xlfn.XLOOKUP($B14,'ELC TECH'!$H:$H,'ELC TECH'!AD:AD) -> 0 | AR14: =_xlfn.XLOOKUP($B14,'ELC TECH'!$H:$H,'ELC TECH'!AE:AE) -> 0 | AS14: =_xlfn.XLOOKUP($B14,'ELC TECH'!$H:$H,'ELC TECH'!AF:AF) -> 0 | AT14: =_xlfn.XLOOKUP($B14,'ELC TECH'!$H:$H,'ELC TECH'!AG:AG) -> 0 | AU14: =_xlfn.XLOOKUP($B14,'ELC TECH'!$H:$H,'ELC TECH'!AH:AH) -> 0 | AV14: =_xlfn.XLOOKUP($B14,'ELC TECH'!$H:$H,'ELC TECH'!AI:AI) -> 0 | AW14: =_xlfn.XLOOKUP($B14,'ELC TECH'!$H:$H,'ELC TECH'!AJ:AJ) -> 0 | AX14: =IF(_xlfn.XLOOKUP($B14,'ELC TECH'!$H:$H,'ELC TECH'!$E:$E)="Storage","",_xlfn.XLOOKUP($B14,'ELC TECH'!$H:$H,'ELC TECH'!AS:AS)) -> 0.66 | AY14: =IF(_xlfn.XLOOKUP($B14,'ELC TECH'!$H:$H,'ELC TECH'!$E:$E)="Storage","",_xlfn.XLOOKUP($B14,'ELC TECH'!$H:$H,'ELC TECH'!AT:AT)) -> 0.66 | AZ14: =IF(_xlfn.XLOOKUP($B14,'ELC TECH'!$H:$H,'ELC TECH'!$E:$E)="Storage","",_xlfn.XLOOKUP($B14,'ELC TECH'!$H:$H,'ELC TECH'!AU:AU)) -> 0.66 | BA14: =IF(_xlfn.XLOOKUP($B14,'ELC TECH'!$H:$H,'ELC TECH'!$E:$E)="Storage","",_xlfn.XLOOKUP($B14,'ELC TECH'!$H:$H,'ELC TECH'!AV:AV)) -> 0.66 | BB14: =IF(_xlfn.XLOOKUP($B14,'ELC TECH'!$H:$H,'ELC TECH'!$E:$E)="Storage","",_xlfn.XLOOKUP($B14,'ELC TECH'!$H:$H,'ELC TECH'!AW:AW)) -> 0.66 | BC14: =IF(_xlfn.XLOOKUP($B14,'ELC TECH'!$H:$H,'ELC TECH'!$E:$E)="Storage","",_xlfn.XLOOKUP($B14,'ELC TECH'!$H:$H,'ELC TECH'!AX:AX)) -> 0.66 | BD14: =IF(_xlfn.XLOOKUP($B14,'ELC TECH'!$H:$H,'ELC TECH'!$E:$E)="Storage","",_xlfn.XLOOKUP($B14,'ELC TECH'!$H:$H,'ELC TECH'!AY:AY)) -> 0.66 | BE14: =IF(_xlfn.XLOOKUP($B14,'ELC TECH'!$H:$H,'ELC TECH'!$E:$E)="Storage","",_xlfn.XLOOKUP($B14,'ELC TECH'!$H:$H,'ELC TECH'!AZ:AZ)) -> 0.66 | BF14: =IF(_xlfn.XLOOKUP($B14,'ELC TECH'!$H:$H,'ELC TECH'!$E:$E)="Storage",_xlfn.XLOOKUP($B14,'ELC TECH'!$H:$H,'ELC TECH'!AS:AS),"") | BG14: =IF(_xlfn.XLOOKUP($B14,'ELC TECH'!$H:$H,'ELC TECH'!$E:$E)="Storage",_xlfn.XLOOKUP($B14,'ELC TECH'!$H:$H,'ELC TECH'!AT:AT),"") | BH14: =IF(_xlfn.XLOOKUP($B14,'ELC TECH'!$H:$H,'ELC TECH'!$E:$E)="Storage",_xlfn.XLOOKUP($B14,'ELC TECH'!$H:$H,'ELC TECH'!AU:AU),"") | BI14: =IF(_xlfn.XLOOKUP($B14,'ELC TECH'!$H:$H,'ELC TECH'!$E:$E)="Storage",_xlfn.XLOOKUP($B14,'ELC TECH'!$H:$H,'ELC TECH'!AV:AV),"") | BJ14: =IF(_xlfn.XLOOKUP($B14,'ELC TECH'!$H:$H,'ELC TECH'!$E:$E)="Storage",_xlfn.XLOOKUP($B14,'ELC TECH'!$H:$H,'ELC TECH'!AW:AW),"") | BK14: =IF(_xlfn.XLOOKUP($B14,'ELC TECH'!$H:$H,'ELC TECH'!$E:$E)="Storage",_xlfn.XLOOKUP($B14,'ELC TECH'!$H:$H,'ELC TECH'!AX:AX),"") | BL14: =IF(_xlfn.XLOOKUP($B14,'ELC TECH'!$H:$H,'ELC TECH'!$E:$E)="Storage",_xlfn.XLOOKUP($B14,'ELC TECH'!$H:$H,'ELC TECH'!AY:AY),"") | BM14: =IF(_xlfn.XLOOKUP($B14,'ELC TECH'!$H:$H,'ELC TECH'!$E:$E)="Storage",_xlfn.XLOOKUP($B14,'ELC TECH'!$H:$H,'ELC TECH'!AZ:AZ),"") | BN14: =IF(_xlfn.XLOOKUP($B14,'ELC TECH'!$H:$H,'ELC TECH'!$E:$E)="Non Dispatchable",IFERROR($AX14*_xlfn.XLOOKUP($C14,$BM$1:$BM$3,BN$1:BN$3)/SUMPRODUCT(_xlfn.XLOOKUP($C14,$BM$1:$BM$3,$BN$1:$BY$3),$BN$4:$BY$4),""), "") | BO14: =IF(_xlfn.XLOOKUP($B14,'ELC TECH'!$H:$H,'ELC TECH'!$E:$E)="Non Dispatchable",IFERROR($AX14*_xlfn.XLOOKUP($C14,$BM$1:$BM$3,BO$1:BO$3)/SUMPRODUCT(_xlfn.XLOOKUP($C14,$BM$1:$BM$3,$BN$1:$BY$3),$BN$4:$BY$4),""), "") | BP14: =IF(_xlfn.XLOOKUP($B14,'ELC TECH'!$H:$H,'ELC TECH'!$E:$E)="Non Dispatchable",IFERROR($AX14*_xlfn.XLOOKUP($C14,$BM$1:$BM$3,BP$1:BP$3)/SUMPRODUCT(_xlfn.XLOOKUP($C14,$BM$1:$BM$3,$BN$1:$BY$3),$BN$4:$BY$4),""), "") | BQ14: =IF(_xlfn.XLOOKUP($B14,'ELC TECH'!$H:$H,'ELC TECH'!$E:$E)="Non Dispatchable",IFERROR($AX14*_xlfn.XLOOKUP($C14,$BM$1:$BM$3,BQ$1:BQ$3)/SUMPRODUCT(_xlfn.XLOOKUP($C14,$BM$1:$BM$3,$BN$1:$BY$3),$BN$4:$BY$4),""), "") | BR14: =IF(_xlfn.XLOOKUP($B14,'ELC TECH'!$H:$H,'ELC TECH'!$E:$E)="Non Dispatchable",IFERROR($AX14*_xlfn.XLOOKUP($C14,$BM$1:$BM$3,BR$1:BR$3)/SUMPRODUCT(_xlfn.XLOOKUP($C14,$BM$1:$BM$3,$BN$1:$BY$3),$BN$4:$BY$4),""), "") | BS14: =IF(_xlfn.XLOOKUP($B14,'ELC TECH'!$H:$H,'ELC TECH'!$E:$E)="Non Dispatchable",IFERROR($AX14*_xlfn.XLOOKUP($C14,$BM$1:$BM$3,BS$1:BS$3)/SUMPRODUCT(_xlfn.XLOOKUP($C14,$BM$1:$BM$3,$BN$1:$BY$3),$BN$4:$BY$4),""), "") | BT14: =IF(_xlfn.XLOOKUP($B14,'ELC TECH'!$H:$H,'ELC TECH'!$E:$E)="Non Dispatchable",IFERROR($AX14*_xlfn.XLOOKUP($C14,$BM$1:$BM$3,BT$1:BT$3)/SUMPRODUCT(_xlfn.XLOOKUP($C14,$BM$1:$BM$3,$BN$1:$BY$3),$BN$4:$BY$4),""), "") | BU14: =IF(_xlfn.XLOOKUP($B14,'ELC TECH'!$H:$H,'ELC TECH'!$E:$E)="Non Dispatchable",IFERROR($AX14*_xlfn.XLOOKUP($C14,$BM$1:$BM$3,BU$1:BU$3)/SUMPRODUCT(_xlfn.XLOOKUP($C14,$BM$1:$BM$3,$BN$1:$BY$3),$BN$4:$BY$4),""), "") | ... CK14: =IF(_xlfn.XLOOKUP($B14,'ELC TECH'!$H:$H,'ELC TECH'!$E:$E)="Non Dispatchable",IFERROR($AX14*_xlfn.XLOOKUP($C14,$BM$1:$BM$3,CK$1:CK$3)/SUMPRODUCT(_xlfn.XLOOKUP($C14,$BM$1:$BM$3,$BN$1:$BY$3),$BN$4:$BY$4),""), "") | CL14: =IF(_xlfn.XLOOKUP($B14,'ELC TECH'!$H:$H,'ELC TECH'!$E:$E)="Storage",CL$4*$BF14,"") | CM14: =IF(_xlfn.XLOOKUP($B14,'ELC TECH'!$H:$H,'ELC TECH'!$E:$E)="Storage",CM$4*$BF14,"") | CN14: =IF(_xlfn.XLOOKUP($B14,'ELC TECH'!$H:$H,'ELC TECH'!$E:$E)="Storage",CN$4*$BF14,"") | CO14: =IF(_xlfn.XLOOKUP($B14,'ELC TECH'!$H:$H,'ELC TECH'!$E:$E)="Storage",CO$4*$BF14,"") | CP14: =IF(_xlfn.XLOOKUP($B14,'ELC TECH'!$H:$H,'ELC TECH'!$E:$E)="Storage",CP$4*$BF14,"") | CQ14: =IF(_xlfn.XLOOKUP($B14,'ELC TECH'!$H:$H,'ELC TECH'!$E:$E)="Storage",CQ$4*$BF14,"") | CR14: =IF(_xlfn.XLOOKUP($B14,'ELC TECH'!$H:$H,'ELC TECH'!$E:$E)="Storage",CR$4*$BF14,"") | CS14: =IF(_xlfn.XLOOKUP($B14,'ELC TECH'!$H:$H,'ELC TECH'!$E:$E)="Storage",CS$4*$BF14,"") | ... DI14: =IF(_xlfn.XLOOKUP($B14,'ELC TECH'!$H:$H,'ELC TECH'!$E:$E)="Storage",DI$4*$BF14,"")
B15: =IF('ELC TECH'!I8=0,"*",'ELC TECH'!H8) -> ELCHYDGRDHNSDC520 | C15: =IF(_xlfn.XLOOKUP(_xlfn.XLOOKUP(B15,'ELC TECH'!$H:$H,'ELC TECH'!$G:$G),List!C:C,List!B:B)="STG",D15,"ELC"&_xlfn.XLOOKUP(_xlfn.XLOOKUP(B15,'ELC TECH'!H:H,'ELC TECH'!G:G),List!C:C,List!B:B)) -> ELCHYD | D15: CELC | E15: =_xlfn.XLOOKUP(B15,'ELC TECH'!H:H,'ELC TECH'!D:D) -> 2020 | F15: =_xlfn.XLOOKUP(B15,'ELC TECH'!H:H,'ELC TECH'!K:K) -> 100 | G15: =8760*0.0036 -> 31.536 | H15: =IF(_xlfn.XLOOKUP(B15,'ELC TECH'!$H:$H,'ELC TECH'!$E:$E)="Storage",0.3,IF(_xlfn.XLOOKUP(B15,'ELC TECH'!$H:$H,'ELC TECH'!$E:$E)="Baseload",0.9,IF(_xlfn.XLOOKUP(B15,'ELC TECH'!$H:$H,'ELC TECH'!$E:$E)="Non Dispatchable",0.05,IF(_xlfn.XLOOKUP(B15,'ELC TECH'!$H:$H,'ELC TECH'!$E:$E)="Dispatchable",0.9,1)))) -> 0.9 | I15: =IF(_xlfn.XLOOKUP(B15,'ELC TECH'!H:H,'ELC TECH'!J:J)="","",_xlfn.XLOOKUP(B15,'ELC TECH'!H:H,'ELC TECH'!J:J)) -> 0 | J15: =IF(_xlfn.XLOOKUP($B15,'ELC TECH'!$H:$H,'ELC TECH'!$E:$E)="Storage","",IF(_xlfn.XLOOKUP($B15,'ELC TECH'!$H:$H,'ELC TECH'!AK:AK)="",1,_xlfn.XLOOKUP($B15,'ELC TECH'!$H:$H,'ELC TECH'!AK:AK))) -> 1 | K15: =IF(_xlfn.XLOOKUP($B15,'ELC TECH'!$H:$H,'ELC TECH'!$E:$E)="Storage","",IF(_xlfn.XLOOKUP($B15,'ELC TECH'!$H:$H,'ELC TECH'!AL:AL)="",1,_xlfn.XLOOKUP($B15,'ELC TECH'!$H:$H,'ELC TECH'!AL:AL))) -> 1 | L15: =IF(_xlfn.XLOOKUP($B15,'ELC TECH'!$H:$H,'ELC TECH'!$E:$E)="Storage","",IF(_xlfn.XLOOKUP($B15,'ELC TECH'!$H:$H,'ELC TECH'!AM:AM)="",1,_xlfn.XLOOKUP($B15,'ELC TECH'!$H:$H,'ELC TECH'!AM:AM))) -> 1 | M15: =IF(_xlfn.XLOOKUP($B15,'ELC TECH'!$H:$H,'ELC TECH'!$E:$E)="Storage","",IF(_xlfn.XLOOKUP($B15,'ELC TECH'!$H:$H,'ELC TECH'!AN:AN)="",1,_xlfn.XLOOKUP($B15,'ELC TECH'!$H:$H,'ELC TECH'!AN:AN))) -> 1 | N15: =IF(_xlfn.XLOOKUP($B15,'ELC TECH'!$H:$H,'ELC TECH'!$E:$E)="Storage","",IF(_xlfn.XLOOKUP($B15,'ELC TECH'!$H:$H,'ELC TECH'!AO:AO)="",1,_xlfn.XLOOKUP($B15,'ELC TECH'!$H:$H,'ELC TECH'!AO:AO))) -> 1 | O15: =IF(_xlfn.XLOOKUP($B15,'ELC TECH'!$H:$H,'ELC TECH'!$E:$E)="Storage","",IF(_xlfn.XLOOKUP($B15,'ELC TECH'!$H:$H,'ELC TECH'!AP:AP)="",1,_xlfn.XLOOKUP($B15,'ELC TECH'!$H:$H,'ELC TECH'!AP:AP))) -> 1 | P15: =IF(_xlfn.XLOOKUP($B15,'ELC TECH'!$H:$H,'ELC TECH'!$E:$E)="Storage","",IF(_xlfn.XLOOKUP($B15,'ELC TECH'!$H:$H,'ELC TECH'!AQ:AQ)="",1,_xlfn.XLOOKUP($B15,'ELC TECH'!$H:$H,'ELC TECH'!AQ:AQ))) -> 1 | Q15: =IF(_xlfn.XLOOKUP($B15,'ELC TECH'!$H:$H,'ELC TECH'!$E:$E)="Storage","",IF(_xlfn.XLOOKUP($B15,'ELC TECH'!$H:$H,'ELC TECH'!AR:AR)="",1,_xlfn.XLOOKUP($B15,'ELC TECH'!$H:$H,'ELC TECH'!AR:AR))) -> 1 | R15: =IF(_xlfn.XLOOKUP($B15,'ELC TECH'!$H:$H,'ELC TECH'!$E:$E)<>"Storage","",IF(_xlfn.XLOOKUP($B15,'ELC TECH'!$H:$H,'ELC TECH'!AK:AK)="",0.8,_xlfn.XLOOKUP($B15,'ELC TECH'!$H:$H,'ELC TECH'!AK:AK))) | S15: =IF(_xlfn.XLOOKUP($B15,'ELC TECH'!$H:$H,'ELC TECH'!$E:$E)<>"Storage","",IF(_xlfn.XLOOKUP($B15,'ELC TECH'!$H:$H,'ELC TECH'!AL:AL)="",0.8,_xlfn.XLOOKUP($B15,'ELC TECH'!$H:$H,'ELC TECH'!AL:AL))) | T15: =IF(_xlfn.XLOOKUP($B15,'ELC TECH'!$H:$H,'ELC TECH'!$E:$E)<>"Storage","",IF(_xlfn.XLOOKUP($B15,'ELC TECH'!$H:$H,'ELC TECH'!AM:AM)="",0.8,_xlfn.XLOOKUP($B15,'ELC TECH'!$H:$H,'ELC TECH'!AM:AM))) | U15: =IF(_xlfn.XLOOKUP($B15,'ELC TECH'!$H:$H,'ELC TECH'!$E:$E)<>"Storage","",IF(_xlfn.XLOOKUP($B15,'ELC TECH'!$H:$H,'ELC TECH'!AN:AN)="",0.8,_xlfn.XLOOKUP($B15,'ELC TECH'!$H:$H,'ELC TECH'!AN:AN))) | V15: =IF(_xlfn.XLOOKUP($B15,'ELC TECH'!$H:$H,'ELC TECH'!$E:$E)<>"Storage","",IF(_xlfn.XLOOKUP($B15,'ELC TECH'!$H:$H,'ELC TECH'!AO:AO)="",0.8,_xlfn.XLOOKUP($B15,'ELC TECH'!$H:$H,'ELC TECH'!AO:AO))) | W15: =IF(_xlfn.XLOOKUP($B15,'ELC TECH'!$H:$H,'ELC TECH'!$E:$E)<>"Storage","",IF(_xlfn.XLOOKUP($B15,'ELC TECH'!$H:$H,'ELC TECH'!AP:AP)="",0.8,_xlfn.XLOOKUP($B15,'ELC TECH'!$H:$H,'ELC TECH'!AP:AP))) | X15: =IF(_xlfn.XLOOKUP($B15,'ELC TECH'!$H:$H,'ELC TECH'!$E:$E)<>"Storage","",IF(_xlfn.XLOOKUP($B15,'ELC TECH'!$H:$H,'ELC TECH'!AQ:AQ)="",0.8,_xlfn.XLOOKUP($B15,'ELC TECH'!$H:$H,'ELC TECH'!AQ:AQ))) | Y15: =IF(_xlfn.XLOOKUP($B15,'ELC TECH'!$H:$H,'ELC TECH'!$E:$E)<>"Storage","",IF(_xlfn.XLOOKUP($B15,'ELC TECH'!$H:$H,'ELC TECH'!AR:AR)="",0.8,_xlfn.XLOOKUP($B15,'ELC TECH'!$H:$H,'ELC TECH'!AR:AR))) | Z15: =_xlfn.XLOOKUP($B15,'ELC TECH'!$H:$H,'ELC TECH'!M:M) -> 7060.5041 | AA15: =_xlfn.XLOOKUP($B15,'ELC TECH'!$H:$H,'ELC TECH'!N:N) -> 7060.5041 | AB15: =_xlfn.XLOOKUP($B15,'ELC TECH'!$H:$H,'ELC TECH'!O:O) -> 7060.5041 | AC15: =_xlfn.XLOOKUP($B15,'ELC TECH'!$H:$H,'ELC TECH'!P:P) -> 7060.5041 | AD15: =_xlfn.XLOOKUP($B15,'ELC TECH'!$H:$H,'ELC TECH'!Q:Q) -> 7060.5041 | AE15: =_xlfn.XLOOKUP($B15,'ELC TECH'!$H:$H,'ELC TECH'!R:R) -> 7060.5041 | AF15: =_xlfn.XLOOKUP($B15,'ELC TECH'!$H:$H,'ELC TECH'!S:S) -> 7060.5041 | AG15: =_xlfn.XLOOKUP($B15,'ELC TECH'!$H:$H,'ELC TECH'!T:T) -> 7060.5041 | AH15: =_xlfn.XLOOKUP($B15,'ELC TECH'!$H:$H,'ELC TECH'!U:U) -> 37.315284 | AI15: =_xlfn.XLOOKUP($B15,'ELC TECH'!$H:$H,'ELC TECH'!V:V) -> 37.315284 | AJ15: =_xlfn.XLOOKUP($B15,'ELC TECH'!$H:$H,'ELC TECH'!W:W) -> 37.315284 | AK15: =_xlfn.XLOOKUP($B15,'ELC TECH'!$H:$H,'ELC TECH'!X:X) -> 37.315284 | AL15: =_xlfn.XLOOKUP($B15,'ELC TECH'!$H:$H,'ELC TECH'!Y:Y) -> 37.315284 | AM15: =_xlfn.XLOOKUP($B15,'ELC TECH'!$H:$H,'ELC TECH'!Z:Z) -> 37.315284 | AN15: =_xlfn.XLOOKUP($B15,'ELC TECH'!$H:$H,'ELC TECH'!AA:AA) -> 37.315284 | AO15: =_xlfn.XLOOKUP($B15,'ELC TECH'!$H:$H,'ELC TECH'!AB:AB) -> 37.315284 | AP15: =_xlfn.XLOOKUP($B15,'ELC TECH'!$H:$H,'ELC TECH'!AC:AC) -> 0 | AQ15: =_xlfn.XLOOKUP($B15,'ELC TECH'!$H:$H,'ELC TECH'!AD:AD) -> 0 | AR15: =_xlfn.XLOOKUP($B15,'ELC TECH'!$H:$H,'ELC TECH'!AE:AE) -> 0 | AS15: =_xlfn.XLOOKUP($B15,'ELC TECH'!$H:$H,'ELC TECH'!AF:AF) -> 0 | AT15: =_xlfn.XLOOKUP($B15,'ELC TECH'!$H:$H,'ELC TECH'!AG:AG) -> 0 | AU15: =_xlfn.XLOOKUP($B15,'ELC TECH'!$H:$H,'ELC TECH'!AH:AH) -> 0 | AV15: =_xlfn.XLOOKUP($B15,'ELC TECH'!$H:$H,'ELC TECH'!AI:AI) -> 0 | AW15: =_xlfn.XLOOKUP($B15,'ELC TECH'!$H:$H,'ELC TECH'!AJ:AJ) -> 0 | AX15: =IF(_xlfn.XLOOKUP($B15,'ELC TECH'!$H:$H,'ELC TECH'!$E:$E)="Storage","",_xlfn.XLOOKUP($B15,'ELC TECH'!$H:$H,'ELC TECH'!AS:AS)) -> 0.66 | AY15: =IF(_xlfn.XLOOKUP($B15,'ELC TECH'!$H:$H,'ELC TECH'!$E:$E)="Storage","",_xlfn.XLOOKUP($B15,'ELC TECH'!$H:$H,'ELC TECH'!AT:AT)) -> 0.66 | AZ15: =IF(_xlfn.XLOOKUP($B15,'ELC TECH'!$H:$H,'ELC TECH'!$E:$E)="Storage","",_xlfn.XLOOKUP($B15,'ELC TECH'!$H:$H,'ELC TECH'!AU:AU)) -> 0.66 | BA15: =IF(_xlfn.XLOOKUP($B15,'ELC TECH'!$H:$H,'ELC TECH'!$E:$E)="Storage","",_xlfn.XLOOKUP($B15,'ELC TECH'!$H:$H,'ELC TECH'!AV:AV)) -> 0.66 | BB15: =IF(_xlfn.XLOOKUP($B15,'ELC TECH'!$H:$H,'ELC TECH'!$E:$E)="Storage","",_xlfn.XLOOKUP($B15,'ELC TECH'!$H:$H,'ELC TECH'!AW:AW)) -> 0.66 | BC15: =IF(_xlfn.XLOOKUP($B15,'ELC TECH'!$H:$H,'ELC TECH'!$E:$E)="Storage","",_xlfn.XLOOKUP($B15,'ELC TECH'!$H:$H,'ELC TECH'!AX:AX)) -> 0.66 | BD15: =IF(_xlfn.XLOOKUP($B15,'ELC TECH'!$H:$H,'ELC TECH'!$E:$E)="Storage","",_xlfn.XLOOKUP($B15,'ELC TECH'!$H:$H,'ELC TECH'!AY:AY)) -> 0.66 | BE15: =IF(_xlfn.XLOOKUP($B15,'ELC TECH'!$H:$H,'ELC TECH'!$E:$E)="Storage","",_xlfn.XLOOKUP($B15,'ELC TECH'!$H:$H,'ELC TECH'!AZ:AZ)) -> 0.66 | BF15: =IF(_xlfn.XLOOKUP($B15,'ELC TECH'!$H:$H,'ELC TECH'!$E:$E)="Storage",_xlfn.XLOOKUP($B15,'ELC TECH'!$H:$H,'ELC TECH'!AS:AS),"") | BG15: =IF(_xlfn.XLOOKUP($B15,'ELC TECH'!$H:$H,'ELC TECH'!$E:$E)="Storage",_xlfn.XLOOKUP($B15,'ELC TECH'!$H:$H,'ELC TECH'!AT:AT),"") | BH15: =IF(_xlfn.XLOOKUP($B15,'ELC TECH'!$H:$H,'ELC TECH'!$E:$E)="Storage",_xlfn.XLOOKUP($B15,'ELC TECH'!$H:$H,'ELC TECH'!AU:AU),"") | BI15: =IF(_xlfn.XLOOKUP($B15,'ELC TECH'!$H:$H,'ELC TECH'!$E:$E)="Storage",_xlfn.XLOOKUP($B15,'ELC TECH'!$H:$H,'ELC TECH'!AV:AV),"") | BJ15: =IF(_xlfn.XLOOKUP($B15,'ELC TECH'!$H:$H,'ELC TECH'!$E:$E)="Storage",_xlfn.XLOOKUP($B15,'ELC TECH'!$H:$H,'ELC TECH'!AW:AW),"") | BK15: =IF(_xlfn.XLOOKUP($B15,'ELC TECH'!$H:$H,'ELC TECH'!$E:$E)="Storage",_xlfn.XLOOKUP($B15,'ELC TECH'!$H:$H,'ELC TECH'!AX:AX),"") | BL15: =IF(_xlfn.XLOOKUP($B15,'ELC TECH'!$H:$H,'ELC TECH'!$E:$E)="Storage",_xlfn.XLOOKUP($B15,'ELC TECH'!$H:$H,'ELC TECH'!AY:AY),"") | BM15: =IF(_xlfn.XLOOKUP($B15,'ELC TECH'!$H:$H,'ELC TECH'!$E:$E)="Storage",_xlfn.XLOOKUP($B15,'ELC TECH'!$H:$H,'ELC TECH'!AZ:AZ),"") | BN15: =IF(_xlfn.XLOOKUP($B15,'ELC TECH'!$H:$H,'ELC TECH'!$E:$E)="Non Dispatchable",IFERROR($AX15*_xlfn.XLOOKUP($C15,$BM$1:$BM$3,BN$1:BN$3)/SUMPRODUCT(_xlfn.XLOOKUP($C15,$BM$1:$BM$3,$BN$1:$BY$3),$BN$4:$BY$4),""), "") | BO15: =IF(_xlfn.XLOOKUP($B15,'ELC TECH'!$H:$H,'ELC TECH'!$E:$E)="Non Dispatchable",IFERROR($AX15*_xlfn.XLOOKUP($C15,$BM$1:$BM$3,BO$1:BO$3)/SUMPRODUCT(_xlfn.XLOOKUP($C15,$BM$1:$BM$3,$BN$1:$BY$3),$BN$4:$BY$4),""), "") | BP15: =IF(_xlfn.XLOOKUP($B15,'ELC TECH'!$H:$H,'ELC TECH'!$E:$E)="Non Dispatchable",IFERROR($AX15*_xlfn.XLOOKUP($C15,$BM$1:$BM$3,BP$1:BP$3)/SUMPRODUCT(_xlfn.XLOOKUP($C15,$BM$1:$BM$3,$BN$1:$BY$3),$BN$4:$BY$4),""), "") | BQ15: =IF(_xlfn.XLOOKUP($B15,'ELC TECH'!$H:$H,'ELC TECH'!$E:$E)="Non Dispatchable",IFERROR($AX15*_xlfn.XLOOKUP($C15,$BM$1:$BM$3,BQ$1:BQ$3)/SUMPRODUCT(_xlfn.XLOOKUP($C15,$BM$1:$BM$3,$BN$1:$BY$3),$BN$4:$BY$4),""), "") | BR15: =IF(_xlfn.XLOOKUP($B15,'ELC TECH'!$H:$H,'ELC TECH'!$E:$E)="Non Dispatchable",IFERROR($AX15*_xlfn.XLOOKUP($C15,$BM$1:$BM$3,BR$1:BR$3)/SUMPRODUCT(_xlfn.XLOOKUP($C15,$BM$1:$BM$3,$BN$1:$BY$3),$BN$4:$BY$4),""), "") | BS15: =IF(_xlfn.XLOOKUP($B15,'ELC TECH'!$H:$H,'ELC TECH'!$E:$E)="Non Dispatchable",IFERROR($AX15*_xlfn.XLOOKUP($C15,$BM$1:$BM$3,BS$1:BS$3)/SUMPRODUCT(_xlfn.XLOOKUP($C15,$BM$1:$BM$3,$BN$1:$BY$3),$BN$4:$BY$4),""), "") | BT15: =IF(_xlfn.XLOOKUP($B15,'ELC TECH'!$H:$H,'ELC TECH'!$E:$E)="Non Dispatchable",IFERROR($AX15*_xlfn.XLOOKUP($C15,$BM$1:$BM$3,BT$1:BT$3)/SUMPRODUCT(_xlfn.XLOOKUP($C15,$BM$1:$BM$3,$BN$1:$BY$3),$BN$4:$BY$4),""), "") | BU15: =IF(_xlfn.XLOOKUP($B15,'ELC TECH'!$H:$H,'ELC TECH'!$E:$E)="Non Dispatchable",IFERROR($AX15*_xlfn.XLOOKUP($C15,$BM$1:$BM$3,BU$1:BU$3)/SUMPRODUCT(_xlfn.XLOOKUP($C15,$BM$1:$BM$3,$BN$1:$BY$3),$BN$4:$BY$4),""), "") | ... CK15: =IF(_xlfn.XLOOKUP($B15,'ELC TECH'!$H:$H,'ELC TECH'!$E:$E)="Non Dispatchable",IFERROR($AX15*_xlfn.XLOOKUP($C15,$BM$1:$BM$3,CK$1:CK$3)/SUMPRODUCT(_xlfn.XLOOKUP($C15,$BM$1:$BM$3,$BN$1:$BY$3),$BN$4:$BY$4),""), "") | CL15: =IF(_xlfn.XLOOKUP($B15,'ELC TECH'!$H:$H,'ELC TECH'!$E:$E)="Storage",CL$4*$BF15,"") | CM15: =IF(_xlfn.XLOOKUP($B15,'ELC TECH'!$H:$H,'ELC TECH'!$E:$E)="Storage",CM$4*$BF15,"") | CN15: =IF(_xlfn.XLOOKUP($B15,'ELC TECH'!$H:$H,'ELC TECH'!$E:$E)="Storage",CN$4*$BF15,"") | CO15: =IF(_xlfn.XLOOKUP($B15,'ELC TECH'!$H:$H,'ELC TECH'!$E:$E)="Storage",CO$4*$BF15,"") | CP15: =IF(_xlfn.XLOOKUP($B15,'ELC TECH'!$H:$H,'ELC TECH'!$E:$E)="Storage",CP$4*$BF15,"") | CQ15: =IF(_xlfn.XLOOKUP($B15,'ELC TECH'!$H:$H,'ELC TECH'!$E:$E)="Storage",CQ$4*$BF15,"") | CR15: =IF(_xlfn.XLOOKUP($B15,'ELC TECH'!$H:$H,'ELC TECH'!$E:$E)="Storage",CR$4*$BF15,"") | CS15: =IF(_xlfn.XLOOKUP($B15,'ELC TECH'!$H:$H,'ELC TECH'!$E:$E)="Storage",CS$4*$BF15,"") | ... DI15: =IF(_xlfn.XLOOKUP($B15,'ELC TECH'!$H:$H,'ELC TECH'!$E:$E)="Storage",DI$4*$BF15,"")
B16: =IF('ELC TECH'!I9=0,"*",'ELC TECH'!H9) -> ELCHYDGRDHNSNDC120 | C16: =IF(_xlfn.XLOOKUP(_xlfn.XLOOKUP(B16,'ELC TECH'!$H:$H,'ELC TECH'!$G:$G),List!C:C,List!B:B)="STG",D16,"ELC"&_xlfn.XLOOKUP(_xlfn.XLOOKUP(B16,'ELC TECH'!H:H,'ELC TECH'!G:G),List!C:C,List!B:B)) -> ELCHYD | D16: CELC | E16: =_xlfn.XLOOKUP(B16,'ELC TECH'!H:H,'ELC TECH'!D:D) -> 2020 | F16: =_xlfn.XLOOKUP(B16,'ELC TECH'!H:H,'ELC TECH'!K:K) -> 100 | G16: =8760*0.0036 -> 31.536 | H16: =IF(_xlfn.XLOOKUP(B16,'ELC TECH'!$H:$H,'ELC TECH'!$E:$E)="Storage",0.3,IF(_xlfn.XLOOKUP(B16,'ELC TECH'!$H:$H,'ELC TECH'!$E:$E)="Baseload",0.9,IF(_xlfn.XLOOKUP(B16,'ELC TECH'!$H:$H,'ELC TECH'!$E:$E)="Non Dispatchable",0.05,IF(_xlfn.XLOOKUP(B16,'ELC TECH'!$H:$H,'ELC TECH'!$E:$E)="Dispatchable",0.9,1)))) -> 0.05 | I16: =IF(_xlfn.XLOOKUP(B16,'ELC TECH'!H:H,'ELC TECH'!J:J)="","",_xlfn.XLOOKUP(B16,'ELC TECH'!H:H,'ELC TECH'!J:J)) -> 0 | J16: =IF(_xlfn.XLOOKUP($B16,'ELC TECH'!$H:$H,'ELC TECH'!$E:$E)="Storage","",IF(_xlfn.XLOOKUP($B16,'ELC TECH'!$H:$H,'ELC TECH'!AK:AK)="",1,_xlfn.XLOOKUP($B16,'ELC TECH'!$H:$H,'ELC TECH'!AK:AK))) -> 1 | K16: =IF(_xlfn.XLOOKUP($B16,'ELC TECH'!$H:$H,'ELC TECH'!$E:$E)="Storage","",IF(_xlfn.XLOOKUP($B16,'ELC TECH'!$H:$H,'ELC TECH'!AL:AL)="",1,_xlfn.XLOOKUP($B16,'ELC TECH'!$H:$H,'ELC TECH'!AL:AL))) -> 1 | L16: =IF(_xlfn.XLOOKUP($B16,'ELC TECH'!$H:$H,'ELC TECH'!$E:$E)="Storage","",IF(_xlfn.XLOOKUP($B16,'ELC TECH'!$H:$H,'ELC TECH'!AM:AM)="",1,_xlfn.XLOOKUP($B16,'ELC TECH'!$H:$H,'ELC TECH'!AM:AM))) -> 1 | M16: =IF(_xlfn.XLOOKUP($B16,'ELC TECH'!$H:$H,'ELC TECH'!$E:$E)="Storage","",IF(_xlfn.XLOOKUP($B16,'ELC TECH'!$H:$H,'ELC TECH'!AN:AN)="",1,_xlfn.XLOOKUP($B16,'ELC TECH'!$H:$H,'ELC TECH'!AN:AN))) -> 1 | N16: =IF(_xlfn.XLOOKUP($B16,'ELC TECH'!$H:$H,'ELC TECH'!$E:$E)="Storage","",IF(_xlfn.XLOOKUP($B16,'ELC TECH'!$H:$H,'ELC TECH'!AO:AO)="",1,_xlfn.XLOOKUP($B16,'ELC TECH'!$H:$H,'ELC TECH'!AO:AO))) -> 1 | O16: =IF(_xlfn.XLOOKUP($B16,'ELC TECH'!$H:$H,'ELC TECH'!$E:$E)="Storage","",IF(_xlfn.XLOOKUP($B16,'ELC TECH'!$H:$H,'ELC TECH'!AP:AP)="",1,_xlfn.XLOOKUP($B16,'ELC TECH'!$H:$H,'ELC TECH'!AP:AP))) -> 1 | P16: =IF(_xlfn.XLOOKUP($B16,'ELC TECH'!$H:$H,'ELC TECH'!$E:$E)="Storage","",IF(_xlfn.XLOOKUP($B16,'ELC TECH'!$H:$H,'ELC TECH'!AQ:AQ)="",1,_xlfn.XLOOKUP($B16,'ELC TECH'!$H:$H,'ELC TECH'!AQ:AQ))) -> 1 | Q16: =IF(_xlfn.XLOOKUP($B16,'ELC TECH'!$H:$H,'ELC TECH'!$E:$E)="Storage","",IF(_xlfn.XLOOKUP($B16,'ELC TECH'!$H:$H,'ELC TECH'!AR:AR)="",1,_xlfn.XLOOKUP($B16,'ELC TECH'!$H:$H,'ELC TECH'!AR:AR))) -> 1 | R16: =IF(_xlfn.XLOOKUP($B16,'ELC TECH'!$H:$H,'ELC TECH'!$E:$E)<>"Storage","",IF(_xlfn.XLOOKUP($B16,'ELC TECH'!$H:$H,'ELC TECH'!AK:AK)="",0.8,_xlfn.XLOOKUP($B16,'ELC TECH'!$H:$H,'ELC TECH'!AK:AK))) | S16: =IF(_xlfn.XLOOKUP($B16,'ELC TECH'!$H:$H,'ELC TECH'!$E:$E)<>"Storage","",IF(_xlfn.XLOOKUP($B16,'ELC TECH'!$H:$H,'ELC TECH'!AL:AL)="",0.8,_xlfn.XLOOKUP($B16,'ELC TECH'!$H:$H,'ELC TECH'!AL:AL))) | T16: =IF(_xlfn.XLOOKUP($B16,'ELC TECH'!$H:$H,'ELC TECH'!$E:$E)<>"Storage","",IF(_xlfn.XLOOKUP($B16,'ELC TECH'!$H:$H,'ELC TECH'!AM:AM)="",0.8,_xlfn.XLOOKUP($B16,'ELC TECH'!$H:$H,'ELC TECH'!AM:AM))) | U16: =IF(_xlfn.XLOOKUP($B16,'ELC TECH'!$H:$H,'ELC TECH'!$E:$E)<>"Storage","",IF(_xlfn.XLOOKUP($B16,'ELC TECH'!$H:$H,'ELC TECH'!AN:AN)="",0.8,_xlfn.XLOOKUP($B16,'ELC TECH'!$H:$H,'ELC TECH'!AN:AN))) | V16: =IF(_xlfn.XLOOKUP($B16,'ELC TECH'!$H:$H,'ELC TECH'!$E:$E)<>"Storage","",IF(_xlfn.XLOOKUP($B16,'ELC TECH'!$H:$H,'ELC TECH'!AO:AO)="",0.8,_xlfn.XLOOKUP($B16,'ELC TECH'!$H:$H,'ELC TECH'!AO:AO))) | W16: =IF(_xlfn.XLOOKUP($B16,'ELC TECH'!$H:$H,'ELC TECH'!$E:$E)<>"Storage","",IF(_xlfn.XLOOKUP($B16,'ELC TECH'!$H:$H,'ELC TECH'!AP:AP)="",0.8,_xlfn.XLOOKUP($B16,'ELC TECH'!$H:$H,'ELC TECH'!AP:AP))) | X16: =IF(_xlfn.XLOOKUP($B16,'ELC TECH'!$H:$H,'ELC TECH'!$E:$E)<>"Storage","",IF(_xlfn.XLOOKUP($B16,'ELC TECH'!$H:$H,'ELC TECH'!AQ:AQ)="",0.8,_xlfn.XLOOKUP($B16,'ELC TECH'!$H:$H,'ELC TECH'!AQ:AQ))) | Y16: =IF(_xlfn.XLOOKUP($B16,'ELC TECH'!$H:$H,'ELC TECH'!$E:$E)<>"Storage","",IF(_xlfn.XLOOKUP($B16,'ELC TECH'!$H:$H,'ELC TECH'!AR:AR)="",0.8,_xlfn.XLOOKUP($B16,'ELC TECH'!$H:$H,'ELC TECH'!AR:AR))) | Z16: =_xlfn.XLOOKUP($B16,'ELC TECH'!$H:$H,'ELC TECH'!M:M) -> 8970.3682 | AA16: =_xlfn.XLOOKUP($B16,'ELC TECH'!$H:$H,'ELC TECH'!N:N) -> 8970.3682 | AB16: =_xlfn.XLOOKUP($B16,'ELC TECH'!$H:$H,'ELC TECH'!O:O) -> 8970.3682 | AC16: =_xlfn.XLOOKUP($B16,'ELC TECH'!$H:$H,'ELC TECH'!P:P) -> 8970.3682 | AD16: =_xlfn.XLOOKUP($B16,'ELC TECH'!$H:$H,'ELC TECH'!Q:Q) -> 8970.3682 | AE16: =_xlfn.XLOOKUP($B16,'ELC TECH'!$H:$H,'ELC TECH'!R:R) -> 8970.3682 | AF16: =_xlfn.XLOOKUP($B16,'ELC TECH'!$H:$H,'ELC TECH'!S:S) -> 8970.3682 | AG16: =_xlfn.XLOOKUP($B16,'ELC TECH'!$H:$H,'ELC TECH'!T:T) -> 8970.3682 | AH16: =_xlfn.XLOOKUP($B16,'ELC TECH'!$H:$H,'ELC TECH'!U:U) -> 161.69957 | AI16: =_xlfn.XLOOKUP($B16,'ELC TECH'!$H:$H,'ELC TECH'!V:V) -> 161.69957 | AJ16: =_xlfn.XLOOKUP($B16,'ELC TECH'!$H:$H,'ELC TECH'!W:W) -> 161.69957 | AK16: =_xlfn.XLOOKUP($B16,'ELC TECH'!$H:$H,'ELC TECH'!X:X) -> 161.69957 | AL16: =_xlfn.XLOOKUP($B16,'ELC TECH'!$H:$H,'ELC TECH'!Y:Y) -> 161.69957 | AM16: =_xlfn.XLOOKUP($B16,'ELC TECH'!$H:$H,'ELC TECH'!Z:Z) -> 161.69957 | AN16: =_xlfn.XLOOKUP($B16,'ELC TECH'!$H:$H,'ELC TECH'!AA:AA) -> 161.69957 | AO16: =_xlfn.XLOOKUP($B16,'ELC TECH'!$H:$H,'ELC TECH'!AB:AB) -> 161.69957 | AP16: =_xlfn.XLOOKUP($B16,'ELC TECH'!$H:$H,'ELC TECH'!AC:AC) -> 0 | AQ16: =_xlfn.XLOOKUP($B16,'ELC TECH'!$H:$H,'ELC TECH'!AD:AD) -> 0 | AR16: =_xlfn.XLOOKUP($B16,'ELC TECH'!$H:$H,'ELC TECH'!AE:AE) -> 0 | AS16: =_xlfn.XLOOKUP($B16,'ELC TECH'!$H:$H,'ELC TECH'!AF:AF) -> 0 | AT16: =_xlfn.XLOOKUP($B16,'ELC TECH'!$H:$H,'ELC TECH'!AG:AG) -> 0 | AU16: =_xlfn.XLOOKUP($B16,'ELC TECH'!$H:$H,'ELC TECH'!AH:AH) -> 0 | AV16: =_xlfn.XLOOKUP($B16,'ELC TECH'!$H:$H,'ELC TECH'!AI:AI) -> 0 | AW16: =_xlfn.XLOOKUP($B16,'ELC TECH'!$H:$H,'ELC TECH'!AJ:AJ) -> 0 | AX16: =IF(_xlfn.XLOOKUP($B16,'ELC TECH'!$H:$H,'ELC TECH'!$E:$E)="Storage","",_xlfn.XLOOKUP($B16,'ELC TECH'!$H:$H,'ELC TECH'!AS:AS)) -> 0.66 | AY16: =IF(_xlfn.XLOOKUP($B16,'ELC TECH'!$H:$H,'ELC TECH'!$E:$E)="Storage","",_xlfn.XLOOKUP($B16,'ELC TECH'!$H:$H,'ELC TECH'!AT:AT)) -> 0.66 | AZ16: =IF(_xlfn.XLOOKUP($B16,'ELC TECH'!$H:$H,'ELC TECH'!$E:$E)="Storage","",_xlfn.XLOOKUP($B16,'ELC TECH'!$H:$H,'ELC TECH'!AU:AU)) -> 0.66 | BA16: =IF(_xlfn.XLOOKUP($B16,'ELC TECH'!$H:$H,'ELC TECH'!$E:$E)="Storage","",_xlfn.XLOOKUP($B16,'ELC TECH'!$H:$H,'ELC TECH'!AV:AV)) -> 0.66 | BB16: =IF(_xlfn.XLOOKUP($B16,'ELC TECH'!$H:$H,'ELC TECH'!$E:$E)="Storage","",_xlfn.XLOOKUP($B16,'ELC TECH'!$H:$H,'ELC TECH'!AW:AW)) -> 0.66 | BC16: =IF(_xlfn.XLOOKUP($B16,'ELC TECH'!$H:$H,'ELC TECH'!$E:$E)="Storage","",_xlfn.XLOOKUP($B16,'ELC TECH'!$H:$H,'ELC TECH'!AX:AX)) -> 0.66 | BD16: =IF(_xlfn.XLOOKUP($B16,'ELC TECH'!$H:$H,'ELC TECH'!$E:$E)="Storage","",_xlfn.XLOOKUP($B16,'ELC TECH'!$H:$H,'ELC TECH'!AY:AY)) -> 0.66 | BE16: =IF(_xlfn.XLOOKUP($B16,'ELC TECH'!$H:$H,'ELC TECH'!$E:$E)="Storage","",_xlfn.XLOOKUP($B16,'ELC TECH'!$H:$H,'ELC TECH'!AZ:AZ)) -> 0.66 | BF16: =IF(_xlfn.XLOOKUP($B16,'ELC TECH'!$H:$H,'ELC TECH'!$E:$E)="Storage",_xlfn.XLOOKUP($B16,'ELC TECH'!$H:$H,'ELC TECH'!AS:AS),"") | BG16: =IF(_xlfn.XLOOKUP($B16,'ELC TECH'!$H:$H,'ELC TECH'!$E:$E)="Storage",_xlfn.XLOOKUP($B16,'ELC TECH'!$H:$H,'ELC TECH'!AT:AT),"") | BH16: =IF(_xlfn.XLOOKUP($B16,'ELC TECH'!$H:$H,'ELC TECH'!$E:$E)="Storage",_xlfn.XLOOKUP($B16,'ELC TECH'!$H:$H,'ELC TECH'!AU:AU),"") | BI16: =IF(_xlfn.XLOOKUP($B16,'ELC TECH'!$H:$H,'ELC TECH'!$E:$E)="Storage",_xlfn.XLOOKUP($B16,'ELC TECH'!$H:$H,'ELC TECH'!AV:AV),"") | BJ16: =IF(_xlfn.XLOOKUP($B16,'ELC TECH'!$H:$H,'ELC TECH'!$E:$E)="Storage",_xlfn.XLOOKUP($B16,'ELC TECH'!$H:$H,'ELC TECH'!AW:AW),"") | BK16: =IF(_xlfn.XLOOKUP($B16,'ELC TECH'!$H:$H,'ELC TECH'!$E:$E)="Storage",_xlfn.XLOOKUP($B16,'ELC TECH'!$H:$H,'ELC TECH'!AX:AX),"") | BL16: =IF(_xlfn.XLOOKUP($B16,'ELC TECH'!$H:$H,'ELC TECH'!$E:$E)="Storage",_xlfn.XLOOKUP($B16,'ELC TECH'!$H:$H,'ELC TECH'!AY:AY),"") | BM16: =IF(_xlfn.XLOOKUP($B16,'ELC TECH'!$H:$H,'ELC TECH'!$E:$E)="Storage",_xlfn.XLOOKUP($B16,'ELC TECH'!$H:$H,'ELC TECH'!AZ:AZ),"") | BN16: =IF(_xlfn.XLOOKUP($B16,'ELC TECH'!$H:$H,'ELC TECH'!$E:$E)="Non Dispatchable",IFERROR($AX16*_xlfn.XLOOKUP($C16,$BM$1:$BM$3,BN$1:BN$3)/SUMPRODUCT(_xlfn.XLOOKUP($C16,$BM$1:$BM$3,$BN$1:$BY$3),$BN$4:$BY$4),""), "") -> 0.47604122 | BO16: =IF(_xlfn.XLOOKUP($B16,'ELC TECH'!$H:$H,'ELC TECH'!$E:$E)="Non Dispatchable",IFERROR($AX16*_xlfn.XLOOKUP($C16,$BM$1:$BM$3,BO$1:BO$3)/SUMPRODUCT(_xlfn.XLOOKUP($C16,$BM$1:$BM$3,$BN$1:$BY$3),$BN$4:$BY$4),""), "") -> 0.55422318 | BP16: =IF(_xlfn.XLOOKUP($B16,'ELC TECH'!$H:$H,'ELC TECH'!$E:$E)="Non Dispatchable",IFERROR($AX16*_xlfn.XLOOKUP($C16,$BM$1:$BM$3,BP$1:BP$3)/SUMPRODUCT(_xlfn.XLOOKUP($C16,$BM$1:$BM$3,$BN$1:$BY$3),$BN$4:$BY$4),""), "") -> 0.88722038 | BQ16: =IF(_xlfn.XLOOKUP($B16,'ELC TECH'!$H:$H,'ELC TECH'!$E:$E)="Non Dispatchable",IFERROR($AX16*_xlfn.XLOOKUP($C16,$BM$1:$BM$3,BQ$1:BQ$3)/SUMPRODUCT(_xlfn.XLOOKUP($C16,$BM$1:$BM$3,$BN$1:$BY$3),$BN$4:$BY$4),""), "") -> 0.018532018 | BR16: =IF(_xlfn.XLOOKUP($B16,'ELC TECH'!$H:$H,'ELC TECH'!$E:$E)="Non Dispatchable",IFERROR($AX16*_xlfn.XLOOKUP($C16,$BM$1:$BM$3,BR$1:BR$3)/SUMPRODUCT(_xlfn.XLOOKUP($C16,$BM$1:$BM$3,$BN$1:$BY$3),$BN$4:$BY$4),""), "") -> 0.47198734 | BS16: =IF(_xlfn.XLOOKUP($B16,'ELC TECH'!$H:$H,'ELC TECH'!$E:$E)="Non Dispatchable",IFERROR($AX16*_xlfn.XLOOKUP($C16,$BM$1:$BM$3,BS$1:BS$3)/SUMPRODUCT(_xlfn.XLOOKUP($C16,$BM$1:$BM$3,$BN$1:$BY$3),$BN$4:$BY$4),""), "") -> 0.6295095 | BT16: =IF(_xlfn.XLOOKUP($B16,'ELC TECH'!$H:$H,'ELC TECH'!$E:$E)="Non Dispatchable",IFERROR($AX16*_xlfn.XLOOKUP($C16,$BM$1:$BM$3,BT$1:BT$3)/SUMPRODUCT(_xlfn.XLOOKUP($C16,$BM$1:$BM$3,$BN$1:$BY$3),$BN$4:$BY$4),""), "") -> 0.79977242 | BU16: =IF(_xlfn.XLOOKUP($B16,'ELC TECH'!$H:$H,'ELC TECH'!$E:$E)="Non Dispatchable",IFERROR($AX16*_xlfn.XLOOKUP($C16,$BM$1:$BM$3,BU$1:BU$3)/SUMPRODUCT(_xlfn.XLOOKUP($C16,$BM$1:$BM$3,$BN$1:$BY$3),$BN$4:$BY$4),""), "") -> 0.018532018 | ... CK16: =IF(_xlfn.XLOOKUP($B16,'ELC TECH'!$H:$H,'ELC TECH'!$E:$E)="Non Dispatchable",IFERROR($AX16*_xlfn.XLOOKUP($C16,$BM$1:$BM$3,CK$1:CK$3)/SUMPRODUCT(_xlfn.XLOOKUP($C16,$BM$1:$BM$3,$BN$1:$BY$3),$BN$4:$BY$4),""), "") -> 0.015636391 | CL16: =IF(_xlfn.XLOOKUP($B16,'ELC TECH'!$H:$H,'ELC TECH'!$E:$E)="Storage",CL$4*$BF16,"") | CM16: =IF(_xlfn.XLOOKUP($B16,'ELC TECH'!$H:$H,'ELC TECH'!$E:$E)="Storage",CM$4*$BF16,"") | CN16: =IF(_xlfn.XLOOKUP($B16,'ELC TECH'!$H:$H,'ELC TECH'!$E:$E)="Storage",CN$4*$BF16,"") | CO16: =IF(_xlfn.XLOOKUP($B16,'ELC TECH'!$H:$H,'ELC TECH'!$E:$E)="Storage",CO$4*$BF16,"") | CP16: =IF(_xlfn.XLOOKUP($B16,'ELC TECH'!$H:$H,'ELC TECH'!$E:$E)="Storage",CP$4*$BF16,"") | CQ16: =IF(_xlfn.XLOOKUP($B16,'ELC TECH'!$H:$H,'ELC TECH'!$E:$E)="Storage",CQ$4*$BF16,"") | CR16: =IF(_xlfn.XLOOKUP($B16,'ELC TECH'!$H:$H,'ELC TECH'!$E:$E)="Storage",CR$4*$BF16,"") | CS16: =IF(_xlfn.XLOOKUP($B16,'ELC TECH'!$H:$H,'ELC TECH'!$E:$E)="Storage",CS$4*$BF16,"") | ... DI16: =IF(_xlfn.XLOOKUP($B16,'ELC TECH'!$H:$H,'ELC TECH'!$E:$E)="Storage",DI$4*$BF16,"")
B17: =IF('ELC TECH'!I10=0,"*",'ELC TECH'!H10) -> ELCHYDGRDHNSNDC220 | C17: =IF(_xlfn.XLOOKUP(_xlfn.XLOOKUP(B17,'ELC TECH'!$H:$H,'ELC TECH'!$G:$G),List!C:C,List!B:B)="STG",D17,"ELC"&_xlfn.XLOOKUP(_xlfn.XLOOKUP(B17,'ELC TECH'!H:H,'ELC TECH'!G:G),List!C:C,List!B:B)) -> ELCHYD | D17: CELC | E17: =_xlfn.XLOOKUP(B17,'ELC TECH'!H:H,'ELC TECH'!D:D) -> 2020 | F17: =_xlfn.XLOOKUP(B17,'ELC TECH'!H:H,'ELC TECH'!K:K) -> 100 | G17: =8760*0.0036 -> 31.536 | H17: =IF(_xlfn.XLOOKUP(B17,'ELC TECH'!$H:$H,'ELC TECH'!$E:$E)="Storage",0.3,IF(_xlfn.XLOOKUP(B17,'ELC TECH'!$H:$H,'ELC TECH'!$E:$E)="Baseload",0.9,IF(_xlfn.XLOOKUP(B17,'ELC TECH'!$H:$H,'ELC TECH'!$E:$E)="Non Dispatchable",0.05,IF(_xlfn.XLOOKUP(B17,'ELC TECH'!$H:$H,'ELC TECH'!$E:$E)="Dispatchable",0.9,1)))) -> 0.05 | I17: =IF(_xlfn.XLOOKUP(B17,'ELC TECH'!H:H,'ELC TECH'!J:J)="","",_xlfn.XLOOKUP(B17,'ELC TECH'!H:H,'ELC TECH'!J:J)) -> 0 | J17: =IF(_xlfn.XLOOKUP($B17,'ELC TECH'!$H:$H,'ELC TECH'!$E:$E)="Storage","",IF(_xlfn.XLOOKUP($B17,'ELC TECH'!$H:$H,'ELC TECH'!AK:AK)="",1,_xlfn.XLOOKUP($B17,'ELC TECH'!$H:$H,'ELC TECH'!AK:AK))) -> 1 | K17: =IF(_xlfn.XLOOKUP($B17,'ELC TECH'!$H:$H,'ELC TECH'!$E:$E)="Storage","",IF(_xlfn.XLOOKUP($B17,'ELC TECH'!$H:$H,'ELC TECH'!AL:AL)="",1,_xlfn.XLOOKUP($B17,'ELC TECH'!$H:$H,'ELC TECH'!AL:AL))) -> 1 | L17: =IF(_xlfn.XLOOKUP($B17,'ELC TECH'!$H:$H,'ELC TECH'!$E:$E)="Storage","",IF(_xlfn.XLOOKUP($B17,'ELC TECH'!$H:$H,'ELC TECH'!AM:AM)="",1,_xlfn.XLOOKUP($B17,'ELC TECH'!$H:$H,'ELC TECH'!AM:AM))) -> 1 | M17: =IF(_xlfn.XLOOKUP($B17,'ELC TECH'!$H:$H,'ELC TECH'!$E:$E)="Storage","",IF(_xlfn.XLOOKUP($B17,'ELC TECH'!$H:$H,'ELC TECH'!AN:AN)="",1,_xlfn.XLOOKUP($B17,'ELC TECH'!$H:$H,'ELC TECH'!AN:AN))) -> 1 | N17: =IF(_xlfn.XLOOKUP($B17,'ELC TECH'!$H:$H,'ELC TECH'!$E:$E)="Storage","",IF(_xlfn.XLOOKUP($B17,'ELC TECH'!$H:$H,'ELC TECH'!AO:AO)="",1,_xlfn.XLOOKUP($B17,'ELC TECH'!$H:$H,'ELC TECH'!AO:AO))) -> 1 | O17: =IF(_xlfn.XLOOKUP($B17,'ELC TECH'!$H:$H,'ELC TECH'!$E:$E)="Storage","",IF(_xlfn.XLOOKUP($B17,'ELC TECH'!$H:$H,'ELC TECH'!AP:AP)="",1,_xlfn.XLOOKUP($B17,'ELC TECH'!$H:$H,'ELC TECH'!AP:AP))) -> 1 | P17: =IF(_xlfn.XLOOKUP($B17,'ELC TECH'!$H:$H,'ELC TECH'!$E:$E)="Storage","",IF(_xlfn.XLOOKUP($B17,'ELC TECH'!$H:$H,'ELC TECH'!AQ:AQ)="",1,_xlfn.XLOOKUP($B17,'ELC TECH'!$H:$H,'ELC TECH'!AQ:AQ))) -> 1 | Q17: =IF(_xlfn.XLOOKUP($B17,'ELC TECH'!$H:$H,'ELC TECH'!$E:$E)="Storage","",IF(_xlfn.XLOOKUP($B17,'ELC TECH'!$H:$H,'ELC TECH'!AR:AR)="",1,_xlfn.XLOOKUP($B17,'ELC TECH'!$H:$H,'ELC TECH'!AR:AR))) -> 1 | R17: =IF(_xlfn.XLOOKUP($B17,'ELC TECH'!$H:$H,'ELC TECH'!$E:$E)<>"Storage","",IF(_xlfn.XLOOKUP($B17,'ELC TECH'!$H:$H,'ELC TECH'!AK:AK)="",0.8,_xlfn.XLOOKUP($B17,'ELC TECH'!$H:$H,'ELC TECH'!AK:AK))) | S17: =IF(_xlfn.XLOOKUP($B17,'ELC TECH'!$H:$H,'ELC TECH'!$E:$E)<>"Storage","",IF(_xlfn.XLOOKUP($B17,'ELC TECH'!$H:$H,'ELC TECH'!AL:AL)="",0.8,_xlfn.XLOOKUP($B17,'ELC TECH'!$H:$H,'ELC TECH'!AL:AL))) | T17: =IF(_xlfn.XLOOKUP($B17,'ELC TECH'!$H:$H,'ELC TECH'!$E:$E)<>"Storage","",IF(_xlfn.XLOOKUP($B17,'ELC TECH'!$H:$H,'ELC TECH'!AM:AM)="",0.8,_xlfn.XLOOKUP($B17,'ELC TECH'!$H:$H,'ELC TECH'!AM:AM))) | U17: =IF(_xlfn.XLOOKUP($B17,'ELC TECH'!$H:$H,'ELC TECH'!$E:$E)<>"Storage","",IF(_xlfn.XLOOKUP($B17,'ELC TECH'!$H:$H,'ELC TECH'!AN:AN)="",0.8,_xlfn.XLOOKUP($B17,'ELC TECH'!$H:$H,'ELC TECH'!AN:AN))) | V17: =IF(_xlfn.XLOOKUP($B17,'ELC TECH'!$H:$H,'ELC TECH'!$E:$E)<>"Storage","",IF(_xlfn.XLOOKUP($B17,'ELC TECH'!$H:$H,'ELC TECH'!AO:AO)="",0.8,_xlfn.XLOOKUP($B17,'ELC TECH'!$H:$H,'ELC TECH'!AO:AO))) | W17: =IF(_xlfn.XLOOKUP($B17,'ELC TECH'!$H:$H,'ELC TECH'!$E:$E)<>"Storage","",IF(_xlfn.XLOOKUP($B17,'ELC TECH'!$H:$H,'ELC TECH'!AP:AP)="",0.8,_xlfn.XLOOKUP($B17,'ELC TECH'!$H:$H,'ELC TECH'!AP:AP))) | X17: =IF(_xlfn.XLOOKUP($B17,'ELC TECH'!$H:$H,'ELC TECH'!$E:$E)<>"Storage","",IF(_xlfn.XLOOKUP($B17,'ELC TECH'!$H:$H,'ELC TECH'!AQ:AQ)="",0.8,_xlfn.XLOOKUP($B17,'ELC TECH'!$H:$H,'ELC TECH'!AQ:AQ))) | Y17: =IF(_xlfn.XLOOKUP($B17,'ELC TECH'!$H:$H,'ELC TECH'!$E:$E)<>"Storage","",IF(_xlfn.XLOOKUP($B17,'ELC TECH'!$H:$H,'ELC TECH'!AR:AR)="",0.8,_xlfn.XLOOKUP($B17,'ELC TECH'!$H:$H,'ELC TECH'!AR:AR))) | Z17: =_xlfn.XLOOKUP($B17,'ELC TECH'!$H:$H,'ELC TECH'!M:M) -> 8008.0862 | AA17: =_xlfn.XLOOKUP($B17,'ELC TECH'!$H:$H,'ELC TECH'!N:N) -> 8008.0862 | AB17: =_xlfn.XLOOKUP($B17,'ELC TECH'!$H:$H,'ELC TECH'!O:O) -> 8008.0862 | AC17: =_xlfn.XLOOKUP($B17,'ELC TECH'!$H:$H,'ELC TECH'!P:P) -> 8008.0862 | AD17: =_xlfn.XLOOKUP($B17,'ELC TECH'!$H:$H,'ELC TECH'!Q:Q) -> 8008.0862 | AE17: =_xlfn.XLOOKUP($B17,'ELC TECH'!$H:$H,'ELC TECH'!R:R) -> 8008.0862 | AF17: =_xlfn.XLOOKUP($B17,'ELC TECH'!$H:$H,'ELC TECH'!S:S) -> 8008.0862 | AG17: =_xlfn.XLOOKUP($B17,'ELC TECH'!$H:$H,'ELC TECH'!T:T) -> 8008.0862 | AH17: =_xlfn.XLOOKUP($B17,'ELC TECH'!$H:$H,'ELC TECH'!U:U) -> 53.146011 | AI17: =_xlfn.XLOOKUP($B17,'ELC TECH'!$H:$H,'ELC TECH'!V:V) -> 53.146011 | AJ17: =_xlfn.XLOOKUP($B17,'ELC TECH'!$H:$H,'ELC TECH'!W:W) -> 53.146011 | AK17: =_xlfn.XLOOKUP($B17,'ELC TECH'!$H:$H,'ELC TECH'!X:X) -> 53.146011 | AL17: =_xlfn.XLOOKUP($B17,'ELC TECH'!$H:$H,'ELC TECH'!Y:Y) -> 53.146011 | AM17: =_xlfn.XLOOKUP($B17,'ELC TECH'!$H:$H,'ELC TECH'!Z:Z) -> 53.146011 | AN17: =_xlfn.XLOOKUP($B17,'ELC TECH'!$H:$H,'ELC TECH'!AA:AA) -> 53.146011 | AO17: =_xlfn.XLOOKUP($B17,'ELC TECH'!$H:$H,'ELC TECH'!AB:AB) -> 53.146011 | AP17: =_xlfn.XLOOKUP($B17,'ELC TECH'!$H:$H,'ELC TECH'!AC:AC) -> 0 | AQ17: =_xlfn.XLOOKUP($B17,'ELC TECH'!$H:$H,'ELC TECH'!AD:AD) -> 0 | AR17: =_xlfn.XLOOKUP($B17,'ELC TECH'!$H:$H,'ELC TECH'!AE:AE) -> 0 | AS17: =_xlfn.XLOOKUP($B17,'ELC TECH'!$H:$H,'ELC TECH'!AF:AF) -> 0 | AT17: =_xlfn.XLOOKUP($B17,'ELC TECH'!$H:$H,'ELC TECH'!AG:AG) -> 0 | AU17: =_xlfn.XLOOKUP($B17,'ELC TECH'!$H:$H,'ELC TECH'!AH:AH) -> 0 | AV17: =_xlfn.XLOOKUP($B17,'ELC TECH'!$H:$H,'ELC TECH'!AI:AI) -> 0 | AW17: =_xlfn.XLOOKUP($B17,'ELC TECH'!$H:$H,'ELC TECH'!AJ:AJ) -> 0 | AX17: =IF(_xlfn.XLOOKUP($B17,'ELC TECH'!$H:$H,'ELC TECH'!$E:$E)="Storage","",_xlfn.XLOOKUP($B17,'ELC TECH'!$H:$H,'ELC TECH'!AS:AS)) -> 0.66 | AY17: =IF(_xlfn.XLOOKUP($B17,'ELC TECH'!$H:$H,'ELC TECH'!$E:$E)="Storage","",_xlfn.XLOOKUP($B17,'ELC TECH'!$H:$H,'ELC TECH'!AT:AT)) -> 0.66 | AZ17: =IF(_xlfn.XLOOKUP($B17,'ELC TECH'!$H:$H,'ELC TECH'!$E:$E)="Storage","",_xlfn.XLOOKUP($B17,'ELC TECH'!$H:$H,'ELC TECH'!AU:AU)) -> 0.66 | BA17: =IF(_xlfn.XLOOKUP($B17,'ELC TECH'!$H:$H,'ELC TECH'!$E:$E)="Storage","",_xlfn.XLOOKUP($B17,'ELC TECH'!$H:$H,'ELC TECH'!AV:AV)) -> 0.66 | BB17: =IF(_xlfn.XLOOKUP($B17,'ELC TECH'!$H:$H,'ELC TECH'!$E:$E)="Storage","",_xlfn.XLOOKUP($B17,'ELC TECH'!$H:$H,'ELC TECH'!AW:AW)) -> 0.66 | BC17: =IF(_xlfn.XLOOKUP($B17,'ELC TECH'!$H:$H,'ELC TECH'!$E:$E)="Storage","",_xlfn.XLOOKUP($B17,'ELC TECH'!$H:$H,'ELC TECH'!AX:AX)) -> 0.66 | BD17: =IF(_xlfn.XLOOKUP($B17,'ELC TECH'!$H:$H,'ELC TECH'!$E:$E)="Storage","",_xlfn.XLOOKUP($B17,'ELC TECH'!$H:$H,'ELC TECH'!AY:AY)) -> 0.66 | BE17: =IF(_xlfn.XLOOKUP($B17,'ELC TECH'!$H:$H,'ELC TECH'!$E:$E)="Storage","",_xlfn.XLOOKUP($B17,'ELC TECH'!$H:$H,'ELC TECH'!AZ:AZ)) -> 0.66 | BF17: =IF(_xlfn.XLOOKUP($B17,'ELC TECH'!$H:$H,'ELC TECH'!$E:$E)="Storage",_xlfn.XLOOKUP($B17,'ELC TECH'!$H:$H,'ELC TECH'!AS:AS),"") | BG17: =IF(_xlfn.XLOOKUP($B17,'ELC TECH'!$H:$H,'ELC TECH'!$E:$E)="Storage",_xlfn.XLOOKUP($B17,'ELC TECH'!$H:$H,'ELC TECH'!AT:AT),"") | BH17: =IF(_xlfn.XLOOKUP($B17,'ELC TECH'!$H:$H,'ELC TECH'!$E:$E)="Storage",_xlfn.XLOOKUP($B17,'ELC TECH'!$H:$H,'ELC TECH'!AU:AU),"") | BI17: =IF(_xlfn.XLOOKUP($B17,'ELC TECH'!$H:$H,'ELC TECH'!$E:$E)="Storage",_xlfn.XLOOKUP($B17,'ELC TECH'!$H:$H,'ELC TECH'!AV:AV),"") | BJ17: =IF(_xlfn.XLOOKUP($B17,'ELC TECH'!$H:$H,'ELC TECH'!$E:$E)="Storage",_xlfn.XLOOKUP($B17,'ELC TECH'!$H:$H,'ELC TECH'!AW:AW),"") | BK17: =IF(_xlfn.XLOOKUP($B17,'ELC TECH'!$H:$H,'ELC TECH'!$E:$E)="Storage",_xlfn.XLOOKUP($B17,'ELC TECH'!$H:$H,'ELC TECH'!AX:AX),"") | BL17: =IF(_xlfn.XLOOKUP($B17,'ELC TECH'!$H:$H,'ELC TECH'!$E:$E)="Storage",_xlfn.XLOOKUP($B17,'ELC TECH'!$H:$H,'ELC TECH'!AY:AY),"") | BM17: =IF(_xlfn.XLOOKUP($B17,'ELC TECH'!$H:$H,'ELC TECH'!$E:$E)="Storage",_xlfn.XLOOKUP($B17,'ELC TECH'!$H:$H,'ELC TECH'!AZ:AZ),"") | BN17: =IF(_xlfn.XLOOKUP($B17,'ELC TECH'!$H:$H,'ELC TECH'!$E:$E)="Non Dispatchable",IFERROR($AX17*_xlfn.XLOOKUP($C17,$BM$1:$BM$3,BN$1:BN$3)/SUMPRODUCT(_xlfn.XLOOKUP($C17,$BM$1:$BM$3,$BN$1:$BY$3),$BN$4:$BY$4),""), "") -> 0.47604122 | BO17: =IF(_xlfn.XLOOKUP($B17,'ELC TECH'!$H:$H,'ELC TECH'!$E:$E)="Non Dispatchable",IFERROR($AX17*_xlfn.XLOOKUP($C17,$BM$1:$BM$3,BO$1:BO$3)/SUMPRODUCT(_xlfn.XLOOKUP($C17,$BM$1:$BM$3,$BN$1:$BY$3),$BN$4:$BY$4),""), "") -> 0.55422318 | BP17: =IF(_xlfn.XLOOKUP($B17,'ELC TECH'!$H:$H,'ELC TECH'!$E:$E)="Non Dispatchable",IFERROR($AX17*_xlfn.XLOOKUP($C17,$BM$1:$BM$3,BP$1:BP$3)/SUMPRODUCT(_xlfn.XLOOKUP($C17,$BM$1:$BM$3,$BN$1:$BY$3),$BN$4:$BY$4),""), "") -> 0.88722038 | BQ17: =IF(_xlfn.XLOOKUP($B17,'ELC TECH'!$H:$H,'ELC TECH'!$E:$E)="Non Dispatchable",IFERROR($AX17*_xlfn.XLOOKUP($C17,$BM$1:$BM$3,BQ$1:BQ$3)/SUMPRODUCT(_xlfn.XLOOKUP($C17,$BM$1:$BM$3,$BN$1:$BY$3),$BN$4:$BY$4),""), "") -> 0.018532018 | BR17: =IF(_xlfn.XLOOKUP($B17,'ELC TECH'!$H:$H,'ELC TECH'!$E:$E)="Non Dispatchable",IFERROR($AX17*_xlfn.XLOOKUP($C17,$BM$1:$BM$3,BR$1:BR$3)/SUMPRODUCT(_xlfn.XLOOKUP($C17,$BM$1:$BM$3,$BN$1:$BY$3),$BN$4:$BY$4),""), "") -> 0.47198734 | BS17: =IF(_xlfn.XLOOKUP($B17,'ELC TECH'!$H:$H,'ELC TECH'!$E:$E)="Non Dispatchable",IFERROR($AX17*_xlfn.XLOOKUP($C17,$BM$1:$BM$3,BS$1:BS$3)/SUMPRODUCT(_xlfn.XLOOKUP($C17,$BM$1:$BM$3,$BN$1:$BY$3),$BN$4:$BY$4),""), "") -> 0.6295095 | BT17: =IF(_xlfn.XLOOKUP($B17,'ELC TECH'!$H:$H,'ELC TECH'!$E:$E)="Non Dispatchable",IFERROR($AX17*_xlfn.XLOOKUP($C17,$BM$1:$BM$3,BT$1:BT$3)/SUMPRODUCT(_xlfn.XLOOKUP($C17,$BM$1:$BM$3,$BN$1:$BY$3),$BN$4:$BY$4),""), "") -> 0.79977242 | BU17: =IF(_xlfn.XLOOKUP($B17,'ELC TECH'!$H:$H,'ELC TECH'!$E:$E)="Non Dispatchable",IFERROR($AX17*_xlfn.XLOOKUP($C17,$BM$1:$BM$3,BU$1:BU$3)/SUMPRODUCT(_xlfn.XLOOKUP($C17,$BM$1:$BM$3,$BN$1:$BY$3),$BN$4:$BY$4),""), "") -> 0.018532018 | ... CK17: =IF(_xlfn.XLOOKUP($B17,'ELC TECH'!$H:$H,'ELC TECH'!$E:$E)="Non Dispatchable",IFERROR($AX17*_xlfn.XLOOKUP($C17,$BM$1:$BM$3,CK$1:CK$3)/SUMPRODUCT(_xlfn.XLOOKUP($C17,$BM$1:$BM$3,$BN$1:$BY$3),$BN$4:$BY$4),""), "") -> 0.015636391 | CL17: =IF(_xlfn.XLOOKUP($B17,'ELC TECH'!$H:$H,'ELC TECH'!$E:$E)="Storage",CL$4*$BF17,"") | CM17: =IF(_xlfn.XLOOKUP($B17,'ELC TECH'!$H:$H,'ELC TECH'!$E:$E)="Storage",CM$4*$BF17,"") | CN17: =IF(_xlfn.XLOOKUP($B17,'ELC TECH'!$H:$H,'ELC TECH'!$E:$E)="Storage",CN$4*$BF17,"") | CO17: =IF(_xlfn.XLOOKUP($B17,'ELC TECH'!$H:$H,'ELC TECH'!$E:$E)="Storage",CO$4*$BF17,"") | CP17: =IF(_xlfn.XLOOKUP($B17,'ELC TECH'!$H:$H,'ELC TECH'!$E:$E)="Storage",CP$4*$BF17,"") | CQ17: =IF(_xlfn.XLOOKUP($B17,'ELC TECH'!$H:$H,'ELC TECH'!$E:$E)="Storage",CQ$4*$BF17,"") | CR17: =IF(_xlfn.XLOOKUP($B17,'ELC TECH'!$H:$H,'ELC TECH'!$E:$E)="Storage",CR$4*$BF17,"") | CS17: =IF(_xlfn.XLOOKUP($B17,'ELC TECH'!$H:$H,'ELC TECH'!$E:$E)="Storage",CS$4*$BF17,"") | ... DI17: =IF(_xlfn.XLOOKUP($B17,'ELC TECH'!$H:$H,'ELC TECH'!$E:$E)="Storage",DI$4*$BF17,"")
B18: =IF('ELC TECH'!I11=0,"*",'ELC TECH'!H11) -> ELCHYDGRDHNSNDC320 | C18: =IF(_xlfn.XLOOKUP(_xlfn.XLOOKUP(B18,'ELC TECH'!$H:$H,'ELC TECH'!$G:$G),List!C:C,List!B:B)="STG",D18,"ELC"&_xlfn.XLOOKUP(_xlfn.XLOOKUP(B18,'ELC TECH'!H:H,'ELC TECH'!G:G),List!C:C,List!B:B)) -> ELCHYD | D18: CELC | E18: =_xlfn.XLOOKUP(B18,'ELC TECH'!H:H,'ELC TECH'!D:D) -> 2020 | F18: =_xlfn.XLOOKUP(B18,'ELC TECH'!H:H,'ELC TECH'!K:K) -> 100 | G18: =8760*0.0036 -> 31.536 | H18: =IF(_xlfn.XLOOKUP(B18,'ELC TECH'!$H:$H,'ELC TECH'!$E:$E)="Storage",0.3,IF(_xlfn.XLOOKUP(B18,'ELC TECH'!$H:$H,'ELC TECH'!$E:$E)="Baseload",0.9,IF(_xlfn.XLOOKUP(B18,'ELC TECH'!$H:$H,'ELC TECH'!$E:$E)="Non Dispatchable",0.05,IF(_xlfn.XLOOKUP(B18,'ELC TECH'!$H:$H,'ELC TECH'!$E:$E)="Dispatchable",0.9,1)))) -> 0.05 | I18: =IF(_xlfn.XLOOKUP(B18,'ELC TECH'!H:H,'ELC TECH'!J:J)="","",_xlfn.XLOOKUP(B18,'ELC TECH'!H:H,'ELC TECH'!J:J)) -> 0 | J18: =IF(_xlfn.XLOOKUP($B18,'ELC TECH'!$H:$H,'ELC TECH'!$E:$E)="Storage","",IF(_xlfn.XLOOKUP($B18,'ELC TECH'!$H:$H,'ELC TECH'!AK:AK)="",1,_xlfn.XLOOKUP($B18,'ELC TECH'!$H:$H,'ELC TECH'!AK:AK))) -> 1 | K18: =IF(_xlfn.XLOOKUP($B18,'ELC TECH'!$H:$H,'ELC TECH'!$E:$E)="Storage","",IF(_xlfn.XLOOKUP($B18,'ELC TECH'!$H:$H,'ELC TECH'!AL:AL)="",1,_xlfn.XLOOKUP($B18,'ELC TECH'!$H:$H,'ELC TECH'!AL:AL))) -> 1 | L18: =IF(_xlfn.XLOOKUP($B18,'ELC TECH'!$H:$H,'ELC TECH'!$E:$E)="Storage","",IF(_xlfn.XLOOKUP($B18,'ELC TECH'!$H:$H,'ELC TECH'!AM:AM)="",1,_xlfn.XLOOKUP($B18,'ELC TECH'!$H:$H,'ELC TECH'!AM:AM))) -> 1 | M18: =IF(_xlfn.XLOOKUP($B18,'ELC TECH'!$H:$H,'ELC TECH'!$E:$E)="Storage","",IF(_xlfn.XLOOKUP($B18,'ELC TECH'!$H:$H,'ELC TECH'!AN:AN)="",1,_xlfn.XLOOKUP($B18,'ELC TECH'!$H:$H,'ELC TECH'!AN:AN))) -> 1 | N18: =IF(_xlfn.XLOOKUP($B18,'ELC TECH'!$H:$H,'ELC TECH'!$E:$E)="Storage","",IF(_xlfn.XLOOKUP($B18,'ELC TECH'!$H:$H,'ELC TECH'!AO:AO)="",1,_xlfn.XLOOKUP($B18,'ELC TECH'!$H:$H,'ELC TECH'!AO:AO))) -> 1 | O18: =IF(_xlfn.XLOOKUP($B18,'ELC TECH'!$H:$H,'ELC TECH'!$E:$E)="Storage","",IF(_xlfn.XLOOKUP($B18,'ELC TECH'!$H:$H,'ELC TECH'!AP:AP)="",1,_xlfn.XLOOKUP($B18,'ELC TECH'!$H:$H,'ELC TECH'!AP:AP))) -> 1 | P18: =IF(_xlfn.XLOOKUP($B18,'ELC TECH'!$H:$H,'ELC TECH'!$E:$E)="Storage","",IF(_xlfn.XLOOKUP($B18,'ELC TECH'!$H:$H,'ELC TECH'!AQ:AQ)="",1,_xlfn.XLOOKUP($B18,'ELC TECH'!$H:$H,'ELC TECH'!AQ:AQ))) -> 1 | Q18: =IF(_xlfn.XLOOKUP($B18,'ELC TECH'!$H:$H,'ELC TECH'!$E:$E)="Storage","",IF(_xlfn.XLOOKUP($B18,'ELC TECH'!$H:$H,'ELC TECH'!AR:AR)="",1,_xlfn.XLOOKUP($B18,'ELC TECH'!$H:$H,'ELC TECH'!AR:AR))) -> 1 | R18: =IF(_xlfn.XLOOKUP($B18,'ELC TECH'!$H:$H,'ELC TECH'!$E:$E)<>"Storage","",IF(_xlfn.XLOOKUP($B18,'ELC TECH'!$H:$H,'ELC TECH'!AK:AK)="",0.8,_xlfn.XLOOKUP($B18,'ELC TECH'!$H:$H,'ELC TECH'!AK:AK))) | S18: =IF(_xlfn.XLOOKUP($B18,'ELC TECH'!$H:$H,'ELC TECH'!$E:$E)<>"Storage","",IF(_xlfn.XLOOKUP($B18,'ELC TECH'!$H:$H,'ELC TECH'!AL:AL)="",0.8,_xlfn.XLOOKUP($B18,'ELC TECH'!$H:$H,'ELC TECH'!AL:AL))) | T18: =IF(_xlfn.XLOOKUP($B18,'ELC TECH'!$H:$H,'ELC TECH'!$E:$E)<>"Storage","",IF(_xlfn.XLOOKUP($B18,'ELC TECH'!$H:$H,'ELC TECH'!AM:AM)="",0.8,_xlfn.XLOOKUP($B18,'ELC TECH'!$H:$H,'ELC TECH'!AM:AM))) | U18: =IF(_xlfn.XLOOKUP($B18,'ELC TECH'!$H:$H,'ELC TECH'!$E:$E)<>"Storage","",IF(_xlfn.XLOOKUP($B18,'ELC TECH'!$H:$H,'ELC TECH'!AN:AN)="",0.8,_xlfn.XLOOKUP($B18,'ELC TECH'!$H:$H,'ELC TECH'!AN:AN))) | V18: =IF(_xlfn.XLOOKUP($B18,'ELC TECH'!$H:$H,'ELC TECH'!$E:$E)<>"Storage","",IF(_xlfn.XLOOKUP($B18,'ELC TECH'!$H:$H,'ELC TECH'!AO:AO)="",0.8,_xlfn.XLOOKUP($B18,'ELC TECH'!$H:$H,'ELC TECH'!AO:AO))) | W18: =IF(_xlfn.XLOOKUP($B18,'ELC TECH'!$H:$H,'ELC TECH'!$E:$E)<>"Storage","",IF(_xlfn.XLOOKUP($B18,'ELC TECH'!$H:$H,'ELC TECH'!AP:AP)="",0.8,_xlfn.XLOOKUP($B18,'ELC TECH'!$H:$H,'ELC TECH'!AP:AP))) | X18: =IF(_xlfn.XLOOKUP($B18,'ELC TECH'!$H:$H,'ELC TECH'!$E:$E)<>"Storage","",IF(_xlfn.XLOOKUP($B18,'ELC TECH'!$H:$H,'ELC TECH'!AQ:AQ)="",0.8,_xlfn.XLOOKUP($B18,'ELC TECH'!$H:$H,'ELC TECH'!AQ:AQ))) | Y18: =IF(_xlfn.XLOOKUP($B18,'ELC TECH'!$H:$H,'ELC TECH'!$E:$E)<>"Storage","",IF(_xlfn.XLOOKUP($B18,'ELC TECH'!$H:$H,'ELC TECH'!AR:AR)="",0.8,_xlfn.XLOOKUP($B18,'ELC TECH'!$H:$H,'ELC TECH'!AR:AR))) | Z18: =_xlfn.XLOOKUP($B18,'ELC TECH'!$H:$H,'ELC TECH'!M:M) -> 7842.9943 | AA18: =_xlfn.XLOOKUP($B18,'ELC TECH'!$H:$H,'ELC TECH'!N:N) -> 7842.9943 | AB18: =_xlfn.XLOOKUP($B18,'ELC TECH'!$H:$H,'ELC TECH'!O:O) -> 7842.9943 | AC18: =_xlfn.XLOOKUP($B18,'ELC TECH'!$H:$H,'ELC TECH'!P:P) -> 7842.9943 | AD18: =_xlfn.XLOOKUP($B18,'ELC TECH'!$H:$H,'ELC TECH'!Q:Q) -> 7842.9943 | AE18: =_xlfn.XLOOKUP($B18,'ELC TECH'!$H:$H,'ELC TECH'!R:R) -> 7842.9943 | AF18: =_xlfn.XLOOKUP($B18,'ELC TECH'!$H:$H,'ELC TECH'!S:S) -> 7842.9943 | AG18: =_xlfn.XLOOKUP($B18,'ELC TECH'!$H:$H,'ELC TECH'!T:T) -> 7842.9943 | AH18: =_xlfn.XLOOKUP($B18,'ELC TECH'!$H:$H,'ELC TECH'!U:U) -> 152.65344 | AI18: =_xlfn.XLOOKUP($B18,'ELC TECH'!$H:$H,'ELC TECH'!V:V) -> 152.65344 | AJ18: =_xlfn.XLOOKUP($B18,'ELC TECH'!$H:$H,'ELC TECH'!W:W) -> 152.65344 | AK18: =_xlfn.XLOOKUP($B18,'ELC TECH'!$H:$H,'ELC TECH'!X:X) -> 152.65344 | AL18: =_xlfn.XLOOKUP($B18,'ELC TECH'!$H:$H,'ELC TECH'!Y:Y) -> 152.65344 | AM18: =_xlfn.XLOOKUP($B18,'ELC TECH'!$H:$H,'ELC TECH'!Z:Z) -> 152.65344 | AN18: =_xlfn.XLOOKUP($B18,'ELC TECH'!$H:$H,'ELC TECH'!AA:AA) -> 152.65344 | AO18: =_xlfn.XLOOKUP($B18,'ELC TECH'!$H:$H,'ELC TECH'!AB:AB) -> 152.65344 | AP18: =_xlfn.XLOOKUP($B18,'ELC TECH'!$H:$H,'ELC TECH'!AC:AC) -> 0 | AQ18: =_xlfn.XLOOKUP($B18,'ELC TECH'!$H:$H,'ELC TECH'!AD:AD) -> 0 | AR18: =_xlfn.XLOOKUP($B18,'ELC TECH'!$H:$H,'ELC TECH'!AE:AE) -> 0 | AS18: =_xlfn.XLOOKUP($B18,'ELC TECH'!$H:$H,'ELC TECH'!AF:AF) -> 0 | AT18: =_xlfn.XLOOKUP($B18,'ELC TECH'!$H:$H,'ELC TECH'!AG:AG) -> 0 | AU18: =_xlfn.XLOOKUP($B18,'ELC TECH'!$H:$H,'ELC TECH'!AH:AH) -> 0 | AV18: =_xlfn.XLOOKUP($B18,'ELC TECH'!$H:$H,'ELC TECH'!AI:AI) -> 0 | AW18: =_xlfn.XLOOKUP($B18,'ELC TECH'!$H:$H,'ELC TECH'!AJ:AJ) -> 0 | AX18: =IF(_xlfn.XLOOKUP($B18,'ELC TECH'!$H:$H,'ELC TECH'!$E:$E)="Storage","",_xlfn.XLOOKUP($B18,'ELC TECH'!$H:$H,'ELC TECH'!AS:AS)) -> 0.62 | AY18: =IF(_xlfn.XLOOKUP($B18,'ELC TECH'!$H:$H,'ELC TECH'!$E:$E)="Storage","",_xlfn.XLOOKUP($B18,'ELC TECH'!$H:$H,'ELC TECH'!AT:AT)) -> 0.62 | AZ18: =IF(_xlfn.XLOOKUP($B18,'ELC TECH'!$H:$H,'ELC TECH'!$E:$E)="Storage","",_xlfn.XLOOKUP($B18,'ELC TECH'!$H:$H,'ELC TECH'!AU:AU)) -> 0.62 | BA18: =IF(_xlfn.XLOOKUP($B18,'ELC TECH'!$H:$H,'ELC TECH'!$E:$E)="Storage","",_xlfn.XLOOKUP($B18,'ELC TECH'!$H:$H,'ELC TECH'!AV:AV)) -> 0.62 | BB18: =IF(_xlfn.XLOOKUP($B18,'ELC TECH'!$H:$H,'ELC TECH'!$E:$E)="Storage","",_xlfn.XLOOKUP($B18,'ELC TECH'!$H:$H,'ELC TECH'!AW:AW)) -> 0.62 | BC18: =IF(_xlfn.XLOOKUP($B18,'ELC TECH'!$H:$H,'ELC TECH'!$E:$E)="Storage","",_xlfn.XLOOKUP($B18,'ELC TECH'!$H:$H,'ELC TECH'!AX:AX)) -> 0.62 | BD18: =IF(_xlfn.XLOOKUP($B18,'ELC TECH'!$H:$H,'ELC TECH'!$E:$E)="Storage","",_xlfn.XLOOKUP($B18,'ELC TECH'!$H:$H,'ELC TECH'!AY:AY)) -> 0.62 | BE18: =IF(_xlfn.XLOOKUP($B18,'ELC TECH'!$H:$H,'ELC TECH'!$E:$E)="Storage","",_xlfn.XLOOKUP($B18,'ELC TECH'!$H:$H,'ELC TECH'!AZ:AZ)) -> 0.62 | BF18: =IF(_xlfn.XLOOKUP($B18,'ELC TECH'!$H:$H,'ELC TECH'!$E:$E)="Storage",_xlfn.XLOOKUP($B18,'ELC TECH'!$H:$H,'ELC TECH'!AS:AS),"") | BG18: =IF(_xlfn.XLOOKUP($B18,'ELC TECH'!$H:$H,'ELC TECH'!$E:$E)="Storage",_xlfn.XLOOKUP($B18,'ELC TECH'!$H:$H,'ELC TECH'!AT:AT),"") | BH18: =IF(_xlfn.XLOOKUP($B18,'ELC TECH'!$H:$H,'ELC TECH'!$E:$E)="Storage",_xlfn.XLOOKUP($B18,'ELC TECH'!$H:$H,'ELC TECH'!AU:AU),"") | BI18: =IF(_xlfn.XLOOKUP($B18,'ELC TECH'!$H:$H,'ELC TECH'!$E:$E)="Storage",_xlfn.XLOOKUP($B18,'ELC TECH'!$H:$H,'ELC TECH'!AV:AV),"") | BJ18: =IF(_xlfn.XLOOKUP($B18,'ELC TECH'!$H:$H,'ELC TECH'!$E:$E)="Storage",_xlfn.XLOOKUP($B18,'ELC TECH'!$H:$H,'ELC TECH'!AW:AW),"") | BK18: =IF(_xlfn.XLOOKUP($B18,'ELC TECH'!$H:$H,'ELC TECH'!$E:$E)="Storage",_xlfn.XLOOKUP($B18,'ELC TECH'!$H:$H,'ELC TECH'!AX:AX),"") | BL18: =IF(_xlfn.XLOOKUP($B18,'ELC TECH'!$H:$H,'ELC TECH'!$E:$E)="Storage",_xlfn.XLOOKUP($B18,'ELC TECH'!$H:$H,'ELC TECH'!AY:AY),"") | BM18: =IF(_xlfn.XLOOKUP($B18,'ELC TECH'!$H:$H,'ELC TECH'!$E:$E)="Storage",_xlfn.XLOOKUP($B18,'ELC TECH'!$H:$H,'ELC TECH'!AZ:AZ),"") | BN18: =IF(_xlfn.XLOOKUP($B18,'ELC TECH'!$H:$H,'ELC TECH'!$E:$E)="Non Dispatchable",IFERROR($AX18*_xlfn.XLOOKUP($C18,$BM$1:$BM$3,BN$1:BN$3)/SUMPRODUCT(_xlfn.XLOOKUP($C18,$BM$1:$BM$3,$BN$1:$BY$3),$BN$4:$BY$4),""), "") -> 0.44719024 | BO18: =IF(_xlfn.XLOOKUP($B18,'ELC TECH'!$H:$H,'ELC TECH'!$E:$E)="Non Dispatchable",IFERROR($AX18*_xlfn.XLOOKUP($C18,$BM$1:$BM$3,BO$1:BO$3)/SUMPRODUCT(_xlfn.XLOOKUP($C18,$BM$1:$BM$3,$BN$1:$BY$3),$BN$4:$BY$4),""), "") -> 0.52063389 | BP18: =IF(_xlfn.XLOOKUP($B18,'ELC TECH'!$H:$H,'ELC TECH'!$E:$E)="Non Dispatchable",IFERROR($AX18*_xlfn.XLOOKUP($C18,$BM$1:$BM$3,BP$1:BP$3)/SUMPRODUCT(_xlfn.XLOOKUP($C18,$BM$1:$BM$3,$BN$1:$BY$3),$BN$4:$BY$4),""), "") -> 0.83344945 | BQ18: =IF(_xlfn.XLOOKUP($B18,'ELC TECH'!$H:$H,'ELC TECH'!$E:$E)="Non Dispatchable",IFERROR($AX18*_xlfn.XLOOKUP($C18,$BM$1:$BM$3,BQ$1:BQ$3)/SUMPRODUCT(_xlfn.XLOOKUP($C18,$BM$1:$BM$3,$BN$1:$BY$3),$BN$4:$BY$4),""), "") -> 0.017408866 | BR18: =IF(_xlfn.XLOOKUP($B18,'ELC TECH'!$H:$H,'ELC TECH'!$E:$E)="Non Dispatchable",IFERROR($AX18*_xlfn.XLOOKUP($C18,$BM$1:$BM$3,BR$1:BR$3)/SUMPRODUCT(_xlfn.XLOOKUP($C18,$BM$1:$BM$3,$BN$1:$BY$3),$BN$4:$BY$4),""), "") -> 0.44338205 | BS18: =IF(_xlfn.XLOOKUP($B18,'ELC TECH'!$H:$H,'ELC TECH'!$E:$E)="Non Dispatchable",IFERROR($AX18*_xlfn.XLOOKUP($C18,$BM$1:$BM$3,BS$1:BS$3)/SUMPRODUCT(_xlfn.XLOOKUP($C18,$BM$1:$BM$3,$BN$1:$BY$3),$BN$4:$BY$4),""), "") -> 0.59135741 | BT18: =IF(_xlfn.XLOOKUP($B18,'ELC TECH'!$H:$H,'ELC TECH'!$E:$E)="Non Dispatchable",IFERROR($AX18*_xlfn.XLOOKUP($C18,$BM$1:$BM$3,BT$1:BT$3)/SUMPRODUCT(_xlfn.XLOOKUP($C18,$BM$1:$BM$3,$BN$1:$BY$3),$BN$4:$BY$4),""), "") -> 0.75130137 | BU18: =IF(_xlfn.XLOOKUP($B18,'ELC TECH'!$H:$H,'ELC TECH'!$E:$E)="Non Dispatchable",IFERROR($AX18*_xlfn.XLOOKUP($C18,$BM$1:$BM$3,BU$1:BU$3)/SUMPRODUCT(_xlfn.XLOOKUP($C18,$BM$1:$BM$3,$BN$1:$BY$3),$BN$4:$BY$4),""), "") -> 0.017408866 | ... CK18: =IF(_xlfn.XLOOKUP($B18,'ELC TECH'!$H:$H,'ELC TECH'!$E:$E)="Non Dispatchable",IFERROR($AX18*_xlfn.XLOOKUP($C18,$BM$1:$BM$3,CK$1:CK$3)/SUMPRODUCT(_xlfn.XLOOKUP($C18,$BM$1:$BM$3,$BN$1:$BY$3),$BN$4:$BY$4),""), "") -> 0.014688731 | CL18: =IF(_xlfn.XLOOKUP($B18,'ELC TECH'!$H:$H,'ELC TECH'!$E:$E)="Storage",CL$4*$BF18,"") | CM18: =IF(_xlfn.XLOOKUP($B18,'ELC TECH'!$H:$H,'ELC TECH'!$E:$E)="Storage",CM$4*$BF18,"") | CN18: =IF(_xlfn.XLOOKUP($B18,'ELC TECH'!$H:$H,'ELC TECH'!$E:$E)="Storage",CN$4*$BF18,"") | CO18: =IF(_xlfn.XLOOKUP($B18,'ELC TECH'!$H:$H,'ELC TECH'!$E:$E)="Storage",CO$4*$BF18,"") | CP18: =IF(_xlfn.XLOOKUP($B18,'ELC TECH'!$H:$H,'ELC TECH'!$E:$E)="Storage",CP$4*$BF18,"") | CQ18: =IF(_xlfn.XLOOKUP($B18,'ELC TECH'!$H:$H,'ELC TECH'!$E:$E)="Storage",CQ$4*$BF18,"") | CR18: =IF(_xlfn.XLOOKUP($B18,'ELC TECH'!$H:$H,'ELC TECH'!$E:$E)="Storage",CR$4*$BF18,"") | CS18: =IF(_xlfn.XLOOKUP($B18,'ELC TECH'!$H:$H,'ELC TECH'!$E:$E)="Storage",CS$4*$BF18,"") | ... DI18: =IF(_xlfn.XLOOKUP($B18,'ELC TECH'!$H:$H,'ELC TECH'!$E:$E)="Storage",DI$4*$BF18,"")
B19: =IF('ELC TECH'!I12=0,"*",'ELC TECH'!H12) -> ELCHYDGRDHNSNDC420 | C19: =IF(_xlfn.XLOOKUP(_xlfn.XLOOKUP(B19,'ELC TECH'!$H:$H,'ELC TECH'!$G:$G),List!C:C,List!B:B)="STG",D19,"ELC"&_xlfn.XLOOKUP(_xlfn.XLOOKUP(B19,'ELC TECH'!H:H,'ELC TECH'!G:G),List!C:C,List!B:B)) -> ELCHYD | D19: CELC | E19: =_xlfn.XLOOKUP(B19,'ELC TECH'!H:H,'ELC TECH'!D:D) -> 2020 | F19: =_xlfn.XLOOKUP(B19,'ELC TECH'!H:H,'ELC TECH'!K:K) -> 100 | G19: =8760*0.0036 -> 31.536 | H19: =IF(_xlfn.XLOOKUP(B19,'ELC TECH'!$H:$H,'ELC TECH'!$E:$E)="Storage",0.3,IF(_xlfn.XLOOKUP(B19,'ELC TECH'!$H:$H,'ELC TECH'!$E:$E)="Baseload",0.9,IF(_xlfn.XLOOKUP(B19,'ELC TECH'!$H:$H,'ELC TECH'!$E:$E)="Non Dispatchable",0.05,IF(_xlfn.XLOOKUP(B19,'ELC TECH'!$H:$H,'ELC TECH'!$E:$E)="Dispatchable",0.9,1)))) -> 0.05 | I19: =IF(_xlfn.XLOOKUP(B19,'ELC TECH'!H:H,'ELC TECH'!J:J)="","",_xlfn.XLOOKUP(B19,'ELC TECH'!H:H,'ELC TECH'!J:J)) -> 0 | J19: =IF(_xlfn.XLOOKUP($B19,'ELC TECH'!$H:$H,'ELC TECH'!$E:$E)="Storage","",IF(_xlfn.XLOOKUP($B19,'ELC TECH'!$H:$H,'ELC TECH'!AK:AK)="",1,_xlfn.XLOOKUP($B19,'ELC TECH'!$H:$H,'ELC TECH'!AK:AK))) -> 1 | K19: =IF(_xlfn.XLOOKUP($B19,'ELC TECH'!$H:$H,'ELC TECH'!$E:$E)="Storage","",IF(_xlfn.XLOOKUP($B19,'ELC TECH'!$H:$H,'ELC TECH'!AL:AL)="",1,_xlfn.XLOOKUP($B19,'ELC TECH'!$H:$H,'ELC TECH'!AL:AL))) -> 1 | L19: =IF(_xlfn.XLOOKUP($B19,'ELC TECH'!$H:$H,'ELC TECH'!$E:$E)="Storage","",IF(_xlfn.XLOOKUP($B19,'ELC TECH'!$H:$H,'ELC TECH'!AM:AM)="",1,_xlfn.XLOOKUP($B19,'ELC TECH'!$H:$H,'ELC TECH'!AM:AM))) -> 1 | M19: =IF(_xlfn.XLOOKUP($B19,'ELC TECH'!$H:$H,'ELC TECH'!$E:$E)="Storage","",IF(_xlfn.XLOOKUP($B19,'ELC TECH'!$H:$H,'ELC TECH'!AN:AN)="",1,_xlfn.XLOOKUP($B19,'ELC TECH'!$H:$H,'ELC TECH'!AN:AN))) -> 1 | N19: =IF(_xlfn.XLOOKUP($B19,'ELC TECH'!$H:$H,'ELC TECH'!$E:$E)="Storage","",IF(_xlfn.XLOOKUP($B19,'ELC TECH'!$H:$H,'ELC TECH'!AO:AO)="",1,_xlfn.XLOOKUP($B19,'ELC TECH'!$H:$H,'ELC TECH'!AO:AO))) -> 1 | O19: =IF(_xlfn.XLOOKUP($B19,'ELC TECH'!$H:$H,'ELC TECH'!$E:$E)="Storage","",IF(_xlfn.XLOOKUP($B19,'ELC TECH'!$H:$H,'ELC TECH'!AP:AP)="",1,_xlfn.XLOOKUP($B19,'ELC TECH'!$H:$H,'ELC TECH'!AP:AP))) -> 1 | P19: =IF(_xlfn.XLOOKUP($B19,'ELC TECH'!$H:$H,'ELC TECH'!$E:$E)="Storage","",IF(_xlfn.XLOOKUP($B19,'ELC TECH'!$H:$H,'ELC TECH'!AQ:AQ)="",1,_xlfn.XLOOKUP($B19,'ELC TECH'!$H:$H,'ELC TECH'!AQ:AQ))) -> 1 | Q19: =IF(_xlfn.XLOOKUP($B19,'ELC TECH'!$H:$H,'ELC TECH'!$E:$E)="Storage","",IF(_xlfn.XLOOKUP($B19,'ELC TECH'!$H:$H,'ELC TECH'!AR:AR)="",1,_xlfn.XLOOKUP($B19,'ELC TECH'!$H:$H,'ELC TECH'!AR:AR))) -> 1 | R19: =IF(_xlfn.XLOOKUP($B19,'ELC TECH'!$H:$H,'ELC TECH'!$E:$E)<>"Storage","",IF(_xlfn.XLOOKUP($B19,'ELC TECH'!$H:$H,'ELC TECH'!AK:AK)="",0.8,_xlfn.XLOOKUP($B19,'ELC TECH'!$H:$H,'ELC TECH'!AK:AK))) | S19: =IF(_xlfn.XLOOKUP($B19,'ELC TECH'!$H:$H,'ELC TECH'!$E:$E)<>"Storage","",IF(_xlfn.XLOOKUP($B19,'ELC TECH'!$H:$H,'ELC TECH'!AL:AL)="",0.8,_xlfn.XLOOKUP($B19,'ELC TECH'!$H:$H,'ELC TECH'!AL:AL))) | T19: =IF(_xlfn.XLOOKUP($B19,'ELC TECH'!$H:$H,'ELC TECH'!$E:$E)<>"Storage","",IF(_xlfn.XLOOKUP($B19,'ELC TECH'!$H:$H,'ELC TECH'!AM:AM)="",0.8,_xlfn.XLOOKUP($B19,'ELC TECH'!$H:$H,'ELC TECH'!AM:AM))) | U19: =IF(_xlfn.XLOOKUP($B19,'ELC TECH'!$H:$H,'ELC TECH'!$E:$E)<>"Storage","",IF(_xlfn.XLOOKUP($B19,'ELC TECH'!$H:$H,'ELC TECH'!AN:AN)="",0.8,_xlfn.XLOOKUP($B19,'ELC TECH'!$H:$H,'ELC TECH'!AN:AN))) | V19: =IF(_xlfn.XLOOKUP($B19,'ELC TECH'!$H:$H,'ELC TECH'!$E:$E)<>"Storage","",IF(_xlfn.XLOOKUP($B19,'ELC TECH'!$H:$H,'ELC TECH'!AO:AO)="",0.8,_xlfn.XLOOKUP($B19,'ELC TECH'!$H:$H,'ELC TECH'!AO:AO))) | W19: =IF(_xlfn.XLOOKUP($B19,'ELC TECH'!$H:$H,'ELC TECH'!$E:$E)<>"Storage","",IF(_xlfn.XLOOKUP($B19,'ELC TECH'!$H:$H,'ELC TECH'!AP:AP)="",0.8,_xlfn.XLOOKUP($B19,'ELC TECH'!$H:$H,'ELC TECH'!AP:AP))) | X19: =IF(_xlfn.XLOOKUP($B19,'ELC TECH'!$H:$H,'ELC TECH'!$E:$E)<>"Storage","",IF(_xlfn.XLOOKUP($B19,'ELC TECH'!$H:$H,'ELC TECH'!AQ:AQ)="",0.8,_xlfn.XLOOKUP($B19,'ELC TECH'!$H:$H,'ELC TECH'!AQ:AQ))) | Y19: =IF(_xlfn.XLOOKUP($B19,'ELC TECH'!$H:$H,'ELC TECH'!$E:$E)<>"Storage","",IF(_xlfn.XLOOKUP($B19,'ELC TECH'!$H:$H,'ELC TECH'!AR:AR)="",0.8,_xlfn.XLOOKUP($B19,'ELC TECH'!$H:$H,'ELC TECH'!AR:AR))) | Z19: =_xlfn.XLOOKUP($B19,'ELC TECH'!$H:$H,'ELC TECH'!M:M) -> 7060.5041 | AA19: =_xlfn.XLOOKUP($B19,'ELC TECH'!$H:$H,'ELC TECH'!N:N) -> 7060.5041 | AB19: =_xlfn.XLOOKUP($B19,'ELC TECH'!$H:$H,'ELC TECH'!O:O) -> 7060.5041 | AC19: =_xlfn.XLOOKUP($B19,'ELC TECH'!$H:$H,'ELC TECH'!P:P) -> 7060.5041 | AD19: =_xlfn.XLOOKUP($B19,'ELC TECH'!$H:$H,'ELC TECH'!Q:Q) -> 7060.5041 | AE19: =_xlfn.XLOOKUP($B19,'ELC TECH'!$H:$H,'ELC TECH'!R:R) -> 7060.5041 | AF19: =_xlfn.XLOOKUP($B19,'ELC TECH'!$H:$H,'ELC TECH'!S:S) -> 7060.5041 | AG19: =_xlfn.XLOOKUP($B19,'ELC TECH'!$H:$H,'ELC TECH'!T:T) -> 7060.5041 | AH19: =_xlfn.XLOOKUP($B19,'ELC TECH'!$H:$H,'ELC TECH'!U:U) -> 37.315284 | AI19: =_xlfn.XLOOKUP($B19,'ELC TECH'!$H:$H,'ELC TECH'!V:V) -> 37.315284 | AJ19: =_xlfn.XLOOKUP($B19,'ELC TECH'!$H:$H,'ELC TECH'!W:W) -> 37.315284 | AK19: =_xlfn.XLOOKUP($B19,'ELC TECH'!$H:$H,'ELC TECH'!X:X) -> 37.315284 | AL19: =_xlfn.XLOOKUP($B19,'ELC TECH'!$H:$H,'ELC TECH'!Y:Y) -> 37.315284 | AM19: =_xlfn.XLOOKUP($B19,'ELC TECH'!$H:$H,'ELC TECH'!Z:Z) -> 37.315284 | AN19: =_xlfn.XLOOKUP($B19,'ELC TECH'!$H:$H,'ELC TECH'!AA:AA) -> 37.315284 | AO19: =_xlfn.XLOOKUP($B19,'ELC TECH'!$H:$H,'ELC TECH'!AB:AB) -> 37.315284 | AP19: =_xlfn.XLOOKUP($B19,'ELC TECH'!$H:$H,'ELC TECH'!AC:AC) -> 0 | AQ19: =_xlfn.XLOOKUP($B19,'ELC TECH'!$H:$H,'ELC TECH'!AD:AD) -> 0 | AR19: =_xlfn.XLOOKUP($B19,'ELC TECH'!$H:$H,'ELC TECH'!AE:AE) -> 0 | AS19: =_xlfn.XLOOKUP($B19,'ELC TECH'!$H:$H,'ELC TECH'!AF:AF) -> 0 | AT19: =_xlfn.XLOOKUP($B19,'ELC TECH'!$H:$H,'ELC TECH'!AG:AG) -> 0 | AU19: =_xlfn.XLOOKUP($B19,'ELC TECH'!$H:$H,'ELC TECH'!AH:AH) -> 0 | AV19: =_xlfn.XLOOKUP($B19,'ELC TECH'!$H:$H,'ELC TECH'!AI:AI) -> 0 | AW19: =_xlfn.XLOOKUP($B19,'ELC TECH'!$H:$H,'ELC TECH'!AJ:AJ) -> 0 | AX19: =IF(_xlfn.XLOOKUP($B19,'ELC TECH'!$H:$H,'ELC TECH'!$E:$E)="Storage","",_xlfn.XLOOKUP($B19,'ELC TECH'!$H:$H,'ELC TECH'!AS:AS)) -> 0.66 | AY19: =IF(_xlfn.XLOOKUP($B19,'ELC TECH'!$H:$H,'ELC TECH'!$E:$E)="Storage","",_xlfn.XLOOKUP($B19,'ELC TECH'!$H:$H,'ELC TECH'!AT:AT)) -> 0.66 | AZ19: =IF(_xlfn.XLOOKUP($B19,'ELC TECH'!$H:$H,'ELC TECH'!$E:$E)="Storage","",_xlfn.XLOOKUP($B19,'ELC TECH'!$H:$H,'ELC TECH'!AU:AU)) -> 0.66 | BA19: =IF(_xlfn.XLOOKUP($B19,'ELC TECH'!$H:$H,'ELC TECH'!$E:$E)="Storage","",_xlfn.XLOOKUP($B19,'ELC TECH'!$H:$H,'ELC TECH'!AV:AV)) -> 0.66 | BB19: =IF(_xlfn.XLOOKUP($B19,'ELC TECH'!$H:$H,'ELC TECH'!$E:$E)="Storage","",_xlfn.XLOOKUP($B19,'ELC TECH'!$H:$H,'ELC TECH'!AW:AW)) -> 0.66 | BC19: =IF(_xlfn.XLOOKUP($B19,'ELC TECH'!$H:$H,'ELC TECH'!$E:$E)="Storage","",_xlfn.XLOOKUP($B19,'ELC TECH'!$H:$H,'ELC TECH'!AX:AX)) -> 0.66 | BD19: =IF(_xlfn.XLOOKUP($B19,'ELC TECH'!$H:$H,'ELC TECH'!$E:$E)="Storage","",_xlfn.XLOOKUP($B19,'ELC TECH'!$H:$H,'ELC TECH'!AY:AY)) -> 0.66 | BE19: =IF(_xlfn.XLOOKUP($B19,'ELC TECH'!$H:$H,'ELC TECH'!$E:$E)="Storage","",_xlfn.XLOOKUP($B19,'ELC TECH'!$H:$H,'ELC TECH'!AZ:AZ)) -> 0.66 | BF19: =IF(_xlfn.XLOOKUP($B19,'ELC TECH'!$H:$H,'ELC TECH'!$E:$E)="Storage",_xlfn.XLOOKUP($B19,'ELC TECH'!$H:$H,'ELC TECH'!AS:AS),"") | BG19: =IF(_xlfn.XLOOKUP($B19,'ELC TECH'!$H:$H,'ELC TECH'!$E:$E)="Storage",_xlfn.XLOOKUP($B19,'ELC TECH'!$H:$H,'ELC TECH'!AT:AT),"") | BH19: =IF(_xlfn.XLOOKUP($B19,'ELC TECH'!$H:$H,'ELC TECH'!$E:$E)="Storage",_xlfn.XLOOKUP($B19,'ELC TECH'!$H:$H,'ELC TECH'!AU:AU),"") | BI19: =IF(_xlfn.XLOOKUP($B19,'ELC TECH'!$H:$H,'ELC TECH'!$E:$E)="Storage",_xlfn.XLOOKUP($B19,'ELC TECH'!$H:$H,'ELC TECH'!AV:AV),"") | BJ19: =IF(_xlfn.XLOOKUP($B19,'ELC TECH'!$H:$H,'ELC TECH'!$E:$E)="Storage",_xlfn.XLOOKUP($B19,'ELC TECH'!$H:$H,'ELC TECH'!AW:AW),"") | BK19: =IF(_xlfn.XLOOKUP($B19,'ELC TECH'!$H:$H,'ELC TECH'!$E:$E)="Storage",_xlfn.XLOOKUP($B19,'ELC TECH'!$H:$H,'ELC TECH'!AX:AX),"") | BL19: =IF(_xlfn.XLOOKUP($B19,'ELC TECH'!$H:$H,'ELC TECH'!$E:$E)="Storage",_xlfn.XLOOKUP($B19,'ELC TECH'!$H:$H,'ELC TECH'!AY:AY),"") | BM19: =IF(_xlfn.XLOOKUP($B19,'ELC TECH'!$H:$H,'ELC TECH'!$E:$E)="Storage",_xlfn.XLOOKUP($B19,'ELC TECH'!$H:$H,'ELC TECH'!AZ:AZ),"") | BN19: =IF(_xlfn.XLOOKUP($B19,'ELC TECH'!$H:$H,'ELC TECH'!$E:$E)="Non Dispatchable",IFERROR($AX19*_xlfn.XLOOKUP($C19,$BM$1:$BM$3,BN$1:BN$3)/SUMPRODUCT(_xlfn.XLOOKUP($C19,$BM$1:$BM$3,$BN$1:$BY$3),$BN$4:$BY$4),""), "") -> 0.47604122 | BO19: =IF(_xlfn.XLOOKUP($B19,'ELC TECH'!$H:$H,'ELC TECH'!$E:$E)="Non Dispatchable",IFERROR($AX19*_xlfn.XLOOKUP($C19,$BM$1:$BM$3,BO$1:BO$3)/SUMPRODUCT(_xlfn.XLOOKUP($C19,$BM$1:$BM$3,$BN$1:$BY$3),$BN$4:$BY$4),""), "") -> 0.55422318 | BP19: =IF(_xlfn.XLOOKUP($B19,'ELC TECH'!$H:$H,'ELC TECH'!$E:$E)="Non Dispatchable",IFERROR($AX19*_xlfn.XLOOKUP($C19,$BM$1:$BM$3,BP$1:BP$3)/SUMPRODUCT(_xlfn.XLOOKUP($C19,$BM$1:$BM$3,$BN$1:$BY$3),$BN$4:$BY$4),""), "") -> 0.88722038 | BQ19: =IF(_xlfn.XLOOKUP($B19,'ELC TECH'!$H:$H,'ELC TECH'!$E:$E)="Non Dispatchable",IFERROR($AX19*_xlfn.XLOOKUP($C19,$BM$1:$BM$3,BQ$1:BQ$3)/SUMPRODUCT(_xlfn.XLOOKUP($C19,$BM$1:$BM$3,$BN$1:$BY$3),$BN$4:$BY$4),""), "") -> 0.018532018 | BR19: =IF(_xlfn.XLOOKUP($B19,'ELC TECH'!$H:$H,'ELC TECH'!$E:$E)="Non Dispatchable",IFERROR($AX19*_xlfn.XLOOKUP($C19,$BM$1:$BM$3,BR$1:BR$3)/SUMPRODUCT(_xlfn.XLOOKUP($C19,$BM$1:$BM$3,$BN$1:$BY$3),$BN$4:$BY$4),""), "") -> 0.47198734 | BS19: =IF(_xlfn.XLOOKUP($B19,'ELC TECH'!$H:$H,'ELC TECH'!$E:$E)="Non Dispatchable",IFERROR($AX19*_xlfn.XLOOKUP($C19,$BM$1:$BM$3,BS$1:BS$3)/SUMPRODUCT(_xlfn.XLOOKUP($C19,$BM$1:$BM$3,$BN$1:$BY$3),$BN$4:$BY$4),""), "") -> 0.6295095 | BT19: =IF(_xlfn.XLOOKUP($B19,'ELC TECH'!$H:$H,'ELC TECH'!$E:$E)="Non Dispatchable",IFERROR($AX19*_xlfn.XLOOKUP($C19,$BM$1:$BM$3,BT$1:BT$3)/SUMPRODUCT(_xlfn.XLOOKUP($C19,$BM$1:$BM$3,$BN$1:$BY$3),$BN$4:$BY$4),""), "") -> 0.79977242 | BU19: =IF(_xlfn.XLOOKUP($B19,'ELC TECH'!$H:$H,'ELC TECH'!$E:$E)="Non Dispatchable",IFERROR($AX19*_xlfn.XLOOKUP($C19,$BM$1:$BM$3,BU$1:BU$3)/SUMPRODUCT(_xlfn.XLOOKUP($C19,$BM$1:$BM$3,$BN$1:$BY$3),$BN$4:$BY$4),""), "") -> 0.018532018 | ... CK19: =IF(_xlfn.XLOOKUP($B19,'ELC TECH'!$H:$H,'ELC TECH'!$E:$E)="Non Dispatchable",IFERROR($AX19*_xlfn.XLOOKUP($C19,$BM$1:$BM$3,CK$1:CK$3)/SUMPRODUCT(_xlfn.XLOOKUP($C19,$BM$1:$BM$3,$BN$1:$BY$3),$BN$4:$BY$4),""), "") -> 0.015636391 | CL19: =IF(_xlfn.XLOOKUP($B19,'ELC TECH'!$H:$H,'ELC TECH'!$E:$E)="Storage",CL$4*$BF19,"") | CM19: =IF(_xlfn.XLOOKUP($B19,'ELC TECH'!$H:$H,'ELC TECH'!$E:$E)="Storage",CM$4*$BF19,"") | CN19: =IF(_xlfn.XLOOKUP($B19,'ELC TECH'!$H:$H,'ELC TECH'!$E:$E)="Storage",CN$4*$BF19,"") | CO19: =IF(_xlfn.XLOOKUP($B19,'ELC TECH'!$H:$H,'ELC TECH'!$E:$E)="Storage",CO$4*$BF19,"") | CP19: =IF(_xlfn.XLOOKUP($B19,'ELC TECH'!$H:$H,'ELC TECH'!$E:$E)="Storage",CP$4*$BF19,"") | CQ19: =IF(_xlfn.XLOOKUP($B19,'ELC TECH'!$H:$H,'ELC TECH'!$E:$E)="Storage",CQ$4*$BF19,"") | CR19: =IF(_xlfn.XLOOKUP($B19,'ELC TECH'!$H:$H,'ELC TECH'!$E:$E)="Storage",CR$4*$BF19,"") | CS19: =IF(_xlfn.XLOOKUP($B19,'ELC TECH'!$H:$H,'ELC TECH'!$E:$E)="Storage",CS$4*$BF19,"") | ... DI19: =IF(_xlfn.XLOOKUP($B19,'ELC TECH'!$H:$H,'ELC TECH'!$E:$E)="Storage",DI$4*$BF19,"")
B20: =IF('ELC TECH'!I13=0,"*",'ELC TECH'!H13) -> ELCHYDGRDHNSNDC520 | C20: =IF(_xlfn.XLOOKUP(_xlfn.XLOOKUP(B20,'ELC TECH'!$H:$H,'ELC TECH'!$G:$G),List!C:C,List!B:B)="STG",D20,"ELC"&_xlfn.XLOOKUP(_xlfn.XLOOKUP(B20,'ELC TECH'!H:H,'ELC TECH'!G:G),List!C:C,List!B:B)) -> ELCHYD | D20: CELC | E20: =_xlfn.XLOOKUP(B20,'ELC TECH'!H:H,'ELC TECH'!D:D) -> 2020 | F20: =_xlfn.XLOOKUP(B20,'ELC TECH'!H:H,'ELC TECH'!K:K) -> 100 | G20: =8760*0.0036 -> 31.536 | H20: =IF(_xlfn.XLOOKUP(B20,'ELC TECH'!$H:$H,'ELC TECH'!$E:$E)="Storage",0.3,IF(_xlfn.XLOOKUP(B20,'ELC TECH'!$H:$H,'ELC TECH'!$E:$E)="Baseload",0.9,IF(_xlfn.XLOOKUP(B20,'ELC TECH'!$H:$H,'ELC TECH'!$E:$E)="Non Dispatchable",0.05,IF(_xlfn.XLOOKUP(B20,'ELC TECH'!$H:$H,'ELC TECH'!$E:$E)="Dispatchable",0.9,1)))) -> 0.05 | I20: =IF(_xlfn.XLOOKUP(B20,'ELC TECH'!H:H,'ELC TECH'!J:J)="","",_xlfn.XLOOKUP(B20,'ELC TECH'!H:H,'ELC TECH'!J:J)) -> 0 | J20: =IF(_xlfn.XLOOKUP($B20,'ELC TECH'!$H:$H,'ELC TECH'!$E:$E)="Storage","",IF(_xlfn.XLOOKUP($B20,'ELC TECH'!$H:$H,'ELC TECH'!AK:AK)="",1,_xlfn.XLOOKUP($B20,'ELC TECH'!$H:$H,'ELC TECH'!AK:AK))) -> 1 | K20: =IF(_xlfn.XLOOKUP($B20,'ELC TECH'!$H:$H,'ELC TECH'!$E:$E)="Storage","",IF(_xlfn.XLOOKUP($B20,'ELC TECH'!$H:$H,'ELC TECH'!AL:AL)="",1,_xlfn.XLOOKUP($B20,'ELC TECH'!$H:$H,'ELC TECH'!AL:AL))) -> 1 | L20: =IF(_xlfn.XLOOKUP($B20,'ELC TECH'!$H:$H,'ELC TECH'!$E:$E)="Storage","",IF(_xlfn.XLOOKUP($B20,'ELC TECH'!$H:$H,'ELC TECH'!AM:AM)="",1,_xlfn.XLOOKUP($B20,'ELC TECH'!$H:$H,'ELC TECH'!AM:AM))) -> 1 | M20: =IF(_xlfn.XLOOKUP($B20,'ELC TECH'!$H:$H,'ELC TECH'!$E:$E)="Storage","",IF(_xlfn.XLOOKUP($B20,'ELC TECH'!$H:$H,'ELC TECH'!AN:AN)="",1,_xlfn.XLOOKUP($B20,'ELC TECH'!$H:$H,'ELC TECH'!AN:AN))) -> 1 | N20: =IF(_xlfn.XLOOKUP($B20,'ELC TECH'!$H:$H,'ELC TECH'!$E:$E)="Storage","",IF(_xlfn.XLOOKUP($B20,'ELC TECH'!$H:$H,'ELC TECH'!AO:AO)="",1,_xlfn.XLOOKUP($B20,'ELC TECH'!$H:$H,'ELC TECH'!AO:AO))) -> 1 | O20: =IF(_xlfn.XLOOKUP($B20,'ELC TECH'!$H:$H,'ELC TECH'!$E:$E)="Storage","",IF(_xlfn.XLOOKUP($B20,'ELC TECH'!$H:$H,'ELC TECH'!AP:AP)="",1,_xlfn.XLOOKUP($B20,'ELC TECH'!$H:$H,'ELC TECH'!AP:AP))) -> 1 | P20: =IF(_xlfn.XLOOKUP($B20,'ELC TECH'!$H:$H,'ELC TECH'!$E:$E)="Storage","",IF(_xlfn.XLOOKUP($B20,'ELC TECH'!$H:$H,'ELC TECH'!AQ:AQ)="",1,_xlfn.XLOOKUP($B20,'ELC TECH'!$H:$H,'ELC TECH'!AQ:AQ))) -> 1 | Q20: =IF(_xlfn.XLOOKUP($B20,'ELC TECH'!$H:$H,'ELC TECH'!$E:$E)="Storage","",IF(_xlfn.XLOOKUP($B20,'ELC TECH'!$H:$H,'ELC TECH'!AR:AR)="",1,_xlfn.XLOOKUP($B20,'ELC TECH'!$H:$H,'ELC TECH'!AR:AR))) -> 1 | R20: =IF(_xlfn.XLOOKUP($B20,'ELC TECH'!$H:$H,'ELC TECH'!$E:$E)<>"Storage","",IF(_xlfn.XLOOKUP($B20,'ELC TECH'!$H:$H,'ELC TECH'!AK:AK)="",0.8,_xlfn.XLOOKUP($B20,'ELC TECH'!$H:$H,'ELC TECH'!AK:AK))) | S20: =IF(_xlfn.XLOOKUP($B20,'ELC TECH'!$H:$H,'ELC TECH'!$E:$E)<>"Storage","",IF(_xlfn.XLOOKUP($B20,'ELC TECH'!$H:$H,'ELC TECH'!AL:AL)="",0.8,_xlfn.XLOOKUP($B20,'ELC TECH'!$H:$H,'ELC TECH'!AL:AL))) | T20: =IF(_xlfn.XLOOKUP($B20,'ELC TECH'!$H:$H,'ELC TECH'!$E:$E)<>"Storage","",IF(_xlfn.XLOOKUP($B20,'ELC TECH'!$H:$H,'ELC TECH'!AM:AM)="",0.8,_xlfn.XLOOKUP($B20,'ELC TECH'!$H:$H,'ELC TECH'!AM:AM))) | U20: =IF(_xlfn.XLOOKUP($B20,'ELC TECH'!$H:$H,'ELC TECH'!$E:$E)<>"Storage","",IF(_xlfn.XLOOKUP($B20,'ELC TECH'!$H:$H,'ELC TECH'!AN:AN)="",0.8,_xlfn.XLOOKUP($B20,'ELC TECH'!$H:$H,'ELC TECH'!AN:AN))) | V20: =IF(_xlfn.XLOOKUP($B20,'ELC TECH'!$H:$H,'ELC TECH'!$E:$E)<>"Storage","",IF(_xlfn.XLOOKUP($B20,'ELC TECH'!$H:$H,'ELC TECH'!AO:AO)="",0.8,_xlfn.XLOOKUP($B20,'ELC TECH'!$H:$H,'ELC TECH'!AO:AO))) | W20: =IF(_xlfn.XLOOKUP($B20,'ELC TECH'!$H:$H,'ELC TECH'!$E:$E)<>"Storage","",IF(_xlfn.XLOOKUP($B20,'ELC TECH'!$H:$H,'ELC TECH'!AP:AP)="",0.8,_xlfn.XLOOKUP($B20,'ELC TECH'!$H:$H,'ELC TECH'!AP:AP))) | X20: =IF(_xlfn.XLOOKUP($B20,'ELC TECH'!$H:$H,'ELC TECH'!$E:$E)<>"Storage","",IF(_xlfn.XLOOKUP($B20,'ELC TECH'!$H:$H,'ELC TECH'!AQ:AQ)="",0.8,_xlfn.XLOOKUP($B20,'ELC TECH'!$H:$H,'ELC TECH'!AQ:AQ))) | Y20: =IF(_xlfn.XLOOKUP($B20,'ELC TECH'!$H:$H,'ELC TECH'!$E:$E)<>"Storage","",IF(_xlfn.XLOOKUP($B20,'ELC TECH'!$H:$H,'ELC TECH'!AR:AR)="",0.8,_xlfn.XLOOKUP($B20,'ELC TECH'!$H:$H,'ELC TECH'!AR:AR))) | Z20: =_xlfn.XLOOKUP($B20,'ELC TECH'!$H:$H,'ELC TECH'!M:M) -> 7060.5041 | AA20: =_xlfn.XLOOKUP($B20,'ELC TECH'!$H:$H,'ELC TECH'!N:N) -> 7060.5041 | AB20: =_xlfn.XLOOKUP($B20,'ELC TECH'!$H:$H,'ELC TECH'!O:O) -> 7060.5041 | AC20: =_xlfn.XLOOKUP($B20,'ELC TECH'!$H:$H,'ELC TECH'!P:P) -> 7060.5041 | AD20: =_xlfn.XLOOKUP($B20,'ELC TECH'!$H:$H,'ELC TECH'!Q:Q) -> 7060.5041 | AE20: =_xlfn.XLOOKUP($B20,'ELC TECH'!$H:$H,'ELC TECH'!R:R) -> 7060.5041 | AF20: =_xlfn.XLOOKUP($B20,'ELC TECH'!$H:$H,'ELC TECH'!S:S) -> 7060.5041 | AG20: =_xlfn.XLOOKUP($B20,'ELC TECH'!$H:$H,'ELC TECH'!T:T) -> 7060.5041 | AH20: =_xlfn.XLOOKUP($B20,'ELC TECH'!$H:$H,'ELC TECH'!U:U) -> 37.315284 | AI20: =_xlfn.XLOOKUP($B20,'ELC TECH'!$H:$H,'ELC TECH'!V:V) -> 37.315284 | AJ20: =_xlfn.XLOOKUP($B20,'ELC TECH'!$H:$H,'ELC TECH'!W:W) -> 37.315284 | AK20: =_xlfn.XLOOKUP($B20,'ELC TECH'!$H:$H,'ELC TECH'!X:X) -> 37.315284 | AL20: =_xlfn.XLOOKUP($B20,'ELC TECH'!$H:$H,'ELC TECH'!Y:Y) -> 37.315284 | AM20: =_xlfn.XLOOKUP($B20,'ELC TECH'!$H:$H,'ELC TECH'!Z:Z) -> 37.315284 | AN20: =_xlfn.XLOOKUP($B20,'ELC TECH'!$H:$H,'ELC TECH'!AA:AA) -> 37.315284 | AO20: =_xlfn.XLOOKUP($B20,'ELC TECH'!$H:$H,'ELC TECH'!AB:AB) -> 37.315284 | AP20: =_xlfn.XLOOKUP($B20,'ELC TECH'!$H:$H,'ELC TECH'!AC:AC) -> 0 | AQ20: =_xlfn.XLOOKUP($B20,'ELC TECH'!$H:$H,'ELC TECH'!AD:AD) -> 0 | AR20: =_xlfn.XLOOKUP($B20,'ELC TECH'!$H:$H,'ELC TECH'!AE:AE) -> 0 | AS20: =_xlfn.XLOOKUP($B20,'ELC TECH'!$H:$H,'ELC TECH'!AF:AF) -> 0 | AT20: =_xlfn.XLOOKUP($B20,'ELC TECH'!$H:$H,'ELC TECH'!AG:AG) -> 0 | AU20: =_xlfn.XLOOKUP($B20,'ELC TECH'!$H:$H,'ELC TECH'!AH:AH) -> 0 | AV20: =_xlfn.XLOOKUP($B20,'ELC TECH'!$H:$H,'ELC TECH'!AI:AI) -> 0 | AW20: =_xlfn.XLOOKUP($B20,'ELC TECH'!$H:$H,'ELC TECH'!AJ:AJ) -> 0 | AX20: =IF(_xlfn.XLOOKUP($B20,'ELC TECH'!$H:$H,'ELC TECH'!$E:$E)="Storage","",_xlfn.XLOOKUP($B20,'ELC TECH'!$H:$H,'ELC TECH'!AS:AS)) -> 0.66 | AY20: =IF(_xlfn.XLOOKUP($B20,'ELC TECH'!$H:$H,'ELC TECH'!$E:$E)="Storage","",_xlfn.XLOOKUP($B20,'ELC TECH'!$H:$H,'ELC TECH'!AT:AT)) -> 0.66 | AZ20: =IF(_xlfn.XLOOKUP($B20,'ELC TECH'!$H:$H,'ELC TECH'!$E:$E)="Storage","",_xlfn.XLOOKUP($B20,'ELC TECH'!$H:$H,'ELC TECH'!AU:AU)) -> 0.66 | BA20: =IF(_xlfn.XLOOKUP($B20,'ELC TECH'!$H:$H,'ELC TECH'!$E:$E)="Storage","",_xlfn.XLOOKUP($B20,'ELC TECH'!$H:$H,'ELC TECH'!AV:AV)) -> 0.66 | BB20: =IF(_xlfn.XLOOKUP($B20,'ELC TECH'!$H:$H,'ELC TECH'!$E:$E)="Storage","",_xlfn.XLOOKUP($B20,'ELC TECH'!$H:$H,'ELC TECH'!AW:AW)) -> 0.66 | BC20: =IF(_xlfn.XLOOKUP($B20,'ELC TECH'!$H:$H,'ELC TECH'!$E:$E)="Storage","",_xlfn.XLOOKUP($B20,'ELC TECH'!$H:$H,'ELC TECH'!AX:AX)) -> 0.66 | BD20: =IF(_xlfn.XLOOKUP($B20,'ELC TECH'!$H:$H,'ELC TECH'!$E:$E)="Storage","",_xlfn.XLOOKUP($B20,'ELC TECH'!$H:$H,'ELC TECH'!AY:AY)) -> 0.66 | BE20: =IF(_xlfn.XLOOKUP($B20,'ELC TECH'!$H:$H,'ELC TECH'!$E:$E)="Storage","",_xlfn.XLOOKUP($B20,'ELC TECH'!$H:$H,'ELC TECH'!AZ:AZ)) -> 0.66 | BF20: =IF(_xlfn.XLOOKUP($B20,'ELC TECH'!$H:$H,'ELC TECH'!$E:$E)="Storage",_xlfn.XLOOKUP($B20,'ELC TECH'!$H:$H,'ELC TECH'!AS:AS),"") | BG20: =IF(_xlfn.XLOOKUP($B20,'ELC TECH'!$H:$H,'ELC TECH'!$E:$E)="Storage",_xlfn.XLOOKUP($B20,'ELC TECH'!$H:$H,'ELC TECH'!AT:AT),"") | BH20: =IF(_xlfn.XLOOKUP($B20,'ELC TECH'!$H:$H,'ELC TECH'!$E:$E)="Storage",_xlfn.XLOOKUP($B20,'ELC TECH'!$H:$H,'ELC TECH'!AU:AU),"") | BI20: =IF(_xlfn.XLOOKUP($B20,'ELC TECH'!$H:$H,'ELC TECH'!$E:$E)="Storage",_xlfn.XLOOKUP($B20,'ELC TECH'!$H:$H,'ELC TECH'!AV:AV),"") | BJ20: =IF(_xlfn.XLOOKUP($B20,'ELC TECH'!$H:$H,'ELC TECH'!$E:$E)="Storage",_xlfn.XLOOKUP($B20,'ELC TECH'!$H:$H,'ELC TECH'!AW:AW),"") | BK20: =IF(_xlfn.XLOOKUP($B20,'ELC TECH'!$H:$H,'ELC TECH'!$E:$E)="Storage",_xlfn.XLOOKUP($B20,'ELC TECH'!$H:$H,'ELC TECH'!AX:AX),"") | BL20: =IF(_xlfn.XLOOKUP($B20,'ELC TECH'!$H:$H,'ELC TECH'!$E:$E)="Storage",_xlfn.XLOOKUP($B20,'ELC TECH'!$H:$H,'ELC TECH'!AY:AY),"") | BM20: =IF(_xlfn.XLOOKUP($B20,'ELC TECH'!$H:$H,'ELC TECH'!$E:$E)="Storage",_xlfn.XLOOKUP($B20,'ELC TECH'!$H:$H,'ELC TECH'!AZ:AZ),"") | BN20: =IF(_xlfn.XLOOKUP($B20,'ELC TECH'!$H:$H,'ELC TECH'!$E:$E)="Non Dispatchable",IFERROR($AX20*_xlfn.XLOOKUP($C20,$BM$1:$BM$3,BN$1:BN$3)/SUMPRODUCT(_xlfn.XLOOKUP($C20,$BM$1:$BM$3,$BN$1:$BY$3),$BN$4:$BY$4),""), "") -> 0.47604122 | BO20: =IF(_xlfn.XLOOKUP($B20,'ELC TECH'!$H:$H,'ELC TECH'!$E:$E)="Non Dispatchable",IFERROR($AX20*_xlfn.XLOOKUP($C20,$BM$1:$BM$3,BO$1:BO$3)/SUMPRODUCT(_xlfn.XLOOKUP($C20,$BM$1:$BM$3,$BN$1:$BY$3),$BN$4:$BY$4),""), "") -> 0.55422318 | BP20: =IF(_xlfn.XLOOKUP($B20,'ELC TECH'!$H:$H,'ELC TECH'!$E:$E)="Non Dispatchable",IFERROR($AX20*_xlfn.XLOOKUP($C20,$BM$1:$BM$3,BP$1:BP$3)/SUMPRODUCT(_xlfn.XLOOKUP($C20,$BM$1:$BM$3,$BN$1:$BY$3),$BN$4:$BY$4),""), "") -> 0.88722038 | BQ20: =IF(_xlfn.XLOOKUP($B20,'ELC TECH'!$H:$H,'ELC TECH'!$E:$E)="Non Dispatchable",IFERROR($AX20*_xlfn.XLOOKUP($C20,$BM$1:$BM$3,BQ$1:BQ$3)/SUMPRODUCT(_xlfn.XLOOKUP($C20,$BM$1:$BM$3,$BN$1:$BY$3),$BN$4:$BY$4),""), "") -> 0.018532018 | BR20: =IF(_xlfn.XLOOKUP($B20,'ELC TECH'!$H:$H,'ELC TECH'!$E:$E)="Non Dispatchable",IFERROR($AX20*_xlfn.XLOOKUP($C20,$BM$1:$BM$3,BR$1:BR$3)/SUMPRODUCT(_xlfn.XLOOKUP($C20,$BM$1:$BM$3,$BN$1:$BY$3),$BN$4:$BY$4),""), "") -> 0.47198734 | BS20: =IF(_xlfn.XLOOKUP($B20,'ELC TECH'!$H:$H,'ELC TECH'!$E:$E)="Non Dispatchable",IFERROR($AX20*_xlfn.XLOOKUP($C20,$BM$1:$BM$3,BS$1:BS$3)/SUMPRODUCT(_xlfn.XLOOKUP($C20,$BM$1:$BM$3,$BN$1:$BY$3),$BN$4:$BY$4),""), "") -> 0.6295095 | BT20: =IF(_xlfn.XLOOKUP($B20,'ELC TECH'!$H:$H,'ELC TECH'!$E:$E)="Non Dispatchable",IFERROR($AX20*_xlfn.XLOOKUP($C20,$BM$1:$BM$3,BT$1:BT$3)/SUMPRODUCT(_xlfn.XLOOKUP($C20,$BM$1:$BM$3,$BN$1:$BY$3),$BN$4:$BY$4),""), "") -> 0.79977242 | BU20: =IF(_xlfn.XLOOKUP($B20,'ELC TECH'!$H:$H,'ELC TECH'!$E:$E)="Non Dispatchable",IFERROR($AX20*_xlfn.XLOOKUP($C20,$BM$1:$BM$3,BU$1:BU$3)/SUMPRODUCT(_xlfn.XLOOKUP($C20,$BM$1:$BM$3,$BN$1:$BY$3),$BN$4:$BY$4),""), "") -> 0.018532018 | ... CK20: =IF(_xlfn.XLOOKUP($B20,'ELC TECH'!$H:$H,'ELC TECH'!$E:$E)="Non Dispatchable",IFERROR($AX20*_xlfn.XLOOKUP($C20,$BM$1:$BM$3,CK$1:CK$3)/SUMPRODUCT(_xlfn.XLOOKUP($C20,$BM$1:$BM$3,$BN$1:$BY$3),$BN$4:$BY$4),""), "") -> 0.015636391 | CL20: =IF(_xlfn.XLOOKUP($B20,'ELC TECH'!$H:$H,'ELC TECH'!$E:$E)="Storage",CL$4*$BF20,"") | CM20: =IF(_xlfn.XLOOKUP($B20,'ELC TECH'!$H:$H,'ELC TECH'!$E:$E)="Storage",CM$4*$BF20,"") | CN20: =IF(_xlfn.XLOOKUP($B20,'ELC TECH'!$H:$H,'ELC TECH'!$E:$E)="Storage",CN$4*$BF20,"") | CO20: =IF(_xlfn.XLOOKUP($B20,'ELC TECH'!$H:$H,'ELC TECH'!$E:$E)="Storage",CO$4*$BF20,"") | CP20: =IF(_xlfn.XLOOKUP($B20,'ELC TECH'!$H:$H,'ELC TECH'!$E:$E)="Storage",CP$4*$BF20,"") | CQ20: =IF(_xlfn.XLOOKUP($B20,'ELC TECH'!$H:$H,'ELC TECH'!$E:$E)="Storage",CQ$4*$BF20,"") | CR20: =IF(_xlfn.XLOOKUP($B20,'ELC TECH'!$H:$H,'ELC TECH'!$E:$E)="Storage",CR$4*$BF20,"") | CS20: =IF(_xlfn.XLOOKUP($B20,'ELC TECH'!$H:$H,'ELC TECH'!$E:$E)="Storage",CS$4*$BF20,"") | ... DI20: =IF(_xlfn.XLOOKUP($B20,'ELC TECH'!$H:$H,'ELC TECH'!$E:$E)="Storage",DI$4*$BF20,"")
B21: =IF('ELC TECH'!I14=0,"*",'ELC TECH'!H14) -> ELCHYDGRDHNPNDC120 | C21: =IF(_xlfn.XLOOKUP(_xlfn.XLOOKUP(B21,'ELC TECH'!$H:$H,'ELC TECH'!$G:$G),List!C:C,List!B:B)="STG",D21,"ELC"&_xlfn.XLOOKUP(_xlfn.XLOOKUP(B21,'ELC TECH'!H:H,'ELC TECH'!G:G),List!C:C,List!B:B)) -> ELCHYD | D21: CELC | E21: =_xlfn.XLOOKUP(B21,'ELC TECH'!H:H,'ELC TECH'!D:D) -> 2020 | F21: =_xlfn.XLOOKUP(B21,'ELC TECH'!H:H,'ELC TECH'!K:K) -> 100 | G21: =8760*0.0036 -> 31.536 | H21: =IF(_xlfn.XLOOKUP(B21,'ELC TECH'!$H:$H,'ELC TECH'!$E:$E)="Storage",0.3,IF(_xlfn.XLOOKUP(B21,'ELC TECH'!$H:$H,'ELC TECH'!$E:$E)="Baseload",0.9,IF(_xlfn.XLOOKUP(B21,'ELC TECH'!$H:$H,'ELC TECH'!$E:$E)="Non Dispatchable",0.05,IF(_xlfn.XLOOKUP(B21,'ELC TECH'!$H:$H,'ELC TECH'!$E:$E)="Dispatchable",0.9,1)))) -> 0.05 | I21: =IF(_xlfn.XLOOKUP(B21,'ELC TECH'!H:H,'ELC TECH'!J:J)="","",_xlfn.XLOOKUP(B21,'ELC TECH'!H:H,'ELC TECH'!J:J)) -> 0 | J21: =IF(_xlfn.XLOOKUP($B21,'ELC TECH'!$H:$H,'ELC TECH'!$E:$E)="Storage","",IF(_xlfn.XLOOKUP($B21,'ELC TECH'!$H:$H,'ELC TECH'!AK:AK)="",1,_xlfn.XLOOKUP($B21,'ELC TECH'!$H:$H,'ELC TECH'!AK:AK))) -> 1 | K21: =IF(_xlfn.XLOOKUP($B21,'ELC TECH'!$H:$H,'ELC TECH'!$E:$E)="Storage","",IF(_xlfn.XLOOKUP($B21,'ELC TECH'!$H:$H,'ELC TECH'!AL:AL)="",1,_xlfn.XLOOKUP($B21,'ELC TECH'!$H:$H,'ELC TECH'!AL:AL))) -> 1 | L21: =IF(_xlfn.XLOOKUP($B21,'ELC TECH'!$H:$H,'ELC TECH'!$E:$E)="Storage","",IF(_xlfn.XLOOKUP($B21,'ELC TECH'!$H:$H,'ELC TECH'!AM:AM)="",1,_xlfn.XLOOKUP($B21,'ELC TECH'!$H:$H,'ELC TECH'!AM:AM))) -> 1 | M21: =IF(_xlfn.XLOOKUP($B21,'ELC TECH'!$H:$H,'ELC TECH'!$E:$E)="Storage","",IF(_xlfn.XLOOKUP($B21,'ELC TECH'!$H:$H,'ELC TECH'!AN:AN)="",1,_xlfn.XLOOKUP($B21,'ELC TECH'!$H:$H,'ELC TECH'!AN:AN))) -> 1 | N21: =IF(_xlfn.XLOOKUP($B21,'ELC TECH'!$H:$H,'ELC TECH'!$E:$E)="Storage","",IF(_xlfn.XLOOKUP($B21,'ELC TECH'!$H:$H,'ELC TECH'!AO:AO)="",1,_xlfn.XLOOKUP($B21,'ELC TECH'!$H:$H,'ELC TECH'!AO:AO))) -> 1 | O21: =IF(_xlfn.XLOOKUP($B21,'ELC TECH'!$H:$H,'ELC TECH'!$E:$E)="Storage","",IF(_xlfn.XLOOKUP($B21,'ELC TECH'!$H:$H,'ELC TECH'!AP:AP)="",1,_xlfn.XLOOKUP($B21,'ELC TECH'!$H:$H,'ELC TECH'!AP:AP))) -> 1 | P21: =IF(_xlfn.XLOOKUP($B21,'ELC TECH'!$H:$H,'ELC TECH'!$E:$E)="Storage","",IF(_xlfn.XLOOKUP($B21,'ELC TECH'!$H:$H,'ELC TECH'!AQ:AQ)="",1,_xlfn.XLOOKUP($B21,'ELC TECH'!$H:$H,'ELC TECH'!AQ:AQ))) -> 1 | Q21: =IF(_xlfn.XLOOKUP($B21,'ELC TECH'!$H:$H,'ELC TECH'!$E:$E)="Storage","",IF(_xlfn.XLOOKUP($B21,'ELC TECH'!$H:$H,'ELC TECH'!AR:AR)="",1,_xlfn.XLOOKUP($B21,'ELC TECH'!$H:$H,'ELC TECH'!AR:AR))) -> 1 | R21: =IF(_xlfn.XLOOKUP($B21,'ELC TECH'!$H:$H,'ELC TECH'!$E:$E)<>"Storage","",IF(_xlfn.XLOOKUP($B21,'ELC TECH'!$H:$H,'ELC TECH'!AK:AK)="",0.8,_xlfn.XLOOKUP($B21,'ELC TECH'!$H:$H,'ELC TECH'!AK:AK))) | S21: =IF(_xlfn.XLOOKUP($B21,'ELC TECH'!$H:$H,'ELC TECH'!$E:$E)<>"Storage","",IF(_xlfn.XLOOKUP($B21,'ELC TECH'!$H:$H,'ELC TECH'!AL:AL)="",0.8,_xlfn.XLOOKUP($B21,'ELC TECH'!$H:$H,'ELC TECH'!AL:AL))) | T21: =IF(_xlfn.XLOOKUP($B21,'ELC TECH'!$H:$H,'ELC TECH'!$E:$E)<>"Storage","",IF(_xlfn.XLOOKUP($B21,'ELC TECH'!$H:$H,'ELC TECH'!AM:AM)="",0.8,_xlfn.XLOOKUP($B21,'ELC TECH'!$H:$H,'ELC TECH'!AM:AM))) | U21: =IF(_xlfn.XLOOKUP($B21,'ELC TECH'!$H:$H,'ELC TECH'!$E:$E)<>"Storage","",IF(_xlfn.XLOOKUP($B21,'ELC TECH'!$H:$H,'ELC TECH'!AN:AN)="",0.8,_xlfn.XLOOKUP($B21,'ELC TECH'!$H:$H,'ELC TECH'!AN:AN))) | V21: =IF(_xlfn.XLOOKUP($B21,'ELC TECH'!$H:$H,'ELC TECH'!$E:$E)<>"Storage","",IF(_xlfn.XLOOKUP($B21,'ELC TECH'!$H:$H,'ELC TECH'!AO:AO)="",0.8,_xlfn.XLOOKUP($B21,'ELC TECH'!$H:$H,'ELC TECH'!AO:AO))) | W21: =IF(_xlfn.XLOOKUP($B21,'ELC TECH'!$H:$H,'ELC TECH'!$E:$E)<>"Storage","",IF(_xlfn.XLOOKUP($B21,'ELC TECH'!$H:$H,'ELC TECH'!AP:AP)="",0.8,_xlfn.XLOOKUP($B21,'ELC TECH'!$H:$H,'ELC TECH'!AP:AP))) | X21: =IF(_xlfn.XLOOKUP($B21,'ELC TECH'!$H:$H,'ELC TECH'!$E:$E)<>"Storage","",IF(_xlfn.XLOOKUP($B21,'ELC TECH'!$H:$H,'ELC TECH'!AQ:AQ)="",0.8,_xlfn.XLOOKUP($B21,'ELC TECH'!$H:$H,'ELC TECH'!AQ:AQ))) | Y21: =IF(_xlfn.XLOOKUP($B21,'ELC TECH'!$H:$H,'ELC TECH'!$E:$E)<>"Storage","",IF(_xlfn.XLOOKUP($B21,'ELC TECH'!$H:$H,'ELC TECH'!AR:AR)="",0.8,_xlfn.XLOOKUP($B21,'ELC TECH'!$H:$H,'ELC TECH'!AR:AR))) | Z21: =_xlfn.XLOOKUP($B21,'ELC TECH'!$H:$H,'ELC TECH'!M:M) -> 3188.7607 | AA21: =_xlfn.XLOOKUP($B21,'ELC TECH'!$H:$H,'ELC TECH'!N:N) -> 3188.7607 | AB21: =_xlfn.XLOOKUP($B21,'ELC TECH'!$H:$H,'ELC TECH'!O:O) -> 3188.7607 | AC21: =_xlfn.XLOOKUP($B21,'ELC TECH'!$H:$H,'ELC TECH'!P:P) -> 3188.7607 | AD21: =_xlfn.XLOOKUP($B21,'ELC TECH'!$H:$H,'ELC TECH'!Q:Q) -> 3060.9841 | AE21: =_xlfn.XLOOKUP($B21,'ELC TECH'!$H:$H,'ELC TECH'!R:R) -> 3060.9841 | AF21: =_xlfn.XLOOKUP($B21,'ELC TECH'!$H:$H,'ELC TECH'!S:S) -> 3060.9841 | AG21: =_xlfn.XLOOKUP($B21,'ELC TECH'!$H:$H,'ELC TECH'!T:T) -> 3060.9841 | AH21: =_xlfn.XLOOKUP($B21,'ELC TECH'!$H:$H,'ELC TECH'!U:U) -> 96.115126 | AI21: =_xlfn.XLOOKUP($B21,'ELC TECH'!$H:$H,'ELC TECH'!V:V) -> 96.115126 | AJ21: =_xlfn.XLOOKUP($B21,'ELC TECH'!$H:$H,'ELC TECH'!W:W) -> 96.115126 | AK21: =_xlfn.XLOOKUP($B21,'ELC TECH'!$H:$H,'ELC TECH'!X:X) -> 96.115126 | AL21: =_xlfn.XLOOKUP($B21,'ELC TECH'!$H:$H,'ELC TECH'!Y:Y) -> 92.722828 | AM21: =_xlfn.XLOOKUP($B21,'ELC TECH'!$H:$H,'ELC TECH'!Z:Z) -> 92.722828 | AN21: =_xlfn.XLOOKUP($B21,'ELC TECH'!$H:$H,'ELC TECH'!AA:AA) -> 92.722828 | AO21: =_xlfn.XLOOKUP($B21,'ELC TECH'!$H:$H,'ELC TECH'!AB:AB) -> 92.722828 | AP21: =_xlfn.XLOOKUP($B21,'ELC TECH'!$H:$H,'ELC TECH'!AC:AC) -> 0 | AQ21: =_xlfn.XLOOKUP($B21,'ELC TECH'!$H:$H,'ELC TECH'!AD:AD) -> 0 | AR21: =_xlfn.XLOOKUP($B21,'ELC TECH'!$H:$H,'ELC TECH'!AE:AE) -> 0 | AS21: =_xlfn.XLOOKUP($B21,'ELC TECH'!$H:$H,'ELC TECH'!AF:AF) -> 0 | AT21: =_xlfn.XLOOKUP($B21,'ELC TECH'!$H:$H,'ELC TECH'!AG:AG) -> 0 | AU21: =_xlfn.XLOOKUP($B21,'ELC TECH'!$H:$H,'ELC TECH'!AH:AH) -> 0 | AV21: =_xlfn.XLOOKUP($B21,'ELC TECH'!$H:$H,'ELC TECH'!AI:AI) -> 0 | AW21: =_xlfn.XLOOKUP($B21,'ELC TECH'!$H:$H,'ELC TECH'!AJ:AJ) -> 0 | AX21: =IF(_xlfn.XLOOKUP($B21,'ELC TECH'!$H:$H,'ELC TECH'!$E:$E)="Storage","",_xlfn.XLOOKUP($B21,'ELC TECH'!$H:$H,'ELC TECH'!AS:AS)) -> 0.33 | AY21: =IF(_xlfn.XLOOKUP($B21,'ELC TECH'!$H:$H,'ELC TECH'!$E:$E)="Storage","",_xlfn.XLOOKUP($B21,'ELC TECH'!$H:$H,'ELC TECH'!AT:AT)) -> 0.33 | AZ21: =IF(_xlfn.XLOOKUP($B21,'ELC TECH'!$H:$H,'ELC TECH'!$E:$E)="Storage","",_xlfn.XLOOKUP($B21,'ELC TECH'!$H:$H,'ELC TECH'!AU:AU)) -> 0.33 | BA21: =IF(_xlfn.XLOOKUP($B21,'ELC TECH'!$H:$H,'ELC TECH'!$E:$E)="Storage","",_xlfn.XLOOKUP($B21,'ELC TECH'!$H:$H,'ELC TECH'!AV:AV)) -> 0.33 | BB21: =IF(_xlfn.XLOOKUP($B21,'ELC TECH'!$H:$H,'ELC TECH'!$E:$E)="Storage","",_xlfn.XLOOKUP($B21,'ELC TECH'!$H:$H,'ELC TECH'!AW:AW)) -> 0.33 | BC21: =IF(_xlfn.XLOOKUP($B21,'ELC TECH'!$H:$H,'ELC TECH'!$E:$E)="Storage","",_xlfn.XLOOKUP($B21,'ELC TECH'!$H:$H,'ELC TECH'!AX:AX)) -> 0.33 | BD21: =IF(_xlfn.XLOOKUP($B21,'ELC TECH'!$H:$H,'ELC TECH'!$E:$E)="Storage","",_xlfn.XLOOKUP($B21,'ELC TECH'!$H:$H,'ELC TECH'!AY:AY)) -> 0.33 | BE21: =IF(_xlfn.XLOOKUP($B21,'ELC TECH'!$H:$H,'ELC TECH'!$E:$E)="Storage","",_xlfn.XLOOKUP($B21,'ELC TECH'!$H:$H,'ELC TECH'!AZ:AZ)) -> 0.33 | BF21: =IF(_xlfn.XLOOKUP($B21,'ELC TECH'!$H:$H,'ELC TECH'!$E:$E)="Storage",_xlfn.XLOOKUP($B21,'ELC TECH'!$H:$H,'ELC TECH'!AS:AS),"") | BG21: =IF(_xlfn.XLOOKUP($B21,'ELC TECH'!$H:$H,'ELC TECH'!$E:$E)="Storage",_xlfn.XLOOKUP($B21,'ELC TECH'!$H:$H,'ELC TECH'!AT:AT),"") | BH21: =IF(_xlfn.XLOOKUP($B21,'ELC TECH'!$H:$H,'ELC TECH'!$E:$E)="Storage",_xlfn.XLOOKUP($B21,'ELC TECH'!$H:$H,'ELC TECH'!AU:AU),"") | BI21: =IF(_xlfn.XLOOKUP($B21,'ELC TECH'!$H:$H,'ELC TECH'!$E:$E)="Storage",_xlfn.XLOOKUP($B21,'ELC TECH'!$H:$H,'ELC TECH'!AV:AV),"") | BJ21: =IF(_xlfn.XLOOKUP($B21,'ELC TECH'!$H:$H,'ELC TECH'!$E:$E)="Storage",_xlfn.XLOOKUP($B21,'ELC TECH'!$H:$H,'ELC TECH'!AW:AW),"") | BK21: =IF(_xlfn.XLOOKUP($B21,'ELC TECH'!$H:$H,'ELC TECH'!$E:$E)="Storage",_xlfn.XLOOKUP($B21,'ELC TECH'!$H:$H,'ELC TECH'!AX:AX),"") | BL21: =IF(_xlfn.XLOOKUP($B21,'ELC TECH'!$H:$H,'ELC TECH'!$E:$E)="Storage",_xlfn.XLOOKUP($B21,'ELC TECH'!$H:$H,'ELC TECH'!AY:AY),"") | BM21: =IF(_xlfn.XLOOKUP($B21,'ELC TECH'!$H:$H,'ELC TECH'!$E:$E)="Storage",_xlfn.XLOOKUP($B21,'ELC TECH'!$H:$H,'ELC TECH'!AZ:AZ),"") | BN21: =IF(_xlfn.XLOOKUP($B21,'ELC TECH'!$H:$H,'ELC TECH'!$E:$E)="Non Dispatchable",IFERROR($AX21*_xlfn.XLOOKUP($C21,$BM$1:$BM$3,BN$1:BN$3)/SUMPRODUCT(_xlfn.XLOOKUP($C21,$BM$1:$BM$3,$BN$1:$BY$3),$BN$4:$BY$4),""), "") -> 0.23802061 | BO21: =IF(_xlfn.XLOOKUP($B21,'ELC TECH'!$H:$H,'ELC TECH'!$E:$E)="Non Dispatchable",IFERROR($AX21*_xlfn.XLOOKUP($C21,$BM$1:$BM$3,BO$1:BO$3)/SUMPRODUCT(_xlfn.XLOOKUP($C21,$BM$1:$BM$3,$BN$1:$BY$3),$BN$4:$BY$4),""), "") -> 0.27711159 | BP21: =IF(_xlfn.XLOOKUP($B21,'ELC TECH'!$H:$H,'ELC TECH'!$E:$E)="Non Dispatchable",IFERROR($AX21*_xlfn.XLOOKUP($C21,$BM$1:$BM$3,BP$1:BP$3)/SUMPRODUCT(_xlfn.XLOOKUP($C21,$BM$1:$BM$3,$BN$1:$BY$3),$BN$4:$BY$4),""), "") -> 0.44361019 | BQ21: =IF(_xlfn.XLOOKUP($B21,'ELC TECH'!$H:$H,'ELC TECH'!$E:$E)="Non Dispatchable",IFERROR($AX21*_xlfn.XLOOKUP($C21,$BM$1:$BM$3,BQ$1:BQ$3)/SUMPRODUCT(_xlfn.XLOOKUP($C21,$BM$1:$BM$3,$BN$1:$BY$3),$BN$4:$BY$4),""), "") -> 0.0092660092 | BR21: =IF(_xlfn.XLOOKUP($B21,'ELC TECH'!$H:$H,'ELC TECH'!$E:$E)="Non Dispatchable",IFERROR($AX21*_xlfn.XLOOKUP($C21,$BM$1:$BM$3,BR$1:BR$3)/SUMPRODUCT(_xlfn.XLOOKUP($C21,$BM$1:$BM$3,$BN$1:$BY$3),$BN$4:$BY$4),""), "") -> 0.23599367 | BS21: =IF(_xlfn.XLOOKUP($B21,'ELC TECH'!$H:$H,'ELC TECH'!$E:$E)="Non Dispatchable",IFERROR($AX21*_xlfn.XLOOKUP($C21,$BM$1:$BM$3,BS$1:BS$3)/SUMPRODUCT(_xlfn.XLOOKUP($C21,$BM$1:$BM$3,$BN$1:$BY$3),$BN$4:$BY$4),""), "") -> 0.31475475 | BT21: =IF(_xlfn.XLOOKUP($B21,'ELC TECH'!$H:$H,'ELC TECH'!$E:$E)="Non Dispatchable",IFERROR($AX21*_xlfn.XLOOKUP($C21,$BM$1:$BM$3,BT$1:BT$3)/SUMPRODUCT(_xlfn.XLOOKUP($C21,$BM$1:$BM$3,$BN$1:$BY$3),$BN$4:$BY$4),""), "") -> 0.39988621 | BU21: =IF(_xlfn.XLOOKUP($B21,'ELC TECH'!$H:$H,'ELC TECH'!$E:$E)="Non Dispatchable",IFERROR($AX21*_xlfn.XLOOKUP($C21,$BM$1:$BM$3,BU$1:BU$3)/SUMPRODUCT(_xlfn.XLOOKUP($C21,$BM$1:$BM$3,$BN$1:$BY$3),$BN$4:$BY$4),""), "") -> 0.0092660092 | ... CK21: =IF(_xlfn.XLOOKUP($B21,'ELC TECH'!$H:$H,'ELC TECH'!$E:$E)="Non Dispatchable",IFERROR($AX21*_xlfn.XLOOKUP($C21,$BM$1:$BM$3,CK$1:CK$3)/SUMPRODUCT(_xlfn.XLOOKUP($C21,$BM$1:$BM$3,$BN$1:$BY$3),$BN$4:$BY$4),""), "") -> 0.0078181953 | CL21: =IF(_xlfn.XLOOKUP($B21,'ELC TECH'!$H:$H,'ELC TECH'!$E:$E)="Storage",CL$4*$BF21,"") | CM21: =IF(_xlfn.XLOOKUP($B21,'ELC TECH'!$H:$H,'ELC TECH'!$E:$E)="Storage",CM$4*$BF21,"") | CN21: =IF(_xlfn.XLOOKUP($B21,'ELC TECH'!$H:$H,'ELC TECH'!$E:$E)="Storage",CN$4*$BF21,"") | CO21: =IF(_xlfn.XLOOKUP($B21,'ELC TECH'!$H:$H,'ELC TECH'!$E:$E)="Storage",CO$4*$BF21,"") | CP21: =IF(_xlfn.XLOOKUP($B21,'ELC TECH'!$H:$H,'ELC TECH'!$E:$E)="Storage",CP$4*$BF21,"") | CQ21: =IF(_xlfn.XLOOKUP($B21,'ELC TECH'!$H:$H,'ELC TECH'!$E:$E)="Storage",CQ$4*$BF21,"") | CR21: =IF(_xlfn.XLOOKUP($B21,'ELC TECH'!$H:$H,'ELC TECH'!$E:$E)="Storage",CR$4*$BF21,"") | CS21: =IF(_xlfn.XLOOKUP($B21,'ELC TECH'!$H:$H,'ELC TECH'!$E:$E)="Storage",CS$4*$BF21,"") | ... DI21: =IF(_xlfn.XLOOKUP($B21,'ELC TECH'!$H:$H,'ELC TECH'!$E:$E)="Storage",DI$4*$BF21,"")
