Workbook

Sheet ReadMe
A1: Generic Comet (GC) TIMES Supply
B3: Sheet color
C4: Raw Data and Parameters
C6: City Specific Data
C8: Post processing for TIMES
C10: Table formatted for TIMES

Sheet >> City Data

Sheet City characteristics
B2: City Basic Data
B4: Calibration methodology | C4: GHG Inventory
B6: A. City Characteristics
B7: Data Item | C7: Value | D7: Units
B8: City Name | C8: New York
B9: Latitude | C9: 40.5
B10: Longitude | C10: -75
B11: County | C11: New York County
B12: State | C12: New York
B13: Census Division | C13: Middle Atlantic
B14: Climate Division | C14: Northeast
B15: Egrid Region | C15: NPCC NYC/Westchester
B16: Area of city (excluding water, natural and agricultural areas) | C16: 778 | D16: square kilometers
B17: * Division and Region Map can be found in the Maps sheet.
B18: B. Planning Base Year and Target Years
B19: Year | C19: Value | D19: Units
B20: Base Year | C20: 2019 | D20: Acceptable range [2018,2021]
B21: End Year | C21: 2050
B23: C. City Population and GDP
B24: Data Item | C24: Value | D24: Units
B25: Population in Base Year | C25: 8337 | D25: Thousand of people
B26: Annual population growth (Base Year - End Year) | C26: 0.5 | D26: % people
B27: GDP in Base Year | C27: 1206000 | D27: Million US$
B28: Annual GDP growth rate | C28: 2 | D28: % US$
B29: Share of manufacturing GDP | C29: 5 | D29: % US$
B30: Share of State population | C30: 0.42835123
B31: Share of State GDP | C31: 0.67251772
B32: Adjustment from state manufacturing GDP | C32: 1.0638298
B34: D. Climate Data
B35: Data Item | C35: 2000 | D35: 2050 | E35: 2100 | F35: Units
B36: Heating degree days (HDD) | C36: 4473.4625 | D36: 4066.4182 | E36: 3763.8582 | F36: F
B37: Cooling degree days (CDD) | C37: 1020.7333 | D37: 1224.2555 | E37: 1375.5355 | F37: F
B39: Data Item | C39: Value | D39: Units
B40: Correction from State HDD | C40: 0.72727402
B41: Correction from State CDD | C41: 1.5583715
B42: Annual precipitation | C42: 762 | D42: mm / year
B43: Climate change scenario | C43: RCP4.5
B44: Average temperature increase in 1980-2020 | C44: 1.4617857 | D44: F
B45: Forecasted average temperature increase in 2035-2065 | C45: 3.13 | D45: F
B46: Forecasted average temperature increase in 2070-2100 | C46: 4.37 | D46: F
B47: *Climate change scenario description can be found in the Lists sheet.
B48: E. Energy scenario
B49: Data Item | C49: Value | D49: Units
B50: AEO energy scenario | C50: lowmachighZTC
B51: Electricity technology scenario | C51: Moderate
B52: Transport technology scenario | C52: Mid
B53: District energy | C53: Yes
B54: * Energy scenario description can be foundin the Lists sheet.

Sheet >> GC_NewTech

Sheet TRA TECH
Q1: 2020 | R1: 2025 | S1: 2030 | T1: 2035 | U1: 2040 | V1: 2045 | W1: 2050 | X1: 2020 | Y1: 2025 | Z1: 2030 | AA1: 2035 | AB1: 2040 | AC1: 2045 | AD1: 2050 | AE1: 2020 | AF1: 2025 | AG1: 2030 | AH1: 2035 | AI1: 2040 | AJ1: 2045 | AK1: 2050
A2: Sector | B2: Sub-sector | C2: Archetype | D2: Vintage | E2: End Use | F2: Technology | G2: Energy | H2: Input Label | I2: Output Label | J2: Technology Label | K2: Capacity Unit | L2: Main fuel | M2: To include | N2: First year of availability | O2: Lifetime (yr) | P2: MAX FUEL SHARE (%) | Q2: EFF (Vkm/MJ) | X2: CAPEX (Thousands US$ 2023 / Mvkm) | AE2: Fixed OPEX (Thousands US$ 2023 / Mvkm)
A3: Transportation | B3: Passenger | C3: Passenger Car | F3: Gasoline ICE Vehicle (spark ignition) | G3: Gasoline | H3: TRAGSL | I3: TRAPASCARDMD | J3: TRAPASCARICEVGSL20 | K3: Mvkm | L3: 1 | M3: 1 | N3: 2020 | O3: 16.861274 | P3: 1 | Q3: 0.37474421 | R3: 0.3694381 | S3: 0.42979513 | T3: 0.46959098 | U3: 0.49413175 | V3: 0.51800926 | W3: 0.54255003 | X3: 149.37153 | Y3: 151.86106 | Z3: 152.21671 | AA3: 163.95304 | AB3: 162.17481 | AC3: 160.04093 | AD3: 157.90705 | AE3: 5.2309413 | AF3: 5.2309413 | AG3: 5.2309413 | AH3: 5.2309413 | AI3: 5.2309413 | AJ3: 5.2309413 | AK3: 5.2309413
A4: Transportation | B4: Passenger | C4: Passenger Car | F4: Gasoline ICE Vehicle (spark ignition) | G4: Ethanol | H4: TRAETH | I4: TRAPASCARDMD | J4: TRAPASCARICEVGSL20 | K4: Mvkm | L4: 0 | M4: 1 | N4: 2020 | O4: 16.861274 | P4: 0.1 | Q4: 0.37474421 | R4: 0.3694381 | S4: 0.42979513 | T4: 0.46959098 | U4: 0.49413175 | V4: 0.51800926 | W4: 0.54255003 | X4: 149.37153 | Y4: 151.86106 | Z4: 152.21671 | AA4: 163.95304 | AB4: 162.17481 | AC4: 160.04093 | AD4: 157.90705 | AE4: 5.2309413 | AF4: 5.2309413 | AG4: 5.2309413 | AH4: 5.2309413 | AI4: 5.2309413 | AJ4: 5.2309413 | AK4: 5.2309413
A5: Transportation | B5: Passenger | C5: Passenger Car | F5: Gasoline ICE Vehicle (spark ignition with turbo) | G5: Gasoline | H5: TRAGSL | I5: TRAPASCARDMD | J5: TRAPASCARICEVTGSL20 | K5: Mvkm | L5: 1 | M5: 1 | N5: 2020 | O5: 16.861274 | P5: 1 | Q5: 0.41785638 | R5: 0.41586659 | S5: 0.46627466 | T5: 0.50540724 | U5: 0.53326433 | V5: 0.56112142 | W5: 0.59030504 | X5: 157.19576 | Y5: 156.12882 | Z5: 159.32964 | AA5: 165.73127 | AB5: 165.37563 | AC5: 165.01998 | AD5: 164.66433 | AE5: 5.2309413 | AF5: 5.2309413 | AG5: 5.2309413 | AH5: 5.2309413 | AI5: 5.2309413 | AJ5: 5.2309413 | AK5: 5.2309413
A6: Transportation | B6: Passenger | C6: Passenger Car | F6: Gasoline ICE Vehicle (spark ignition with turbo) | G6: Ethanol | H6: TRAETH | I6: TRAPASCARDMD | J6: TRAPASCARICEVTGSL20 | K6: Mvkm | L6: 0 | M6: 1 | N6: 2020 | O6: 16.861274 | P6: 0.1 | Q6: 0.41785638 | R6: 0.41586659 | S6: 0.46627466 | T6: 0.50540724 | U6: 0.53326433 | V6: 0.56112142 | W6: 0.59030504 | X6: 157.19576 | Y6: 156.12882 | Z6: 159.32964 | AA6: 165.73127 | AB6: 165.37563 | AC6: 165.01998 | AD6: 164.66433 | AE6: 5.2309413 | AF6: 5.2309413 | AG6: 5.2309413 | AH6: 5.2309413 | AI6: 5.2309413 | AJ6: 5.2309413 | AK6: 5.2309413
A7: Transportation | B7: Passenger | C7: Passenger Car | F7: Gasoline Micro Hybrid Electric Vehicle (spark ignition) | G7: Gasoline | H7: TRAGSL | I7: TRAPASCARDMD | J7: TRAPASCARHEVGSL20 | K7: Mvkm | L7: 1 | M7: 1 | N7: 2020 | O7: 16.861274 | P7: 1 | Q7: 0.38469318 | R7: 0.37938706 | S7: 0.44173389 | T7: 0.48351953 | U7: 0.5080603 | V7: 0.53326433 | W7: 0.55846837 | X7: 150.79412 | Y7: 153.28364 | Z7: 153.63929 | AA7: 165.01998 | AB7: 162.8861 | AC7: 161.10787 | AD7: 158.97399 | AE7: 4.9356462 | AF7: 4.9356462 | AG7: 4.9356462 | AH7: 4.9356462 | AI7: 4.9356462 | AJ7: 4.9356462 | AK7: 4.9356462
A8: Transportation | B8: Passenger | C8: Passenger Car | F8: Gasoline Micro Hybrid Electric Vehicle (spark ignition) | G8: Ethanol | H8: TRAETH | I8: TRAPASCARDMD | J8: TRAPASCARHEVGSL20 | K8: Mvkm | L8: 0 | M8: 1 | N8: 2020 | O8: 16.861274 | P8: 0.1 | Q8: 0.38469318 | R8: 0.37938706 | S8: 0.44173389 | T8: 0.48351953 | U8: 0.5080603 | V8: 0.53326433 | W8: 0.55846837 | X8: 150.79412 | Y8: 153.28364 | Z8: 153.63929 | AA8: 165.01998 | AB8: 162.8861 | AC8: 161.10787 | AD8: 158.97399 | AE8: 4.9356462 | AF8: 4.9356462 | AG8: 4.9356462 | AH8: 4.9356462 | AI8: 4.9356462 | AJ8: 4.9356462 | AK8: 4.9356462
A9: Transportation | B9: Passenger | C9: Passenger Car | F9: Gasoline Micro Hybrid Electric Vehicle (spark ignition with turbo) | G9: Gasoline | H9: TRAGSL | I9: TRAPASCARDMD | J9: TRAPASCARHEVTGSL20 | K9: Mvkm | L9: 1 | M9: 1 | N9: 2020 | O9: 16.861274 | P9: 1 | Q9: 0.42515228 | R9: 0.42249923 | S9: 0.47489709 | T9: 0.51601947 | U9: 0.54453982 | V9: 0.57306018 | W9: 0.6022438 | X9: 158.97399 | Y9: 157.5514 | Z9: 160.39657 | AA9: 166.79821 | AB9: 166.44257 | AC9: 166.08692 | AD9: 165.73127 | AE9: 4.9356462 | AF9: 4.9356462 | AG9: 4.9356462 | AH9: 4.9356462 | AI9: 4.9356462 | AJ9: 4.9356462 | AK9: 4.9356462
A10: Transportation | B10: Passenger | C10: Passenger Car | F10: Gasoline Micro Hybrid Electric Vehicle (spark ignition with turbo) | G10: Ethanol | H10: TRAETH | I10: TRAPASCARDMD | J10: TRAPASCARHEVTGSL20 | K10: Mvkm | L10: 0 | M10: 1 | N10: 2020 | O10: 16.861274 | P10: 0.1 | Q10: 0.42515228 | R10: 0.42249923 | S10: 0.47489709 | T10: 0.51601947 | U10: 0.54453982 | V10: 0.57306018 | W10: 0.6022438 | X10: 158.97399 | Y10: 157.5514 | Z10: 160.39657 | AA10: 166.79821 | AB10: 166.44257 | AC10: 166.08692 | AD10: 165.73127 | AE10: 4.9356462 | AF10: 4.9356462 | AG10: 4.9356462 | AH10: 4.9356462 | AI10: 4.9356462 | AJ10: 4.9356462 | AK10: 4.9356462
A11: Transportation | B11: Passenger | C11: Passenger Car | F11: Gasoline Mild Hybrid Electric Vehicle (belt-driven integrated starter generator with spark ignition) | G11: Gasoline | H11: TRAGSL | I11: TRAPASCARDMD | J11: TRAPASCARHEVIGSL20 | K11: Mvkm | L11: 1 | M11: 1 | N11: 2020 | O11: 16.861274 | P11: 1 | Q11: 0.3953054 | R11: 0.38933602 | S11: 0.45433591 | T11: 0.49612154 | U11: 0.52397864 | V11: 0.55117246 | W11: 0.57969282 | X11: 155.06188 | Y11: 156.84011 | Z11: 156.48446 | AA11: 167.5095 | AB11: 165.01998 | AC11: 163.24175 | AD11: 160.75222 | AE11: 4.9356462 | AF11: 4.9356462 | AG11: 4.9356462 | AH11: 4.9356462 | AI11: 4.9356462 | AJ11: 4.9356462 | AK11: 4.9356462
A12: Transportation | B12: Passenger | C12: Passenger Car | F12: Gasoline Mild Hybrid Electric Vehicle (belt-driven integrated starter generator with spark ignition) | G12: Ethanol | H12: TRAETH | I12: TRAPASCARDMD | J12: TRAPASCARHEVIGSL20 | K12: Mvkm | L12: 0 | M12: 1 | N12: 2020 | O12: 16.861274 | P12: 0.1 | Q12: 0.3953054 | R12: 0.38933602 | S12: 0.45433591 | T12: 0.49612154 | U12: 0.52397864 | V12: 0.55117246 | W12: 0.57969282 | X12: 155.06188 | Y12: 156.84011 | Z12: 156.48446 | AA12: 167.5095 | AB12: 165.01998 | AC12: 163.24175 | AD12: 160.75222 | AE12: 4.9356462 | AF12: 4.9356462 | AG12: 4.9356462 | AH12: 4.9356462 | AI12: 4.9356462 | AJ12: 4.9356462 | AK12: 4.9356462
A13: Transportation | B13: Passenger | C13: Passenger Car | F13: Gasoline Mild Hybrid Electric Vehicle (belt-driven integrated starter generator with spark ignition and turbo) | G13: Gasoline | H13: TRAGSL | I13: TRAPASCARDMD | J13: TRAPASCARHEVIGSL20 | K13: Mvkm | L13: 0 | M13: 1 | N13: 2020 | O13: 16.861274 | P13: 1 | Q13: 0.44505021 | R13: 0.44040736 | S13: 0.49744807 | T13: 0.53989697 | U13: 0.57173365 | V13: 0.60423359 | W13: 0.63607027 | X13: 162.8861 | Y13: 160.75222 | Z13: 163.24175 | AA13: 169.28774 | AB13: 168.57644 | AC13: 167.86515 | AD13: 167.15386 | AE13: 4.9356462 | AF13: 4.9356462 | AG13: 4.9356462 | AH13: 4.9356462 | AI13: 4.9356462 | AJ13: 4.9356462 | AK13: 4.9356462
A14: Transportation | B14: Passenger | C14: Passenger Car | F14: Gasoline Mild Hybrid Electric Vehicle (belt-driven integrated starter generator with spark ignition and turbo) | G14: Ethanol | H14: TRAETH | I14: TRAPASCARDMD | J14: TRAPASCARHEVIGSL20 | K14: Mvkm | L14: 0 | M14: 1 | N14: 2020 | O14: 16.861274 | P14: 0.1 | Q14: 0.44505021 | R14: 0.44040736 | S14: 0.49744807 | T14: 0.53989697 | U14: 0.57173365 | V14: 0.60423359 | W14: 0.63607027 | X14: 162.8861 | Y14: 160.75222 | Z14: 163.24175 | AA14: 169.28774 | AB14: 168.57644 | AC14: 167.86515 | AD14: 167.15386 | AE14: 4.9356462 | AF14: 4.9356462 | AG14: 4.9356462 | AH14: 4.9356462 | AI14: 4.9356462 | AJ14: 4.9356462 | AK14: 4.9356462
... A279: Transportation | B279: Other | C279: Off-Road | F279: Battery Electric Vehicle | G279: Battery Freight | H279: TRABAF | I279: TRAOTHOFRDMD | J279: TRAOTHOFRBEV20 | K279: Mvkm | L279: 1 | M279: 1 | N279: 2020 | O279: 8 | P279: 1 | Q279: 0.36877484 | R279: 0.36877484 | S279: 0.40061151 | T279: 0.43510125 | U279: 0.44969306 | V279: 0.46428487 | W279: 0.48152973 | X279: 508.57451 | Y279: 508.57451 | Z279: 462.34046 | AA279: 437.4452 | AB279: 426.06452 | AC279: 414.68383 | AD279: 403.30314 | AE279: 6.7572836 | AF279: 6.7572836 | AG279: 6.7572836 | AH279: 6.7572836 | AI279: 6.7572836 | AJ279: 6.7572836 | AK279: 6.7572836
A280: Transportation | B280: Passenger | C280: Bicycle | F280: N/a | G280: N/a | H280: TRA | I280: TRAPASBICDMD | J280: TRAPASBIC20 | K280: Mvkm | L280: 1 | M280: 1 | N280: 2020 | P280: 0
A281: Transportation | B281: Passenger | C281: Walk | F281: N/a | G281: N/a | H281: TRA | I281: TRAPASWALDMD | J281: TRAPASWAL20 | K281: Mvkm | L281: 1 | M281: 1 | N281: 2020 | P281: 0
A282: Transportation | B282: Passenger | C282: Rail | F282: Diesel ICE Vehicle | G282: Diesel | H282: TRADSL | I282: TRAPASRAIDMD | J282: TRAPASRAIICEVDSL20 | K282: Mvkm | L282: 1 | M282: 1 | N282: 2020 | O282: 30 | P282: 1 | Q282: 0.040874687 | R282: 0.040874687 | S282: 0.040874687 | T282: 0.040874687 | U282: 0.040874687 | V282: 0.040874687 | W282: 0.040874687 | X282: 35064.744 | Y282: 35064.744 | Z282: 35064.744 | AA282: 35064.744 | AB282: 35064.744 | AC282: 35064.744 | AD282: 35064.744 | AE282: 3506.4744 | AF282: 3506.4744 | AG282: 3506.4744 | AH282: 3506.4744 | AI282: 3506.4744 | AJ282: 3506.4744 | AK282: 3506.4744
A283: Transportation | B283: Passenger | C283: Rail | F283: Diesel ICE Vehicle | G283: Renewable diesel | H283: TRARDS | I283: TRAPASRAIDMD | J283: TRAPASRAIICEVDSL20 | K283: Mvkm | L283: 0 | M283: 1 | N283: 2020 | O283: 30 | P283: 1 | Q283: 0.040874687 | R283: 0.040874687 | S283: 0.040874687 | T283: 0.040874687 | U283: 0.040874687 | V283: 0.040874687 | W283: 0.040874687 | X283: 35064.744 | Y283: 35064.744 | Z283: 35064.744 | AA283: 35064.744 | AB283: 35064.744 | AC283: 35064.744 | AD283: 35064.744 | AE283: 3506.4744 | AF283: 3506.4744 | AG283: 3506.4744 | AH283: 3506.4744 | AI283: 3506.4744 | AJ283: 3506.4744 | AK283: 3506.4744
A284: Transportation | B284: Passenger | C284: Rail | F284: Diesel ICE Vehicle | G284: Bio diesel | H284: TRABDS | I284: TRAPASRAIDMD | J284: TRAPASRAIICEVDSL20 | K284: Mvkm | L284: 0 | M284: 1 | N284: 2020 | O284: 30 | P284: 0.1 | Q284: 0.040874687 | R284: 0.040874687 | S284: 0.040874687 | T284: 0.040874687 | U284: 0.040874687 | V284: 0.040874687 | W284: 0.040874687 | X284: 35064.744 | Y284: 35064.744 | Z284: 35064.744 | AA284: 35064.744 | AB284: 35064.744 | AC284: 35064.744 | AD284: 35064.744 | AE284: 3506.4744 | AF284: 3506.4744 | AG284: 3506.4744 | AH284: 3506.4744 | AI284: 3506.4744 | AJ284: 3506.4744 | AK284: 3506.4744
A285: Transportation | B285: Passenger | C285: Rail | F285: Electric Propulsion Vehicle | G285: Electricity | H285: TRAELC | I285: TRAPASRAIDMD | J285: TRAPASRAIPROELC20 | K285: Mvkm | L285: 1 | M285: 1 | N285: 2020 | O285: 30 | P285: 1 | Q285: 0.040874687 | R285: 0.040874687 | S285: 0.040874687 | T285: 0.040874687 | U285: 0.040874687 | V285: 0.040874687 | W285: 0.040874687 | X285: 35064.744 | Y285: 35064.744 | Z285: 35064.744 | AA285: 35064.744 | AB285: 35064.744 | AC285: 35064.744 | AD285: 35064.744 | AE285: 3506.4744 | AF285: 3506.4744 | AG285: 3506.4744 | AH285: 3506.4744 | AI285: 3506.4744 | AJ285: 3506.4744 | AK285: 3506.4744
A286: Transportation | B286: Passenger | C286: Rail | F286: Hydrogen Fuel Cell Electric Vehicle | G286: Hydrogen | H286: TRAH2G | I286: TRAPASRAIDMD | J286: TRAPASRAIFCEV20 | K286: Mvkm | L286: 1 | M286: 1 | N286: 2020 | O286: 30 | P286: 1 | Q286: 0.040874687 | R286: 0.040874687 | S286: 0.040874687 | T286: 0.040874687 | U286: 0.040874687 | V286: 0.040874687 | W286: 0.040874687 | X286: 35064.744 | Y286: 35064.744 | Z286: 35064.744 | AA286: 35064.744 | AB286: 35064.744 | AC286: 35064.744 | AD286: 35064.744 | AE286: 3506.4744 | AF286: 3506.4744 | AG286: 3506.4744 | AH286: 3506.4744 | AI286: 3506.4744 | AJ286: 3506.4744 | AK286: 3506.4744
A287: Transportation | B287: Passenger | C287: Tram | F287: Electric Propulsion Vehicle | G287: Electricity | H287: TRAELC | I287: TRAPASTRMDMD | J287: TRAPASTRMPROELC20 | K287: Mvkm | L287: 1 | M287: 1 | N287: 2020 | O287: 30 | P287: 1 | Q287: 0.07814652 | R287: 0.07814652 | S287: 0.07814652 | T287: 0.07814652 | U287: 0.07814652 | V287: 0.07814652 | W287: 0.07814652 | X287: 1585.9239 | Y287: 1585.9239 | Z287: 1585.9239 | AA287: 1585.9239 | AB287: 1585.9239 | AC287: 1585.9239 | AD287: 1585.9239 | AE287: 158.59239 | AF287: 158.59239 | AG287: 158.59239 | AH287: 158.59239 | AI287: 158.59239 | AJ287: 158.59239 | AK287: 158.59239
A288: Transportation | B288: Passenger | C288: Subway | F288: Electric Propulsion Vehicle | G288: Electricity | H288: TRAELC | I288: TRAPASSUBDMD | J288: TRAPASSUBPROELC20 | K288: Mvkm | L288: 1 | M288: 1 | N288: 2020 | O288: 30 | P288: 1 | Q288: 0.07814652 | R288: 0.07814652 | S288: 0.07814652 | T288: 0.07814652 | U288: 0.07814652 | V288: 0.07814652 | W288: 0.07814652 | X288: 1585.9239 | Y288: 1585.9239 | Z288: 1585.9239 | AA288: 1585.9239 | AB288: 1585.9239 | AC288: 1585.9239 | AD288: 1585.9239 | AE288: 158.59239 | AF288: 158.59239 | AG288: 158.59239 | AH288: 158.59239 | AI288: 158.59239 | AJ288: 158.59239 | AK288: 158.59239
A289: Transportation | B289: Other | C289: Waterborne | F289: Diesel ICE Vehicle | G289: Diesel | H289: TRADSL | I289: TRAOTHWATDMD | J289: TRAOTHWATICEVDSL20 | K289: Mvkm | L289: 1 | M289: 1 | N289: 2020 | O289: 30 | P289: 1 | Q289: 0.0011427622 | R289: 0.0011427622 | S289: 0.0011427622 | T289: 0.0011427622 | U289: 0.0011427622 | V289: 0.0011427622 | W289: 0.0011427622 | X289: 59271.955 | Y289: 59271.955 | Z289: 59271.955 | AA289: 59271.955 | AB289: 59271.955 | AC289: 59271.955 | AD289: 59271.955 | AE289: 2963.5978 | AF289: 2963.5978 | AG289: 2963.5978 | AH289: 2963.5978 | AI289: 2963.5978 | AJ289: 2963.5978 | AK289: 2963.5978
A290: Transportation | B290: Other | C290: Waterborne | F290: Diesel ICE Vehicle | G290: Renewable diesel | H290: TRARDS | I290: TRAOTHWATDMD | J290: TRAOTHWATICEVDSL20 | K290: Mvkm | L290: 0 | M290: 1 | N290: 2020 | O290: 30 | P290: 1 | Q290: 0.0011427622 | R290: 0.0011427622 | S290: 0.0011427622 | T290: 0.0011427622 | U290: 0.0011427622 | V290: 0.0011427622 | W290: 0.0011427622 | X290: 59271.955 | Y290: 59271.955 | Z290: 59271.955 | AA290: 59271.955 | AB290: 59271.955 | AC290: 59271.955 | AD290: 59271.955 | AE290: 2963.5978 | AF290: 2963.5978 | AG290: 2963.5978 | AH290: 2963.5978 | AI290: 2963.5978 | AJ290: 2963.5978 | AK290: 2963.5978
A291: Transportation | B291: Other | C291: Waterborne | F291: Diesel ICE Vehicle | G291: Bio diesel | H291: TRABDS | I291: TRAOTHWATDMD | J291: TRAOTHWATICEVDSL20 | K291: Mvkm | L291: 0 | M291: 1 | N291: 2020 | O291: 30 | P291: 0.1 | Q291: 0.0011427622 | R291: 0.0011427622 | S291: 0.0011427622 | T291: 0.0011427622 | U291: 0.0011427622 | V291: 0.0011427622 | W291: 0.0011427622 | X291: 59271.955 | Y291: 59271.955 | Z291: 59271.955 | AA291: 59271.955 | AB291: 59271.955 | AC291: 59271.955 | AD291: 59271.955 | AE291: 2963.5978 | AF291: 2963.5978 | AG291: 2963.5978 | AH291: 2963.5978 | AI291: 2963.5978 | AJ291: 2963.5978 | AK291: 2963.5978
A292: Transportation | B292: Other | C292: Waterborne | F292: Diesel ICE Vehicle Direct Injection | G292: Diesel | H292: TRADSL | I292: TRAOTHWATDMD | J292: TRAOTHWATICEVDSL20 | K292: Mvkm | L292: 0 | M292: 1 | N292: 2020 | O292: 30 | P292: 1 | Q292: 0.0012985934 | R292: 0.0012985934 | S292: 0.0012985934 | T292: 0.0012985934 | U292: 0.0012985934 | V292: 0.0012985934 | W292: 0.0012985934 | X292: 61074.415 | Y292: 61074.415 | Z292: 61074.415 | AA292: 61074.415 | AB292: 61074.415 | AC292: 61074.415 | AD292: 61074.415 | AE292: 3029.7957 | AF292: 3029.7957 | AG292: 3029.7957 | AH292: 3029.7957 | AI292: 3029.7957 | AJ292: 3029.7957 | AK292: 3029.7957
A293: Transportation | B293: Other | C293: Waterborne | F293: Diesel ICE Vehicle Direct Injection | G293: Renewable diesel | H293: TRARDS | I293: TRAOTHWATDMD | J293: TRAOTHWATICEVDSL20 | K293: Mvkm | L293: 0 | M293: 1 | N293: 2020 | O293: 30 | P293: 1 | Q293: 0.0012985934 | R293: 0.0012985934 | S293: 0.0012985934 | T293: 0.0012985934 | U293: 0.0012985934 | V293: 0.0012985934 | W293: 0.0012985934 | X293: 61074.415 | Y293: 61074.415 | Z293: 61074.415 | AA293: 61074.415 | AB293: 61074.415 | AC293: 61074.415 | AD293: 61074.415 | AE293: 3029.7957 | AF293: 3029.7957 | AG293: 3029.7957 | AH293: 3029.7957 | AI293: 3029.7957 | AJ293: 3029.7957 | AK293: 3029.7957
... A319: Transportation | B319: Other | C319: Aviation | F319: Aviation Gasoline ICE Vehicle Improved | G319: Aviation gasoline | H319: TRAAGA | I319: TRAOTHAIRDMD | J319: TRAOTHAIRICEIAGA20 | K319: Mvkm | L319: 1 | M319: 1 | N319: 2020 | O319: 20 | P319: 1 | Q319: 0.0040699936 | R319: 0.0040699936 | S319: 0.0040699936 | T319: 0.0040699936 | U319: 0.0040699936 | V319: 0.0040699936 | W319: 0.0040699936 | X319: 3154.2202 | Y319: 3154.2202 | Z319: 3154.2202 | AA319: 3154.2202 | AB319: 3154.2202 | AC319: 3154.2202 | AD319: 3154.2202 | AE319: 315.42202 | AF319: 315.42202 | AG319: 315.42202 | AH319: 315.42202 | AI319: 315.42202 | AJ319: 315.42202 | AK319: 315.42202
A320: * | B320: https://theicct.org/sites/default/files/publications/ICCT_EV_HDVs_Infrastructure_20190809.pdf | J320: * | L320: 0 | M320: *
A321: Transportation | B321: Light-duty | E321: Battery | F321: Residential Charging Station | G321: Electricity | H321: TRAELC | I321: TRABAT | J321: TRALDTRESCHA19 | K321: MW | L321: 1 | M321: 1 | N321: 2019 | O321: 25 | Q321: 0.9 | R321: 0.91 | S321: 0.92 | T321: 0.93 | U321: 0.94 | V321: 0.95 | W321: 0.95 | X321: 1083.8776 | Y321: 757.54886 | Z321: 692.28311 | AA321: 627.01737 | AB321: 561.75162 | AC321: 496.48587 | AD321: 431.22012 | AE321: 29.136495 | AF321: 26.805575 | AG321: 24.474656 | AH321: 22.143736 | AI321: 19.812816 | AJ321: 17.481897 | AK321: 15.150977
A322: Transportation | B322: Light-duty | E322: Battery | F322: Commercial 120V Charging Station | G322: Electricity | H322: TRAELC | I322: TRABAT | J322: TRALDTCOM1CHA19 | K322: MW | L322: 1 | M322: 1 | N322: 2019 | O322: 25 | Q322: 0.9 | R322: 0.91 | S322: 0.92 | T322: 0.93 | U322: 0.94 | V322: 0.95 | W322: 0.95 | X322: 970.828 | Y322: 675.96668 | Z322: 617.69369 | AA322: 559.4207 | AB322: 501.14771 | AC322: 442.87472 | AD322: 384.60173 | AE322: 37.294713 | AF322: 34.18682 | AG322: 31.078928 | AH322: 27.971035 | AI322: 24.863142 | AJ322: 21.755249 | AK322: 18.647357
A323: Transportation | B323: Light-duty | E323: Battery | F323: Commercial 240V Charging Station | G323: Electricity | H323: TRAELC | I323: TRABAT | J323: TRALDTCOM2CHA19 | K323: MW | L323: 1 | M323: 1 | N323: 2019 | O323: 25 | Q323: 0.9 | R323: 0.91 | S323: 0.92 | T323: 0.93 | U323: 0.94 | V323: 0.95 | W323: 0.95 | X323: 1165.4598 | Y323: 815.82185 | Z323: 745.89426 | AA323: 675.96668 | AB323: 606.03909 | AC323: 536.1115 | AD323: 466.18392 | AE323: 44.287472 | AF323: 40.596849 | AG323: 36.906227 | AH323: 33.215604 | AI323: 29.524981 | AJ323: 25.834359 | AK323: 22.143736
A324: Transportation | B324: Light-duty | E324: Battery | F324: Public Charging Station | G324: Electricity | H324: TRAELC | I324: TRABAT | J324: TRALDTPUBCHA19 | K324: MW | L324: 1 | M324: 1 | N324: 2019 | O324: 25 | Q324: 0.9 | R324: 0.91 | S324: 0.92 | T324: 0.93 | U324: 0.94 | V324: 0.95 | W324: 0.95 | X324: 1748.1897 | Y324: 1223.7328 | Z324: 1118.8414 | AA324: 1118.8414 | AB324: 1118.8414 | AC324: 1118.8414 | AD324: 699.27587 | AE324: 60.603909 | AF324: 55.553583 | AG324: 50.503257 | AH324: 45.452932 | AI324: 40.402606 | AJ324: 35.35228 | AK324: 30.301954
A325: Transportation | B325: Heavy-duty | E325: Battery Freight | F325: Slow Charging Station | G325: Electricity | H325: TRAELC | I325: TRABAF | J325: TRAHDTSLWCHA19 | K325: MW | L325: 1 | M325: 1 | N325: 2019 | O325: 25 | Q325: 0.9 | R325: 0.91 | S325: 0.92 | T325: 0.93 | U325: 0.94 | V325: 0.95 | W325: 0.95 | X325: 582.72989 | Y325: 524.4569 | Z325: 466.18392 | AA325: 466.18392 | AB325: 466.18392 | AC325: 466.18392 | AD325: 466.18392 | AE325: 163.16437 | AF325: 143.93428 | AG325: 124.7042 | AH325: 105.47411 | AI325: 86.244024 | AJ325: 67.013938 | AK325: 47.783851
A326: Transportation | B326: Heavy-duty | E326: Battery Freight | F326: Fast Charging Station | G326: Electricity | H326: TRAELC | I326: TRABAF | J326: TRAHDTFASCHA19 | K326: MW | L326: 1 | M326: 1 | N326: 2019 | O326: 25 | Q326: 0.9 | R326: 0.91 | S326: 0.92 | T326: 0.93 | U326: 0.94 | V326: 0.95 | W326: 0.95 | X326: 874.09484 | Y326: 757.54886 | Z326: 641.00288 | AA326: 641.00288 | AB326: 641.00288 | AC326: 641.00288 | AD326: 641.00288 | AE326: 174.81897 | AF326: 156.36585 | AG326: 137.91274 | AH326: 119.45963 | AI326: 101.00651 | AJ326: 82.553402 | AK326: 64.100288

Sheet TRA RESID
A1: Sector | B1: Sub-sector | C1: Archetype | D1: Vintage | E1: End Use | F1: Technology | G1: Energy | H1: Input Label | I1: Output Label | J1: Technology Label | K1: Main fuel | L1: MODE DEMAND (MVkm) | M1: Demand SHARE (%) | N1: Minimum fuel share (%) | O1: Maximum fuel share (%) | P1: DEMAND (MVkm) | Q1: FINAL ENERGY (GJ) | R1: RESID (Mvkma) | S1: EFF (Vkm/MJ) | T1: Residual life (Yr) | U1: Fixed O&M (Thousands $/Mvkm/yr) | V1: Variable O&M (Thousands $/Mvkm) | W1: CFA | X1: C2A
A2: Transportation | B2: Passenger | C2: Passenger Car | F2: Gasoline ICE Vehicle (spark ignition) | G2: Gasoline | H2: TRAGSL | I2: TRAPASCARDMD | J2: TRAPASCARICEVGSL19 | K2: 1 | L2: 68921.251 | M2: 0.97948822 | N2: 0.9 | O2: 1 | P2: 67507.553 | Q2: 205180.58 | R2: 67507.553 | S2: 0.32901532 | T2: 12 | U2: 6.472949 | W2: 1 | X2: 1
A3: Transportation | B3: Passenger | C3: Passenger Car | F3: Gasoline ICE Vehicle (spark ignition) | G3: Ethanol | H3: TRAETH | I3: TRAPASCARDMD | J3: TRAPASCARICEVGSL19 | K3: 0 | L3: 68921.251 | M3: 0 | N3: 0 | O3: 0.1 | P3: 0 | Q3: 0 | R3: 0 | S3: 0.32901532 | T3: 12 | U3: 6.472949 | W3: 1 | X3: 1
A4: Transportation | B4: Passenger | C4: Passenger Car | F4: Diesel Conventional Compression Ignition Vehicle | G4: Diesel | H4: TRADSL | I4: TRAPASCARDMD | J4: TRAPASCARICEVDSL19 | K4: 1 | L4: 68921.251 | M4: 0.011074786 | N4: 0 | O4: 1 | P4: 763.2881 | Q4: 2284.357 | R4: 763.2881 | S4: 0.33413696 | T4: 12 | U4: 6.472949 | W4: 1 | X4: 1
A5: Transportation | B5: Passenger | C5: Passenger Car | F5: Diesel Conventional Compression Ignition Vehicle | G5: Renewable diesel | H5: TRARDS | I5: TRAPASCARDMD | J5: TRAPASCARICEVDSL19 | K5: 0 | L5: 68921.251 | M5: 0 | N5: 0 | O5: 1 | P5: 0 | Q5: 0 | R5: 0 | S5: 0.33413696 | T5: 12 | U5: 6.472949 | W5: 1 | X5: 1
A6: Transportation | B6: Passenger | C6: Passenger Car | F6: Diesel Conventional Compression Ignition Vehicle | G6: Bio diesel | H6: TRABDS | I6: TRAPASCARDMD | J6: TRAPASCARICEVDSL19 | K6: 0 | L6: 68921.251 | M6: 0 | N6: 0 | O6: 0.1 | P6: 0 | Q6: 0 | R6: 0 | S6: 0.33413696 | T6: 12 | U6: 6.472949 | W6: 1 | X6: 1
A7: Transportation | B7: Passenger | C7: Passenger Car | F7: Compressed Natural Gas Conventional Vehicle | G7: CNG | H7: TRACNG | I7: TRAPASCARDMD | J7: TRAPASCARICEVCNG19 | K7: 1 | L7: 68921.251 | M7: 0 | N7: 0 | O7: 1 | P7: 0 | Q7: 0 | R7: 0 | S7: 0.25976728 | T7: 12 | U7: 6.472949 | W7: 1 | X7: 1
A8: Transportation | B8: Passenger | C8: Passenger Car | F8: Compressed Natural Gas Conventional Vehicle | G8: RNG | H8: TRARNG | I8: TRAPASCARDMD | J8: TRAPASCARICEVCNG19 | K8: 0 | L8: 68921.251 | M8: 0 | N8: 0 | O8: 1 | P8: 0 | Q8: 0 | R8: 0 | S8: 0.25976728 | T8: 12 | U8: 6.472949 | W8: 1 | X8: 1
A9: Transportation | B9: Passenger | C9: Passenger Car | F9: Battery Electric Vehicle (300-mile range) | G9: Battery | H9: TRABAT | I9: TRAPASCARDMD | J9: TRAPASCAR300BEV19 | K9: 1 | L9: 68921.251 | M9: 0.0094369922 | N9: 1 | O9: 1 | P9: 650.4093 | Q9: 884.34672 | R9: 650.4093 | S9: 0.73546867 | T9: 12 | U9: 6.472949 | W9: 1 | X9: 1
A10: Transportation | B10: Passenger | C10: Passenger Car | F10: Hydrogen Fuel Cell Electric Vehicle (300-mile range) | G10: Hydrogen | H10: TRAH2G | I10: TRAPASCARDMD | J10: TRAPASCAR300FCEV19 | K10: 1 | L10: 68921.251 | M10: 0 | N10: 1 | O10: 1 | P10: 0 | Q10: 0 | R10: 0 | S10: 0.73546867 | T10: 12 | U10: 6.472949 | W10: 1 | X10: 1
A11: Transportation | B11: Passenger | C11: Passenger Truck | F11: Gasoline ICE Vehicle (spark ignition) | G11: Gasoline | H11: TRAGSL | I11: TRAPASLDTDMD | J11: TRAPASLDTICEVGSL19 | K11: 1 | L11: 0 | M11: 0 | N11: 0.9 | O11: 1 | P11: 0 | Q11: 0 | R11: 0 | S11: 0.24925979 | T11: 13 | U11: 5.8122532 | W11: 1 | X11: 1
A12: Transportation | B12: Passenger | C12: Passenger Truck | F12: Gasoline ICE Vehicle (spark ignition) | G12: Ethanol | H12: TRAETH | I12: TRAPASLDTDMD | J12: TRAPASLDTICEVGSL19 | K12: 0 | L12: 0 | M12: 0 | N12: 0 | O12: 0.1 | P12: 0 | Q12: 0 | R12: 0 | S12: 0.24925979 | T12: 13 | U12: 5.8122532 | W12: 1 | X12: 1
A13: Transportation | B13: Passenger | C13: Passenger Truck | F13: Diesel Conventional Compression Ignition Vehicle | G13: Diesel | H13: TRADSL | I13: TRAPASLDTDMD | J13: TRAPASLDTICEVDSL19 | K13: 1 | L13: 0 | M13: 0 | N13: 0 | O13: 1 | P13: 0 | Q13: 0 | R13: 0 | S13: 0.19756987 | T13: 13 | U13: 5.8122532 | W13: 1 | X13: 1
... A123: Transportation | B123: Passenger | C123: Subway | F123: Electric Propulsion Vehicle | G123: Electricity | H123: TRAELC | I123: TRAPASSUBDMD | J123: TRAPASSUBPROELC19 | K123: 1 | L123: 0 | M123: 0 | N123: 1 | O123: 1 | P123: 0 | Q123: 0 | R123: 0 | S123: 0.080703906 | T123: 30 | U123: 158.59239 | W123: 1 | X123: 1
A124: Transportation | B124: Passenger | C124: Bicycle | F124: N/a | G124: N/a | I124: TRAPASBICDMD | J124: TRAPASBIC19 | K124: 1 | L124: 783.71641 | M124: 1 | N124: 0 | O124: 0 | P124: 783.71641 | Q124: 0 | R124: 783.71641 | S124: 1 | T124: 50 | U124: 0 | W124: 1 | X124: 1
A125: Transportation | B125: Passenger | C125: Walk | F125: N/a | G125: N/a | I125: TRAPASWALDMD | J125: TRAPASWAL19 | K125: 1 | L125: 4185.0617 | M125: 1 | N125: 0 | O125: 0 | P125: 4185.0617 | Q125: 0 | R125: 4185.0617 | S125: 1 | T125: 100 | U125: 0 | W125: 1 | X125: 1
A126: Transportation | B126: Other | C126: Off-Road | F126: Gasoline ICE Vehicle | G126: Gasoline | H126: TRAGSL | I126: TRAOTHOFRDMD | J126: TRAOTHOFRICEVGSL19 | K126: 1 | L126: 0 | M126: 0 | N126: 0.9 | O126: 1 | P126: 0 | Q126: 0 | R126: 0 | S126: 0.10837963 | T126: 8 | U126: 10.491572 | W126: 1 | X126: 1
A127: Transportation | B127: Other | C127: Off-Road | F127: Gasoline ICE Vehicle | G127: Ethanol | H127: TRAETH | I127: TRAOTHOFRDMD | J127: TRAOTHOFRICEVGSL19 | K127: 0 | L127: 0 | M127: 0 | N127: 0 | O127: 0.1 | P127: 0 | Q127: 0 | R127: 0 | S127: 0.10837963 | T127: 8 | U127: 10.491572 | W127: 1 | X127: 1
A128: Transportation | B128: Other | C128: Off-Road | F128: Diesel ICE Vehicle | G128: Diesel | H128: TRADSL | I128: TRAOTHOFRDMD | J128: TRAOTHOFRICEVDSL19 | K128: 1 | L128: 0 | M128: 0 | N128: 0 | O128: 1 | P128: 0 | Q128: 0 | R128: 0 | S128: 0.1046149 | T128: 8 | U128: 10.491572 | W128: 1 | X128: 1
A129: Transportation | B129: Other | C129: Off-Road | F129: Diesel ICE Vehicle | G129: Renewable diesel | H129: TRARDS | I129: TRAOTHOFRDMD | J129: TRAOTHOFRICEVDSL19 | K129: 0 | L129: 0 | M129: 0 | N129: 0 | O129: 1 | P129: 0 | Q129: 0 | R129: 0 | S129: 0.1046149 | T129: 8 | U129: 10.491572 | W129: 1 | X129: 1
A130: Transportation | B130: Other | C130: Off-Road | F130: Diesel ICE Vehicle | G130: Bio diesel | H130: TRABDS | I130: TRAOTHOFRDMD | J130: TRAOTHOFRICEVDSL19 | K130: 0 | L130: 0 | M130: 0 | N130: 0 | O130: 0.1 | P130: 0 | Q130: 0 | R130: 0 | S130: 0.1046149 | T130: 8 | U130: 10.491572 | W130: 1 | X130: 1
A131: Transportation | B131: Other | C131: Off-Road | F131: Compressed Natural Gas Conventional Vehicle | G131: CNG | H131: TRACNG | I131: TRAOTHOFRDMD | J131: TRAOTHOFRICEVCNG19 | K131: 1 | L131: 0 | M131: 0 | N131: 0 | O131: 1 | P131: 0 | Q131: 0 | R131: 0 | S131: 0.10837963 | T131: 8 | U131: 10.491572 | W131: 1 | X131: 1
A132: Transportation | B132: Other | C132: Off-Road | F132: Compressed Natural Gas Conventional Vehicle | G132: RNG | H132: TRARNG | I132: TRAOTHOFRDMD | J132: TRAOTHOFRICEVCNG19 | K132: 0 | L132: 0 | M132: 0 | N132: 0 | O132: 1 | P132: 0 | Q132: 0 | R132: 0 | S132: 0.10837963 | T132: 8 | U132: 10.491572 | W132: 1 | X132: 1
A133: Transportation | B133: Other | C133: Off-Road | F133: Battery Electric Vehicle | G133: Battery Freight | H133: TRABAF | I133: TRAOTHOFRDMD | J133: TRAOTHOFRBEV19 | K133: 1 | L133: 0 | M133: 0 | N133: 1 | O133: 1 | P133: 0 | Q133: 0 | R133: 0 | S133: 0.21465702 | T133: 8 | U133: 10.491572 | W133: 1 | X133: 1
A134: Transportation | B134: Other | C134: Off-Road | F134: Hydrogen Fuel Cell Electric Vehicle | G134: Hydrogen | H134: TRAH2G | I134: TRAOTHOFRDMD | J134: TRAOTHOFRFCEV19 | K134: 1 | L134: 0 | M134: 0 | N134: 1 | O134: 1 | P134: 0 | Q134: 0 | R134: 0 | S134: 0.21465702 | T134: 8 | U134: 10.491572 | W134: 1 | X134: 1
A135: Transportation | B135: Other | C135: Waterborne | F135: Gasoline ICE Vehicle | G135: Gasoline | H135: TRAGSL | I135: TRAOTHWATDMD | J135: TRAOTHWATICEVGSL19 | K135: 1 | L135: 1.6054304 | M135: 0 | N135: 0.9 | O135: 1 | P135: 0 | Q135: 0 | R135: 0 | S135: 0.0012937722 | T135: 30 | U135: 6522.2354 | W135: 1 | X135: 1
A136: Transportation | B136: Other | C136: Waterborne | F136: Gasoline ICE Vehicle | G136: Ethanol | H136: TRAETH | I136: TRAOTHWATDMD | J136: TRAOTHWATICEVGSL19 | K136: 0 | L136: 1.6054304 | M136: 0 | N136: 0 | O136: 0.1 | P136: 0 | Q136: 0 | R136: 0 | S136: 0.0012937722 | T136: 30 | U136: 6522.2354 | W136: 1 | X136: 1
A137: Transportation | B137: Other | C137: Waterborne | F137: Diesel ICE Vehicle | G137: Diesel | H137: TRADSL | I137: TRAOTHWATDMD | J137: TRAOTHWATICEVDSL19 | K137: 1 | L137: 1.6054304 | M137: 1 | N137: 0 | O137: 1 | P137: 1.6054304 | Q137: 1400.5379 | R137: 1.6054304 | S137: 0.0011462956 | T137: 30 | U137: 6522.2354 | W137: 1 | X137: 1
... A143: Transportation | B143: Other | C143: Aviation | F143: Turbo-reactor | G143: Sustainable aviation fuel | H143: TRASAF | I143: TRAOTHAIRDMD | J143: TRAOTHAIRTURREA19 | K143: 0 | L143: 0.12571557 | M143: 0 | N143: 0 | O143: 1 | P143: 0 | Q143: 0 | R143: 0 | S143: 0.0043975374 | T143: 24 | U143: 1249.4626 | W143: 1 | X143: 1

Sheet >>> Data 

Sheet Selected_constraint
A1: Constraint number | B1: {=_xlfn.UNIQUE(_xlfn._xlws.FILTER('TRA RESID'!$H:$I,'TRA RESID'!$H:$H<>""))} -> Input Label | C1: Output Label | D1: Count | G1: Constraint number | H1: {=_xlfn.UNIQUE(_xlfn._xlws.FILTER('TRA RESID'!$I:$I,'TRA RESID'!$I:$I<>""))} -> Output Label
A2: =COUNTA($B$2:B2) -> 1 | B2: TRAGSL | C2: TRAPASCARDMD | D2: {=COUNTA(_xlfn.UNIQUE(_xlfn._xlws.FILTER('TRA TECH'!$H:$H,('TRA TECH'!$I:$I=C2)*('TRA TECH'!$M:$M=1))))} -> 9 | G2: =COUNTA($H$2:H2) -> 1 | H2: TRAPASCARDMD | I2: {=COUNTA(_xlfn.UNIQUE(_xlfn._xlws.FILTER('TRA RESID'!$F:$F,('TRA RESID'!$I:$I=$H2)*('TRA RESID'!$R:$R<>0))))} -> 3
A3: =COUNTA($B$2:B3) -> 2 | B3: TRAETH | C3: TRAPASCARDMD | D3: {=COUNTA(_xlfn.UNIQUE(_xlfn._xlws.FILTER('TRA TECH'!$H:$H,('TRA TECH'!$I:$I=C3)*('TRA TECH'!$M:$M=1))))} -> 9 | G3: =COUNTA($H$2:H3) -> 2 | H3: TRAPASLDTDMD | I3: {=COUNTA(_xlfn.UNIQUE(_xlfn._xlws.FILTER('TRA RESID'!$F:$F,('TRA RESID'!$I:$I=$H3)*('TRA RESID'!$R:$R<>0))))} -> 1
A4: =COUNTA($B$2:B4) -> 3 | B4: TRADSL | C4: TRAPASCARDMD | D4: {=COUNTA(_xlfn.UNIQUE(_xlfn._xlws.FILTER('TRA TECH'!$H:$H,('TRA TECH'!$I:$I=C4)*('TRA TECH'!$M:$M=1))))} -> 9 | G4: =COUNTA($H$2:H4) -> 3 | H4: TRAPASMOTDMD | I4: {=COUNTA(_xlfn.UNIQUE(_xlfn._xlws.FILTER('TRA RESID'!$F:$F,('TRA RESID'!$I:$I=$H4)*('TRA RESID'!$R:$R<>0))))} -> 1
A5: =COUNTA($B$2:B5) -> 4 | B5: TRARDS | C5: TRAPASCARDMD | D5: {=COUNTA(_xlfn.UNIQUE(_xlfn._xlws.FILTER('TRA TECH'!$H:$H,('TRA TECH'!$I:$I=C5)*('TRA TECH'!$M:$M=1))))} -> 9 | G5: =COUNTA($H$2:H5) -> 4 | H5: TRAFRECLTDMD | I5: {=COUNTA(_xlfn.UNIQUE(_xlfn._xlws.FILTER('TRA RESID'!$F:$F,('TRA RESID'!$I:$I=$H5)*('TRA RESID'!$R:$R<>0))))} -> 4
A6: =COUNTA($B$2:B6) -> 5 | B6: TRABDS | C6: TRAPASCARDMD | D6: {=COUNTA(_xlfn.UNIQUE(_xlfn._xlws.FILTER('TRA TECH'!$H:$H,('TRA TECH'!$I:$I=C6)*('TRA TECH'!$M:$M=1))))} -> 9 | G6: =COUNTA($H$2:H6) -> 5 | H6: TRAFRERFTDMD | I6: {=COUNTA(_xlfn.UNIQUE(_xlfn._xlws.FILTER('TRA RESID'!$F:$F,('TRA RESID'!$I:$I=$H6)*('TRA RESID'!$R:$R<>0))))} -> 3
A7: =COUNTA($B$2:B7) -> 6 | B7: TRACNG | C7: TRAPASCARDMD | D7: {=COUNTA(_xlfn.UNIQUE(_xlfn._xlws.FILTER('TRA TECH'!$H:$H,('TRA TECH'!$I:$I=C7)*('TRA TECH'!$M:$M=1))))} -> 9 | G7: =COUNTA($H$2:H7) -> 6 | H7: TRAFRESLHDMD | I7: {=COUNTA(_xlfn.UNIQUE(_xlfn._xlws.FILTER('TRA RESID'!$F:$F,('TRA RESID'!$I:$I=$H7)*('TRA RESID'!$R:$R<>0))))} -> 1
A8: =COUNTA($B$2:B8) -> 7 | B8: TRARNG | C8: TRAPASCARDMD | D8: {=COUNTA(_xlfn.UNIQUE(_xlfn._xlws.FILTER('TRA TECH'!$H:$H,('TRA TECH'!$I:$I=C8)*('TRA TECH'!$M:$M=1))))} -> 9 | G8: =COUNTA($H$2:H8) -> 7 | H8: TRAFRESSHDMD | I8: {=COUNTA(_xlfn.UNIQUE(_xlfn._xlws.FILTER('TRA RESID'!$F:$F,('TRA RESID'!$I:$I=$H8)*('TRA RESID'!$R:$R<>0))))} -> 1
A9: =COUNTA($B$2:B9) -> 8 | B9: TRABAT | C9: TRAPASCARDMD | D9: {=COUNTA(_xlfn.UNIQUE(_xlfn._xlws.FILTER('TRA TECH'!$H:$H,('TRA TECH'!$I:$I=C9)*('TRA TECH'!$M:$M=1))))} -> 9 | G9: =COUNTA($H$2:H9) -> 8 | H9: TRAFRECLHDMD | I9: {=COUNTA(_xlfn.UNIQUE(_xlfn._xlws.FILTER('TRA RESID'!$F:$F,('TRA RESID'!$I:$I=$H9)*('TRA RESID'!$R:$R<>0))))} -> 3
A10: =COUNTA($B$2:B10) -> 9 | B10: TRAH2G | C10: TRAPASCARDMD | D10: {=COUNTA(_xlfn.UNIQUE(_xlfn._xlws.FILTER('TRA TECH'!$H:$H,('TRA TECH'!$I:$I=C10)*('TRA TECH'!$M:$M=1))))} -> 9 | G10: =COUNTA($H$2:H10) -> 9 | H10: TRAFRECSHDMD | I10: {=COUNTA(_xlfn.UNIQUE(_xlfn._xlws.FILTER('TRA RESID'!$F:$F,('TRA RESID'!$I:$I=$H10)*('TRA RESID'!$R:$R<>0))))} -> 1
A11: =COUNTA($B$2:B11) -> 10 | B11: TRAGSL | C11: TRAPASLDTDMD | D11: {=COUNTA(_xlfn.UNIQUE(_xlfn._xlws.FILTER('TRA TECH'!$H:$H,('TRA TECH'!$I:$I=C11)*('TRA TECH'!$M:$M=1))))} -> 9 | G11: =COUNTA($H$2:H11) -> 10 | H11: TRAPASTBUDMD | I11: {=COUNTA(_xlfn.UNIQUE(_xlfn._xlws.FILTER('TRA RESID'!$F:$F,('TRA RESID'!$I:$I=$H11)*('TRA RESID'!$R:$R<>0))))} -> 2
A12: =COUNTA($B$2:B12) -> 11 | B12: TRAETH | C12: TRAPASLDTDMD | D12: {=COUNTA(_xlfn.UNIQUE(_xlfn._xlws.FILTER('TRA TECH'!$H:$H,('TRA TECH'!$I:$I=C12)*('TRA TECH'!$M:$M=1))))} -> 9 | G12: =COUNTA($H$2:H12) -> 11 | H12: TRAPASSBUDMD | I12: {=COUNTA(_xlfn.UNIQUE(_xlfn._xlws.FILTER('TRA RESID'!$F:$F,('TRA RESID'!$I:$I=$H12)*('TRA RESID'!$R:$R<>0))))} -> 2
A13: =COUNTA($B$2:B13) -> 12 | B13: TRADSL | C13: TRAPASLDTDMD | D13: {=COUNTA(_xlfn.UNIQUE(_xlfn._xlws.FILTER('TRA TECH'!$H:$H,('TRA TECH'!$I:$I=C13)*('TRA TECH'!$M:$M=1))))} -> 9 | G13: =COUNTA($H$2:H13) -> 12 | H13: TRAPASOBUDMD | I13: {=COUNTA(_xlfn.UNIQUE(_xlfn._xlws.FILTER('TRA RESID'!$F:$F,('TRA RESID'!$I:$I=$H13)*('TRA RESID'!$R:$R<>0))))} -> 1
... A21: =COUNTA($B$2:B21) -> 20 | B21: TRAETH | C21: TRAPASMOTDMD | D21: {=COUNTA(_xlfn.UNIQUE(_xlfn._xlws.FILTER('TRA TECH'!$H:$H,('TRA TECH'!$I:$I=C21)*('TRA TECH'!$M:$M=1))))} -> 9 | G21: =COUNTA($H$2:H21) -> 20 | H21: TRAOTHAIRDMD | I21: {=COUNTA(_xlfn.UNIQUE(_xlfn._xlws.FILTER('TRA RESID'!$F:$F,('TRA RESID'!$I:$I=$H21)*('TRA RESID'!$R:$R<>0))))} -> 1
A22: =COUNTA($B$2:B22) -> 21 | B22: TRADSL | C22: TRAPASMOTDMD | D22: {=COUNTA(_xlfn.UNIQUE(_xlfn._xlws.FILTER('TRA TECH'!$H:$H,('TRA TECH'!$I:$I=C22)*('TRA TECH'!$M:$M=1))))} -> 9
A23: =COUNTA($B$2:B23) -> 22 | B23: TRARDS | C23: TRAPASMOTDMD | D23: {=COUNTA(_xlfn.UNIQUE(_xlfn._xlws.FILTER('TRA TECH'!$H:$H,('TRA TECH'!$I:$I=C23)*('TRA TECH'!$M:$M=1))))} -> 9
A24: =COUNTA($B$2:B24) -> 23 | B24: TRABDS | C24: TRAPASMOTDMD | D24: {=COUNTA(_xlfn.UNIQUE(_xlfn._xlws.FILTER('TRA TECH'!$H:$H,('TRA TECH'!$I:$I=C24)*('TRA TECH'!$M:$M=1))))} -> 9
A25: =COUNTA($B$2:B25) -> 24 | B25: TRACNG | C25: TRAPASMOTDMD | D25: {=COUNTA(_xlfn.UNIQUE(_xlfn._xlws.FILTER('TRA TECH'!$H:$H,('TRA TECH'!$I:$I=C25)*('TRA TECH'!$M:$M=1))))} -> 9
A26: =COUNTA($B$2:B26) -> 25 | B26: TRARNG | C26: TRAPASMOTDMD | D26: {=COUNTA(_xlfn.UNIQUE(_xlfn._xlws.FILTER('TRA TECH'!$H:$H,('TRA TECH'!$I:$I=C26)*('TRA TECH'!$M:$M=1))))} -> 9
A27: =COUNTA($B$2:B27) -> 26 | B27: TRABAT | C27: TRAPASMOTDMD | D27: {=COUNTA(_xlfn.UNIQUE(_xlfn._xlws.FILTER('TRA TECH'!$H:$H,('TRA TECH'!$I:$I=C27)*('TRA TECH'!$M:$M=1))))} -> 9
A28: =COUNTA($B$2:B28) -> 27 | B28: TRAH2G | C28: TRAPASMOTDMD | D28: {=COUNTA(_xlfn.UNIQUE(_xlfn._xlws.FILTER('TRA TECH'!$H:$H,('TRA TECH'!$I:$I=C28)*('TRA TECH'!$M:$M=1))))} -> 9
A29: =COUNTA($B$2:B29) -> 28 | B29: TRAGSL | C29: TRAFRECLTDMD | D29: {=COUNTA(_xlfn.UNIQUE(_xlfn._xlws.FILTER('TRA TECH'!$H:$H,('TRA TECH'!$I:$I=C29)*('TRA TECH'!$M:$M=1))))} -> 9
A30: =COUNTA($B$2:B30) -> 29 | B30: TRAETH | C30: TRAFRECLTDMD | D30: {=COUNTA(_xlfn.UNIQUE(_xlfn._xlws.FILTER('TRA TECH'!$H:$H,('TRA TECH'!$I:$I=C30)*('TRA TECH'!$M:$M=1))))} -> 9
A31: =COUNTA($B$2:B31) -> 30 | B31: TRADSL | C31: TRAFRECLTDMD | D31: {=COUNTA(_xlfn.UNIQUE(_xlfn._xlws.FILTER('TRA TECH'!$H:$H,('TRA TECH'!$I:$I=C31)*('TRA TECH'!$M:$M=1))))} -> 9
A32: =COUNTA($B$2:B32) -> 31 | B32: TRARDS | C32: TRAFRECLTDMD | D32: {=COUNTA(_xlfn.UNIQUE(_xlfn._xlws.FILTER('TRA TECH'!$H:$H,('TRA TECH'!$I:$I=C32)*('TRA TECH'!$M:$M=1))))} -> 9
A33: =COUNTA($B$2:B33) -> 32 | B33: TRABDS | C33: TRAFRECLTDMD | D33: {=COUNTA(_xlfn.UNIQUE(_xlfn._xlws.FILTER('TRA TECH'!$H:$H,('TRA TECH'!$I:$I=C33)*('TRA TECH'!$M:$M=1))))} -> 9
... A141: =COUNTA($B$2:B141) -> 140 | B141: TRASAF | C141: TRAOTHAIRDMD | D141: {=COUNTA(_xlfn.UNIQUE(_xlfn._xlws.FILTER('TRA TECH'!$H:$H,('TRA TECH'!$I:$I=C141)*('TRA TECH'!$M:$M=1))))} -> 4

Sheet >> TIMES

Sheet UC
C2: ~UC_Sets: R_E: CITY | Q2: ~UC_Sets: R_E: CITY
H3: ~UC_T:UC_COMPRD | V3: ~UC_T:UC_COMPRD
C4: UC_N | D4: Pset_PN | E4: Pset: CI | F4: Pset: CO | G4: Cset: CN | H4: Year | I4: LimType | J4: UC_FLO | K4: CITY | L4: UC_RHSRTS | M4: UC_RHSRTS~0 | Q4: UC_N | R4: Pset_PN | S4: Pset: CI | T4: Pset: CO | U4: Cset: CN | V4: Year | W4: LimType | X4: UC_FLO | Y4: CITY | Z4: UC_RHSRTS | AA4: UC_RHSRTS~0
A5: 1 | C5: =IF(E5="","",IF(_xlfn.XLOOKUP($A5,Selected_constraint!$A:$A,Selected_constraint!$D:$D)=1,"*",IF(SUMIFS('TRA TECH'!$M:$M,'TRA TECH'!$H:$H,E5,'TRA TECH'!$I:$I,F5)=0,"*",IF(SUMIFS('TRA RESID'!$P:$P,'TRA RESID'!$H:$H,$E5,'TRA RESID'!$I:$I,$F5)=0,"*","UC_MarketShare_"&LEFT(F5,LEN(F5)-3)&"_"&RIGHT(E5,3)&"_MIN")))) -> UC_MarketShare_TRAPASCAR_GSL_MIN | E5: =_xlfn.XLOOKUP($A5,Selected_constraint!$A:$A,Selected_constraint!$B:$B) -> TRAGSL | F5: =_xlfn.XLOOKUP($A5,Selected_constraint!$A:$A,Selected_constraint!$C:$C) -> TRAPASCARDMD | G5: =F5 -> TRAPASCARDMD | H5: 2019 | I5: LO | J5: 1 | K5: =-SUMIFS('TRA RESID'!$P:$P,'TRA RESID'!$H:$H,$E5,'TRA RESID'!$I:$I,$F5)/SUMIFS('TRA RESID'!$P:$P,'TRA RESID'!$I:$I,$F5)*O5 -> -0.95989846 | L5: 0 | M5: 5 | O5: 0.98 | Q5: =SUBSTITUTE(C5,"MIN","MAX") -> UC_MarketShare_TRAPASCAR_GSL_MAX | S5: =E5 -> TRAGSL | T5: =F5 -> TRAPASCARDMD | U5: =G5 -> TRAPASCARDMD | V5: =H5 -> 2019 | W5: UP | X5: 1 | Y5: =-MIN(SUMIFS('TRA RESID'!$P:$P,'TRA RESID'!$H:$H,$E5,'TRA RESID'!$I:$I,$F5)/SUMIFS('TRA RESID'!$P:$P,'TRA RESID'!$I:$I,$F5)*AC5,1) -> -0.99907799 | Z5: 0 | AA5: 5 | AC5: 1.02
A6: =A5 -> 1 | C6: =IF(C5="*",C5,"") | E6: =E5 -> TRAGSL | F6: =F5 -> TRAPASCARDMD | G6: =G5 -> TRAPASCARDMD | H6: 2025 | I6: =I5 -> LO | K6: =-SUMIFS('TRA RESID'!$P:$P,'TRA RESID'!$H:$H,$E6,'TRA RESID'!$I:$I,$F6)/SUMIFS('TRA RESID'!$P:$P,'TRA RESID'!$I:$I,$F6)*O6 -> -0.78359058 | O6: 0.8 | Q6: =SUBSTITUTE(C6,"MIN","MAX") | S6: =E6 -> TRAGSL | T6: =F6 -> TRAPASCARDMD | U6: =G6 -> TRAPASCARDMD | V6: 2025 | W6: =W5 -> UP | Y6: =-MIN(SUMIFS('TRA RESID'!$P:$P,'TRA RESID'!$H:$H,$E6,'TRA RESID'!$I:$I,$F6)/SUMIFS('TRA RESID'!$P:$P,'TRA RESID'!$I:$I,$F6)*AC6,1) -> -1 | AC6: 1.2
A7: =A6 -> 1 | C7: =IF(C6="*",C6,"") | E7: =E6 -> TRAGSL | F7: =F6 -> TRAPASCARDMD | G7: =G6 -> TRAPASCARDMD | H7: 2030 | I7: =I6 -> LO | K7: =-SUMIFS('TRA RESID'!$P:$P,'TRA RESID'!$H:$H,$E7,'TRA RESID'!$I:$I,$F7)/SUMIFS('TRA RESID'!$P:$P,'TRA RESID'!$I:$I,$F7)*O7 -> -0.19589764 | O7: 0.2 | Q7: =SUBSTITUTE(C7,"MIN","MAX") | S7: =E7 -> TRAGSL | T7: =F7 -> TRAPASCARDMD | U7: =G7 -> TRAPASCARDMD | V7: 2030 | W7: =W6 -> UP | Y7: =-MIN(SUMIFS('TRA RESID'!$P:$P,'TRA RESID'!$H:$H,$E7,'TRA RESID'!$I:$I,$F7)/SUMIFS('TRA RESID'!$P:$P,'TRA RESID'!$I:$I,$F7)*AC7,1) -> -1 | AC7: 1.5
A8: =A7 -> 1 | C8: =IF(C7="*",C7,"") | E8: =E7 -> TRAGSL | F8: =F7 -> TRAPASCARDMD | G8: =G7 -> TRAPASCARDMD | H8: 2050 | I8: =I7 -> LO | K8: =-SUMIFS('TRA RESID'!$P:$P,'TRA RESID'!$H:$H,$E8,'TRA RESID'!$I:$I,$F8)/SUMIFS('TRA RESID'!$P:$P,'TRA RESID'!$I:$I,$F8)*O8 -> 0 | O8: 0 | Q8: =SUBSTITUTE(C8,"MIN","MAX") | S8: =E8 -> TRAGSL | T8: =F8 -> TRAPASCARDMD | U8: =G8 -> TRAPASCARDMD | V8: 2050 | W8: =W7 -> UP | Y8: =-MIN(SUMIFS('TRA RESID'!$P:$P,'TRA RESID'!$H:$H,$E8,'TRA RESID'!$I:$I,$F8)/SUMIFS('TRA RESID'!$P:$P,'TRA RESID'!$I:$I,$F8)*AC8,1) -> -1 | AC8: 3
A9: =A5+1 -> 2 | C9: =IF(E9="","",IF(_xlfn.XLOOKUP($A9,Selected_constraint!$A:$A,Selected_constraint!$D:$D)=1,"*",IF(SUMIFS('TRA TECH'!$M:$M,'TRA TECH'!$H:$H,E9,'TRA TECH'!$I:$I,F9)=0,"*",IF(SUMIFS('TRA RESID'!$P:$P,'TRA RESID'!$H:$H,$E9,'TRA RESID'!$I:$I,$F9)=0,"*","UC_MarketShare_"&LEFT(F9,LEN(F9)-3)&"_"&RIGHT(E9,3)&"_MIN")))) -> * | E9: =_xlfn.XLOOKUP($A9,Selected_constraint!$A:$A,Selected_constraint!$B:$B) -> TRAETH | F9: =_xlfn.XLOOKUP($A9,Selected_constraint!$A:$A,Selected_constraint!$C:$C) -> TRAPASCARDMD | G9: =F9 -> TRAPASCARDMD | H9: 2019 | I9: LO | J9: 1 | K9: =-SUMIFS('TRA RESID'!$P:$P,'TRA RESID'!$H:$H,$E9,'TRA RESID'!$I:$I,$F9)/SUMIFS('TRA RESID'!$P:$P,'TRA RESID'!$I:$I,$F9)*O9 -> 0 | L9: 0 | M9: 5 | O9: 0.98 | Q9: =SUBSTITUTE(C9,"MIN","MAX") -> * | S9: =E9 -> TRAETH | T9: =F9 -> TRAPASCARDMD | U9: =G9 -> TRAPASCARDMD | V9: 2019 | W9: UP | X9: 1 | Y9: =-MIN(SUMIFS('TRA RESID'!$P:$P,'TRA RESID'!$H:$H,$E9,'TRA RESID'!$I:$I,$F9)/SUMIFS('TRA RESID'!$P:$P,'TRA RESID'!$I:$I,$F9)*AC9,1) -> 0 | Z9: 0 | AA9: 5 | AC9: 1.02
A10: =A9 -> 2 | C10: =IF(C9="*",C9,"") -> * | E10: =E9 -> TRAETH | F10: =F9 -> TRAPASCARDMD | G10: =G9 -> TRAPASCARDMD | H10: 2025 | I10: =I9 -> LO | K10: =-SUMIFS('TRA RESID'!$P:$P,'TRA RESID'!$H:$H,$E10,'TRA RESID'!$I:$I,$F10)/SUMIFS('TRA RESID'!$P:$P,'TRA RESID'!$I:$I,$F10)*O10 -> 0 | O10: 0.8 | Q10: =SUBSTITUTE(C10,"MIN","MAX") -> * | S10: =E10 -> TRAETH | T10: =F10 -> TRAPASCARDMD | U10: =G10 -> TRAPASCARDMD | V10: 2025 | W10: =W9 -> UP | Y10: =-MIN(SUMIFS('TRA RESID'!$P:$P,'TRA RESID'!$H:$H,$E10,'TRA RESID'!$I:$I,$F10)/SUMIFS('TRA RESID'!$P:$P,'TRA RESID'!$I:$I,$F10)*AC10,1) -> 0 | AC10: 1.2
A11: =A10 -> 2 | C11: =IF(C10="*",C10,"") -> * | E11: =E10 -> TRAETH | F11: =F10 -> TRAPASCARDMD | G11: =G10 -> TRAPASCARDMD | H11: 2030 | I11: =I10 -> LO | K11: =-SUMIFS('TRA RESID'!$P:$P,'TRA RESID'!$H:$H,$E11,'TRA RESID'!$I:$I,$F11)/SUMIFS('TRA RESID'!$P:$P,'TRA RESID'!$I:$I,$F11)*O11 -> 0 | O11: 0.2 | Q11: =SUBSTITUTE(C11,"MIN","MAX") -> * | S11: =E11 -> TRAETH | T11: =F11 -> TRAPASCARDMD | U11: =G11 -> TRAPASCARDMD | V11: 2030 | W11: =W10 -> UP | Y11: =-MIN(SUMIFS('TRA RESID'!$P:$P,'TRA RESID'!$H:$H,$E11,'TRA RESID'!$I:$I,$F11)/SUMIFS('TRA RESID'!$P:$P,'TRA RESID'!$I:$I,$F11)*AC11,1) -> 0 | AC11: 1.5
A12: =A11 -> 2 | C12: =IF(C11="*",C11,"") -> * | E12: =E11 -> TRAETH | F12: =F11 -> TRAPASCARDMD | G12: =G11 -> TRAPASCARDMD | H12: 2050 | I12: =I11 -> LO | K12: =-SUMIFS('TRA RESID'!$P:$P,'TRA RESID'!$H:$H,$E12,'TRA RESID'!$I:$I,$F12)/SUMIFS('TRA RESID'!$P:$P,'TRA RESID'!$I:$I,$F12)*O12 -> 0 | O12: 0 | Q12: =SUBSTITUTE(C12,"MIN","MAX") -> * | S12: =E12 -> TRAETH | T12: =F12 -> TRAPASCARDMD | U12: =G12 -> TRAPASCARDMD | V12: 2050 | W12: =W11 -> UP | Y12: =-MIN(SUMIFS('TRA RESID'!$P:$P,'TRA RESID'!$H:$H,$E12,'TRA RESID'!$I:$I,$F12)/SUMIFS('TRA RESID'!$P:$P,'TRA RESID'!$I:$I,$F12)*AC12,1) -> 0 | AC12: 3
A13: =A9+1 -> 3 | C13: =IF(E13="","",IF(_xlfn.XLOOKUP($A13,Selected_constraint!$A:$A,Selected_constraint!$D:$D)=1,"*",IF(SUMIFS('TRA TECH'!$M:$M,'TRA TECH'!$H:$H,E13,'TRA TECH'!$I:$I,F13)=0,"*",IF(SUMIFS('TRA RESID'!$P:$P,'TRA RESID'!$H:$H,$E13,'TRA RESID'!$I:$I,$F13)=0,"*","UC_MarketShare_"&LEFT(F13,LEN(F13)-3)&"_"&RIGHT(E13,3)&"_MIN")))) -> UC_MarketShare_TRAPASCAR_DSL_MIN | E13: =_xlfn.XLOOKUP($A13,Selected_constraint!$A:$A,Selected_constraint!$B:$B) -> TRADSL | F13: =_xlfn.XLOOKUP($A13,Selected_constraint!$A:$A,Selected_constraint!$C:$C) -> TRAPASCARDMD | G13: =F13 -> TRAPASCARDMD | H13: 2019 | I13: LO | J13: 1 | K13: =-SUMIFS('TRA RESID'!$P:$P,'TRA RESID'!$H:$H,$E13,'TRA RESID'!$I:$I,$F13)/SUMIFS('TRA RESID'!$P:$P,'TRA RESID'!$I:$I,$F13)*O13 -> -0.01085329 | L13: 0 | M13: 5 | O13: 0.98 | Q13: =SUBSTITUTE(C13,"MIN","MAX") -> UC_MarketShare_TRAPASCAR_DSL_MAX | S13: =E13 -> TRADSL | T13: =F13 -> TRAPASCARDMD | U13: =G13 -> TRAPASCARDMD | V13: 2019 | W13: UP | X13: 1 | Y13: =-MIN(SUMIFS('TRA RESID'!$P:$P,'TRA RESID'!$H:$H,$E13,'TRA RESID'!$I:$I,$F13)/SUMIFS('TRA RESID'!$P:$P,'TRA RESID'!$I:$I,$F13)*AC13,1) -> -0.011296282 | Z13: 0 | AA13: 5 | AC13: 1.02
A14: =A13 -> 3 | C14: =IF(C13="*",C13,"") | E14: =E13 -> TRADSL | F14: =F13 -> TRAPASCARDMD | G14: =G13 -> TRAPASCARDMD | H14: 2025 | I14: =I13 -> LO | K14: =-SUMIFS('TRA RESID'!$P:$P,'TRA RESID'!$H:$H,$E14,'TRA RESID'!$I:$I,$F14)/SUMIFS('TRA RESID'!$P:$P,'TRA RESID'!$I:$I,$F14)*O14 -> -0.0088598287 | O14: 0.8 | Q14: =SUBSTITUTE(C14,"MIN","MAX") | S14: =E14 -> TRADSL | T14: =F14 -> TRAPASCARDMD | U14: =G14 -> TRAPASCARDMD | V14: 2025 | W14: =W13 -> UP | Y14: =-MIN(SUMIFS('TRA RESID'!$P:$P,'TRA RESID'!$H:$H,$E14,'TRA RESID'!$I:$I,$F14)/SUMIFS('TRA RESID'!$P:$P,'TRA RESID'!$I:$I,$F14)*AC14,1) -> -0.013289743 | AC14: 1.2
A15: =A14 -> 3 | C15: =IF(C14="*",C14,"") | E15: =E14 -> TRADSL | F15: =F14 -> TRAPASCARDMD | G15: =G14 -> TRAPASCARDMD | H15: 2030 | I15: =I14 -> LO | K15: =-SUMIFS('TRA RESID'!$P:$P,'TRA RESID'!$H:$H,$E15,'TRA RESID'!$I:$I,$F15)/SUMIFS('TRA RESID'!$P:$P,'TRA RESID'!$I:$I,$F15)*O15 -> -0.0022149572 | O15: 0.2 | Q15: =SUBSTITUTE(C15,"MIN","MAX") | S15: =E15 -> TRADSL | T15: =F15 -> TRAPASCARDMD | U15: =G15 -> TRAPASCARDMD | V15: 2030 | W15: =W14 -> UP | Y15: =-MIN(SUMIFS('TRA RESID'!$P:$P,'TRA RESID'!$H:$H,$E15,'TRA RESID'!$I:$I,$F15)/SUMIFS('TRA RESID'!$P:$P,'TRA RESID'!$I:$I,$F15)*AC15,1) -> -0.016612179 | AC15: 1.5
A16: =A15 -> 3 | C16: =IF(C15="*",C15,"") | E16: =E15 -> TRADSL | F16: =F15 -> TRAPASCARDMD | G16: =G15 -> TRAPASCARDMD | H16: 2050 | I16: =I15 -> LO | K16: =-SUMIFS('TRA RESID'!$P:$P,'TRA RESID'!$H:$H,$E16,'TRA RESID'!$I:$I,$F16)/SUMIFS('TRA RESID'!$P:$P,'TRA RESID'!$I:$I,$F16)*O16 -> 0 | O16: 0 | Q16: =SUBSTITUTE(C16,"MIN","MAX") | S16: =E16 -> TRADSL | T16: =F16 -> TRAPASCARDMD | U16: =G16 -> TRAPASCARDMD | V16: 2050 | W16: =W15 -> UP | Y16: =-MIN(SUMIFS('TRA RESID'!$P:$P,'TRA RESID'!$H:$H,$E16,'TRA RESID'!$I:$I,$F16)/SUMIFS('TRA RESID'!$P:$P,'TRA RESID'!$I:$I,$F16)*AC16,1) -> -0.033224358 | AC16: 3
A17: =A13+1 -> 4 | C17: =IF(E17="","",IF(_xlfn.XLOOKUP($A17,Selected_constraint!$A:$A,Selected_constraint!$D:$D)=1,"*",IF(SUMIFS('TRA TECH'!$M:$M,'TRA TECH'!$H:$H,E17,'TRA TECH'!$I:$I,F17)=0,"*",IF(SUMIFS('TRA RESID'!$P:$P,'TRA RESID'!$H:$H,$E17,'TRA RESID'!$I:$I,$F17)=0,"*","UC_MarketShare_"&LEFT(F17,LEN(F17)-3)&"_"&RIGHT(E17,3)&"_MIN")))) -> * | E17: =_xlfn.XLOOKUP($A17,Selected_constraint!$A:$A,Selected_constraint!$B:$B) -> TRARDS | F17: =_xlfn.XLOOKUP($A17,Selected_constraint!$A:$A,Selected_constraint!$C:$C) -> TRAPASCARDMD | G17: =F17 -> TRAPASCARDMD | H17: 2019 | I17: LO | J17: 1 | K17: =-SUMIFS('TRA RESID'!$P:$P,'TRA RESID'!$H:$H,$E17,'TRA RESID'!$I:$I,$F17)/SUMIFS('TRA RESID'!$P:$P,'TRA RESID'!$I:$I,$F17)*O17 -> 0 | L17: 0 | M17: 5 | O17: 0.98 | Q17: =SUBSTITUTE(C17,"MIN","MAX") -> * | S17: =E17 -> TRARDS | T17: =F17 -> TRAPASCARDMD | U17: =G17 -> TRAPASCARDMD | V17: 2019 | W17: UP | X17: 1 | Y17: =-MIN(SUMIFS('TRA RESID'!$P:$P,'TRA RESID'!$H:$H,$E17,'TRA RESID'!$I:$I,$F17)/SUMIFS('TRA RESID'!$P:$P,'TRA RESID'!$I:$I,$F17)*AC17,1) -> 0 | Z17: 0 | AA17: 5 | AC17: 1.02
A18: =A17 -> 4 | C18: =IF(C17="*",C17,"") -> * | E18: =E17 -> TRARDS | F18: =F17 -> TRAPASCARDMD | G18: =G17 -> TRAPASCARDMD | H18: 2025 | I18: =I17 -> LO | K18: =-SUMIFS('TRA RESID'!$P:$P,'TRA RESID'!$H:$H,$E18,'TRA RESID'!$I:$I,$F18)/SUMIFS('TRA RESID'!$P:$P,'TRA RESID'!$I:$I,$F18)*O18 -> 0 | O18: 0.8 | Q18: =SUBSTITUTE(C18,"MIN","MAX") -> * | S18: =E18 -> TRARDS | T18: =F18 -> TRAPASCARDMD | U18: =G18 -> TRAPASCARDMD | V18: 2025 | W18: =W17 -> UP | Y18: =-MIN(SUMIFS('TRA RESID'!$P:$P,'TRA RESID'!$H:$H,$E18,'TRA RESID'!$I:$I,$F18)/SUMIFS('TRA RESID'!$P:$P,'TRA RESID'!$I:$I,$F18)*AC18,1) -> 0 | AC18: 1.2
A19: =A18 -> 4 | C19: =IF(C18="*",C18,"") -> * | E19: =E18 -> TRARDS | F19: =F18 -> TRAPASCARDMD | G19: =G18 -> TRAPASCARDMD | H19: 2030 | I19: =I18 -> LO | K19: =-SUMIFS('TRA RESID'!$P:$P,'TRA RESID'!$H:$H,$E19,'TRA RESID'!$I:$I,$F19)/SUMIFS('TRA RESID'!$P:$P,'TRA RESID'!$I:$I,$F19)*O19 -> 0 | O19: 0.2 | Q19: =SUBSTITUTE(C19,"MIN","MAX") -> * | S19: =E19 -> TRARDS | T19: =F19 -> TRAPASCARDMD | U19: =G19 -> TRAPASCARDMD | V19: 2030 | W19: =W18 -> UP | Y19: =-MIN(SUMIFS('TRA RESID'!$P:$P,'TRA RESID'!$H:$H,$E19,'TRA RESID'!$I:$I,$F19)/SUMIFS('TRA RESID'!$P:$P,'TRA RESID'!$I:$I,$F19)*AC19,1) -> 0 | AC19: 1.5
A20: =A19 -> 4 | C20: =IF(C19="*",C19,"") -> * | E20: =E19 -> TRARDS | F20: =F19 -> TRAPASCARDMD | G20: =G19 -> TRAPASCARDMD | H20: 2050 | I20: =I19 -> LO | K20: =-SUMIFS('TRA RESID'!$P:$P,'TRA RESID'!$H:$H,$E20,'TRA RESID'!$I:$I,$F20)/SUMIFS('TRA RESID'!$P:$P,'TRA RESID'!$I:$I,$F20)*O20 -> 0 | O20: 0 | Q20: =SUBSTITUTE(C20,"MIN","MAX") -> * | S20: =E20 -> TRARDS | T20: =F20 -> TRAPASCARDMD | U20: =G20 -> TRAPASCARDMD | V20: 2050 | W20: =W19 -> UP | Y20: =-MIN(SUMIFS('TRA RESID'!$P:$P,'TRA RESID'!$H:$H,$E20,'TRA RESID'!$I:$I,$F20)/SUMIFS('TRA RESID'!$P:$P,'TRA RESID'!$I:$I,$F20)*AC20,1) -> 0 | AC20: 3
A21: =A17+1 -> 5 | C21: =IF(E21="","",IF(_xlfn.XLOOKUP($A21,Selected_constraint!$A:$A,Selected_constraint!$D:$D)=1,"*",IF(SUMIFS('TRA TECH'!$M:$M,'TRA TECH'!$H:$H,E21,'TRA TECH'!$I:$I,F21)=0,"*",IF(SUMIFS('TRA RESID'!$P:$P,'TRA RESID'!$H:$H,$E21,'TRA RESID'!$I:$I,$F21)=0,"*","UC_MarketShare_"&LEFT(F21,LEN(F21)-3)&"_"&RIGHT(E21,3)&"_MIN")))) -> * | E21: =_xlfn.XLOOKUP($A21,Selected_constraint!$A:$A,Selected_constraint!$B:$B) -> TRABDS | F21: =_xlfn.XLOOKUP($A21,Selected_constraint!$A:$A,Selected_constraint!$C:$C) -> TRAPASCARDMD | G21: =F21 -> TRAPASCARDMD | H21: 2019 | I21: LO | J21: 1 | K21: =-SUMIFS('TRA RESID'!$P:$P,'TRA RESID'!$H:$H,$E21,'TRA RESID'!$I:$I,$F21)/SUMIFS('TRA RESID'!$P:$P,'TRA RESID'!$I:$I,$F21)*O21 -> 0 | L21: 0 | M21: 5 | O21: 0.98 | Q21: =SUBSTITUTE(C21,"MIN","MAX") -> * | S21: =E21 -> TRABDS | T21: =F21 -> TRAPASCARDMD | U21: =G21 -> TRAPASCARDMD | V21: 2019 | W21: UP | X21: 1 | Y21: =-MIN(SUMIFS('TRA RESID'!$P:$P,'TRA RESID'!$H:$H,$E21,'TRA RESID'!$I:$I,$F21)/SUMIFS('TRA RESID'!$P:$P,'TRA RESID'!$I:$I,$F21)*AC21,1) -> 0 | Z21: 0 | AA21: 5 | AC21: 1.02
A22: =A21 -> 5 | C22: =IF(C21="*",C21,"") -> * | E22: =E21 -> TRABDS | F22: =F21 -> TRAPASCARDMD | G22: =G21 -> TRAPASCARDMD | H22: 2025 | I22: =I21 -> LO | K22: =-SUMIFS('TRA RESID'!$P:$P,'TRA RESID'!$H:$H,$E22,'TRA RESID'!$I:$I,$F22)/SUMIFS('TRA RESID'!$P:$P,'TRA RESID'!$I:$I,$F22)*O22 -> 0 | O22: 0.8 | Q22: =SUBSTITUTE(C22,"MIN","MAX") -> * | S22: =E22 -> TRABDS | T22: =F22 -> TRAPASCARDMD | U22: =G22 -> TRAPASCARDMD | V22: 2025 | W22: =W21 -> UP | Y22: =-MIN(SUMIFS('TRA RESID'!$P:$P,'TRA RESID'!$H:$H,$E22,'TRA RESID'!$I:$I,$F22)/SUMIFS('TRA RESID'!$P:$P,'TRA RESID'!$I:$I,$F22)*AC22,1) -> 0 | AC22: 1.2
A23: =A22 -> 5 | C23: =IF(C22="*",C22,"") -> * | E23: =E22 -> TRABDS | F23: =F22 -> TRAPASCARDMD | G23: =G22 -> TRAPASCARDMD | H23: 2030 | I23: =I22 -> LO | K23: =-SUMIFS('TRA RESID'!$P:$P,'TRA RESID'!$H:$H,$E23,'TRA RESID'!$I:$I,$F23)/SUMIFS('TRA RESID'!$P:$P,'TRA RESID'!$I:$I,$F23)*O23 -> 0 | O23: 0.2 | Q23: =SUBSTITUTE(C23,"MIN","MAX") -> * | S23: =E23 -> TRABDS | T23: =F23 -> TRAPASCARDMD | U23: =G23 -> TRAPASCARDMD | V23: 2030 | W23: =W22 -> UP | Y23: =-MIN(SUMIFS('TRA RESID'!$P:$P,'TRA RESID'!$H:$H,$E23,'TRA RESID'!$I:$I,$F23)/SUMIFS('TRA RESID'!$P:$P,'TRA RESID'!$I:$I,$F23)*AC23,1) -> 0 | AC23: 1.5
A24: =A23 -> 5 | C24: =IF(C23="*",C23,"") -> * | E24: =E23 -> TRABDS | F24: =F23 -> TRAPASCARDMD | G24: =G23 -> TRAPASCARDMD | H24: 2050 | I24: =I23 -> LO | K24: =-SUMIFS('TRA RESID'!$P:$P,'TRA RESID'!$H:$H,$E24,'TRA RESID'!$I:$I,$F24)/SUMIFS('TRA RESID'!$P:$P,'TRA RESID'!$I:$I,$F24)*O24 -> 0 | O24: 0 | Q24: =SUBSTITUTE(C24,"MIN","MAX") -> * | S24: =E24 -> TRABDS | T24: =F24 -> TRAPASCARDMD | U24: =G24 -> TRAPASCARDMD | V24: 2050 | W24: =W23 -> UP | Y24: =-MIN(SUMIFS('TRA RESID'!$P:$P,'TRA RESID'!$H:$H,$E24,'TRA RESID'!$I:$I,$F24)/SUMIFS('TRA RESID'!$P:$P,'TRA RESID'!$I:$I,$F24)*AC24,1) -> 0 | AC24: 3
A25: =A21+1 -> 6 | C25: =IF(E25="","",IF(_xlfn.XLOOKUP($A25,Selected_constraint!$A:$A,Selected_constraint!$D:$D)=1,"*",IF(SUMIFS('TRA TECH'!$M:$M,'TRA TECH'!$H:$H,E25,'TRA TECH'!$I:$I,F25)=0,"*",IF(SUMIFS('TRA RESID'!$P:$P,'TRA RESID'!$H:$H,$E25,'TRA RESID'!$I:$I,$F25)=0,"*","UC_MarketShare_"&LEFT(F25,LEN(F25)-3)&"_"&RIGHT(E25,3)&"_MIN")))) -> * | E25: =_xlfn.XLOOKUP($A25,Selected_constraint!$A:$A,Selected_constraint!$B:$B) -> TRACNG | F25: =_xlfn.XLOOKUP($A25,Selected_constraint!$A:$A,Selected_constraint!$C:$C) -> TRAPASCARDMD | G25: =F25 -> TRAPASCARDMD | H25: 2019 | I25: LO | J25: 1 | K25: =-SUMIFS('TRA RESID'!$P:$P,'TRA RESID'!$H:$H,$E25,'TRA RESID'!$I:$I,$F25)/SUMIFS('TRA RESID'!$P:$P,'TRA RESID'!$I:$I,$F25)*O25 -> 0 | L25: 0 | M25: 5 | O25: 0.98 | Q25: =SUBSTITUTE(C25,"MIN","MAX") -> * | S25: =E25 -> TRACNG | T25: =F25 -> TRAPASCARDMD | U25: =G25 -> TRAPASCARDMD | V25: 2019 | W25: UP | X25: 1 | Y25: =-MIN(SUMIFS('TRA RESID'!$P:$P,'TRA RESID'!$H:$H,$E25,'TRA RESID'!$I:$I,$F25)/SUMIFS('TRA RESID'!$P:$P,'TRA RESID'!$I:$I,$F25)*AC25,1) -> 0 | Z25: 0 | AA25: 5 | AC25: 1.02
A26: =A25 -> 6 | C26: =IF(C25="*",C25,"") -> * | E26: =E25 -> TRACNG | F26: =F25 -> TRAPASCARDMD | G26: =G25 -> TRAPASCARDMD | H26: 2025 | I26: =I25 -> LO | K26: =-SUMIFS('TRA RESID'!$P:$P,'TRA RESID'!$H:$H,$E26,'TRA RESID'!$I:$I,$F26)/SUMIFS('TRA RESID'!$P:$P,'TRA RESID'!$I:$I,$F26)*O26 -> 0 | O26: 0.8 | Q26: =SUBSTITUTE(C26,"MIN","MAX") -> * | S26: =E26 -> TRACNG | T26: =F26 -> TRAPASCARDMD | U26: =G26 -> TRAPASCARDMD | V26: 2025 | W26: =W25 -> UP | Y26: =-MIN(SUMIFS('TRA RESID'!$P:$P,'TRA RESID'!$H:$H,$E26,'TRA RESID'!$I:$I,$F26)/SUMIFS('TRA RESID'!$P:$P,'TRA RESID'!$I:$I,$F26)*AC26,1) -> 0 | AC26: 1.2
A27: =A26 -> 6 | C27: =IF(C26="*",C26,"") -> * | E27: =E26 -> TRACNG | F27: =F26 -> TRAPASCARDMD | G27: =G26 -> TRAPASCARDMD | H27: 2030 | I27: =I26 -> LO | K27: =-SUMIFS('TRA RESID'!$P:$P,'TRA RESID'!$H:$H,$E27,'TRA RESID'!$I:$I,$F27)/SUMIFS('TRA RESID'!$P:$P,'TRA RESID'!$I:$I,$F27)*O27 -> 0 | O27: 0.2 | Q27: =SUBSTITUTE(C27,"MIN","MAX") -> * | S27: =E27 -> TRACNG | T27: =F27 -> TRAPASCARDMD | U27: =G27 -> TRAPASCARDMD | V27: 2030 | W27: =W26 -> UP | Y27: =-MIN(SUMIFS('TRA RESID'!$P:$P,'TRA RESID'!$H:$H,$E27,'TRA RESID'!$I:$I,$F27)/SUMIFS('TRA RESID'!$P:$P,'TRA RESID'!$I:$I,$F27)*AC27,1) -> 0 | AC27: 1.5
A28: =A27 -> 6 | C28: =IF(C27="*",C27,"") -> * | E28: =E27 -> TRACNG | F28: =F27 -> TRAPASCARDMD | G28: =G27 -> TRAPASCARDMD | H28: 2050 | I28: =I27 -> LO | K28: =-SUMIFS('TRA RESID'!$P:$P,'TRA RESID'!$H:$H,$E28,'TRA RESID'!$I:$I,$F28)/SUMIFS('TRA RESID'!$P:$P,'TRA RESID'!$I:$I,$F28)*O28 -> 0 | O28: 0 | Q28: =SUBSTITUTE(C28,"MIN","MAX") -> * | S28: =E28 -> TRACNG | T28: =F28 -> TRAPASCARDMD | U28: =G28 -> TRAPASCARDMD | V28: 2050 | W28: =W27 -> UP | Y28: =-MIN(SUMIFS('TRA RESID'!$P:$P,'TRA RESID'!$H:$H,$E28,'TRA RESID'!$I:$I,$F28)/SUMIFS('TRA RESID'!$P:$P,'TRA RESID'!$I:$I,$F28)*AC28,1) -> 0 | AC28: 3
A29: =A25+1 -> 7 | C29: =IF(E29="","",IF(_xlfn.XLOOKUP($A29,Selected_constraint!$A:$A,Selected_constraint!$D:$D)=1,"*",IF(SUMIFS('TRA TECH'!$M:$M,'TRA TECH'!$H:$H,E29,'TRA TECH'!$I:$I,F29)=0,"*",IF(SUMIFS('TRA RESID'!$P:$P,'TRA RESID'!$H:$H,$E29,'TRA RESID'!$I:$I,$F29)=0,"*","UC_MarketShare_"&LEFT(F29,LEN(F29)-3)&"_"&RIGHT(E29,3)&"_MIN")))) -> * | E29: =_xlfn.XLOOKUP($A29,Selected_constraint!$A:$A,Selected_constraint!$B:$B) -> TRARNG | F29: =_xlfn.XLOOKUP($A29,Selected_constraint!$A:$A,Selected_constraint!$C:$C) -> TRAPASCARDMD | G29: =F29 -> TRAPASCARDMD | H29: 2019 | I29: LO | J29: 1 | K29: =-SUMIFS('TRA RESID'!$P:$P,'TRA RESID'!$H:$H,$E29,'TRA RESID'!$I:$I,$F29)/SUMIFS('TRA RESID'!$P:$P,'TRA RESID'!$I:$I,$F29)*O29 -> 0 | L29: 0 | M29: 5 | O29: 0.98 | Q29: =SUBSTITUTE(C29,"MIN","MAX") -> * | S29: =E29 -> TRARNG | T29: =F29 -> TRAPASCARDMD | U29: =G29 -> TRAPASCARDMD | V29: 2019 | W29: UP | X29: 1 | Y29: =-MIN(SUMIFS('TRA RESID'!$P:$P,'TRA RESID'!$H:$H,$E29,'TRA RESID'!$I:$I,$F29)/SUMIFS('TRA RESID'!$P:$P,'TRA RESID'!$I:$I,$F29)*AC29,1) -> 0 | Z29: 0 | AA29: 5 | AC29: 1.02
A30: =A29 -> 7 | C30: =IF(C29="*",C29,"") -> * | E30: =E29 -> TRARNG | F30: =F29 -> TRAPASCARDMD | G30: =G29 -> TRAPASCARDMD | H30: 2025 | I30: =I29 -> LO | K30: =-SUMIFS('TRA RESID'!$P:$P,'TRA RESID'!$H:$H,$E30,'TRA RESID'!$I:$I,$F30)/SUMIFS('TRA RESID'!$P:$P,'TRA RESID'!$I:$I,$F30)*O30 -> 0 | O30: 0.8 | Q30: =SUBSTITUTE(C30,"MIN","MAX") -> * | S30: =E30 -> TRARNG | T30: =F30 -> TRAPASCARDMD | U30: =G30 -> TRAPASCARDMD | V30: 2025 | W30: =W29 -> UP | Y30: =-MIN(SUMIFS('TRA RESID'!$P:$P,'TRA RESID'!$H:$H,$E30,'TRA RESID'!$I:$I,$F30)/SUMIFS('TRA RESID'!$P:$P,'TRA RESID'!$I:$I,$F30)*AC30,1) -> 0 | AC30: 1.2
A31: =A30 -> 7 | C31: =IF(C30="*",C30,"") -> * | E31: =E30 -> TRARNG | F31: =F30 -> TRAPASCARDMD | G31: =G30 -> TRAPASCARDMD | H31: 2030 | I31: =I30 -> LO | K31: =-SUMIFS('TRA RESID'!$P:$P,'TRA RESID'!$H:$H,$E31,'TRA RESID'!$I:$I,$F31)/SUMIFS('TRA RESID'!$P:$P,'TRA RESID'!$I:$I,$F31)*O31 -> 0 | O31: 0.2 | Q31: =SUBSTITUTE(C31,"MIN","MAX") -> * | S31: =E31 -> TRARNG | T31: =F31 -> TRAPASCARDMD | U31: =G31 -> TRAPASCARDMD | V31: 2030 | W31: =W30 -> UP | Y31: =-MIN(SUMIFS('TRA RESID'!$P:$P,'TRA RESID'!$H:$H,$E31,'TRA RESID'!$I:$I,$F31)/SUMIFS('TRA RESID'!$P:$P,'TRA RESID'!$I:$I,$F31)*AC31,1) -> 0 | AC31: 1.5
A32: =A31 -> 7 | C32: =IF(C31="*",C31,"") -> * | E32: =E31 -> TRARNG | F32: =F31 -> TRAPASCARDMD | G32: =G31 -> TRAPASCARDMD | H32: 2050 | I32: =I31 -> LO | K32: =-SUMIFS('TRA RESID'!$P:$P,'TRA RESID'!$H:$H,$E32,'TRA RESID'!$I:$I,$F32)/SUMIFS('TRA RESID'!$P:$P,'TRA RESID'!$I:$I,$F32)*O32 -> 0 | O32: 0 | Q32: =SUBSTITUTE(C32,"MIN","MAX") -> * | S32: =E32 -> TRARNG | T32: =F32 -> TRAPASCARDMD | U32: =G32 -> TRAPASCARDMD | V32: 2050 | W32: =W31 -> UP | Y32: =-MIN(SUMIFS('TRA RESID'!$P:$P,'TRA RESID'!$H:$H,$E32,'TRA RESID'!$I:$I,$F32)/SUMIFS('TRA RESID'!$P:$P,'TRA RESID'!$I:$I,$F32)*AC32,1) -> 0 | AC32: 3
A33: =A29+1 -> 8 | C33: =IF(E33="","",IF(_xlfn.XLOOKUP($A33,Selected_constraint!$A:$A,Selected_constraint!$D:$D)=1,"*",IF(SUMIFS('TRA TECH'!$M:$M,'TRA TECH'!$H:$H,E33,'TRA TECH'!$I:$I,F33)=0,"*",IF(SUMIFS('TRA RESID'!$P:$P,'TRA RESID'!$H:$H,$E33,'TRA RESID'!$I:$I,$F33)=0,"*","UC_MarketShare_"&LEFT(F33,LEN(F33)-3)&"_"&RIGHT(E33,3)&"_MIN")))) -> UC_MarketShare_TRAPASCAR_BAT_MIN | E33: =_xlfn.XLOOKUP($A33,Selected_constraint!$A:$A,Selected_constraint!$B:$B) -> TRABAT | F33: =_xlfn.XLOOKUP($A33,Selected_constraint!$A:$A,Selected_constraint!$C:$C) -> TRAPASCARDMD | G33: =F33 -> TRAPASCARDMD | H33: 2019 | I33: LO | J33: 1 | K33: =-SUMIFS('TRA RESID'!$P:$P,'TRA RESID'!$H:$H,$E33,'TRA RESID'!$I:$I,$F33)/SUMIFS('TRA RESID'!$P:$P,'TRA RESID'!$I:$I,$F33)*O33 -> -0.0092482523 | L33: 0 | M33: 5 | O33: 0.98 | Q33: =SUBSTITUTE(C33,"MIN","MAX") -> UC_MarketShare_TRAPASCAR_BAT_MAX | S33: =E33 -> TRABAT | T33: =F33 -> TRAPASCARDMD | U33: =G33 -> TRAPASCARDMD | V33: 2019 | W33: UP | X33: 1 | Y33: =-MIN(SUMIFS('TRA RESID'!$P:$P,'TRA RESID'!$H:$H,$E33,'TRA RESID'!$I:$I,$F33)/SUMIFS('TRA RESID'!$P:$P,'TRA RESID'!$I:$I,$F33)*AC33,1) -> -0.009625732 | Z33: 0 | AA33: 5 | AC33: 1.02
A34: =A33 -> 8 | C34: =IF(C33="*",C33,"") | E34: =E33 -> TRABAT | F34: =F33 -> TRAPASCARDMD | G34: =G33 -> TRAPASCARDMD | H34: 2025 | I34: =I33 -> LO | K34: =-SUMIFS('TRA RESID'!$P:$P,'TRA RESID'!$H:$H,$E34,'TRA RESID'!$I:$I,$F34)/SUMIFS('TRA RESID'!$P:$P,'TRA RESID'!$I:$I,$F34)*O34 -> -0.0094369922 | O34: 1 | Q34: =SUBSTITUTE(C34,"MIN","MAX") | S34: =E34 -> TRABAT | T34: =F34 -> TRAPASCARDMD | U34: =G34 -> TRAPASCARDMD | V34: 2025 | W34: =W33 -> UP | Y34: =-MIN(SUMIFS('TRA RESID'!$P:$P,'TRA RESID'!$H:$H,$E34,'TRA RESID'!$I:$I,$F34)/SUMIFS('TRA RESID'!$P:$P,'TRA RESID'!$I:$I,$F34)*AC34,1) -> -0.18873984 | AC34: 20
A35: =A34 -> 8 | C35: =IF(C34="*",C34,"") | E35: =E34 -> TRABAT | F35: =F34 -> TRAPASCARDMD | G35: =G34 -> TRAPASCARDMD | H35: 2030 | I35: =I34 -> LO | K35: =-SUMIFS('TRA RESID'!$P:$P,'TRA RESID'!$H:$H,$E35,'TRA RESID'!$I:$I,$F35)/SUMIFS('TRA RESID'!$P:$P,'TRA RESID'!$I:$I,$F35)*O35 -> -0.0094369922 | O35: 1 | Q35: =SUBSTITUTE(C35,"MIN","MAX") | S35: =E35 -> TRABAT | T35: =F35 -> TRAPASCARDMD | U35: =G35 -> TRAPASCARDMD | V35: 2030 | W35: =W34 -> UP | Y35: =-MIN(SUMIFS('TRA RESID'!$P:$P,'TRA RESID'!$H:$H,$E35,'TRA RESID'!$I:$I,$F35)/SUMIFS('TRA RESID'!$P:$P,'TRA RESID'!$I:$I,$F35)*AC35,1) -> -0.47184961 | AC35: 50
A36: =A35 -> 8 | C36: =IF(C35="*",C35,"") | E36: =E35 -> TRABAT | F36: =F35 -> TRAPASCARDMD | G36: =G35 -> TRAPASCARDMD | H36: 2050 | I36: =I35 -> LO | K36: =-SUMIFS('TRA RESID'!$P:$P,'TRA RESID'!$H:$H,$E36,'TRA RESID'!$I:$I,$F36)/SUMIFS('TRA RESID'!$P:$P,'TRA RESID'!$I:$I,$F36)*O36 -> -0.0094369922 | O36: 1 | Q36: =SUBSTITUTE(C36,"MIN","MAX") | S36: =E36 -> TRABAT | T36: =F36 -> TRAPASCARDMD | U36: =G36 -> TRAPASCARDMD | V36: 2050 | W36: =W35 -> UP | Y36: =-MIN(SUMIFS('TRA RESID'!$P:$P,'TRA RESID'!$H:$H,$E36,'TRA RESID'!$I:$I,$F36)/SUMIFS('TRA RESID'!$P:$P,'TRA RESID'!$I:$I,$F36)*AC36,1) -> -1 | AC36: 150
A37: =A33+1 -> 9 | C37: =IF(E37="","",IF(_xlfn.XLOOKUP($A37,Selected_constraint!$A:$A,Selected_constraint!$D:$D)=1,"*",IF(SUMIFS('TRA TECH'!$M:$M,'TRA TECH'!$H:$H,E37,'TRA TECH'!$I:$I,F37)=0,"*",IF(SUMIFS('TRA RESID'!$P:$P,'TRA RESID'!$H:$H,$E37,'TRA RESID'!$I:$I,$F37)=0,"*","UC_MarketShare_"&LEFT(F37,LEN(F37)-3)&"_"&RIGHT(E37,3)&"_MIN")))) -> * | E37: =_xlfn.XLOOKUP($A37,Selected_constraint!$A:$A,Selected_constraint!$B:$B) -> TRAH2G | F37: =_xlfn.XLOOKUP($A37,Selected_constraint!$A:$A,Selected_constraint!$C:$C) -> TRAPASCARDMD | G37: =F37 -> TRAPASCARDMD | H37: 2019 | I37: LO | J37: 1 | K37: =-SUMIFS('TRA RESID'!$P:$P,'TRA RESID'!$H:$H,$E37,'TRA RESID'!$I:$I,$F37)/SUMIFS('TRA RESID'!$P:$P,'TRA RESID'!$I:$I,$F37)*O37 -> 0 | L37: 0 | M37: 5 | O37: 0.98 | Q37: =SUBSTITUTE(C37,"MIN","MAX") -> * | S37: =E37 -> TRAH2G | T37: =F37 -> TRAPASCARDMD | U37: =G37 -> TRAPASCARDMD | V37: 2019 | W37: UP | X37: 1 | Y37: =-MIN(SUMIFS('TRA RESID'!$P:$P,'TRA RESID'!$H:$H,$E37,'TRA RESID'!$I:$I,$F37)/SUMIFS('TRA RESID'!$P:$P,'TRA RESID'!$I:$I,$F37)*AC37,1) -> 0 | Z37: 0 | AA37: 5 | AC37: 1.02
A38: =A37 -> 9 | C38: =IF(C37="*",C37,"") -> * | E38: =E37 -> TRAH2G | F38: =F37 -> TRAPASCARDMD | G38: =G37 -> TRAPASCARDMD | H38: 2025 | I38: =I37 -> LO | K38: =-SUMIFS('TRA RESID'!$P:$P,'TRA RESID'!$H:$H,$E38,'TRA RESID'!$I:$I,$F38)/SUMIFS('TRA RESID'!$P:$P,'TRA RESID'!$I:$I,$F38)*O38 -> 0 | O38: 0.8 | Q38: =SUBSTITUTE(C38,"MIN","MAX") -> * | S38: =E38 -> TRAH2G | T38: =F38 -> TRAPASCARDMD | U38: =G38 -> TRAPASCARDMD | V38: 2025 | W38: =W37 -> UP | Y38: =-MIN(SUMIFS('TRA RESID'!$P:$P,'TRA RESID'!$H:$H,$E38,'TRA RESID'!$I:$I,$F38)/SUMIFS('TRA RESID'!$P:$P,'TRA RESID'!$I:$I,$F38)*AC38,1) -> 0 | AC38: 1.2
A39: =A38 -> 9 | C39: =IF(C38="*",C38,"") -> * | E39: =E38 -> TRAH2G | F39: =F38 -> TRAPASCARDMD | G39: =G38 -> TRAPASCARDMD | H39: 2030 | I39: =I38 -> LO | K39: =-SUMIFS('TRA RESID'!$P:$P,'TRA RESID'!$H:$H,$E39,'TRA RESID'!$I:$I,$F39)/SUMIFS('TRA RESID'!$P:$P,'TRA RESID'!$I:$I,$F39)*O39 -> 0 | O39: 0.2 | Q39: =SUBSTITUTE(C39,"MIN","MAX") -> * | S39: =E39 -> TRAH2G | T39: =F39 -> TRAPASCARDMD | U39: =G39 -> TRAPASCARDMD | V39: 2030 | W39: =W38 -> UP | Y39: =-MIN(SUMIFS('TRA RESID'!$P:$P,'TRA RESID'!$H:$H,$E39,'TRA RESID'!$I:$I,$F39)/SUMIFS('TRA RESID'!$P:$P,'TRA RESID'!$I:$I,$F39)*AC39,1) -> 0 | AC39: 1.5
A40: =A39 -> 9 | C40: =IF(C39="*",C39,"") -> * | E40: =E39 -> TRAH2G | F40: =F39 -> TRAPASCARDMD | G40: =G39 -> TRAPASCARDMD | H40: 2050 | I40: =I39 -> LO | K40: =-SUMIFS('TRA RESID'!$P:$P,'TRA RESID'!$H:$H,$E40,'TRA RESID'!$I:$I,$F40)/SUMIFS('TRA RESID'!$P:$P,'TRA RESID'!$I:$I,$F40)*O40 -> 0 | O40: 0 | Q40: =SUBSTITUTE(C40,"MIN","MAX") -> * | S40: =E40 -> TRAH2G | T40: =F40 -> TRAPASCARDMD | U40: =G40 -> TRAPASCARDMD | V40: 2050 | W40: =W39 -> UP | Y40: =-MIN(SUMIFS('TRA RESID'!$P:$P,'TRA RESID'!$H:$H,$E40,'TRA RESID'!$I:$I,$F40)/SUMIFS('TRA RESID'!$P:$P,'TRA RESID'!$I:$I,$F40)*AC40,1) -> 0 | AC40: 3
A41: =A37+1 -> 10 | C41: =IF(E41="","",IF(_xlfn.XLOOKUP($A41,Selected_constraint!$A:$A,Selected_constraint!$D:$D)=1,"*",IF(SUMIFS('TRA TECH'!$M:$M,'TRA TECH'!$H:$H,E41,'TRA TECH'!$I:$I,F41)=0,"*",IF(SUMIFS('TRA RESID'!$P:$P,'TRA RESID'!$H:$H,$E41,'TRA RESID'!$I:$I,$F41)=0,"*","UC_MarketShare_"&LEFT(F41,LEN(F41)-3)&"_"&RIGHT(E41,3)&"_MIN")))) -> * | E41: =_xlfn.XLOOKUP($A41,Selected_constraint!$A:$A,Selected_constraint!$B:$B) -> TRAGSL | F41: =_xlfn.XLOOKUP($A41,Selected_constraint!$A:$A,Selected_constraint!$C:$C) -> TRAPASLDTDMD | G41: =F41 -> TRAPASLDTDMD | H41: 2019 | I41: LO | J41: 1 | K41: =-SUMIFS('TRA RESID'!$P:$P,'TRA RESID'!$H:$H,$E41,'TRA RESID'!$I:$I,$F41)/SUMIFS('TRA RESID'!$P:$P,'TRA RESID'!$I:$I,$F41)*O41 -> #DIV/0! | L41: 0 | M41: 5 | O41: 0.98 | Q41: =SUBSTITUTE(C41,"MIN","MAX") -> * | S41: =E41 -> TRAGSL | T41: =F41 -> TRAPASLDTDMD | U41: =G41 -> TRAPASLDTDMD | V41: 2019 | W41: UP | X41: 1 | Y41: =-MIN(SUMIFS('TRA RESID'!$P:$P,'TRA RESID'!$H:$H,$E41,'TRA RESID'!$I:$I,$F41)/SUMIFS('TRA RESID'!$P:$P,'TRA RESID'!$I:$I,$F41)*AC41,1) -> #DIV/0! | Z41: 0 | AA41: 5 | AC41: 1.02
A42: =A41 -> 10 | C42: =IF(C41="*",C41,"") -> * | E42: =E41 -> TRAGSL | F42: =F41 -> TRAPASLDTDMD | G42: =G41 -> TRAPASLDTDMD | H42: 2025 | I42: =I41 -> LO | K42: =-SUMIFS('TRA RESID'!$P:$P,'TRA RESID'!$H:$H,$E42,'TRA RESID'!$I:$I,$F42)/SUMIFS('TRA RESID'!$P:$P,'TRA RESID'!$I:$I,$F42)*O42 -> #DIV/0! | O42: 0.8 | Q42: =SUBSTITUTE(C42,"MIN","MAX") -> * | S42: =E42 -> TRAGSL | T42: =F42 -> TRAPASLDTDMD | U42: =G42 -> TRAPASLDTDMD | V42: 2025 | W42: =W41 -> UP | Y42: =-MIN(SUMIFS('TRA RESID'!$P:$P,'TRA RESID'!$H:$H,$E42,'TRA RESID'!$I:$I,$F42)/SUMIFS('TRA RESID'!$P:$P,'TRA RESID'!$I:$I,$F42)*AC42,1) -> #DIV/0! | AC42: 1.2
A43: =A42 -> 10 | C43: =IF(C42="*",C42,"") -> * | E43: =E42 -> TRAGSL | F43: =F42 -> TRAPASLDTDMD | G43: =G42 -> TRAPASLDTDMD | H43: 2030 | I43: =I42 -> LO | K43: =-SUMIFS('TRA RESID'!$P:$P,'TRA RESID'!$H:$H,$E43,'TRA RESID'!$I:$I,$F43)/SUMIFS('TRA RESID'!$P:$P,'TRA RESID'!$I:$I,$F43)*O43 -> #DIV/0! | O43: 0.2 | Q43: =SUBSTITUTE(C43,"MIN","MAX") -> * | S43: =E43 -> TRAGSL | T43: =F43 -> TRAPASLDTDMD | U43: =G43 -> TRAPASLDTDMD | V43: 2030 | W43: =W42 -> UP | Y43: =-MIN(SUMIFS('TRA RESID'!$P:$P,'TRA RESID'!$H:$H,$E43,'TRA RESID'!$I:$I,$F43)/SUMIFS('TRA RESID'!$P:$P,'TRA RESID'!$I:$I,$F43)*AC43,1) -> #DIV/0! | AC43: 1.5
A44: =A43 -> 10 | C44: =IF(C43="*",C43,"") -> * | E44: =E43 -> TRAGSL | F44: =F43 -> TRAPASLDTDMD | G44: =G43 -> TRAPASLDTDMD | H44: 2050 | I44: =I43 -> LO | K44: =-SUMIFS('TRA RESID'!$P:$P,'TRA RESID'!$H:$H,$E44,'TRA RESID'!$I:$I,$F44)/SUMIFS('TRA RESID'!$P:$P,'TRA RESID'!$I:$I,$F44)*O44 -> #DIV/0! | O44: 0 | Q44: =SUBSTITUTE(C44,"MIN","MAX") -> * | S44: =E44 -> TRAGSL | T44: =F44 -> TRAPASLDTDMD | U44: =G44 -> TRAPASLDTDMD | V44: 2050 | W44: =W43 -> UP | Y44: =-MIN(SUMIFS('TRA RESID'!$P:$P,'TRA RESID'!$H:$H,$E44,'TRA RESID'!$I:$I,$F44)/SUMIFS('TRA RESID'!$P:$P,'TRA RESID'!$I:$I,$F44)*AC44,1) -> #DIV/0! | AC44: 3
A45: =A41+1 -> 11 | C45: =IF(E45="","",IF(_xlfn.XLOOKUP($A45,Selected_constraint!$A:$A,Selected_constraint!$D:$D)=1,"*",IF(SUMIFS('TRA TECH'!$M:$M,'TRA TECH'!$H:$H,E45,'TRA TECH'!$I:$I,F45)=0,"*",IF(SUMIFS('TRA RESID'!$P:$P,'TRA RESID'!$H:$H,$E45,'TRA RESID'!$I:$I,$F45)=0,"*","UC_MarketShare_"&LEFT(F45,LEN(F45)-3)&"_"&RIGHT(E45,3)&"_MIN")))) -> * | E45: =_xlfn.XLOOKUP($A45,Selected_constraint!$A:$A,Selected_constraint!$B:$B) -> TRAETH | F45: =_xlfn.XLOOKUP($A45,Selected_constraint!$A:$A,Selected_constraint!$C:$C) -> TRAPASLDTDMD | G45: =F45 -> TRAPASLDTDMD | H45: 2019 | I45: LO | J45: 1 | K45: =-SUMIFS('TRA RESID'!$P:$P,'TRA RESID'!$H:$H,$E45,'TRA RESID'!$I:$I,$F45)/SUMIFS('TRA RESID'!$P:$P,'TRA RESID'!$I:$I,$F45)*O45 -> #DIV/0! | L45: 0 | M45: 5 | O45: 0.98 | Q45: =SUBSTITUTE(C45,"MIN","MAX") -> * | S45: =E45 -> TRAETH | T45: =F45 -> TRAPASLDTDMD | U45: =G45 -> TRAPASLDTDMD | V45: 2019 | W45: UP | X45: 1 | Y45: =-MIN(SUMIFS('TRA RESID'!$P:$P,'TRA RESID'!$H:$H,$E45,'TRA RESID'!$I:$I,$F45)/SUMIFS('TRA RESID'!$P:$P,'TRA RESID'!$I:$I,$F45)*AC45,1) -> #DIV/0! | Z45: 0 | AA45: 5 | AC45: 1.02
A46: =A45 -> 11 | C46: =IF(C45="*",C45,"") -> * | E46: =E45 -> TRAETH | F46: =F45 -> TRAPASLDTDMD | G46: =G45 -> TRAPASLDTDMD | H46: 2025 | I46: =I45 -> LO | K46: =-SUMIFS('TRA RESID'!$P:$P,'TRA RESID'!$H:$H,$E46,'TRA RESID'!$I:$I,$F46)/SUMIFS('TRA RESID'!$P:$P,'TRA RESID'!$I:$I,$F46)*O46 -> #DIV/0! | O46: 0.8 | Q46: =SUBSTITUTE(C46,"MIN","MAX") -> * | S46: =E46 -> TRAETH | T46: =F46 -> TRAPASLDTDMD | U46: =G46 -> TRAPASLDTDMD | V46: 2025 | W46: =W45 -> UP | Y46: =-MIN(SUMIFS('TRA RESID'!$P:$P,'TRA RESID'!$H:$H,$E46,'TRA RESID'!$I:$I,$F46)/SUMIFS('TRA RESID'!$P:$P,'TRA RESID'!$I:$I,$F46)*AC46,1) -> #DIV/0! | AC46: 1.2
A47: =A46 -> 11 | C47: =IF(C46="*",C46,"") -> * | E47: =E46 -> TRAETH | F47: =F46 -> TRAPASLDTDMD | G47: =G46 -> TRAPASLDTDMD | H47: 2030 | I47: =I46 -> LO | K47: =-SUMIFS('TRA RESID'!$P:$P,'TRA RESID'!$H:$H,$E47,'TRA RESID'!$I:$I,$F47)/SUMIFS('TRA RESID'!$P:$P,'TRA RESID'!$I:$I,$F47)*O47 -> #DIV/0! | O47: 0.2 | Q47: =SUBSTITUTE(C47,"MIN","MAX") -> * | S47: =E47 -> TRAETH | T47: =F47 -> TRAPASLDTDMD | U47: =G47 -> TRAPASLDTDMD | V47: 2030 | W47: =W46 -> UP | Y47: =-MIN(SUMIFS('TRA RESID'!$P:$P,'TRA RESID'!$H:$H,$E47,'TRA RESID'!$I:$I,$F47)/SUMIFS('TRA RESID'!$P:$P,'TRA RESID'!$I:$I,$F47)*AC47,1) -> #DIV/0! | AC47: 1.5
A48: =A47 -> 11 | C48: =IF(C47="*",C47,"") -> * | E48: =E47 -> TRAETH | F48: =F47 -> TRAPASLDTDMD | G48: =G47 -> TRAPASLDTDMD | H48: 2050 | I48: =I47 -> LO | K48: =-SUMIFS('TRA RESID'!$P:$P,'TRA RESID'!$H:$H,$E48,'TRA RESID'!$I:$I,$F48)/SUMIFS('TRA RESID'!$P:$P,'TRA RESID'!$I:$I,$F48)*O48 -> #DIV/0! | O48: 0 | Q48: =SUBSTITUTE(C48,"MIN","MAX") -> * | S48: =E48 -> TRAETH | T48: =F48 -> TRAPASLDTDMD | U48: =G48 -> TRAPASLDTDMD | V48: 2050 | W48: =W47 -> UP | Y48: =-MIN(SUMIFS('TRA RESID'!$P:$P,'TRA RESID'!$H:$H,$E48,'TRA RESID'!$I:$I,$F48)/SUMIFS('TRA RESID'!$P:$P,'TRA RESID'!$I:$I,$F48)*AC48,1) -> #DIV/0! | AC48: 3
A49: =A45+1 -> 12 | C49: =IF(E49="","",IF(_xlfn.XLOOKUP($A49,Selected_constraint!$A:$A,Selected_constraint!$D:$D)=1,"*",IF(SUMIFS('TRA TECH'!$M:$M,'TRA TECH'!$H:$H,E49,'TRA TECH'!$I:$I,F49)=0,"*",IF(SUMIFS('TRA RESID'!$P:$P,'TRA RESID'!$H:$H,$E49,'TRA RESID'!$I:$I,$F49)=0,"*","UC_MarketShare_"&LEFT(F49,LEN(F49)-3)&"_"&RIGHT(E49,3)&"_MIN")))) -> * | E49: =_xlfn.XLOOKUP($A49,Selected_constraint!$A:$A,Selected_constraint!$B:$B) -> TRADSL | F49: =_xlfn.XLOOKUP($A49,Selected_constraint!$A:$A,Selected_constraint!$C:$C) -> TRAPASLDTDMD | G49: =F49 -> TRAPASLDTDMD | H49: 2019 | I49: LO | J49: 1 | K49: =-SUMIFS('TRA RESID'!$P:$P,'TRA RESID'!$H:$H,$E49,'TRA RESID'!$I:$I,$F49)/SUMIFS('TRA RESID'!$P:$P,'TRA RESID'!$I:$I,$F49)*O49 -> #DIV/0! | L49: 0 | M49: 5 | O49: 0.98 | Q49: =SUBSTITUTE(C49,"MIN","MAX") -> * | S49: =E49 -> TRADSL | T49: =F49 -> TRAPASLDTDMD | U49: =G49 -> TRAPASLDTDMD | V49: 2019 | W49: UP | X49: 1 | Y49: =-MIN(SUMIFS('TRA RESID'!$P:$P,'TRA RESID'!$H:$H,$E49,'TRA RESID'!$I:$I,$F49)/SUMIFS('TRA RESID'!$P:$P,'TRA RESID'!$I:$I,$F49)*AC49,1) -> #DIV/0! | Z49: 0 | AA49: 5 | AC49: 1.02
A50: =A49 -> 12 | C50: =IF(C49="*",C49,"") -> * | E50: =E49 -> TRADSL | F50: =F49 -> TRAPASLDTDMD | G50: =G49 -> TRAPASLDTDMD | H50: 2025 | I50: =I49 -> LO | K50: =-SUMIFS('TRA RESID'!$P:$P,'TRA RESID'!$H:$H,$E50,'TRA RESID'!$I:$I,$F50)/SUMIFS('TRA RESID'!$P:$P,'TRA RESID'!$I:$I,$F50)*O50 -> #DIV/0! | O50: 0.8 | Q50: =SUBSTITUTE(C50,"MIN","MAX") -> * | S50: =E50 -> TRADSL | T50: =F50 -> TRAPASLDTDMD | U50: =G50 -> TRAPASLDTDMD | V50: 2025 | W50: =W49 -> UP | Y50: =-MIN(SUMIFS('TRA RESID'!$P:$P,'TRA RESID'!$H:$H,$E50,'TRA RESID'!$I:$I,$F50)/SUMIFS('TRA RESID'!$P:$P,'TRA RESID'!$I:$I,$F50)*AC50,1) -> #DIV/0! | AC50: 1.2
A51: =A50 -> 12 | C51: =IF(C50="*",C50,"") -> * | E51: =E50 -> TRADSL | F51: =F50 -> TRAPASLDTDMD | G51: =G50 -> TRAPASLDTDMD | H51: 2030 | I51: =I50 -> LO | K51: =-SUMIFS('TRA RESID'!$P:$P,'TRA RESID'!$H:$H,$E51,'TRA RESID'!$I:$I,$F51)/SUMIFS('TRA RESID'!$P:$P,'TRA RESID'!$I:$I,$F51)*O51 -> #DIV/0! | O51: 0.2 | Q51: =SUBSTITUTE(C51,"MIN","MAX") -> * | S51: =E51 -> TRADSL | T51: =F51 -> TRAPASLDTDMD | U51: =G51 -> TRAPASLDTDMD | V51: 2030 | W51: =W50 -> UP | Y51: =-MIN(SUMIFS('TRA RESID'!$P:$P,'TRA RESID'!$H:$H,$E51,'TRA RESID'!$I:$I,$F51)/SUMIFS('TRA RESID'!$P:$P,'TRA RESID'!$I:$I,$F51)*AC51,1) -> #DIV/0! | AC51: 1.5
A52: =A51 -> 12 | C52: =IF(C51="*",C51,"") -> * | E52: =E51 -> TRADSL | F52: =F51 -> TRAPASLDTDMD | G52: =G51 -> TRAPASLDTDMD | H52: 2050 | I52: =I51 -> LO | K52: =-SUMIFS('TRA RESID'!$P:$P,'TRA RESID'!$H:$H,$E52,'TRA RESID'!$I:$I,$F52)/SUMIFS('TRA RESID'!$P:$P,'TRA RESID'!$I:$I,$F52)*O52 -> #DIV/0! | O52: 0 | Q52: =SUBSTITUTE(C52,"MIN","MAX") -> * | S52: =E52 -> TRADSL | T52: =F52 -> TRAPASLDTDMD | U52: =G52 -> TRAPASLDTDMD | V52: 2050 | W52: =W51 -> UP | Y52: =-MIN(SUMIFS('TRA RESID'!$P:$P,'TRA RESID'!$H:$H,$E52,'TRA RESID'!$I:$I,$F52)/SUMIFS('TRA RESID'!$P:$P,'TRA RESID'!$I:$I,$F52)*AC52,1) -> #DIV/0! | AC52: 3
A53: =A49+1 -> 13 | C53: =IF(E53="","",IF(_xlfn.XLOOKUP($A53,Selected_constraint!$A:$A,Selected_constraint!$D:$D)=1,"*",IF(SUMIFS('TRA TECH'!$M:$M,'TRA TECH'!$H:$H,E53,'TRA TECH'!$I:$I,F53)=0,"*",IF(SUMIFS('TRA RESID'!$P:$P,'TRA RESID'!$H:$H,$E53,'TRA RESID'!$I:$I,$F53)=0,"*","UC_MarketShare_"&LEFT(F53,LEN(F53)-3)&"_"&RIGHT(E53,3)&"_MIN")))) -> * | E53: =_xlfn.XLOOKUP($A53,Selected_constraint!$A:$A,Selected_constraint!$B:$B) -> TRARDS | F53: =_xlfn.XLOOKUP($A53,Selected_constraint!$A:$A,Selected_constraint!$C:$C) -> TRAPASLDTDMD | G53: =F53 -> TRAPASLDTDMD | H53: 2019 | I53: LO | J53: 1 | K53: =-SUMIFS('TRA RESID'!$P:$P,'TRA RESID'!$H:$H,$E53,'TRA RESID'!$I:$I,$F53)/SUMIFS('TRA RESID'!$P:$P,'TRA RESID'!$I:$I,$F53)*O53 -> #DIV/0! | L53: 0 | M53: 5 | O53: 0.98 | Q53: =SUBSTITUTE(C53,"MIN","MAX") -> * | S53: =E53 -> TRARDS | T53: =F53 -> TRAPASLDTDMD | U53: =G53 -> TRAPASLDTDMD | V53: 2019 | W53: UP | X53: 1 | Y53: =-MIN(SUMIFS('TRA RESID'!$P:$P,'TRA RESID'!$H:$H,$E53,'TRA RESID'!$I:$I,$F53)/SUMIFS('TRA RESID'!$P:$P,'TRA RESID'!$I:$I,$F53)*AC53,1) -> #DIV/0! | Z53: 0 | AA53: 5 | AC53: 1.02
A54: =A53 -> 13 | C54: =IF(C53="*",C53,"") -> * | E54: =E53 -> TRARDS | F54: =F53 -> TRAPASLDTDMD | G54: =G53 -> TRAPASLDTDMD | H54: 2025 | I54: =I53 -> LO | K54: =-SUMIFS('TRA RESID'!$P:$P,'TRA RESID'!$H:$H,$E54,'TRA RESID'!$I:$I,$F54)/SUMIFS('TRA RESID'!$P:$P,'TRA RESID'!$I:$I,$F54)*O54 -> #DIV/0! | O54: 0.8 | Q54: =SUBSTITUTE(C54,"MIN","MAX") -> * | S54: =E54 -> TRARDS | T54: =F54 -> TRAPASLDTDMD | U54: =G54 -> TRAPASLDTDMD | V54: 2025 | W54: =W53 -> UP | Y54: =-MIN(SUMIFS('TRA RESID'!$P:$P,'TRA RESID'!$H:$H,$E54,'TRA RESID'!$I:$I,$F54)/SUMIFS('TRA RESID'!$P:$P,'TRA RESID'!$I:$I,$F54)*AC54,1) -> #DIV/0! | AC54: 1.2
A55: =A54 -> 13 | C55: =IF(C54="*",C54,"") -> * | E55: =E54 -> TRARDS | F55: =F54 -> TRAPASLDTDMD | G55: =G54 -> TRAPASLDTDMD | H55: 2030 | I55: =I54 -> LO | K55: =-SUMIFS('TRA RESID'!$P:$P,'TRA RESID'!$H:$H,$E55,'TRA RESID'!$I:$I,$F55)/SUMIFS('TRA RESID'!$P:$P,'TRA RESID'!$I:$I,$F55)*O55 -> #DIV/0! | O55: 0.2 | Q55: =SUBSTITUTE(C55,"MIN","MAX") -> * | S55: =E55 -> TRARDS | T55: =F55 -> TRAPASLDTDMD | U55: =G55 -> TRAPASLDTDMD | V55: 2030 | W55: =W54 -> UP | Y55: =-MIN(SUMIFS('TRA RESID'!$P:$P,'TRA RESID'!$H:$H,$E55,'TRA RESID'!$I:$I,$F55)/SUMIFS('TRA RESID'!$P:$P,'TRA RESID'!$I:$I,$F55)*AC55,1) -> #DIV/0! | AC55: 1.5
A56: =A55 -> 13 | C56: =IF(C55="*",C55,"") -> * | E56: =E55 -> TRARDS | F56: =F55 -> TRAPASLDTDMD | G56: =G55 -> TRAPASLDTDMD | H56: 2050 | I56: =I55 -> LO | K56: =-SUMIFS('TRA RESID'!$P:$P,'TRA RESID'!$H:$H,$E56,'TRA RESID'!$I:$I,$F56)/SUMIFS('TRA RESID'!$P:$P,'TRA RESID'!$I:$I,$F56)*O56 -> #DIV/0! | O56: 0 | Q56: =SUBSTITUTE(C56,"MIN","MAX") -> * | S56: =E56 -> TRARDS | T56: =F56 -> TRAPASLDTDMD | U56: =G56 -> TRAPASLDTDMD | V56: 2050 | W56: =W55 -> UP | Y56: =-MIN(SUMIFS('TRA RESID'!$P:$P,'TRA RESID'!$H:$H,$E56,'TRA RESID'!$I:$I,$F56)/SUMIFS('TRA RESID'!$P:$P,'TRA RESID'!$I:$I,$F56)*AC56,1) -> #DIV/0! | AC56: 3
A57: =A53+1 -> 14 | C57: =IF(E57="","",IF(_xlfn.XLOOKUP($A57,Selected_constraint!$A:$A,Selected_constraint!$D:$D)=1,"*",IF(SUMIFS('TRA TECH'!$M:$M,'TRA TECH'!$H:$H,E57,'TRA TECH'!$I:$I,F57)=0,"*",IF(SUMIFS('TRA RESID'!$P:$P,'TRA RESID'!$H:$H,$E57,'TRA RESID'!$I:$I,$F57)=0,"*","UC_MarketShare_"&LEFT(F57,LEN(F57)-3)&"_"&RIGHT(E57,3)&"_MIN")))) -> * | E57: =_xlfn.XLOOKUP($A57,Selected_constraint!$A:$A,Selected_constraint!$B:$B) -> TRABDS | F57: =_xlfn.XLOOKUP($A57,Selected_constraint!$A:$A,Selected_constraint!$C:$C) -> TRAPASLDTDMD | G57: =F57 -> TRAPASLDTDMD | H57: 2019 | I57: LO | J57: 1 | K57: =-SUMIFS('TRA RESID'!$P:$P,'TRA RESID'!$H:$H,$E57,'TRA RESID'!$I:$I,$F57)/SUMIFS('TRA RESID'!$P:$P,'TRA RESID'!$I:$I,$F57)*O57 -> #DIV/0! | L57: 0 | M57: 5 | O57: 0.98 | Q57: =SUBSTITUTE(C57,"MIN","MAX") -> * | S57: =E57 -> TRABDS | T57: =F57 -> TRAPASLDTDMD | U57: =G57 -> TRAPASLDTDMD | V57: 2019 | W57: UP | X57: 1 | Y57: =-MIN(SUMIFS('TRA RESID'!$P:$P,'TRA RESID'!$H:$H,$E57,'TRA RESID'!$I:$I,$F57)/SUMIFS('TRA RESID'!$P:$P,'TRA RESID'!$I:$I,$F57)*AC57,1) -> #DIV/0! | Z57: 0 | AA57: 5 | AC57: 1.02
A58: =A57 -> 14 | C58: =IF(C57="*",C57,"") -> * | E58: =E57 -> TRABDS | F58: =F57 -> TRAPASLDTDMD | G58: =G57 -> TRAPASLDTDMD | H58: 2025 | I58: =I57 -> LO | K58: =-SUMIFS('TRA RESID'!$P:$P,'TRA RESID'!$H:$H,$E58,'TRA RESID'!$I:$I,$F58)/SUMIFS('TRA RESID'!$P:$P,'TRA RESID'!$I:$I,$F58)*O58 -> #DIV/0! | O58: 0.8 | Q58: =SUBSTITUTE(C58,"MIN","MAX") -> * | S58: =E58 -> TRABDS | T58: =F58 -> TRAPASLDTDMD | U58: =G58 -> TRAPASLDTDMD | V58: 2025 | W58: =W57 -> UP | Y58: =-MIN(SUMIFS('TRA RESID'!$P:$P,'TRA RESID'!$H:$H,$E58,'TRA RESID'!$I:$I,$F58)/SUMIFS('TRA RESID'!$P:$P,'TRA RESID'!$I:$I,$F58)*AC58,1) -> #DIV/0! | AC58: 1.2
A59: =A58 -> 14 | C59: =IF(C58="*",C58,"") -> * | E59: =E58 -> TRABDS | F59: =F58 -> TRAPASLDTDMD | G59: =G58 -> TRAPASLDTDMD | H59: 2030 | I59: =I58 -> LO | K59: =-SUMIFS('TRA RESID'!$P:$P,'TRA RESID'!$H:$H,$E59,'TRA RESID'!$I:$I,$F59)/SUMIFS('TRA RESID'!$P:$P,'TRA RESID'!$I:$I,$F59)*O59 -> #DIV/0! | O59: 0.2 | Q59: =SUBSTITUTE(C59,"MIN","MAX") -> * | S59: =E59 -> TRABDS | T59: =F59 -> TRAPASLDTDMD | U59: =G59 -> TRAPASLDTDMD | V59: 2030 | W59: =W58 -> UP | Y59: =-MIN(SUMIFS('TRA RESID'!$P:$P,'TRA RESID'!$H:$H,$E59,'TRA RESID'!$I:$I,$F59)/SUMIFS('TRA RESID'!$P:$P,'TRA RESID'!$I:$I,$F59)*AC59,1) -> #DIV/0! | AC59: 1.5
A60: =A59 -> 14 | C60: =IF(C59="*",C59,"") -> * | E60: =E59 -> TRABDS | F60: =F59 -> TRAPASLDTDMD | G60: =G59 -> TRAPASLDTDMD | H60: 2050 | I60: =I59 -> LO | K60: =-SUMIFS('TRA RESID'!$P:$P,'TRA RESID'!$H:$H,$E60,'TRA RESID'!$I:$I,$F60)/SUMIFS('TRA RESID'!$P:$P,'TRA RESID'!$I:$I,$F60)*O60 -> #DIV/0! | O60: 0 | Q60: =SUBSTITUTE(C60,"MIN","MAX") -> * | S60: =E60 -> TRABDS | T60: =F60 -> TRAPASLDTDMD | U60: =G60 -> TRAPASLDTDMD | V60: 2050 | W60: =W59 -> UP | Y60: =-MIN(SUMIFS('TRA RESID'!$P:$P,'TRA RESID'!$H:$H,$E60,'TRA RESID'!$I:$I,$F60)/SUMIFS('TRA RESID'!$P:$P,'TRA RESID'!$I:$I,$F60)*AC60,1) -> #DIV/0! | AC60: 3
A61: =A57+1 -> 15 | C61: =IF(E61="","",IF(_xlfn.XLOOKUP($A61,Selected_constraint!$A:$A,Selected_constraint!$D:$D)=1,"*",IF(SUMIFS('TRA TECH'!$M:$M,'TRA TECH'!$H:$H,E61,'TRA TECH'!$I:$I,F61)=0,"*",IF(SUMIFS('TRA RESID'!$P:$P,'TRA RESID'!$H:$H,$E61,'TRA RESID'!$I:$I,$F61)=0,"*","UC_MarketShare_"&LEFT(F61,LEN(F61)-3)&"_"&RIGHT(E61,3)&"_MIN")))) -> * | E61: =_xlfn.XLOOKUP($A61,Selected_constraint!$A:$A,Selected_constraint!$B:$B) -> TRACNG | F61: =_xlfn.XLOOKUP($A61,Selected_constraint!$A:$A,Selected_constraint!$C:$C) -> TRAPASLDTDMD | G61: =F61 -> TRAPASLDTDMD | H61: 2019 | I61: LO | J61: 1 | K61: =-SUMIFS('TRA RESID'!$P:$P,'TRA RESID'!$H:$H,$E61,'TRA RESID'!$I:$I,$F61)/SUMIFS('TRA RESID'!$P:$P,'TRA RESID'!$I:$I,$F61)*O61 -> #DIV/0! | L61: 0 | M61: 5 | O61: 0.98 | Q61: =SUBSTITUTE(C61,"MIN","MAX") -> * | S61: =E61 -> TRACNG | T61: =F61 -> TRAPASLDTDMD | U61: =G61 -> TRAPASLDTDMD | V61: 2019 | W61: UP | X61: 1 | Y61: =-MIN(SUMIFS('TRA RESID'!$P:$P,'TRA RESID'!$H:$H,$E61,'TRA RESID'!$I:$I,$F61)/SUMIFS('TRA RESID'!$P:$P,'TRA RESID'!$I:$I,$F61)*AC61,1) -> #DIV/0! | Z61: 0 | AA61: 5 | AC61: 1.02
A62: =A61 -> 15 | C62: =IF(C61="*",C61,"") -> * | E62: =E61 -> TRACNG | F62: =F61 -> TRAPASLDTDMD | G62: =G61 -> TRAPASLDTDMD | H62: 2025 | I62: =I61 -> LO | K62: =-SUMIFS('TRA RESID'!$P:$P,'TRA RESID'!$H:$H,$E62,'TRA RESID'!$I:$I,$F62)/SUMIFS('TRA RESID'!$P:$P,'TRA RESID'!$I:$I,$F62)*O62 -> #DIV/0! | O62: 0.8 | Q62: =SUBSTITUTE(C62,"MIN","MAX") -> * | S62: =E62 -> TRACNG | T62: =F62 -> TRAPASLDTDMD | U62: =G62 -> TRAPASLDTDMD | V62: 2025 | W62: =W61 -> UP | Y62: =-MIN(SUMIFS('TRA RESID'!$P:$P,'TRA RESID'!$H:$H,$E62,'TRA RESID'!$I:$I,$F62)/SUMIFS('TRA RESID'!$P:$P,'TRA RESID'!$I:$I,$F62)*AC62,1) -> #DIV/0! | AC62: 1.2
A63: =A62 -> 15 | C63: =IF(C62="*",C62,"") -> * | E63: =E62 -> TRACNG | F63: =F62 -> TRAPASLDTDMD | G63: =G62 -> TRAPASLDTDMD | H63: 2030 | I63: =I62 -> LO | K63: =-SUMIFS('TRA RESID'!$P:$P,'TRA RESID'!$H:$H,$E63,'TRA RESID'!$I:$I,$F63)/SUMIFS('TRA RESID'!$P:$P,'TRA RESID'!$I:$I,$F63)*O63 -> #DIV/0! | O63: 0.2 | Q63: =SUBSTITUTE(C63,"MIN","MAX") -> * | S63: =E63 -> TRACNG | T63: =F63 -> TRAPASLDTDMD | U63: =G63 -> TRAPASLDTDMD | V63: 2030 | W63: =W62 -> UP | Y63: =-MIN(SUMIFS('TRA RESID'!$P:$P,'TRA RESID'!$H:$H,$E63,'TRA RESID'!$I:$I,$F63)/SUMIFS('TRA RESID'!$P:$P,'TRA RESID'!$I:$I,$F63)*AC63,1) -> #DIV/0! | AC63: 1.5
A64: =A63 -> 15 | C64: =IF(C63="*",C63,"") -> * | E64: =E63 -> TRACNG | F64: =F63 -> TRAPASLDTDMD | G64: =G63 -> TRAPASLDTDMD | H64: 2050 | I64: =I63 -> LO | K64: =-SUMIFS('TRA RESID'!$P:$P,'TRA RESID'!$H:$H,$E64,'TRA RESID'!$I:$I,$F64)/SUMIFS('TRA RESID'!$P:$P,'TRA RESID'!$I:$I,$F64)*O64 -> #DIV/0! | O64: 0 | Q64: =SUBSTITUTE(C64,"MIN","MAX") -> * | S64: =E64 -> TRACNG | T64: =F64 -> TRAPASLDTDMD | U64: =G64 -> TRAPASLDTDMD | V64: 2050 | W64: =W63 -> UP | Y64: =-MIN(SUMIFS('TRA RESID'!$P:$P,'TRA RESID'!$H:$H,$E64,'TRA RESID'!$I:$I,$F64)/SUMIFS('TRA RESID'!$P:$P,'TRA RESID'!$I:$I,$F64)*AC64,1) -> #DIV/0! | AC64: 3
A65: =A61+1 -> 16 | C65: =IF(E65="","",IF(_xlfn.XLOOKUP($A65,Selected_constraint!$A:$A,Selected_constraint!$D:$D)=1,"*",IF(SUMIFS('TRA TECH'!$M:$M,'TRA TECH'!$H:$H,E65,'TRA TECH'!$I:$I,F65)=0,"*",IF(SUMIFS('TRA RESID'!$P:$P,'TRA RESID'!$H:$H,$E65,'TRA RESID'!$I:$I,$F65)=0,"*","UC_MarketShare_"&LEFT(F65,LEN(F65)-3)&"_"&RIGHT(E65,3)&"_MIN")))) -> * | E65: =_xlfn.XLOOKUP($A65,Selected_constraint!$A:$A,Selected_constraint!$B:$B) -> TRARNG | F65: =_xlfn.XLOOKUP($A65,Selected_constraint!$A:$A,Selected_constraint!$C:$C) -> TRAPASLDTDMD | G65: =F65 -> TRAPASLDTDMD | H65: 2019 | I65: LO | J65: 1 | K65: =-SUMIFS('TRA RESID'!$P:$P,'TRA RESID'!$H:$H,$E65,'TRA RESID'!$I:$I,$F65)/SUMIFS('TRA RESID'!$P:$P,'TRA RESID'!$I:$I,$F65)*O65 -> #DIV/0! | L65: 0 | M65: 5 | O65: 0.98 | Q65: =SUBSTITUTE(C65,"MIN","MAX") -> * | S65: =E65 -> TRARNG | T65: =F65 -> TRAPASLDTDMD | U65: =G65 -> TRAPASLDTDMD | V65: 2019 | W65: UP | X65: 1 | Y65: =-MIN(SUMIFS('TRA RESID'!$P:$P,'TRA RESID'!$H:$H,$E65,'TRA RESID'!$I:$I,$F65)/SUMIFS('TRA RESID'!$P:$P,'TRA RESID'!$I:$I,$F65)*AC65,1) -> #DIV/0! | Z65: 0 | AA65: 5 | AC65: 1.02
A66: =A65 -> 16 | C66: =IF(C65="*",C65,"") -> * | E66: =E65 -> TRARNG | F66: =F65 -> TRAPASLDTDMD | G66: =G65 -> TRAPASLDTDMD | H66: 2025 | I66: =I65 -> LO | K66: =-SUMIFS('TRA RESID'!$P:$P,'TRA RESID'!$H:$H,$E66,'TRA RESID'!$I:$I,$F66)/SUMIFS('TRA RESID'!$P:$P,'TRA RESID'!$I:$I,$F66)*O66 -> #DIV/0! | O66: 0.8 | Q66: =SUBSTITUTE(C66,"MIN","MAX") -> * | S66: =E66 -> TRARNG | T66: =F66 -> TRAPASLDTDMD | U66: =G66 -> TRAPASLDTDMD | V66: 2025 | W66: =W65 -> UP | Y66: =-MIN(SUMIFS('TRA RESID'!$P:$P,'TRA RESID'!$H:$H,$E66,'TRA RESID'!$I:$I,$F66)/SUMIFS('TRA RESID'!$P:$P,'TRA RESID'!$I:$I,$F66)*AC66,1) -> #DIV/0! | AC66: 1.2
A67: =A66 -> 16 | C67: =IF(C66="*",C66,"") -> * | E67: =E66 -> TRARNG | F67: =F66 -> TRAPASLDTDMD | G67: =G66 -> TRAPASLDTDMD | H67: 2030 | I67: =I66 -> LO | K67: =-SUMIFS('TRA RESID'!$P:$P,'TRA RESID'!$H:$H,$E67,'TRA RESID'!$I:$I,$F67)/SUMIFS('TRA RESID'!$P:$P,'TRA RESID'!$I:$I,$F67)*O67 -> #DIV/0! | O67: 0.2 | Q67: =SUBSTITUTE(C67,"MIN","MAX") -> * | S67: =E67 -> TRARNG | T67: =F67 -> TRAPASLDTDMD | U67: =G67 -> TRAPASLDTDMD | V67: 2030 | W67: =W66 -> UP | Y67: =-MIN(SUMIFS('TRA RESID'!$P:$P,'TRA RESID'!$H:$H,$E67,'TRA RESID'!$I:$I,$F67)/SUMIFS('TRA RESID'!$P:$P,'TRA RESID'!$I:$I,$F67)*AC67,1) -> #DIV/0! | AC67: 1.5
A68: =A67 -> 16 | C68: =IF(C67="*",C67,"") -> * | E68: =E67 -> TRARNG | F68: =F67 -> TRAPASLDTDMD | G68: =G67 -> TRAPASLDTDMD | H68: 2050 | I68: =I67 -> LO | K68: =-SUMIFS('TRA RESID'!$P:$P,'TRA RESID'!$H:$H,$E68,'TRA RESID'!$I:$I,$F68)/SUMIFS('TRA RESID'!$P:$P,'TRA RESID'!$I:$I,$F68)*O68 -> #DIV/0! | O68: 0 | Q68: =SUBSTITUTE(C68,"MIN","MAX") -> * | S68: =E68 -> TRARNG | T68: =F68 -> TRAPASLDTDMD | U68: =G68 -> TRAPASLDTDMD | V68: 2050 | W68: =W67 -> UP | Y68: =-MIN(SUMIFS('TRA RESID'!$P:$P,'TRA RESID'!$H:$H,$E68,'TRA RESID'!$I:$I,$F68)/SUMIFS('TRA RESID'!$P:$P,'TRA RESID'!$I:$I,$F68)*AC68,1) -> #DIV/0! | AC68: 3
A69: =A65+1 -> 17 | C69: =IF(E69="","",IF(_xlfn.XLOOKUP($A69,Selected_constraint!$A:$A,Selected_constraint!$D:$D)=1,"*",IF(SUMIFS('TRA TECH'!$M:$M,'TRA TECH'!$H:$H,E69,'TRA TECH'!$I:$I,F69)=0,"*",IF(SUMIFS('TRA RESID'!$P:$P,'TRA RESID'!$H:$H,$E69,'TRA RESID'!$I:$I,$F69)=0,"*","UC_MarketShare_"&LEFT(F69,LEN(F69)-3)&"_"&RIGHT(E69,3)&"_MIN")))) -> * | E69: =_xlfn.XLOOKUP($A69,Selected_constraint!$A:$A,Selected_constraint!$B:$B) -> TRABAT | F69: =_xlfn.XLOOKUP($A69,Selected_constraint!$A:$A,Selected_constraint!$C:$C) -> TRAPASLDTDMD | G69: =F69 -> TRAPASLDTDMD | H69: 2019 | I69: LO | J69: 1 | K69: =-SUMIFS('TRA RESID'!$P:$P,'TRA RESID'!$H:$H,$E69,'TRA RESID'!$I:$I,$F69)/SUMIFS('TRA RESID'!$P:$P,'TRA RESID'!$I:$I,$F69)*O69 -> #DIV/0! | L69: 0 | M69: 5 | O69: 0.98 | Q69: =SUBSTITUTE(C69,"MIN","MAX") -> * | S69: =E69 -> TRABAT | T69: =F69 -> TRAPASLDTDMD | U69: =G69 -> TRAPASLDTDMD | V69: 2019 | W69: UP | X69: 1 | Y69: =-MIN(SUMIFS('TRA RESID'!$P:$P,'TRA RESID'!$H:$H,$E69,'TRA RESID'!$I:$I,$F69)/SUMIFS('TRA RESID'!$P:$P,'TRA RESID'!$I:$I,$F69)*AC69,1) -> #DIV/0! | Z69: 0 | AA69: 5 | AC69: 1.02
A70: =A69 -> 17 | C70: =IF(C69="*",C69,"") -> * | E70: =E69 -> TRABAT | F70: =F69 -> TRAPASLDTDMD | G70: =G69 -> TRAPASLDTDMD | H70: 2025 | I70: =I69 -> LO | K70: =-SUMIFS('TRA RESID'!$P:$P,'TRA RESID'!$H:$H,$E70,'TRA RESID'!$I:$I,$F70)/SUMIFS('TRA RESID'!$P:$P,'TRA RESID'!$I:$I,$F70)*O70 -> #DIV/0! | O70: 1 | Q70: =SUBSTITUTE(C70,"MIN","MAX") -> * | S70: =E70 -> TRABAT | T70: =F70 -> TRAPASLDTDMD | U70: =G70 -> TRAPASLDTDMD | V70: 2025 | W70: =W69 -> UP | Y70: =-MIN(SUMIFS('TRA RESID'!$P:$P,'TRA RESID'!$H:$H,$E70,'TRA RESID'!$I:$I,$F70)/SUMIFS('TRA RESID'!$P:$P,'TRA RESID'!$I:$I,$F70)*AC70,1) -> #DIV/0! | AC70: 20
A71: =A70 -> 17 | C71: =IF(C70="*",C70,"") -> * | E71: =E70 -> TRABAT | F71: =F70 -> TRAPASLDTDMD | G71: =G70 -> TRAPASLDTDMD | H71: 2030 | I71: =I70 -> LO | K71: =-SUMIFS('TRA RESID'!$P:$P,'TRA RESID'!$H:$H,$E71,'TRA RESID'!$I:$I,$F71)/SUMIFS('TRA RESID'!$P:$P,'TRA RESID'!$I:$I,$F71)*O71 -> #DIV/0! | O71: 1 | Q71: =SUBSTITUTE(C71,"MIN","MAX") -> * | S71: =E71 -> TRABAT | T71: =F71 -> TRAPASLDTDMD | U71: =G71 -> TRAPASLDTDMD | V71: 2030 | W71: =W70 -> UP | Y71: =-MIN(SUMIFS('TRA RESID'!$P:$P,'TRA RESID'!$H:$H,$E71,'TRA RESID'!$I:$I,$F71)/SUMIFS('TRA RESID'!$P:$P,'TRA RESID'!$I:$I,$F71)*AC71,1) -> #DIV/0! | AC71: 50
A72: =A71 -> 17 | C72: =IF(C71="*",C71,"") -> * | E72: =E71 -> TRABAT | F72: =F71 -> TRAPASLDTDMD | G72: =G71 -> TRAPASLDTDMD | H72: 2050 | I72: =I71 -> LO | K72: =-SUMIFS('TRA RESID'!$P:$P,'TRA RESID'!$H:$H,$E72,'TRA RESID'!$I:$I,$F72)/SUMIFS('TRA RESID'!$P:$P,'TRA RESID'!$I:$I,$F72)*O72 -> #DIV/0! | O72: 1 | Q72: =SUBSTITUTE(C72,"MIN","MAX") -> * | S72: =E72 -> TRABAT | T72: =F72 -> TRAPASLDTDMD | U72: =G72 -> TRAPASLDTDMD | V72: 2050 | W72: =W71 -> UP | Y72: =-MIN(SUMIFS('TRA RESID'!$P:$P,'TRA RESID'!$H:$H,$E72,'TRA RESID'!$I:$I,$F72)/SUMIFS('TRA RESID'!$P:$P,'TRA RESID'!$I:$I,$F72)*AC72,1) -> #DIV/0! | AC72: 150
A73: =A69+1 -> 18 | C73: =IF(E73="","",IF(_xlfn.XLOOKUP($A73,Selected_constraint!$A:$A,Selected_constraint!$D:$D)=1,"*",IF(SUMIFS('TRA TECH'!$M:$M,'TRA TECH'!$H:$H,E73,'TRA TECH'!$I:$I,F73)=0,"*",IF(SUMIFS('TRA RESID'!$P:$P,'TRA RESID'!$H:$H,$E73,'TRA RESID'!$I:$I,$F73)=0,"*","UC_MarketShare_"&LEFT(F73,LEN(F73)-3)&"_"&RIGHT(E73,3)&"_MIN")))) -> * | E73: =_xlfn.XLOOKUP($A73,Selected_constraint!$A:$A,Selected_constraint!$B:$B) -> TRAH2G | F73: =_xlfn.XLOOKUP($A73,Selected_constraint!$A:$A,Selected_constraint!$C:$C) -> TRAPASLDTDMD | G73: =F73 -> TRAPASLDTDMD | H73: 2019 | I73: LO | J73: 1 | K73: =-SUMIFS('TRA RESID'!$P:$P,'TRA RESID'!$H:$H,$E73,'TRA RESID'!$I:$I,$F73)/SUMIFS('TRA RESID'!$P:$P,'TRA RESID'!$I:$I,$F73)*O73 -> #DIV/0! | L73: 0 | M73: 5 | O73: 0.98 | Q73: =SUBSTITUTE(C73,"MIN","MAX") -> * | S73: =E73 -> TRAH2G | T73: =F73 -> TRAPASLDTDMD | U73: =G73 -> TRAPASLDTDMD | V73: 2019 | W73: UP | X73: 1 | Y73: =-MIN(SUMIFS('TRA RESID'!$P:$P,'TRA RESID'!$H:$H,$E73,'TRA RESID'!$I:$I,$F73)/SUMIFS('TRA RESID'!$P:$P,'TRA RESID'!$I:$I,$F73)*AC73,1) -> #DIV/0! | Z73: 0 | AA73: 5 | AC73: 1.02
A74: =A73 -> 18 | C74: =IF(C73="*",C73,"") -> * | E74: =E73 -> TRAH2G | F74: =F73 -> TRAPASLDTDMD | G74: =G73 -> TRAPASLDTDMD | H74: 2025 | I74: =I73 -> LO | K74: =-SUMIFS('TRA RESID'!$P:$P,'TRA RESID'!$H:$H,$E74,'TRA RESID'!$I:$I,$F74)/SUMIFS('TRA RESID'!$P:$P,'TRA RESID'!$I:$I,$F74)*O74 -> #DIV/0! | O74: 0.8 | Q74: =SUBSTITUTE(C74,"MIN","MAX") -> * | S74: =E74 -> TRAH2G | T74: =F74 -> TRAPASLDTDMD | U74: =G74 -> TRAPASLDTDMD | V74: 2025 | W74: =W73 -> UP | Y74: =-MIN(SUMIFS('TRA RESID'!$P:$P,'TRA RESID'!$H:$H,$E74,'TRA RESID'!$I:$I,$F74)/SUMIFS('TRA RESID'!$P:$P,'TRA RESID'!$I:$I,$F74)*AC74,1) -> #DIV/0! | AC74: 1.2
A75: =A74 -> 18 | C75: =IF(C74="*",C74,"") -> * | E75: =E74 -> TRAH2G | F75: =F74 -> TRAPASLDTDMD | G75: =G74 -> TRAPASLDTDMD | H75: 2030 | I75: =I74 -> LO | K75: =-SUMIFS('TRA RESID'!$P:$P,'TRA RESID'!$H:$H,$E75,'TRA RESID'!$I:$I,$F75)/SUMIFS('TRA RESID'!$P:$P,'TRA RESID'!$I:$I,$F75)*O75 -> #DIV/0! | O75: 0.2 | Q75: =SUBSTITUTE(C75,"MIN","MAX") -> * | S75: =E75 -> TRAH2G | T75: =F75 -> TRAPASLDTDMD | U75: =G75 -> TRAPASLDTDMD | V75: 2030 | W75: =W74 -> UP | Y75: =-MIN(SUMIFS('TRA RESID'!$P:$P,'TRA RESID'!$H:$H,$E75,'TRA RESID'!$I:$I,$F75)/SUMIFS('TRA RESID'!$P:$P,'TRA RESID'!$I:$I,$F75)*AC75,1) -> #DIV/0! | AC75: 1.5
A76: =A75 -> 18 | C76: =IF(C75="*",C75,"") -> * | E76: =E75 -> TRAH2G | F76: =F75 -> TRAPASLDTDMD | G76: =G75 -> TRAPASLDTDMD | H76: 2050 | I76: =I75 -> LO | K76: =-SUMIFS('TRA RESID'!$P:$P,'TRA RESID'!$H:$H,$E76,'TRA RESID'!$I:$I,$F76)/SUMIFS('TRA RESID'!$P:$P,'TRA RESID'!$I:$I,$F76)*O76 -> #DIV/0! | O76: 0 | Q76: =SUBSTITUTE(C76,"MIN","MAX") -> * | S76: =E76 -> TRAH2G | T76: =F76 -> TRAPASLDTDMD | U76: =G76 -> TRAPASLDTDMD | V76: 2050 | W76: =W75 -> UP | Y76: =-MIN(SUMIFS('TRA RESID'!$P:$P,'TRA RESID'!$H:$H,$E76,'TRA RESID'!$I:$I,$F76)/SUMIFS('TRA RESID'!$P:$P,'TRA RESID'!$I:$I,$F76)*AC76,1) -> #DIV/0! | AC76: 3
A77: =A73+1 -> 19 | C77: =IF(E77="","",IF(_xlfn.XLOOKUP($A77,Selected_constraint!$A:$A,Selected_constraint!$D:$D)=1,"*",IF(SUMIFS('TRA TECH'!$M:$M,'TRA TECH'!$H:$H,E77,'TRA TECH'!$I:$I,F77)=0,"*",IF(SUMIFS('TRA RESID'!$P:$P,'TRA RESID'!$H:$H,$E77,'TRA RESID'!$I:$I,$F77)=0,"*","UC_MarketShare_"&LEFT(F77,LEN(F77)-3)&"_"&RIGHT(E77,3)&"_MIN")))) -> * | E77: =_xlfn.XLOOKUP($A77,Selected_constraint!$A:$A,Selected_constraint!$B:$B) -> TRAGSL | F77: =_xlfn.XLOOKUP($A77,Selected_constraint!$A:$A,Selected_constraint!$C:$C) -> TRAPASMOTDMD | G77: =F77 -> TRAPASMOTDMD | H77: 2019 | I77: LO | J77: 1 | K77: =-SUMIFS('TRA RESID'!$P:$P,'TRA RESID'!$H:$H,$E77,'TRA RESID'!$I:$I,$F77)/SUMIFS('TRA RESID'!$P:$P,'TRA RESID'!$I:$I,$F77)*O77 -> #DIV/0! | L77: 0 | M77: 5 | O77: 0.98 | Q77: =SUBSTITUTE(C77,"MIN","MAX") -> * | S77: =E77 -> TRAGSL | T77: =F77 -> TRAPASMOTDMD | U77: =G77 -> TRAPASMOTDMD | V77: 2019 | W77: UP | X77: 1 | Y77: =-MIN(SUMIFS('TRA RESID'!$P:$P,'TRA RESID'!$H:$H,$E77,'TRA RESID'!$I:$I,$F77)/SUMIFS('TRA RESID'!$P:$P,'TRA RESID'!$I:$I,$F77)*AC77,1) -> #DIV/0! | Z77: 0 | AA77: 5 | AC77: 1.02
A78: =A77 -> 19 | C78: =IF(C77="*",C77,"") -> * | E78: =E77 -> TRAGSL | F78: =F77 -> TRAPASMOTDMD | G78: =G77 -> TRAPASMOTDMD | H78: 2025 | I78: =I77 -> LO | K78: =-SUMIFS('TRA RESID'!$P:$P,'TRA RESID'!$H:$H,$E78,'TRA RESID'!$I:$I,$F78)/SUMIFS('TRA RESID'!$P:$P,'TRA RESID'!$I:$I,$F78)*O78 -> #DIV/0! | O78: 0.8 | Q78: =SUBSTITUTE(C78,"MIN","MAX") -> * | S78: =E78 -> TRAGSL | T78: =F78 -> TRAPASMOTDMD | U78: =G78 -> TRAPASMOTDMD | V78: 2025 | W78: =W77 -> UP | Y78: =-MIN(SUMIFS('TRA RESID'!$P:$P,'TRA RESID'!$H:$H,$E78,'TRA RESID'!$I:$I,$F78)/SUMIFS('TRA RESID'!$P:$P,'TRA RESID'!$I:$I,$F78)*AC78,1) -> #DIV/0! | AC78: 1.2
A79: =A78 -> 19 | C79: =IF(C78="*",C78,"") -> * | E79: =E78 -> TRAGSL | F79: =F78 -> TRAPASMOTDMD | G79: =G78 -> TRAPASMOTDMD | H79: 2030 | I79: =I78 -> LO | K79: =-SUMIFS('TRA RESID'!$P:$P,'TRA RESID'!$H:$H,$E79,'TRA RESID'!$I:$I,$F79)/SUMIFS('TRA RESID'!$P:$P,'TRA RESID'!$I:$I,$F79)*O79 -> #DIV/0! | O79: 0.2 | Q79: =SUBSTITUTE(C79,"MIN","MAX") -> * | S79: =E79 -> TRAGSL | T79: =F79 -> TRAPASMOTDMD | U79: =G79 -> TRAPASMOTDMD | V79: 2030 | W79: =W78 -> UP | Y79: =-MIN(SUMIFS('TRA RESID'!$P:$P,'TRA RESID'!$H:$H,$E79,'TRA RESID'!$I:$I,$F79)/SUMIFS('TRA RESID'!$P:$P,'TRA RESID'!$I:$I,$F79)*AC79,1) -> #DIV/0! | AC79: 1.5
A80: =A79 -> 19 | C80: =IF(C79="*",C79,"") -> * | E80: =E79 -> TRAGSL | F80: =F79 -> TRAPASMOTDMD | G80: =G79 -> TRAPASMOTDMD | H80: 2050 | I80: =I79 -> LO | K80: =-SUMIFS('TRA RESID'!$P:$P,'TRA RESID'!$H:$H,$E80,'TRA RESID'!$I:$I,$F80)/SUMIFS('TRA RESID'!$P:$P,'TRA RESID'!$I:$I,$F80)*O80 -> #DIV/0! | O80: 0 | Q80: =SUBSTITUTE(C80,"MIN","MAX") -> * | S80: =E80 -> TRAGSL | T80: =F80 -> TRAPASMOTDMD | U80: =G80 -> TRAPASMOTDMD | V80: 2050 | W80: =W79 -> UP | Y80: =-MIN(SUMIFS('TRA RESID'!$P:$P,'TRA RESID'!$H:$H,$E80,'TRA RESID'!$I:$I,$F80)/SUMIFS('TRA RESID'!$P:$P,'TRA RESID'!$I:$I,$F80)*AC80,1) -> #DIV/0! | AC80: 3
A81: =A77+1 -> 20 | C81: =IF(E81="","",IF(_xlfn.XLOOKUP($A81,Selected_constraint!$A:$A,Selected_constraint!$D:$D)=1,"*",IF(SUMIFS('TRA TECH'!$M:$M,'TRA TECH'!$H:$H,E81,'TRA TECH'!$I:$I,F81)=0,"*",IF(SUMIFS('TRA RESID'!$P:$P,'TRA RESID'!$H:$H,$E81,'TRA RESID'!$I:$I,$F81)=0,"*","UC_MarketShare_"&LEFT(F81,LEN(F81)-3)&"_"&RIGHT(E81,3)&"_MIN")))) -> * | E81: =_xlfn.XLOOKUP($A81,Selected_constraint!$A:$A,Selected_constraint!$B:$B) -> TRAETH | F81: =_xlfn.XLOOKUP($A81,Selected_constraint!$A:$A,Selected_constraint!$C:$C) -> TRAPASMOTDMD | G81: =F81 -> TRAPASMOTDMD | H81: 2019 | I81: LO | J81: 1 | K81: =-SUMIFS('TRA RESID'!$P:$P,'TRA RESID'!$H:$H,$E81,'TRA RESID'!$I:$I,$F81)/SUMIFS('TRA RESID'!$P:$P,'TRA RESID'!$I:$I,$F81)*O81 -> #DIV/0! | L81: 0 | M81: 5 | O81: 0.98 | Q81: =SUBSTITUTE(C81,"MIN","MAX") -> * | S81: =E81 -> TRAETH | T81: =F81 -> TRAPASMOTDMD | U81: =G81 -> TRAPASMOTDMD | V81: 2019 | W81: UP | X81: 1 | Y81: =-MIN(SUMIFS('TRA RESID'!$P:$P,'TRA RESID'!$H:$H,$E81,'TRA RESID'!$I:$I,$F81)/SUMIFS('TRA RESID'!$P:$P,'TRA RESID'!$I:$I,$F81)*AC81,1) -> #DIV/0! | Z81: 0 | AA81: 5 | AC81: 1.02
A82: =A81 -> 20 | C82: =IF(C81="*",C81,"") -> * | E82: =E81 -> TRAETH | F82: =F81 -> TRAPASMOTDMD | G82: =G81 -> TRAPASMOTDMD | H82: 2025 | I82: =I81 -> LO | K82: =-SUMIFS('TRA RESID'!$P:$P,'TRA RESID'!$H:$H,$E82,'TRA RESID'!$I:$I,$F82)/SUMIFS('TRA RESID'!$P:$P,'TRA RESID'!$I:$I,$F82)*O82 -> #DIV/0! | O82: 0.8 | Q82: =SUBSTITUTE(C82,"MIN","MAX") -> * | S82: =E82 -> TRAETH | T82: =F82 -> TRAPASMOTDMD | U82: =G82 -> TRAPASMOTDMD | V82: 2025 | W82: =W81 -> UP | Y82: =-MIN(SUMIFS('TRA RESID'!$P:$P,'TRA RESID'!$H:$H,$E82,'TRA RESID'!$I:$I,$F82)/SUMIFS('TRA RESID'!$P:$P,'TRA RESID'!$I:$I,$F82)*AC82,1) -> #DIV/0! | AC82: 1.2
A83: =A82 -> 20 | C83: =IF(C82="*",C82,"") -> * | E83: =E82 -> TRAETH | F83: =F82 -> TRAPASMOTDMD | G83: =G82 -> TRAPASMOTDMD | H83: 2030 | I83: =I82 -> LO | K83: =-SUMIFS('TRA RESID'!$P:$P,'TRA RESID'!$H:$H,$E83,'TRA RESID'!$I:$I,$F83)/SUMIFS('TRA RESID'!$P:$P,'TRA RESID'!$I:$I,$F83)*O83 -> #DIV/0! | O83: 0.2 | Q83: =SUBSTITUTE(C83,"MIN","MAX") -> * | S83: =E83 -> TRAETH | T83: =F83 -> TRAPASMOTDMD | U83: =G83 -> TRAPASMOTDMD | V83: 2030 | W83: =W82 -> UP | Y83: =-MIN(SUMIFS('TRA RESID'!$P:$P,'TRA RESID'!$H:$H,$E83,'TRA RESID'!$I:$I,$F83)/SUMIFS('TRA RESID'!$P:$P,'TRA RESID'!$I:$I,$F83)*AC83,1) -> #DIV/0! | AC83: 1.5
A84: =A83 -> 20 | C84: =IF(C83="*",C83,"") -> * | E84: =E83 -> TRAETH | F84: =F83 -> TRAPASMOTDMD | G84: =G83 -> TRAPASMOTDMD | H84: 2050 | I84: =I83 -> LO | K84: =-SUMIFS('TRA RESID'!$P:$P,'TRA RESID'!$H:$H,$E84,'TRA RESID'!$I:$I,$F84)/SUMIFS('TRA RESID'!$P:$P,'TRA RESID'!$I:$I,$F84)*O84 -> #DIV/0! | O84: 0 | Q84: =SUBSTITUTE(C84,"MIN","MAX") -> * | S84: =E84 -> TRAETH | T84: =F84 -> TRAPASMOTDMD | U84: =G84 -> TRAPASMOTDMD | V84: 2050 | W84: =W83 -> UP | Y84: =-MIN(SUMIFS('TRA RESID'!$P:$P,'TRA RESID'!$H:$H,$E84,'TRA RESID'!$I:$I,$F84)/SUMIFS('TRA RESID'!$P:$P,'TRA RESID'!$I:$I,$F84)*AC84,1) -> #DIV/0! | AC84: 3
A85: =A81+1 -> 21 | C85: =IF(E85="","",IF(_xlfn.XLOOKUP($A85,Selected_constraint!$A:$A,Selected_constraint!$D:$D)=1,"*",IF(SUMIFS('TRA TECH'!$M:$M,'TRA TECH'!$H:$H,E85,'TRA TECH'!$I:$I,F85)=0,"*",IF(SUMIFS('TRA RESID'!$P:$P,'TRA RESID'!$H:$H,$E85,'TRA RESID'!$I:$I,$F85)=0,"*","UC_MarketShare_"&LEFT(F85,LEN(F85)-3)&"_"&RIGHT(E85,3)&"_MIN")))) -> * | E85: =_xlfn.XLOOKUP($A85,Selected_constraint!$A:$A,Selected_constraint!$B:$B) -> TRADSL | F85: =_xlfn.XLOOKUP($A85,Selected_constraint!$A:$A,Selected_constraint!$C:$C) -> TRAPASMOTDMD | G85: =F85 -> TRAPASMOTDMD | H85: 2019 | I85: LO | J85: 1 | K85: =-SUMIFS('TRA RESID'!$P:$P,'TRA RESID'!$H:$H,$E85,'TRA RESID'!$I:$I,$F85)/SUMIFS('TRA RESID'!$P:$P,'TRA RESID'!$I:$I,$F85)*O85 -> #DIV/0! | L85: 0 | M85: 5 | O85: 0.98 | Q85: =SUBSTITUTE(C85,"MIN","MAX") -> * | S85: =E85 -> TRADSL | T85: =F85 -> TRAPASMOTDMD | U85: =G85 -> TRAPASMOTDMD | V85: 2019 | W85: UP | X85: 1 | Y85: =-MIN(SUMIFS('TRA RESID'!$P:$P,'TRA RESID'!$H:$H,$E85,'TRA RESID'!$I:$I,$F85)/SUMIFS('TRA RESID'!$P:$P,'TRA RESID'!$I:$I,$F85)*AC85,1) -> #DIV/0! | Z85: 0 | AA85: 5 | AC85: 1.02
A86: =A85 -> 21 | C86: =IF(C85="*",C85,"") -> * | E86: =E85 -> TRADSL | F86: =F85 -> TRAPASMOTDMD | G86: =G85 -> TRAPASMOTDMD | H86: 2025 | I86: =I85 -> LO | K86: =-SUMIFS('TRA RESID'!$P:$P,'TRA RESID'!$H:$H,$E86,'TRA RESID'!$I:$I,$F86)/SUMIFS('TRA RESID'!$P:$P,'TRA RESID'!$I:$I,$F86)*O86 -> #DIV/0! | O86: 0.8 | Q86: =SUBSTITUTE(C86,"MIN","MAX") -> * | S86: =E86 -> TRADSL | T86: =F86 -> TRAPASMOTDMD | U86: =G86 -> TRAPASMOTDMD | V86: 2025 | W86: =W85 -> UP | Y86: =-MIN(SUMIFS('TRA RESID'!$P:$P,'TRA RESID'!$H:$H,$E86,'TRA RESID'!$I:$I,$F86)/SUMIFS('TRA RESID'!$P:$P,'TRA RESID'!$I:$I,$F86)*AC86,1) -> #DIV/0! | AC86: 1.2
A87: =A86 -> 21 | C87: =IF(C86="*",C86,"") -> * | E87: =E86 -> TRADSL | F87: =F86 -> TRAPASMOTDMD | G87: =G86 -> TRAPASMOTDMD | H87: 2030 | I87: =I86 -> LO | K87: =-SUMIFS('TRA RESID'!$P:$P,'TRA RESID'!$H:$H,$E87,'TRA RESID'!$I:$I,$F87)/SUMIFS('TRA RESID'!$P:$P,'TRA RESID'!$I:$I,$F87)*O87 -> #DIV/0! | O87: 0.2 | Q87: =SUBSTITUTE(C87,"MIN","MAX") -> * | S87: =E87 -> TRADSL | T87: =F87 -> TRAPASMOTDMD | U87: =G87 -> TRAPASMOTDMD | V87: 2030 | W87: =W86 -> UP | Y87: =-MIN(SUMIFS('TRA RESID'!$P:$P,'TRA RESID'!$H:$H,$E87,'TRA RESID'!$I:$I,$F87)/SUMIFS('TRA RESID'!$P:$P,'TRA RESID'!$I:$I,$F87)*AC87,1) -> #DIV/0! | AC87: 1.5
A88: =A87 -> 21 | C88: =IF(C87="*",C87,"") -> * | E88: =E87 -> TRADSL | F88: =F87 -> TRAPASMOTDMD | G88: =G87 -> TRAPASMOTDMD | H88: 2050 | I88: =I87 -> LO | K88: =-SUMIFS('TRA RESID'!$P:$P,'TRA RESID'!$H:$H,$E88,'TRA RESID'!$I:$I,$F88)/SUMIFS('TRA RESID'!$P:$P,'TRA RESID'!$I:$I,$F88)*O88 -> #DIV/0! | O88: 0 | Q88: =SUBSTITUTE(C88,"MIN","MAX") -> * | S88: =E88 -> TRADSL | T88: =F88 -> TRAPASMOTDMD | U88: =G88 -> TRAPASMOTDMD | V88: 2050 | W88: =W87 -> UP | Y88: =-MIN(SUMIFS('TRA RESID'!$P:$P,'TRA RESID'!$H:$H,$E88,'TRA RESID'!$I:$I,$F88)/SUMIFS('TRA RESID'!$P:$P,'TRA RESID'!$I:$I,$F88)*AC88,1) -> #DIV/0! | AC88: 3
A89: =A85+1 -> 22 | C89: =IF(E89="","",IF(_xlfn.XLOOKUP($A89,Selected_constraint!$A:$A,Selected_constraint!$D:$D)=1,"*",IF(SUMIFS('TRA TECH'!$M:$M,'TRA TECH'!$H:$H,E89,'TRA TECH'!$I:$I,F89)=0,"*",IF(SUMIFS('TRA RESID'!$P:$P,'TRA RESID'!$H:$H,$E89,'TRA RESID'!$I:$I,$F89)=0,"*","UC_MarketShare_"&LEFT(F89,LEN(F89)-3)&"_"&RIGHT(E89,3)&"_MIN")))) -> * | E89: =_xlfn.XLOOKUP($A89,Selected_constraint!$A:$A,Selected_constraint!$B:$B) -> TRARDS | F89: =_xlfn.XLOOKUP($A89,Selected_constraint!$A:$A,Selected_constraint!$C:$C) -> TRAPASMOTDMD | G89: =F89 -> TRAPASMOTDMD | H89: 2019 | I89: LO | J89: 1 | K89: =-SUMIFS('TRA RESID'!$P:$P,'TRA RESID'!$H:$H,$E89,'TRA RESID'!$I:$I,$F89)/SUMIFS('TRA RESID'!$P:$P,'TRA RESID'!$I:$I,$F89)*O89 -> #DIV/0! | L89: 0 | M89: 5 | O89: 0.98 | Q89: =SUBSTITUTE(C89,"MIN","MAX") -> * | S89: =E89 -> TRARDS | T89: =F89 -> TRAPASMOTDMD | U89: =G89 -> TRAPASMOTDMD | V89: 2019 | W89: UP | X89: 1 | Y89: =-MIN(SUMIFS('TRA RESID'!$P:$P,'TRA RESID'!$H:$H,$E89,'TRA RESID'!$I:$I,$F89)/SUMIFS('TRA RESID'!$P:$P,'TRA RESID'!$I:$I,$F89)*AC89,1) -> #DIV/0! | Z89: 0 | AA89: 5 | AC89: 1.02
A90: =A89 -> 22 | C90: =IF(C89="*",C89,"") -> * | E90: =E89 -> TRARDS | F90: =F89 -> TRAPASMOTDMD | G90: =G89 -> TRAPASMOTDMD | H90: 2025 | I90: =I89 -> LO | K90: =-SUMIFS('TRA RESID'!$P:$P,'TRA RESID'!$H:$H,$E90,'TRA RESID'!$I:$I,$F90)/SUMIFS('TRA RESID'!$P:$P,'TRA RESID'!$I:$I,$F90)*O90 -> #DIV/0! | O90: 0.8 | Q90: =SUBSTITUTE(C90,"MIN","MAX") -> * | S90: =E90 -> TRARDS | T90: =F90 -> TRAPASMOTDMD | U90: =G90 -> TRAPASMOTDMD | V90: 2025 | W90: =W89 -> UP | Y90: =-MIN(SUMIFS('TRA RESID'!$P:$P,'TRA RESID'!$H:$H,$E90,'TRA RESID'!$I:$I,$F90)/SUMIFS('TRA RESID'!$P:$P,'TRA RESID'!$I:$I,$F90)*AC90,1) -> #DIV/0! | AC90: 1.2
A91: =A90 -> 22 | C91: =IF(C90="*",C90,"") -> * | E91: =E90 -> TRARDS | F91: =F90 -> TRAPASMOTDMD | G91: =G90 -> TRAPASMOTDMD | H91: 2030 | I91: =I90 -> LO | K91: =-SUMIFS('TRA RESID'!$P:$P,'TRA RESID'!$H:$H,$E91,'TRA RESID'!$I:$I,$F91)/SUMIFS('TRA RESID'!$P:$P,'TRA RESID'!$I:$I,$F91)*O91 -> #DIV/0! | O91: 0.2 | Q91: =SUBSTITUTE(C91,"MIN","MAX") -> * | S91: =E91 -> TRARDS | T91: =F91 -> TRAPASMOTDMD | U91: =G91 -> TRAPASMOTDMD | V91: 2030 | W91: =W90 -> UP | Y91: =-MIN(SUMIFS('TRA RESID'!$P:$P,'TRA RESID'!$H:$H,$E91,'TRA RESID'!$I:$I,$F91)/SUMIFS('TRA RESID'!$P:$P,'TRA RESID'!$I:$I,$F91)*AC91,1) -> #DIV/0! | AC91: 1.5
A92: =A91 -> 22 | C92: =IF(C91="*",C91,"") -> * | E92: =E91 -> TRARDS | F92: =F91 -> TRAPASMOTDMD | G92: =G91 -> TRAPASMOTDMD | H92: 2050 | I92: =I91 -> LO | K92: =-SUMIFS('TRA RESID'!$P:$P,'TRA RESID'!$H:$H,$E92,'TRA RESID'!$I:$I,$F92)/SUMIFS('TRA RESID'!$P:$P,'TRA RESID'!$I:$I,$F92)*O92 -> #DIV/0! | O92: 0 | Q92: =SUBSTITUTE(C92,"MIN","MAX") -> * | S92: =E92 -> TRARDS | T92: =F92 -> TRAPASMOTDMD | U92: =G92 -> TRAPASMOTDMD | V92: 2050 | W92: =W91 -> UP | Y92: =-MIN(SUMIFS('TRA RESID'!$P:$P,'TRA RESID'!$H:$H,$E92,'TRA RESID'!$I:$I,$F92)/SUMIFS('TRA RESID'!$P:$P,'TRA RESID'!$I:$I,$F92)*AC92,1) -> #DIV/0! | AC92: 3
A93: =A89+1 -> 23 | C93: =IF(E93="","",IF(_xlfn.XLOOKUP($A93,Selected_constraint!$A:$A,Selected_constraint!$D:$D)=1,"*",IF(SUMIFS('TRA TECH'!$M:$M,'TRA TECH'!$H:$H,E93,'TRA TECH'!$I:$I,F93)=0,"*",IF(SUMIFS('TRA RESID'!$P:$P,'TRA RESID'!$H:$H,$E93,'TRA RESID'!$I:$I,$F93)=0,"*","UC_MarketShare_"&LEFT(F93,LEN(F93)-3)&"_"&RIGHT(E93,3)&"_MIN")))) -> * | E93: =_xlfn.XLOOKUP($A93,Selected_constraint!$A:$A,Selected_constraint!$B:$B) -> TRABDS | F93: =_xlfn.XLOOKUP($A93,Selected_constraint!$A:$A,Selected_constraint!$C:$C) -> TRAPASMOTDMD | G93: =F93 -> TRAPASMOTDMD | H93: 2019 | I93: LO | J93: 1 | K93: =-SUMIFS('TRA RESID'!$P:$P,'TRA RESID'!$H:$H,$E93,'TRA RESID'!$I:$I,$F93)/SUMIFS('TRA RESID'!$P:$P,'TRA RESID'!$I:$I,$F93)*O93 -> #DIV/0! | L93: 0 | M93: 5 | O93: 0.98 | Q93: =SUBSTITUTE(C93,"MIN","MAX") -> * | S93: =E93 -> TRABDS | T93: =F93 -> TRAPASMOTDMD | U93: =G93 -> TRAPASMOTDMD | V93: 2019 | W93: UP | X93: 1 | Y93: =-MIN(SUMIFS('TRA RESID'!$P:$P,'TRA RESID'!$H:$H,$E93,'TRA RESID'!$I:$I,$F93)/SUMIFS('TRA RESID'!$P:$P,'TRA RESID'!$I:$I,$F93)*AC93,1) -> #DIV/0! | Z93: 0 | AA93: 5 | AC93: 1.02
A94: =A93 -> 23 | C94: =IF(C93="*",C93,"") -> * | E94: =E93 -> TRABDS | F94: =F93 -> TRAPASMOTDMD | G94: =G93 -> TRAPASMOTDMD | H94: 2025 | I94: =I93 -> LO | K94: =-SUMIFS('TRA RESID'!$P:$P,'TRA RESID'!$H:$H,$E94,'TRA RESID'!$I:$I,$F94)/SUMIFS('TRA RESID'!$P:$P,'TRA RESID'!$I:$I,$F94)*O94 -> #DIV/0! | O94: 0.8 | Q94: =SUBSTITUTE(C94,"MIN","MAX") -> * | S94: =E94 -> TRABDS | T94: =F94 -> TRAPASMOTDMD | U94: =G94 -> TRAPASMOTDMD | V94: 2025 | W94: =W93 -> UP | Y94: =-MIN(SUMIFS('TRA RESID'!$P:$P,'TRA RESID'!$H:$H,$E94,'TRA RESID'!$I:$I,$F94)/SUMIFS('TRA RESID'!$P:$P,'TRA RESID'!$I:$I,$F94)*AC94,1) -> #DIV/0! | AC94: 1.2
A95: =A94 -> 23 | C95: =IF(C94="*",C94,"") -> * | E95: =E94 -> TRABDS | F95: =F94 -> TRAPASMOTDMD | G95: =G94 -> TRAPASMOTDMD | H95: 2030 | I95: =I94 -> LO | K95: =-SUMIFS('TRA RESID'!$P:$P,'TRA RESID'!$H:$H,$E95,'TRA RESID'!$I:$I,$F95)/SUMIFS('TRA RESID'!$P:$P,'TRA RESID'!$I:$I,$F95)*O95 -> #DIV/0! | O95: 0.2 | Q95: =SUBSTITUTE(C95,"MIN","MAX") -> * | S95: =E95 -> TRABDS | T95: =F95 -> TRAPASMOTDMD | U95: =G95 -> TRAPASMOTDMD | V95: 2030 | W95: =W94 -> UP | Y95: =-MIN(SUMIFS('TRA RESID'!$P:$P,'TRA RESID'!$H:$H,$E95,'TRA RESID'!$I:$I,$F95)/SUMIFS('TRA RESID'!$P:$P,'TRA RESID'!$I:$I,$F95)*AC95,1) -> #DIV/0! | AC95: 1.5
A96: =A95 -> 23 | C96: =IF(C95="*",C95,"") -> * | E96: =E95 -> TRABDS | F96: =F95 -> TRAPASMOTDMD | G96: =G95 -> TRAPASMOTDMD | H96: 2050 | I96: =I95 -> LO | K96: =-SUMIFS('TRA RESID'!$P:$P,'TRA RESID'!$H:$H,$E96,'TRA RESID'!$I:$I,$F96)/SUMIFS('TRA RESID'!$P:$P,'TRA RESID'!$I:$I,$F96)*O96 -> #DIV/0! | O96: 0 | Q96: =SUBSTITUTE(C96,"MIN","MAX") -> * | S96: =E96 -> TRABDS | T96: =F96 -> TRAPASMOTDMD | U96: =G96 -> TRAPASMOTDMD | V96: 2050 | W96: =W95 -> UP | Y96: =-MIN(SUMIFS('TRA RESID'!$P:$P,'TRA RESID'!$H:$H,$E96,'TRA RESID'!$I:$I,$F96)/SUMIFS('TRA RESID'!$P:$P,'TRA RESID'!$I:$I,$F96)*AC96,1) -> #DIV/0! | AC96: 3
A97: =A93+1 -> 24 | C97: =IF(E97="","",IF(_xlfn.XLOOKUP($A97,Selected_constraint!$A:$A,Selected_constraint!$D:$D)=1,"*",IF(SUMIFS('TRA TECH'!$M:$M,'TRA TECH'!$H:$H,E97,'TRA TECH'!$I:$I,F97)=0,"*",IF(SUMIFS('TRA RESID'!$P:$P,'TRA RESID'!$H:$H,$E97,'TRA RESID'!$I:$I,$F97)=0,"*","UC_MarketShare_"&LEFT(F97,LEN(F97)-3)&"_"&RIGHT(E97,3)&"_MIN")))) -> * | E97: =_xlfn.XLOOKUP($A97,Selected_constraint!$A:$A,Selected_constraint!$B:$B) -> TRACNG | F97: =_xlfn.XLOOKUP($A97,Selected_constraint!$A:$A,Selected_constraint!$C:$C) -> TRAPASMOTDMD | G97: =F97 -> TRAPASMOTDMD | H97: 2019 | I97: LO | J97: 1 | K97: =-SUMIFS('TRA RESID'!$P:$P,'TRA RESID'!$H:$H,$E97,'TRA RESID'!$I:$I,$F97)/SUMIFS('TRA RESID'!$P:$P,'TRA RESID'!$I:$I,$F97)*O97 -> #DIV/0! | L97: 0 | M97: 5 | O97: 0.98 | Q97: =SUBSTITUTE(C97,"MIN","MAX") -> * | S97: =E97 -> TRACNG | T97: =F97 -> TRAPASMOTDMD | U97: =G97 -> TRAPASMOTDMD | V97: 2019 | W97: UP | X97: 1 | Y97: =-MIN(SUMIFS('TRA RESID'!$P:$P,'TRA RESID'!$H:$H,$E97,'TRA RESID'!$I:$I,$F97)/SUMIFS('TRA RESID'!$P:$P,'TRA RESID'!$I:$I,$F97)*AC97,1) -> #DIV/0! | Z97: 0 | AA97: 5 | AC97: 1.02
A98: =A97 -> 24 | C98: =IF(C97="*",C97,"") -> * | E98: =E97 -> TRACNG | F98: =F97 -> TRAPASMOTDMD | G98: =G97 -> TRAPASMOTDMD | H98: 2025 | I98: =I97 -> LO | K98: =-SUMIFS('TRA RESID'!$P:$P,'TRA RESID'!$H:$H,$E98,'TRA RESID'!$I:$I,$F98)/SUMIFS('TRA RESID'!$P:$P,'TRA RESID'!$I:$I,$F98)*O98 -> #DIV/0! | O98: 0.8 | Q98: =SUBSTITUTE(C98,"MIN","MAX") -> * | S98: =E98 -> TRACNG | T98: =F98 -> TRAPASMOTDMD | U98: =G98 -> TRAPASMOTDMD | V98: 2025 | W98: =W97 -> UP | Y98: =-MIN(SUMIFS('TRA RESID'!$P:$P,'TRA RESID'!$H:$H,$E98,'TRA RESID'!$I:$I,$F98)/SUMIFS('TRA RESID'!$P:$P,'TRA RESID'!$I:$I,$F98)*AC98,1) -> #DIV/0! | AC98: 1.2
A99: =A98 -> 24 | C99: =IF(C98="*",C98,"") -> * | E99: =E98 -> TRACNG | F99: =F98 -> TRAPASMOTDMD | G99: =G98 -> TRAPASMOTDMD | H99: 2030 | I99: =I98 -> LO | K99: =-SUMIFS('TRA RESID'!$P:$P,'TRA RESID'!$H:$H,$E99,'TRA RESID'!$I:$I,$F99)/SUMIFS('TRA RESID'!$P:$P,'TRA RESID'!$I:$I,$F99)*O99 -> #DIV/0! | O99: 0.2 | Q99: =SUBSTITUTE(C99,"MIN","MAX") -> * | S99: =E99 -> TRACNG | T99: =F99 -> TRAPASMOTDMD | U99: =G99 -> TRAPASMOTDMD | V99: 2030 | W99: =W98 -> UP | Y99: =-MIN(SUMIFS('TRA RESID'!$P:$P,'TRA RESID'!$H:$H,$E99,'TRA RESID'!$I:$I,$F99)/SUMIFS('TRA RESID'!$P:$P,'TRA RESID'!$I:$I,$F99)*AC99,1) -> #DIV/0! | AC99: 1.5
A100: =A99 -> 24 | C100: =IF(C99="*",C99,"") -> * | E100: =E99 -> TRACNG | F100: =F99 -> TRAPASMOTDMD | G100: =G99 -> TRAPASMOTDMD | H100: 2050 | I100: =I99 -> LO | K100: =-SUMIFS('TRA RESID'!$P:$P,'TRA RESID'!$H:$H,$E100,'TRA RESID'!$I:$I,$F100)/SUMIFS('TRA RESID'!$P:$P,'TRA RESID'!$I:$I,$F100)*O100 -> #DIV/0! | O100: 0 | Q100: =SUBSTITUTE(C100,"MIN","MAX") -> * | S100: =E100 -> TRACNG | T100: =F100 -> TRAPASMOTDMD | U100: =G100 -> TRAPASMOTDMD | V100: 2050 | W100: =W99 -> UP | Y100: =-MIN(SUMIFS('TRA RESID'!$P:$P,'TRA RESID'!$H:$H,$E100,'TRA RESID'!$I:$I,$F100)/SUMIFS('TRA RESID'!$P:$P,'TRA RESID'!$I:$I,$F100)*AC100,1) -> #DIV/0! | AC100: 3
A101: =A97+1 -> 25 | C101: =IF(E101="","",IF(_xlfn.XLOOKUP($A101,Selected_constraint!$A:$A,Selected_constraint!$D:$D)=1,"*",IF(SUMIFS('TRA TECH'!$M:$M,'TRA TECH'!$H:$H,E101,'TRA TECH'!$I:$I,F101)=0,"*",IF(SUMIFS('TRA RESID'!$P:$P,'TRA RESID'!$H:$H,$E101,'TRA RESID'!$I:$I,$F101)=0,"*","UC_MarketShare_"&LEFT(F101,LEN(F101)-3)&"_"&RIGHT(E101,3)&"_MIN")))) -> * | E101: =_xlfn.XLOOKUP($A101,Selected_constraint!$A:$A,Selected_constraint!$B:$B) -> TRARNG | F101: =_xlfn.XLOOKUP($A101,Selected_constraint!$A:$A,Selected_constraint!$C:$C) -> TRAPASMOTDMD | G101: =F101 -> TRAPASMOTDMD | H101: 2019 | I101: LO | J101: 1 | K101: =-SUMIFS('TRA RESID'!$P:$P,'TRA RESID'!$H:$H,$E101,'TRA RESID'!$I:$I,$F101)/SUMIFS('TRA RESID'!$P:$P,'TRA RESID'!$I:$I,$F101)*O101 -> #DIV/0! | L101: 0 | M101: 5 | O101: 0.98 | Q101: =SUBSTITUTE(C101,"MIN","MAX") -> * | S101: =E101 -> TRARNG | T101: =F101 -> TRAPASMOTDMD | U101: =G101 -> TRAPASMOTDMD | V101: 2019 | W101: UP | X101: 1 | Y101: =-MIN(SUMIFS('TRA RESID'!$P:$P,'TRA RESID'!$H:$H,$E101,'TRA RESID'!$I:$I,$F101)/SUMIFS('TRA RESID'!$P:$P,'TRA RESID'!$I:$I,$F101)*AC101,1) -> #DIV/0! | Z101: 0 | AA101: 5 | AC101: 1.02
...

Sheet UC2
C2: ~UC_Sets: R_E: CITY | S2: ~UC_Sets: R_E: CITY | AG2: ~UC_Sets: R_E: CITY | AU2: ~UC_Sets: R_E: CITY
H3: ~UC_T:UC_COMPRD | X3: ~UC_T:UC_COMPRD | AL3: ~UC_T:UC_COMPRD | AZ3: ~UC_T:UC_COMPRD
C4: UC_N | D4: Pset_PN | E4: Pset: CI | F4: Pset: CO | G4: Cset: CN | H4: Year | I4: LimType | J4: UC_FLO | K4: CITY | L4: UC_RHSRTS | M4: UC_RHSRTS~0 | S4: UC_N | T4: Pset_PN | U4: Pset: CI | V4: Pset: CO | W4: Cset: CN | X4: Year | Y4: LimType | Z4: UC_FLO | AA4: CITY | AB4: UC_RHSRTS | AC4: UC_RHSRTS~0 | AG4: UC_N | AH4: Pset_PN | AI4: Pset: CI | AJ4: Pset: CO | AK4: Cset: CN | AL4: Year | AM4: LimType | AN4: UC_FLO | AO4: CITY | AP4: UC_RHSRTS | AQ4: UC_RHSRTS~0 | AU4: UC_N | AV4: Pset_PN | AW4: Pset: CI | AX4: Pset: CO | AY4: Cset: CN | AZ4: Year | BA4: LimType | BB4: UC_FLO | BC4: CITY | BD4: UC_RHSRTS | BE4: UC_RHSRTS~0
A5: 1 | C5: =IF(E5="","",IF(_xlfn.XLOOKUP($A5,Selected_constraint!$A:$A,Selected_constraint!$D:$D)=1,"*",IF(SUMIFS('TRA TECH'!$M:$M,'TRA TECH'!$H:$H,E5,'TRA TECH'!$I:$I,F5)=0,"*",IF(SUMIFS('TRA RESID'!$P:$P,'TRA RESID'!$I:$I,G5,'TRA RESID'!$J:$J,D5,'TRA RESID'!$H:$H,E5)=0,"*","UC_"&SUBSTITUTE(D5,"*","")&"_"&RIGHT(E5,3)&"_"&F5)))) -> UC_ICEV_GSL_TRAPASCARDMD | D5: *ICEV* | E5: =_xlfn.XLOOKUP($A5,Selected_constraint!$A:$A,Selected_constraint!$B:$B) -> TRAGSL | F5: =_xlfn.XLOOKUP($A5,Selected_constraint!$A:$A,Selected_constraint!$C:$C) -> TRAPASCARDMD | G5: =F5 -> TRAPASCARDMD | H5: 2019 | I5: LO | J5: 1 | K5: =-SUMIFS('TRA RESID'!$P:$P,'TRA RESID'!$I:$I,G5,'TRA RESID'!$J:$J,D5,'TRA RESID'!$H:$H,E5)/SUMIFS('TRA RESID'!$P:$P,'TRA RESID'!$I:$I,G5)*O5 -> -0.95989846 | L5: 0 | M5: 5 | O5: 0.98 | Q5: 1 | S5: =IF(SUMIFS('TRA RESID'!$P:$P,'TRA RESID'!$I:$I,W5,'TRA RESID'!$J:$J,T5,'TRA RESID'!$H:$H,U5)=0,"*","UC_"&SUBSTITUTE(T5,"*","")&"_"&RIGHT(U5,3)&"_"&V5) -> * | T5: *BEV* | U5: =_xlfn.XLOOKUP($A5,Selected_constraint!$A:$A,Selected_constraint!$B:$B) -> TRAGSL | V5: =_xlfn.XLOOKUP($A5,Selected_constraint!$A:$A,Selected_constraint!$C:$C) -> TRAPASCARDMD | W5: =V5 -> TRAPASCARDMD | X5: 2019 | Y5: LO | Z5: 1 | AA5: =-SUMIFS('TRA RESID'!$P:$P,'TRA RESID'!$I:$I,W5,'TRA RESID'!$J:$J,T5,'TRA RESID'!$H:$H,U5)/SUMIFS('TRA RESID'!$P:$P,'TRA RESID'!$I:$I,W5)*AE5 -> 0 | AB5: 0 | AC5: 5 | AE5: 0.98 | AG5: =IF(SUMIFS('TRA RESID'!$P:$P,'TRA RESID'!$I:$I,AK5,'TRA RESID'!$J:$J,AH5,'TRA RESID'!$H:$H,AI5)=0,"*","UC_"&SUBSTITUTE(AH5,"*","")&"_"&RIGHT(AI5,3)&"_"&AJ5) -> * | AH5: *HEV* | AI5: =_xlfn.XLOOKUP($A5,Selected_constraint!$A:$A,Selected_constraint!$B:$B) -> TRAGSL | AJ5: =_xlfn.XLOOKUP($A5,Selected_constraint!$A:$A,Selected_constraint!$C:$C) -> TRAPASCARDMD | AK5: =AJ5 -> TRAPASCARDMD | AL5: 2019 | AM5: LO | AN5: 1 | AO5: =-SUMIFS('TRA RESID'!$P:$P,'TRA RESID'!$I:$I,AK5,'TRA RESID'!$J:$J,AH5,'TRA RESID'!$H:$H,AI5)/SUMIFS('TRA RESID'!$P:$P,'TRA RESID'!$I:$I,AK5)*AS5 -> 0 | AP5: 0 | AQ5: 5 | AS5: 0.98 | AU5: =IF(SUMIFS('TRA RESID'!$P:$P,'TRA RESID'!$I:$I,AY5,'TRA RESID'!$J:$J,AV5,'TRA RESID'!$H:$H,AW5)=0,"*","UC_"&SUBSTITUTE(AV5,"*","")&"_"&RIGHT(AW5,3)&"_"&AX5) -> * | AV5: *FCEV* | AW5: =_xlfn.XLOOKUP($A5,Selected_constraint!$A:$A,Selected_constraint!$B:$B) -> TRAGSL | AX5: =_xlfn.XLOOKUP($A5,Selected_constraint!$A:$A,Selected_constraint!$C:$C) -> TRAPASCARDMD | AY5: =AX5 -> TRAPASCARDMD | AZ5: 2019 | BA5: LO | BB5: 1 | BC5: =-SUMIFS('TRA RESID'!$P:$P,'TRA RESID'!$I:$I,AY5,'TRA RESID'!$J:$J,AV5,'TRA RESID'!$H:$H,AW5)/SUMIFS('TRA RESID'!$P:$P,'TRA RESID'!$I:$I,AY5)*BG5 -> 0 | BD5: 0 | BE5: 5 | BG5: 0.98
C6: =IF(C5="*",C5,"") | D6: =D5 -> *ICEV* | E6: =E5 -> TRAGSL | F6: =F5 -> TRAPASCARDMD | G6: =G5 -> TRAPASCARDMD | H6: 2025 | I6: =I5 -> LO | K6: =-SUMIFS('TRA RESID'!$P:$P,'TRA RESID'!$I:$I,G6,'TRA RESID'!$J:$J,D6,'TRA RESID'!$H:$H,E6)/SUMIFS('TRA RESID'!$P:$P,'TRA RESID'!$I:$I,G6)*O6 -> -0.78359058 | O6: 0.8 | S6: =IF(S5="*",S5,"") -> * | T6: =T5 -> *BEV* | U6: =U5 -> TRAGSL | V6: =V5 -> TRAPASCARDMD | W6: =W5 -> TRAPASCARDMD | X6: 2025 | Y6: =Y5 -> LO | AA6: =-SUMIFS('TRA RESID'!$P:$P,'TRA RESID'!$I:$I,W6,'TRA RESID'!$J:$J,T6,'TRA RESID'!$H:$H,U6)/SUMIFS('TRA RESID'!$P:$P,'TRA RESID'!$I:$I,W6)*AE6 -> 0 | AE6: 1 | AG6: =IF(AG5="*",AG5,"") -> * | AH6: =AH5 -> *HEV* | AI6: =AI5 -> TRAGSL | AJ6: =AJ5 -> TRAPASCARDMD | AK6: =AK5 -> TRAPASCARDMD | AL6: 2025 | AM6: =AM5 -> LO | AO6: =-SUMIFS('TRA RESID'!$P:$P,'TRA RESID'!$I:$I,AK6,'TRA RESID'!$J:$J,AH6,'TRA RESID'!$H:$H,AI6)/SUMIFS('TRA RESID'!$P:$P,'TRA RESID'!$I:$I,AK6)*AS6 -> 0 | AS6: 0.8 | AU6: =IF(AU5="*",AU5,"") -> * | AV6: =AV5 -> *FCEV* | AW6: =AW5 -> TRAGSL | AX6: =AX5 -> TRAPASCARDMD | AY6: =AY5 -> TRAPASCARDMD | AZ6: 2025 | BA6: =BA5 -> LO | BC6: =-SUMIFS('TRA RESID'!$P:$P,'TRA RESID'!$I:$I,AY6,'TRA RESID'!$J:$J,AV6,'TRA RESID'!$H:$H,AW6)/SUMIFS('TRA RESID'!$P:$P,'TRA RESID'!$I:$I,AY6)*BG6 -> 0 | BG6: 0.8
C7: =IF(C6="*",C6,"") | D7: =D6 -> *ICEV* | E7: =E6 -> TRAGSL | F7: =F6 -> TRAPASCARDMD | G7: =G6 -> TRAPASCARDMD | H7: 2030 | I7: =I6 -> LO | K7: =-SUMIFS('TRA RESID'!$P:$P,'TRA RESID'!$I:$I,G7,'TRA RESID'!$J:$J,D7,'TRA RESID'!$H:$H,E7)/SUMIFS('TRA RESID'!$P:$P,'TRA RESID'!$I:$I,G7)*O7 -> -0.48974411 | O7: 0.5 | S7: =IF(S6="*",S6,"") -> * | T7: =T6 -> *BEV* | U7: =U6 -> TRAGSL | V7: =V6 -> TRAPASCARDMD | W7: =W6 -> TRAPASCARDMD | X7: 2030 | Y7: =Y6 -> LO | AA7: =-SUMIFS('TRA RESID'!$P:$P,'TRA RESID'!$I:$I,W7,'TRA RESID'!$J:$J,T7,'TRA RESID'!$H:$H,U7)/SUMIFS('TRA RESID'!$P:$P,'TRA RESID'!$I:$I,W7)*AE7 -> 0 | AE7: 1 | AG7: =IF(AG6="*",AG6,"") -> * | AH7: =AH6 -> *HEV* | AI7: =AI6 -> TRAGSL | AJ7: =AJ6 -> TRAPASCARDMD | AK7: =AK6 -> TRAPASCARDMD | AL7: 2030 | AM7: =AM6 -> LO | AO7: =-SUMIFS('TRA RESID'!$P:$P,'TRA RESID'!$I:$I,AK7,'TRA RESID'!$J:$J,AH7,'TRA RESID'!$H:$H,AI7)/SUMIFS('TRA RESID'!$P:$P,'TRA RESID'!$I:$I,AK7)*AS7 -> 0 | AS7: 0.5 | AU7: =IF(AU6="*",AU6,"") -> * | AV7: =AV6 -> *FCEV* | AW7: =AW6 -> TRAGSL | AX7: =AX6 -> TRAPASCARDMD | AY7: =AY6 -> TRAPASCARDMD | AZ7: 2030 | BA7: =BA6 -> LO | BC7: =-SUMIFS('TRA RESID'!$P:$P,'TRA RESID'!$I:$I,AY7,'TRA RESID'!$J:$J,AV7,'TRA RESID'!$H:$H,AW7)/SUMIFS('TRA RESID'!$P:$P,'TRA RESID'!$I:$I,AY7)*BG7 -> 0 | BG7: 0.5
C8: =IF(C7="*",C7,"") | D8: =D7 -> *ICEV* | E8: =E7 -> TRAGSL | F8: =F7 -> TRAPASCARDMD | G8: =G7 -> TRAPASCARDMD | H8: 2040 | I8: =I7 -> LO | K8: =-SUMIFS('TRA RESID'!$P:$P,'TRA RESID'!$I:$I,G8,'TRA RESID'!$J:$J,D8,'TRA RESID'!$H:$H,E8)/SUMIFS('TRA RESID'!$P:$P,'TRA RESID'!$I:$I,G8)*O8 -> 0 | O8: 0 | S8: =IF(S7="*",S7,"") -> * | T8: =T7 -> *BEV* | U8: =U7 -> TRAGSL | V8: =V7 -> TRAPASCARDMD | W8: =W7 -> TRAPASCARDMD | X8: 2040 | Y8: =Y7 -> LO | AA8: =-SUMIFS('TRA RESID'!$P:$P,'TRA RESID'!$I:$I,W8,'TRA RESID'!$J:$J,T8,'TRA RESID'!$H:$H,U8)/SUMIFS('TRA RESID'!$P:$P,'TRA RESID'!$I:$I,W8)*AE8 -> 0 | AE8: 1 | AG8: =IF(AG7="*",AG7,"") -> * | AH8: =AH7 -> *HEV* | AI8: =AI7 -> TRAGSL | AJ8: =AJ7 -> TRAPASCARDMD | AK8: =AK7 -> TRAPASCARDMD | AL8: 2040 | AM8: =AM7 -> LO | AO8: =-SUMIFS('TRA RESID'!$P:$P,'TRA RESID'!$I:$I,AK8,'TRA RESID'!$J:$J,AH8,'TRA RESID'!$H:$H,AI8)/SUMIFS('TRA RESID'!$P:$P,'TRA RESID'!$I:$I,AK8)*AS8 -> 0 | AS8: 0 | AU8: =IF(AU7="*",AU7,"") -> * | AV8: =AV7 -> *FCEV* | AW8: =AW7 -> TRAGSL | AX8: =AX7 -> TRAPASCARDMD | AY8: =AY7 -> TRAPASCARDMD | AZ8: 2040 | BA8: =BA7 -> LO | BC8: =-SUMIFS('TRA RESID'!$P:$P,'TRA RESID'!$I:$I,AY8,'TRA RESID'!$J:$J,AV8,'TRA RESID'!$H:$H,AW8)/SUMIFS('TRA RESID'!$P:$P,'TRA RESID'!$I:$I,AY8)*BG8 -> 0 | BG8: 0
C9: =IF(C8="*",C8,"") | D9: =D8 -> *ICEV* | E9: =E8 -> TRAGSL | F9: =F8 -> TRAPASCARDMD | G9: =G8 -> TRAPASCARDMD | H9: 2050 | I9: =I7 -> LO | K9: =-SUMIFS('TRA RESID'!$P:$P,'TRA RESID'!$I:$I,G9,'TRA RESID'!$J:$J,D9,'TRA RESID'!$H:$H,E9)/SUMIFS('TRA RESID'!$P:$P,'TRA RESID'!$I:$I,G9)*O9 -> 0 | O9: 0 | S9: =IF(S8="*",S8,"") -> * | T9: =T8 -> *BEV* | U9: =U8 -> TRAGSL | V9: =V8 -> TRAPASCARDMD | W9: =W8 -> TRAPASCARDMD | X9: 2050 | Y9: =Y7 -> LO | AA9: =-SUMIFS('TRA RESID'!$P:$P,'TRA RESID'!$I:$I,W9,'TRA RESID'!$J:$J,T9,'TRA RESID'!$H:$H,U9)/SUMIFS('TRA RESID'!$P:$P,'TRA RESID'!$I:$I,W9)*AE9 -> 0 | AE9: 1 | AG9: =IF(AG8="*",AG8,"") -> * | AH9: =AH8 -> *HEV* | AI9: =AI8 -> TRAGSL | AJ9: =AJ8 -> TRAPASCARDMD | AK9: =AK8 -> TRAPASCARDMD | AL9: 2050 | AM9: =AM7 -> LO | AO9: =-SUMIFS('TRA RESID'!$P:$P,'TRA RESID'!$I:$I,AK9,'TRA RESID'!$J:$J,AH9,'TRA RESID'!$H:$H,AI9)/SUMIFS('TRA RESID'!$P:$P,'TRA RESID'!$I:$I,AK9)*AS9 -> 0 | AS9: 0 | AU9: =IF(AU8="*",AU8,"") -> * | AV9: =AV8 -> *FCEV* | AW9: =AW8 -> TRAGSL | AX9: =AX8 -> TRAPASCARDMD | AY9: =AY8 -> TRAPASCARDMD | AZ9: 2050 | BA9: =BA7 -> LO | BC9: =-SUMIFS('TRA RESID'!$P:$P,'TRA RESID'!$I:$I,AY9,'TRA RESID'!$J:$J,AV9,'TRA RESID'!$H:$H,AW9)/SUMIFS('TRA RESID'!$P:$P,'TRA RESID'!$I:$I,AY9)*BG9 -> 0 | BG9: 0
A10: =A5+1 -> 2 | C10: =IF(E10="","",IF(_xlfn.XLOOKUP($A10,Selected_constraint!$A:$A,Selected_constraint!$D:$D)=1,"*",IF(SUMIFS('TRA TECH'!$M:$M,'TRA TECH'!$H:$H,E10,'TRA TECH'!$I:$I,F10)=0,"*",IF(SUMIFS('TRA RESID'!$P:$P,'TRA RESID'!$I:$I,G10,'TRA RESID'!$J:$J,D10,'TRA RESID'!$H:$H,E10)=0,"*","UC_"&SUBSTITUTE(D10,"*","")&"_"&RIGHT(E10,3)&"_"&F10)))) -> * | D10: *ICEV* | E10: =_xlfn.XLOOKUP($A10,Selected_constraint!$A:$A,Selected_constraint!$B:$B) -> TRAETH | F10: =_xlfn.XLOOKUP($A10,Selected_constraint!$A:$A,Selected_constraint!$C:$C) -> TRAPASCARDMD | G10: =F10 -> TRAPASCARDMD | H10: 2019 | I10: LO | J10: 1 | K10: =-SUMIFS('TRA RESID'!$P:$P,'TRA RESID'!$I:$I,G10,'TRA RESID'!$J:$J,D10,'TRA RESID'!$H:$H,E10)/SUMIFS('TRA RESID'!$P:$P,'TRA RESID'!$I:$I,G10)*O10 -> 0 | L10: 0 | M10: 5 | O10: 0.98 | Q10: =Q5+1 -> 2 | S10: =IF(SUMIFS('TRA RESID'!$P:$P,'TRA RESID'!$I:$I,W10,'TRA RESID'!$J:$J,T10,'TRA RESID'!$H:$H,U10)=0,"*","UC_"&SUBSTITUTE(T10,"*","")&"_"&RIGHT(U10,3)&"_"&V10) -> * | T10: *BEV* | U10: =_xlfn.XLOOKUP($A10,Selected_constraint!$A:$A,Selected_constraint!$B:$B) -> TRAETH | V10: =_xlfn.XLOOKUP($A10,Selected_constraint!$A:$A,Selected_constraint!$C:$C) -> TRAPASCARDMD | W10: =V10 -> TRAPASCARDMD | X10: 2019 | Y10: LO | Z10: 1 | AA10: =-SUMIFS('TRA RESID'!$P:$P,'TRA RESID'!$I:$I,W10,'TRA RESID'!$J:$J,T10,'TRA RESID'!$H:$H,U10)/SUMIFS('TRA RESID'!$P:$P,'TRA RESID'!$I:$I,W10)*AE10 -> 0 | AB10: 0 | AC10: 5 | AE10: 0.98 | AG10: =IF(SUMIFS('TRA RESID'!$P:$P,'TRA RESID'!$I:$I,AK10,'TRA RESID'!$J:$J,AH10,'TRA RESID'!$H:$H,AI10)=0,"*","UC_"&SUBSTITUTE(AH10,"*","")&"_"&RIGHT(AI10,3)&"_"&AJ10) -> * | AH10: *HEV* | AI10: =_xlfn.XLOOKUP($A10,Selected_constraint!$A:$A,Selected_constraint!$B:$B) -> TRAETH | AJ10: =_xlfn.XLOOKUP($A10,Selected_constraint!$A:$A,Selected_constraint!$C:$C) -> TRAPASCARDMD | AK10: =AJ10 -> TRAPASCARDMD | AL10: 2019 | AM10: LO | AN10: 1 | AO10: =-SUMIFS('TRA RESID'!$P:$P,'TRA RESID'!$I:$I,AK10,'TRA RESID'!$J:$J,AH10,'TRA RESID'!$H:$H,AI10)/SUMIFS('TRA RESID'!$P:$P,'TRA RESID'!$I:$I,AK10)*AS10 -> 0 | AP10: 0 | AQ10: 5 | AS10: 0.98 | AU10: =IF(SUMIFS('TRA RESID'!$P:$P,'TRA RESID'!$I:$I,AY10,'TRA RESID'!$J:$J,AV10,'TRA RESID'!$H:$H,AW10)=0,"*","UC_"&SUBSTITUTE(AV10,"*","")&"_"&RIGHT(AW10,3)&"_"&AX10) -> * | AV10: *FCEV* | AW10: =_xlfn.XLOOKUP($A10,Selected_constraint!$A:$A,Selected_constraint!$B:$B) -> TRAETH | AX10: =_xlfn.XLOOKUP($A10,Selected_constraint!$A:$A,Selected_constraint!$C:$C) -> TRAPASCARDMD | AY10: =AX10 -> TRAPASCARDMD | AZ10: 2019 | BA10: LO | BB10: 1 | BC10: =-SUMIFS('TRA RESID'!$P:$P,'TRA RESID'!$I:$I,AY10,'TRA RESID'!$J:$J,AV10,'TRA RESID'!$H:$H,AW10)/SUMIFS('TRA RESID'!$P:$P,'TRA RESID'!$I:$I,AY10)*BG10 -> 0 | BD10: 0 | BE10: 5 | BG10: 0.98
C11: =IF(C10="*",C10,"") -> * | D11: =D10 -> *ICEV* | E11: =E10 -> TRAETH | F11: =F10 -> TRAPASCARDMD | G11: =G10 -> TRAPASCARDMD | H11: 2025 | I11: =I10 -> LO | K11: =-SUMIFS('TRA RESID'!$P:$P,'TRA RESID'!$I:$I,G11,'TRA RESID'!$J:$J,D11,'TRA RESID'!$H:$H,E11)/SUMIFS('TRA RESID'!$P:$P,'TRA RESID'!$I:$I,G11)*O11 -> 0 | O11: 0.8 | S11: =IF(S10="*",S10,"") -> * | T11: =T10 -> *BEV* | U11: =U10 -> TRAETH | V11: =V10 -> TRAPASCARDMD | W11: =W10 -> TRAPASCARDMD | X11: 2025 | Y11: =Y10 -> LO | AA11: =-SUMIFS('TRA RESID'!$P:$P,'TRA RESID'!$I:$I,W11,'TRA RESID'!$J:$J,T11,'TRA RESID'!$H:$H,U11)/SUMIFS('TRA RESID'!$P:$P,'TRA RESID'!$I:$I,W11)*AE11 -> 0 | AE11: 1 | AG11: =IF(AG10="*",AG10,"") -> * | AH11: =AH10 -> *HEV* | AI11: =AI10 -> TRAETH | AJ11: =AJ10 -> TRAPASCARDMD | AK11: =AK10 -> TRAPASCARDMD | AL11: 2025 | AM11: =AM10 -> LO | AO11: =-SUMIFS('TRA RESID'!$P:$P,'TRA RESID'!$I:$I,AK11,'TRA RESID'!$J:$J,AH11,'TRA RESID'!$H:$H,AI11)/SUMIFS('TRA RESID'!$P:$P,'TRA RESID'!$I:$I,AK11)*AS11 -> 0 | AS11: 0.8 | AU11: =IF(AU10="*",AU10,"") -> * | AV11: =AV10 -> *FCEV* | AW11: =AW10 -> TRAETH | AX11: =AX10 -> TRAPASCARDMD | AY11: =AY10 -> TRAPASCARDMD | AZ11: 2025 | BA11: =BA10 -> LO | BC11: =-SUMIFS('TRA RESID'!$P:$P,'TRA RESID'!$I:$I,AY11,'TRA RESID'!$J:$J,AV11,'TRA RESID'!$H:$H,AW11)/SUMIFS('TRA RESID'!$P:$P,'TRA RESID'!$I:$I,AY11)*BG11 -> 0 | BG11: 0.8
C12: =IF(C11="*",C11,"") -> * | D12: =D11 -> *ICEV* | E12: =E11 -> TRAETH | F12: =F11 -> TRAPASCARDMD | G12: =G11 -> TRAPASCARDMD | H12: 2030 | I12: =I11 -> LO | K12: =-SUMIFS('TRA RESID'!$P:$P,'TRA RESID'!$I:$I,G12,'TRA RESID'!$J:$J,D12,'TRA RESID'!$H:$H,E12)/SUMIFS('TRA RESID'!$P:$P,'TRA RESID'!$I:$I,G12)*O12 -> 0 | O12: 0.5 | S12: =IF(S11="*",S11,"") -> * | T12: =T11 -> *BEV* | U12: =U11 -> TRAETH | V12: =V11 -> TRAPASCARDMD | W12: =W11 -> TRAPASCARDMD | X12: 2030 | Y12: =Y11 -> LO | AA12: =-SUMIFS('TRA RESID'!$P:$P,'TRA RESID'!$I:$I,W12,'TRA RESID'!$J:$J,T12,'TRA RESID'!$H:$H,U12)/SUMIFS('TRA RESID'!$P:$P,'TRA RESID'!$I:$I,W12)*AE12 -> 0 | AE12: 1 | AG12: =IF(AG11="*",AG11,"") -> * | AH12: =AH11 -> *HEV* | AI12: =AI11 -> TRAETH | AJ12: =AJ11 -> TRAPASCARDMD | AK12: =AK11 -> TRAPASCARDMD | AL12: 2030 | AM12: =AM11 -> LO | AO12: =-SUMIFS('TRA RESID'!$P:$P,'TRA RESID'!$I:$I,AK12,'TRA RESID'!$J:$J,AH12,'TRA RESID'!$H:$H,AI12)/SUMIFS('TRA RESID'!$P:$P,'TRA RESID'!$I:$I,AK12)*AS12 -> 0 | AS12: 0.5 | AU12: =IF(AU11="*",AU11,"") -> * | AV12: =AV11 -> *FCEV* | AW12: =AW11 -> TRAETH | AX12: =AX11 -> TRAPASCARDMD | AY12: =AY11 -> TRAPASCARDMD | AZ12: 2030 | BA12: =BA11 -> LO | BC12: =-SUMIFS('TRA RESID'!$P:$P,'TRA RESID'!$I:$I,AY12,'TRA RESID'!$J:$J,AV12,'TRA RESID'!$H:$H,AW12)/SUMIFS('TRA RESID'!$P:$P,'TRA RESID'!$I:$I,AY12)*BG12 -> 0 | BG12: 0.5
C13: =IF(C12="*",C12,"") -> * | D13: =D12 -> *ICEV* | E13: =E12 -> TRAETH | F13: =F12 -> TRAPASCARDMD | G13: =G12 -> TRAPASCARDMD | H13: 2040 | I13: =I12 -> LO | K13: =-SUMIFS('TRA RESID'!$P:$P,'TRA RESID'!$I:$I,G13,'TRA RESID'!$J:$J,D13,'TRA RESID'!$H:$H,E13)/SUMIFS('TRA RESID'!$P:$P,'TRA RESID'!$I:$I,G13)*O13 -> 0 | O13: 0 | S13: =IF(S12="*",S12,"") -> * | T13: =T12 -> *BEV* | U13: =U12 -> TRAETH | V13: =V12 -> TRAPASCARDMD | W13: =W12 -> TRAPASCARDMD | X13: 2040 | Y13: =Y12 -> LO | AA13: =-SUMIFS('TRA RESID'!$P:$P,'TRA RESID'!$I:$I,W13,'TRA RESID'!$J:$J,T13,'TRA RESID'!$H:$H,U13)/SUMIFS('TRA RESID'!$P:$P,'TRA RESID'!$I:$I,W13)*AE13 -> 0 | AE13: 1 | AG13: =IF(AG12="*",AG12,"") -> * | AH13: =AH12 -> *HEV* | AI13: =AI12 -> TRAETH | AJ13: =AJ12 -> TRAPASCARDMD | AK13: =AK12 -> TRAPASCARDMD | AL13: 2040 | AM13: =AM12 -> LO | AO13: =-SUMIFS('TRA RESID'!$P:$P,'TRA RESID'!$I:$I,AK13,'TRA RESID'!$J:$J,AH13,'TRA RESID'!$H:$H,AI13)/SUMIFS('TRA RESID'!$P:$P,'TRA RESID'!$I:$I,AK13)*AS13 -> 0 | AS13: 0 | AU13: =IF(AU12="*",AU12,"") -> * | AV13: =AV12 -> *FCEV* | AW13: =AW12 -> TRAETH | AX13: =AX12 -> TRAPASCARDMD | AY13: =AY12 -> TRAPASCARDMD | AZ13: 2040 | BA13: =BA12 -> LO | BC13: =-SUMIFS('TRA RESID'!$P:$P,'TRA RESID'!$I:$I,AY13,'TRA RESID'!$J:$J,AV13,'TRA RESID'!$H:$H,AW13)/SUMIFS('TRA RESID'!$P:$P,'TRA RESID'!$I:$I,AY13)*BG13 -> 0 | BG13: 0
C14: =IF(C13="*",C13,"") -> * | D14: =D13 -> *ICEV* | E14: =E13 -> TRAETH | F14: =F13 -> TRAPASCARDMD | G14: =G13 -> TRAPASCARDMD | H14: 2050 | I14: =I12 -> LO | K14: =-SUMIFS('TRA RESID'!$P:$P,'TRA RESID'!$I:$I,G14,'TRA RESID'!$J:$J,D14,'TRA RESID'!$H:$H,E14)/SUMIFS('TRA RESID'!$P:$P,'TRA RESID'!$I:$I,G14)*O14 -> 0 | O14: 0 | S14: =IF(S13="*",S13,"") -> * | T14: =T13 -> *BEV* | U14: =U13 -> TRAETH | V14: =V13 -> TRAPASCARDMD | W14: =W13 -> TRAPASCARDMD | X14: 2050 | Y14: =Y12 -> LO | AA14: =-SUMIFS('TRA RESID'!$P:$P,'TRA RESID'!$I:$I,W14,'TRA RESID'!$J:$J,T14,'TRA RESID'!$H:$H,U14)/SUMIFS('TRA RESID'!$P:$P,'TRA RESID'!$I:$I,W14)*AE14 -> 0 | AE14: 1 | AG14: =IF(AG13="*",AG13,"") -> * | AH14: =AH13 -> *HEV* | AI14: =AI13 -> TRAETH | AJ14: =AJ13 -> TRAPASCARDMD | AK14: =AK13 -> TRAPASCARDMD | AL14: 2050 | AM14: =AM12 -> LO | AO14: =-SUMIFS('TRA RESID'!$P:$P,'TRA RESID'!$I:$I,AK14,'TRA RESID'!$J:$J,AH14,'TRA RESID'!$H:$H,AI14)/SUMIFS('TRA RESID'!$P:$P,'TRA RESID'!$I:$I,AK14)*AS14 -> 0 | AS14: 0 | AU14: =IF(AU13="*",AU13,"") -> * | AV14: =AV13 -> *FCEV* | AW14: =AW13 -> TRAETH | AX14: =AX13 -> TRAPASCARDMD | AY14: =AY13 -> TRAPASCARDMD | AZ14: 2050 | BA14: =BA12 -> LO | BC14: =-SUMIFS('TRA RESID'!$P:$P,'TRA RESID'!$I:$I,AY14,'TRA RESID'!$J:$J,AV14,'TRA RESID'!$H:$H,AW14)/SUMIFS('TRA RESID'!$P:$P,'TRA RESID'!$I:$I,AY14)*BG14 -> 0 | BG14: 0
A15: =A10+1 -> 3 | C15: =IF(E15="","",IF(_xlfn.XLOOKUP($A15,Selected_constraint!$A:$A,Selected_constraint!$D:$D)=1,"*",IF(SUMIFS('TRA TECH'!$M:$M,'TRA TECH'!$H:$H,E15,'TRA TECH'!$I:$I,F15)=0,"*",IF(SUMIFS('TRA RESID'!$P:$P,'TRA RESID'!$I:$I,G15,'TRA RESID'!$J:$J,D15,'TRA RESID'!$H:$H,E15)=0,"*","UC_"&SUBSTITUTE(D15,"*","")&"_"&RIGHT(E15,3)&"_"&F15)))) -> UC_ICEV_DSL_TRAPASCARDMD | D15: *ICEV* | E15: =_xlfn.XLOOKUP($A15,Selected_constraint!$A:$A,Selected_constraint!$B:$B) -> TRADSL | F15: =_xlfn.XLOOKUP($A15,Selected_constraint!$A:$A,Selected_constraint!$C:$C) -> TRAPASCARDMD | G15: =F15 -> TRAPASCARDMD | H15: 2019 | I15: LO | J15: 1 | K15: =-SUMIFS('TRA RESID'!$P:$P,'TRA RESID'!$I:$I,G15,'TRA RESID'!$J:$J,D15,'TRA RESID'!$H:$H,E15)/SUMIFS('TRA RESID'!$P:$P,'TRA RESID'!$I:$I,G15)*O15 -> -0.01085329 | L15: 0 | M15: 5 | O15: 0.98 | Q15: =Q10+1 -> 3 | S15: =IF(SUMIFS('TRA RESID'!$P:$P,'TRA RESID'!$I:$I,W15,'TRA RESID'!$J:$J,T15,'TRA RESID'!$H:$H,U15)=0,"*","UC_"&SUBSTITUTE(T15,"*","")&"_"&RIGHT(U15,3)&"_"&V15) -> * | T15: *BEV* | U15: =_xlfn.XLOOKUP($A15,Selected_constraint!$A:$A,Selected_constraint!$B:$B) -> TRADSL | V15: =_xlfn.XLOOKUP($A15,Selected_constraint!$A:$A,Selected_constraint!$C:$C) -> TRAPASCARDMD | W15: =V15 -> TRAPASCARDMD | X15: 2019 | Y15: LO | Z15: 1 | AA15: =-SUMIFS('TRA RESID'!$P:$P,'TRA RESID'!$I:$I,W15,'TRA RESID'!$J:$J,T15,'TRA RESID'!$H:$H,U15)/SUMIFS('TRA RESID'!$P:$P,'TRA RESID'!$I:$I,W15)*AE15 -> 0 | AB15: 0 | AC15: 5 | AE15: 0.98 | AG15: =IF(SUMIFS('TRA RESID'!$P:$P,'TRA RESID'!$I:$I,AK15,'TRA RESID'!$J:$J,AH15,'TRA RESID'!$H:$H,AI15)=0,"*","UC_"&SUBSTITUTE(AH15,"*","")&"_"&RIGHT(AI15,3)&"_"&AJ15) -> * | AH15: *HEV* | AI15: =_xlfn.XLOOKUP($A15,Selected_constraint!$A:$A,Selected_constraint!$B:$B) -> TRADSL | AJ15: =_xlfn.XLOOKUP($A15,Selected_constraint!$A:$A,Selected_constraint!$C:$C) -> TRAPASCARDMD | AK15: =AJ15 -> TRAPASCARDMD | AL15: 2019 | AM15: LO | AN15: 1 | AO15: =-SUMIFS('TRA RESID'!$P:$P,'TRA RESID'!$I:$I,AK15,'TRA RESID'!$J:$J,AH15,'TRA RESID'!$H:$H,AI15)/SUMIFS('TRA RESID'!$P:$P,'TRA RESID'!$I:$I,AK15)*AS15 -> 0 | AP15: 0 | AQ15: 5 | AS15: 0.98 | AU15: =IF(SUMIFS('TRA RESID'!$P:$P,'TRA RESID'!$I:$I,AY15,'TRA RESID'!$J:$J,AV15,'TRA RESID'!$H:$H,AW15)=0,"*","UC_"&SUBSTITUTE(AV15,"*","")&"_"&RIGHT(AW15,3)&"_"&AX15) -> * | AV15: *FCEV* | AW15: =_xlfn.XLOOKUP($A15,Selected_constraint!$A:$A,Selected_constraint!$B:$B) -> TRADSL | AX15: =_xlfn.XLOOKUP($A15,Selected_constraint!$A:$A,Selected_constraint!$C:$C) -> TRAPASCARDMD | AY15: =AX15 -> TRAPASCARDMD | AZ15: 2019 | BA15: LO | BB15: 1 | BC15: =-SUMIFS('TRA RESID'!$P:$P,'TRA RESID'!$I:$I,AY15,'TRA RESID'!$J:$J,AV15,'TRA RESID'!$H:$H,AW15)/SUMIFS('TRA RESID'!$P:$P,'TRA RESID'!$I:$I,AY15)*BG15 -> 0 | BD15: 0 | BE15: 5 | BG15: 0.98
C16: =IF(C15="*",C15,"") | D16: =D15 -> *ICEV* | E16: =E15 -> TRADSL | F16: =F15 -> TRAPASCARDMD | G16: =G15 -> TRAPASCARDMD | H16: 2025 | I16: =I15 -> LO | K16: =-SUMIFS('TRA RESID'!$P:$P,'TRA RESID'!$I:$I,G16,'TRA RESID'!$J:$J,D16,'TRA RESID'!$H:$H,E16)/SUMIFS('TRA RESID'!$P:$P,'TRA RESID'!$I:$I,G16)*O16 -> -0.0088598287 | O16: 0.8 | S16: =IF(S15="*",S15,"") -> * | T16: =T15 -> *BEV* | U16: =U15 -> TRADSL | V16: =V15 -> TRAPASCARDMD | W16: =W15 -> TRAPASCARDMD | X16: 2025 | Y16: =Y15 -> LO | AA16: =-SUMIFS('TRA RESID'!$P:$P,'TRA RESID'!$I:$I,W16,'TRA RESID'!$J:$J,T16,'TRA RESID'!$H:$H,U16)/SUMIFS('TRA RESID'!$P:$P,'TRA RESID'!$I:$I,W16)*AE16 -> 0 | AE16: 1 | AG16: =IF(AG15="*",AG15,"") -> * | AH16: =AH15 -> *HEV* | AI16: =AI15 -> TRADSL | AJ16: =AJ15 -> TRAPASCARDMD | AK16: =AK15 -> TRAPASCARDMD | AL16: 2025 | AM16: =AM15 -> LO | AO16: =-SUMIFS('TRA RESID'!$P:$P,'TRA RESID'!$I:$I,AK16,'TRA RESID'!$J:$J,AH16,'TRA RESID'!$H:$H,AI16)/SUMIFS('TRA RESID'!$P:$P,'TRA RESID'!$I:$I,AK16)*AS16 -> 0 | AS16: 0.8 | AU16: =IF(AU15="*",AU15,"") -> * | AV16: =AV15 -> *FCEV* | AW16: =AW15 -> TRADSL | AX16: =AX15 -> TRAPASCARDMD | AY16: =AY15 -> TRAPASCARDMD | AZ16: 2025 | BA16: =BA15 -> LO | BC16: =-SUMIFS('TRA RESID'!$P:$P,'TRA RESID'!$I:$I,AY16,'TRA RESID'!$J:$J,AV16,'TRA RESID'!$H:$H,AW16)/SUMIFS('TRA RESID'!$P:$P,'TRA RESID'!$I:$I,AY16)*BG16 -> 0 | BG16: 0.8
C17: =IF(C16="*",C16,"") | D17: =D16 -> *ICEV* | E17: =E16 -> TRADSL | F17: =F16 -> TRAPASCARDMD | G17: =G16 -> TRAPASCARDMD | H17: 2030 | I17: =I16 -> LO | K17: =-SUMIFS('TRA RESID'!$P:$P,'TRA RESID'!$I:$I,G17,'TRA RESID'!$J:$J,D17,'TRA RESID'!$H:$H,E17)/SUMIFS('TRA RESID'!$P:$P,'TRA RESID'!$I:$I,G17)*O17 -> -0.0055373929 | O17: 0.5 | S17: =IF(S16="*",S16,"") -> * | T17: =T16 -> *BEV* | U17: =U16 -> TRADSL | V17: =V16 -> TRAPASCARDMD | W17: =W16 -> TRAPASCARDMD | X17: 2030 | Y17: =Y16 -> LO | AA17: =-SUMIFS('TRA RESID'!$P:$P,'TRA RESID'!$I:$I,W17,'TRA RESID'!$J:$J,T17,'TRA RESID'!$H:$H,U17)/SUMIFS('TRA RESID'!$P:$P,'TRA RESID'!$I:$I,W17)*AE17 -> 0 | AE17: 1 | AG17: =IF(AG16="*",AG16,"") -> * | AH17: =AH16 -> *HEV* | AI17: =AI16 -> TRADSL | AJ17: =AJ16 -> TRAPASCARDMD | AK17: =AK16 -> TRAPASCARDMD | AL17: 2030 | AM17: =AM16 -> LO | AO17: =-SUMIFS('TRA RESID'!$P:$P,'TRA RESID'!$I:$I,AK17,'TRA RESID'!$J:$J,AH17,'TRA RESID'!$H:$H,AI17)/SUMIFS('TRA RESID'!$P:$P,'TRA RESID'!$I:$I,AK17)*AS17 -> 0 | AS17: 0.5 | AU17: =IF(AU16="*",AU16,"") -> * | AV17: =AV16 -> *FCEV* | AW17: =AW16 -> TRADSL | AX17: =AX16 -> TRAPASCARDMD | AY17: =AY16 -> TRAPASCARDMD | AZ17: 2030 | BA17: =BA16 -> LO | BC17: =-SUMIFS('TRA RESID'!$P:$P,'TRA RESID'!$I:$I,AY17,'TRA RESID'!$J:$J,AV17,'TRA RESID'!$H:$H,AW17)/SUMIFS('TRA RESID'!$P:$P,'TRA RESID'!$I:$I,AY17)*BG17 -> 0 | BG17: 0.5
C18: =IF(C17="*",C17,"") | D18: =D17 -> *ICEV* | E18: =E17 -> TRADSL | F18: =F17 -> TRAPASCARDMD | G18: =G17 -> TRAPASCARDMD | H18: 2040 | I18: =I17 -> LO | K18: =-SUMIFS('TRA RESID'!$P:$P,'TRA RESID'!$I:$I,G18,'TRA RESID'!$J:$J,D18,'TRA RESID'!$H:$H,E18)/SUMIFS('TRA RESID'!$P:$P,'TRA RESID'!$I:$I,G18)*O18 -> 0 | O18: 0 | S18: =IF(S17="*",S17,"") -> * | T18: =T17 -> *BEV* | U18: =U17 -> TRADSL | V18: =V17 -> TRAPASCARDMD | W18: =W17 -> TRAPASCARDMD | X18: 2040 | Y18: =Y17 -> LO | AA18: =-SUMIFS('TRA RESID'!$P:$P,'TRA RESID'!$I:$I,W18,'TRA RESID'!$J:$J,T18,'TRA RESID'!$H:$H,U18)/SUMIFS('TRA RESID'!$P:$P,'TRA RESID'!$I:$I,W18)*AE18 -> 0 | AE18: 1 | AG18: =IF(AG17="*",AG17,"") -> * | AH18: =AH17 -> *HEV* | AI18: =AI17 -> TRADSL | AJ18: =AJ17 -> TRAPASCARDMD | AK18: =AK17 -> TRAPASCARDMD | AL18: 2040 | AM18: =AM17 -> LO | AO18: =-SUMIFS('TRA RESID'!$P:$P,'TRA RESID'!$I:$I,AK18,'TRA RESID'!$J:$J,AH18,'TRA RESID'!$H:$H,AI18)/SUMIFS('TRA RESID'!$P:$P,'TRA RESID'!$I:$I,AK18)*AS18 -> 0 | AS18: 0 | AU18: =IF(AU17="*",AU17,"") -> * | AV18: =AV17 -> *FCEV* | AW18: =AW17 -> TRADSL | AX18: =AX17 -> TRAPASCARDMD | AY18: =AY17 -> TRAPASCARDMD | AZ18: 2040 | BA18: =BA17 -> LO | BC18: =-SUMIFS('TRA RESID'!$P:$P,'TRA RESID'!$I:$I,AY18,'TRA RESID'!$J:$J,AV18,'TRA RESID'!$H:$H,AW18)/SUMIFS('TRA RESID'!$P:$P,'TRA RESID'!$I:$I,AY18)*BG18 -> 0 | BG18: 0
C19: =IF(C18="*",C18,"") | D19: =D18 -> *ICEV* | E19: =E18 -> TRADSL | F19: =F18 -> TRAPASCARDMD | G19: =G18 -> TRAPASCARDMD | H19: 2050 | I19: =I17 -> LO | K19: =-SUMIFS('TRA RESID'!$P:$P,'TRA RESID'!$I:$I,G19,'TRA RESID'!$J:$J,D19,'TRA RESID'!$H:$H,E19)/SUMIFS('TRA RESID'!$P:$P,'TRA RESID'!$I:$I,G19)*O19 -> 0 | O19: 0 | S19: =IF(S18="*",S18,"") -> * | T19: =T18 -> *BEV* | U19: =U18 -> TRADSL | V19: =V18 -> TRAPASCARDMD | W19: =W18 -> TRAPASCARDMD | X19: 2050 | Y19: =Y17 -> LO | AA19: =-SUMIFS('TRA RESID'!$P:$P,'TRA RESID'!$I:$I,W19,'TRA RESID'!$J:$J,T19,'TRA RESID'!$H:$H,U19)/SUMIFS('TRA RESID'!$P:$P,'TRA RESID'!$I:$I,W19)*AE19 -> 0 | AE19: 1 | AG19: =IF(AG18="*",AG18,"") -> * | AH19: =AH18 -> *HEV* | AI19: =AI18 -> TRADSL | AJ19: =AJ18 -> TRAPASCARDMD | AK19: =AK18 -> TRAPASCARDMD | AL19: 2050 | AM19: =AM17 -> LO | AO19: =-SUMIFS('TRA RESID'!$P:$P,'TRA RESID'!$I:$I,AK19,'TRA RESID'!$J:$J,AH19,'TRA RESID'!$H:$H,AI19)/SUMIFS('TRA RESID'!$P:$P,'TRA RESID'!$I:$I,AK19)*AS19 -> 0 | AS19: 0 | AU19: =IF(AU18="*",AU18,"") -> * | AV19: =AV18 -> *FCEV* | AW19: =AW18 -> TRADSL | AX19: =AX18 -> TRAPASCARDMD | AY19: =AY18 -> TRAPASCARDMD | AZ19: 2050 | BA19: =BA17 -> LO | BC19: =-SUMIFS('TRA RESID'!$P:$P,'TRA RESID'!$I:$I,AY19,'TRA RESID'!$J:$J,AV19,'TRA RESID'!$H:$H,AW19)/SUMIFS('TRA RESID'!$P:$P,'TRA RESID'!$I:$I,AY19)*BG19 -> 0 | BG19: 0
A20: =A15+1 -> 4 | C20: =IF(E20="","",IF(_xlfn.XLOOKUP($A20,Selected_constraint!$A:$A,Selected_constraint!$D:$D)=1,"*",IF(SUMIFS('TRA TECH'!$M:$M,'TRA TECH'!$H:$H,E20,'TRA TECH'!$I:$I,F20)=0,"*",IF(SUMIFS('TRA RESID'!$P:$P,'TRA RESID'!$I:$I,G20,'TRA RESID'!$J:$J,D20,'TRA RESID'!$H:$H,E20)=0,"*","UC_"&SUBSTITUTE(D20,"*","")&"_"&RIGHT(E20,3)&"_"&F20)))) -> * | D20: *ICEV* | E20: =_xlfn.XLOOKUP($A20,Selected_constraint!$A:$A,Selected_constraint!$B:$B) -> TRARDS | F20: =_xlfn.XLOOKUP($A20,Selected_constraint!$A:$A,Selected_constraint!$C:$C) -> TRAPASCARDMD | G20: =F20 -> TRAPASCARDMD | H20: 2019 | I20: LO | J20: 1 | K20: =-SUMIFS('TRA RESID'!$P:$P,'TRA RESID'!$I:$I,G20,'TRA RESID'!$J:$J,D20,'TRA RESID'!$H:$H,E20)/SUMIFS('TRA RESID'!$P:$P,'TRA RESID'!$I:$I,G20)*O20 -> 0 | L20: 0 | M20: 5 | O20: 0.98 | Q20: =Q15+1 -> 4 | S20: =IF(SUMIFS('TRA RESID'!$P:$P,'TRA RESID'!$I:$I,W20,'TRA RESID'!$J:$J,T20,'TRA RESID'!$H:$H,U20)=0,"*","UC_"&SUBSTITUTE(T20,"*","")&"_"&RIGHT(U20,3)&"_"&V20) -> * | T20: *BEV* | U20: =_xlfn.XLOOKUP($A20,Selected_constraint!$A:$A,Selected_constraint!$B:$B) -> TRARDS | V20: =_xlfn.XLOOKUP($A20,Selected_constraint!$A:$A,Selected_constraint!$C:$C) -> TRAPASCARDMD | W20: =V20 -> TRAPASCARDMD | X20: 2019 | Y20: LO | Z20: 1 | AA20: =-SUMIFS('TRA RESID'!$P:$P,'TRA RESID'!$I:$I,W20,'TRA RESID'!$J:$J,T20,'TRA RESID'!$H:$H,U20)/SUMIFS('TRA RESID'!$P:$P,'TRA RESID'!$I:$I,W20)*AE20 -> 0 | AB20: 0 | AC20: 5 | AE20: 0.98 | AG20: =IF(SUMIFS('TRA RESID'!$P:$P,'TRA RESID'!$I:$I,AK20,'TRA RESID'!$J:$J,AH20,'TRA RESID'!$H:$H,AI20)=0,"*","UC_"&SUBSTITUTE(AH20,"*","")&"_"&RIGHT(AI20,3)&"_"&AJ20) -> * | AH20: *HEV* | AI20: =_xlfn.XLOOKUP($A20,Selected_constraint!$A:$A,Selected_constraint!$B:$B) -> TRARDS | AJ20: =_xlfn.XLOOKUP($A20,Selected_constraint!$A:$A,Selected_constraint!$C:$C) -> TRAPASCARDMD | AK20: =AJ20 -> TRAPASCARDMD | AL20: 2019 | AM20: LO | AN20: 1 | AO20: =-SUMIFS('TRA RESID'!$P:$P,'TRA RESID'!$I:$I,AK20,'TRA RESID'!$J:$J,AH20,'TRA RESID'!$H:$H,AI20)/SUMIFS('TRA RESID'!$P:$P,'TRA RESID'!$I:$I,AK20)*AS20 -> 0 | AP20: 0 | AQ20: 5 | AS20: 0.98 | AU20: =IF(SUMIFS('TRA RESID'!$P:$P,'TRA RESID'!$I:$I,AY20,'TRA RESID'!$J:$J,AV20,'TRA RESID'!$H:$H,AW20)=0,"*","UC_"&SUBSTITUTE(AV20,"*","")&"_"&RIGHT(AW20,3)&"_"&AX20) -> * | AV20: *FCEV* | AW20: =_xlfn.XLOOKUP($A20,Selected_constraint!$A:$A,Selected_constraint!$B:$B) -> TRARDS | AX20: =_xlfn.XLOOKUP($A20,Selected_constraint!$A:$A,Selected_constraint!$C:$C) -> TRAPASCARDMD | AY20: =AX20 -> TRAPASCARDMD | AZ20: 2019 | BA20: LO | BB20: 1 | BC20: =-SUMIFS('TRA RESID'!$P:$P,'TRA RESID'!$I:$I,AY20,'TRA RESID'!$J:$J,AV20,'TRA RESID'!$H:$H,AW20)/SUMIFS('TRA RESID'!$P:$P,'TRA RESID'!$I:$I,AY20)*BG20 -> 0 | BD20: 0 | BE20: 5 | BG20: 0.98
C21: =IF(C20="*",C20,"") -> * | D21: =D20 -> *ICEV* | E21: =E20 -> TRARDS | F21: =F20 -> TRAPASCARDMD | G21: =G20 -> TRAPASCARDMD | H21: 2025 | I21: =I20 -> LO | K21: =-SUMIFS('TRA RESID'!$P:$P,'TRA RESID'!$I:$I,G21,'TRA RESID'!$J:$J,D21,'TRA RESID'!$H:$H,E21)/SUMIFS('TRA RESID'!$P:$P,'TRA RESID'!$I:$I,G21)*O21 -> 0 | O21: 0.8 | S21: =IF(S20="*",S20,"") -> * | T21: =T20 -> *BEV* | U21: =U20 -> TRARDS | V21: =V20 -> TRAPASCARDMD | W21: =W20 -> TRAPASCARDMD | X21: 2025 | Y21: =Y20 -> LO | AA21: =-SUMIFS('TRA RESID'!$P:$P,'TRA RESID'!$I:$I,W21,'TRA RESID'!$J:$J,T21,'TRA RESID'!$H:$H,U21)/SUMIFS('TRA RESID'!$P:$P,'TRA RESID'!$I:$I,W21)*AE21 -> 0 | AE21: 1 | AG21: =IF(AG20="*",AG20,"") -> * | AH21: =AH20 -> *HEV* | AI21: =AI20 -> TRARDS | AJ21: =AJ20 -> TRAPASCARDMD | AK21: =AK20 -> TRAPASCARDMD | AL21: 2025 | AM21: =AM20 -> LO | AO21: =-SUMIFS('TRA RESID'!$P:$P,'TRA RESID'!$I:$I,AK21,'TRA RESID'!$J:$J,AH21,'TRA RESID'!$H:$H,AI21)/SUMIFS('TRA RESID'!$P:$P,'TRA RESID'!$I:$I,AK21)*AS21 -> 0 | AS21: 0.8 | AU21: =IF(AU20="*",AU20,"") -> * | AV21: =AV20 -> *FCEV* | AW21: =AW20 -> TRARDS | AX21: =AX20 -> TRAPASCARDMD | AY21: =AY20 -> TRAPASCARDMD | AZ21: 2025 | BA21: =BA20 -> LO | BC21: =-SUMIFS('TRA RESID'!$P:$P,'TRA RESID'!$I:$I,AY21,'TRA RESID'!$J:$J,AV21,'TRA RESID'!$H:$H,AW21)/SUMIFS('TRA RESID'!$P:$P,'TRA RESID'!$I:$I,AY21)*BG21 -> 0 | BG21: 0.8
C22: =IF(C21="*",C21,"") -> * | D22: =D21 -> *ICEV* | E22: =E21 -> TRARDS | F22: =F21 -> TRAPASCARDMD | G22: =G21 -> TRAPASCARDMD | H22: 2030 | I22: =I21 -> LO | K22: =-SUMIFS('TRA RESID'!$P:$P,'TRA RESID'!$I:$I,G22,'TRA RESID'!$J:$J,D22,'TRA RESID'!$H:$H,E22)/SUMIFS('TRA RESID'!$P:$P,'TRA RESID'!$I:$I,G22)*O22 -> 0 | O22: 0.5 | S22: =IF(S21="*",S21,"") -> * | T22: =T21 -> *BEV* | U22: =U21 -> TRARDS | V22: =V21 -> TRAPASCARDMD | W22: =W21 -> TRAPASCARDMD | X22: 2030 | Y22: =Y21 -> LO | AA22: =-SUMIFS('TRA RESID'!$P:$P,'TRA RESID'!$I:$I,W22,'TRA RESID'!$J:$J,T22,'TRA RESID'!$H:$H,U22)/SUMIFS('TRA RESID'!$P:$P,'TRA RESID'!$I:$I,W22)*AE22 -> 0 | AE22: 1 | AG22: =IF(AG21="*",AG21,"") -> * | AH22: =AH21 -> *HEV* | AI22: =AI21 -> TRARDS | AJ22: =AJ21 -> TRAPASCARDMD | AK22: =AK21 -> TRAPASCARDMD | AL22: 2030 | AM22: =AM21 -> LO | AO22: =-SUMIFS('TRA RESID'!$P:$P,'TRA RESID'!$I:$I,AK22,'TRA RESID'!$J:$J,AH22,'TRA RESID'!$H:$H,AI22)/SUMIFS('TRA RESID'!$P:$P,'TRA RESID'!$I:$I,AK22)*AS22 -> 0 | AS22: 0.5 | AU22: =IF(AU21="*",AU21,"") -> * | AV22: =AV21 -> *FCEV* | AW22: =AW21 -> TRARDS | AX22: =AX21 -> TRAPASCARDMD | AY22: =AY21 -> TRAPASCARDMD | AZ22: 2030 | BA22: =BA21 -> LO | BC22: =-SUMIFS('TRA RESID'!$P:$P,'TRA RESID'!$I:$I,AY22,'TRA RESID'!$J:$J,AV22,'TRA RESID'!$H:$H,AW22)/SUMIFS('TRA RESID'!$P:$P,'TRA RESID'!$I:$I,AY22)*BG22 -> 0 | BG22: 0.5
C23: =IF(C22="*",C22,"") -> * | D23: =D22 -> *ICEV* | E23: =E22 -> TRARDS | F23: =F22 -> TRAPASCARDMD | G23: =G22 -> TRAPASCARDMD | H23: 2040 | I23: =I22 -> LO | K23: =-SUMIFS('TRA RESID'!$P:$P,'TRA RESID'!$I:$I,G23,'TRA RESID'!$J:$J,D23,'TRA RESID'!$H:$H,E23)/SUMIFS('TRA RESID'!$P:$P,'TRA RESID'!$I:$I,G23)*O23 -> 0 | O23: 0 | S23: =IF(S22="*",S22,"") -> * | T23: =T22 -> *BEV* | U23: =U22 -> TRARDS | V23: =V22 -> TRAPASCARDMD | W23: =W22 -> TRAPASCARDMD | X23: 2040 | Y23: =Y22 -> LO | AA23: =-SUMIFS('TRA RESID'!$P:$P,'TRA RESID'!$I:$I,W23,'TRA RESID'!$J:$J,T23,'TRA RESID'!$H:$H,U23)/SUMIFS('TRA RESID'!$P:$P,'TRA RESID'!$I:$I,W23)*AE23 -> 0 | AE23: 1 | AG23: =IF(AG22="*",AG22,"") -> * | AH23: =AH22 -> *HEV* | AI23: =AI22 -> TRARDS | AJ23: =AJ22 -> TRAPASCARDMD | AK23: =AK22 -> TRAPASCARDMD | AL23: 2040 | AM23: =AM22 -> LO | AO23: =-SUMIFS('TRA RESID'!$P:$P,'TRA RESID'!$I:$I,AK23,'TRA RESID'!$J:$J,AH23,'TRA RESID'!$H:$H,AI23)/SUMIFS('TRA RESID'!$P:$P,'TRA RESID'!$I:$I,AK23)*AS23 -> 0 | AS23: 0 | AU23: =IF(AU22="*",AU22,"") -> * | AV23: =AV22 -> *FCEV* | AW23: =AW22 -> TRARDS | AX23: =AX22 -> TRAPASCARDMD | AY23: =AY22 -> TRAPASCARDMD | AZ23: 2040 | BA23: =BA22 -> LO | BC23: =-SUMIFS('TRA RESID'!$P:$P,'TRA RESID'!$I:$I,AY23,'TRA RESID'!$J:$J,AV23,'TRA RESID'!$H:$H,AW23)/SUMIFS('TRA RESID'!$P:$P,'TRA RESID'!$I:$I,AY23)*BG23 -> 0 | BG23: 0
C24: =IF(C23="*",C23,"") -> * | D24: =D23 -> *ICEV* | E24: =E23 -> TRARDS | F24: =F23 -> TRAPASCARDMD | G24: =G23 -> TRAPASCARDMD | H24: 2050 | I24: =I22 -> LO | K24: =-SUMIFS('TRA RESID'!$P:$P,'TRA RESID'!$I:$I,G24,'TRA RESID'!$J:$J,D24,'TRA RESID'!$H:$H,E24)/SUMIFS('TRA RESID'!$P:$P,'TRA RESID'!$I:$I,G24)*O24 -> 0 | O24: 0 | S24: =IF(S23="*",S23,"") -> * | T24: =T23 -> *BEV* | U24: =U23 -> TRARDS | V24: =V23 -> TRAPASCARDMD | W24: =W23 -> TRAPASCARDMD | X24: 2050 | Y24: =Y22 -> LO | AA24: =-SUMIFS('TRA RESID'!$P:$P,'TRA RESID'!$I:$I,W24,'TRA RESID'!$J:$J,T24,'TRA RESID'!$H:$H,U24)/SUMIFS('TRA RESID'!$P:$P,'TRA RESID'!$I:$I,W24)*AE24 -> 0 | AE24: 1 | AG24: =IF(AG23="*",AG23,"") -> * | AH24: =AH23 -> *HEV* | AI24: =AI23 -> TRARDS | AJ24: =AJ23 -> TRAPASCARDMD | AK24: =AK23 -> TRAPASCARDMD | AL24: 2050 | AM24: =AM22 -> LO | AO24: =-SUMIFS('TRA RESID'!$P:$P,'TRA RESID'!$I:$I,AK24,'TRA RESID'!$J:$J,AH24,'TRA RESID'!$H:$H,AI24)/SUMIFS('TRA RESID'!$P:$P,'TRA RESID'!$I:$I,AK24)*AS24 -> 0 | AS24: 0 | AU24: =IF(AU23="*",AU23,"") -> * | AV24: =AV23 -> *FCEV* | AW24: =AW23 -> TRARDS | AX24: =AX23 -> TRAPASCARDMD | AY24: =AY23 -> TRAPASCARDMD | AZ24: 2050 | BA24: =BA22 -> LO | BC24: =-SUMIFS('TRA RESID'!$P:$P,'TRA RESID'!$I:$I,AY24,'TRA RESID'!$J:$J,AV24,'TRA RESID'!$H:$H,AW24)/SUMIFS('TRA RESID'!$P:$P,'TRA RESID'!$I:$I,AY24)*BG24 -> 0 | BG24: 0
A25: =A20+1 -> 5 | C25: =IF(E25="","",IF(_xlfn.XLOOKUP($A25,Selected_constraint!$A:$A,Selected_constraint!$D:$D)=1,"*",IF(SUMIFS('TRA TECH'!$M:$M,'TRA TECH'!$H:$H,E25,'TRA TECH'!$I:$I,F25)=0,"*",IF(SUMIFS('TRA RESID'!$P:$P,'TRA RESID'!$I:$I,G25,'TRA RESID'!$J:$J,D25,'TRA RESID'!$H:$H,E25)=0,"*","UC_"&SUBSTITUTE(D25,"*","")&"_"&RIGHT(E25,3)&"_"&F25)))) -> * | D25: *ICEV* | E25: =_xlfn.XLOOKUP($A25,Selected_constraint!$A:$A,Selected_constraint!$B:$B) -> TRABDS | F25: =_xlfn.XLOOKUP($A25,Selected_constraint!$A:$A,Selected_constraint!$C:$C) -> TRAPASCARDMD | G25: =F25 -> TRAPASCARDMD | H25: 2019 | I25: LO | J25: 1 | K25: =-SUMIFS('TRA RESID'!$P:$P,'TRA RESID'!$I:$I,G25,'TRA RESID'!$J:$J,D25,'TRA RESID'!$H:$H,E25)/SUMIFS('TRA RESID'!$P:$P,'TRA RESID'!$I:$I,G25)*O25 -> 0 | L25: 0 | M25: 5 | O25: 0.98 | Q25: =Q20+1 -> 5 | S25: =IF(SUMIFS('TRA RESID'!$P:$P,'TRA RESID'!$I:$I,W25,'TRA RESID'!$J:$J,T25,'TRA RESID'!$H:$H,U25)=0,"*","UC_"&SUBSTITUTE(T25,"*","")&"_"&RIGHT(U25,3)&"_"&V25) -> * | T25: *BEV* | U25: =_xlfn.XLOOKUP($A25,Selected_constraint!$A:$A,Selected_constraint!$B:$B) -> TRABDS | V25: =_xlfn.XLOOKUP($A25,Selected_constraint!$A:$A,Selected_constraint!$C:$C) -> TRAPASCARDMD | W25: =V25 -> TRAPASCARDMD | X25: 2019 | Y25: LO | Z25: 1 | AA25: =-SUMIFS('TRA RESID'!$P:$P,'TRA RESID'!$I:$I,W25,'TRA RESID'!$J:$J,T25,'TRA RESID'!$H:$H,U25)/SUMIFS('TRA RESID'!$P:$P,'TRA RESID'!$I:$I,W25)*AE25 -> 0 | AB25: 0 | AC25: 5 | AE25: 0.98 | AG25: =IF(SUMIFS('TRA RESID'!$P:$P,'TRA RESID'!$I:$I,AK25,'TRA RESID'!$J:$J,AH25,'TRA RESID'!$H:$H,AI25)=0,"*","UC_"&SUBSTITUTE(AH25,"*","")&"_"&RIGHT(AI25,3)&"_"&AJ25) -> * | AH25: *HEV* | AI25: =_xlfn.XLOOKUP($A25,Selected_constraint!$A:$A,Selected_constraint!$B:$B) -> TRABDS | AJ25: =_xlfn.XLOOKUP($A25,Selected_constraint!$A:$A,Selected_constraint!$C:$C) -> TRAPASCARDMD | AK25: =AJ25 -> TRAPASCARDMD | AL25: 2019 | AM25: LO | AN25: 1 | AO25: =-SUMIFS('TRA RESID'!$P:$P,'TRA RESID'!$I:$I,AK25,'TRA RESID'!$J:$J,AH25,'TRA RESID'!$H:$H,AI25)/SUMIFS('TRA RESID'!$P:$P,'TRA RESID'!$I:$I,AK25)*AS25 -> 0 | AP25: 0 | AQ25: 5 | AS25: 0.98 | AU25: =IF(SUMIFS('TRA RESID'!$P:$P,'TRA RESID'!$I:$I,AY25,'TRA RESID'!$J:$J,AV25,'TRA RESID'!$H:$H,AW25)=0,"*","UC_"&SUBSTITUTE(AV25,"*","")&"_"&RIGHT(AW25,3)&"_"&AX25) -> * | AV25: *FCEV* | AW25: =_xlfn.XLOOKUP($A25,Selected_constraint!$A:$A,Selected_constraint!$B:$B) -> TRABDS | AX25: =_xlfn.XLOOKUP($A25,Selected_constraint!$A:$A,Selected_constraint!$C:$C) -> TRAPASCARDMD | AY25: =AX25 -> TRAPASCARDMD | AZ25: 2019 | BA25: LO | BB25: 1 | BC25: =-SUMIFS('TRA RESID'!$P:$P,'TRA RESID'!$I:$I,AY25,'TRA RESID'!$J:$J,AV25,'TRA RESID'!$H:$H,AW25)/SUMIFS('TRA RESID'!$P:$P,'TRA RESID'!$I:$I,AY25)*BG25 -> 0 | BD25: 0 | BE25: 5 | BG25: 0.98
C26: =IF(C25="*",C25,"") -> * | D26: =D25 -> *ICEV* | E26: =E25 -> TRABDS | F26: =F25 -> TRAPASCARDMD | G26: =G25 -> TRAPASCARDMD | H26: 2025 | I26: =I25 -> LO | K26: =-SUMIFS('TRA RESID'!$P:$P,'TRA RESID'!$I:$I,G26,'TRA RESID'!$J:$J,D26,'TRA RESID'!$H:$H,E26)/SUMIFS('TRA RESID'!$P:$P,'TRA RESID'!$I:$I,G26)*O26 -> 0 | O26: 0.8 | S26: =IF(S25="*",S25,"") -> * | T26: =T25 -> *BEV* | U26: =U25 -> TRABDS | V26: =V25 -> TRAPASCARDMD | W26: =W25 -> TRAPASCARDMD | X26: 2025 | Y26: =Y25 -> LO | AA26: =-SUMIFS('TRA RESID'!$P:$P,'TRA RESID'!$I:$I,W26,'TRA RESID'!$J:$J,T26,'TRA RESID'!$H:$H,U26)/SUMIFS('TRA RESID'!$P:$P,'TRA RESID'!$I:$I,W26)*AE26 -> 0 | AE26: 1 | AG26: =IF(AG25="*",AG25,"") -> * | AH26: =AH25 -> *HEV* | AI26: =AI25 -> TRABDS | AJ26: =AJ25 -> TRAPASCARDMD | AK26: =AK25 -> TRAPASCARDMD | AL26: 2025 | AM26: =AM25 -> LO | AO26: =-SUMIFS('TRA RESID'!$P:$P,'TRA RESID'!$I:$I,AK26,'TRA RESID'!$J:$J,AH26,'TRA RESID'!$H:$H,AI26)/SUMIFS('TRA RESID'!$P:$P,'TRA RESID'!$I:$I,AK26)*AS26 -> 0 | AS26: 0.8 | AU26: =IF(AU25="*",AU25,"") -> * | AV26: =AV25 -> *FCEV* | AW26: =AW25 -> TRABDS | AX26: =AX25 -> TRAPASCARDMD | AY26: =AY25 -> TRAPASCARDMD | AZ26: 2025 | BA26: =BA25 -> LO | BC26: =-SUMIFS('TRA RESID'!$P:$P,'TRA RESID'!$I:$I,AY26,'TRA RESID'!$J:$J,AV26,'TRA RESID'!$H:$H,AW26)/SUMIFS('TRA RESID'!$P:$P,'TRA RESID'!$I:$I,AY26)*BG26 -> 0 | BG26: 0.8
C27: =IF(C26="*",C26,"") -> * | D27: =D26 -> *ICEV* | E27: =E26 -> TRABDS | F27: =F26 -> TRAPASCARDMD | G27: =G26 -> TRAPASCARDMD | H27: 2030 | I27: =I26 -> LO | K27: =-SUMIFS('TRA RESID'!$P:$P,'TRA RESID'!$I:$I,G27,'TRA RESID'!$J:$J,D27,'TRA RESID'!$H:$H,E27)/SUMIFS('TRA RESID'!$P:$P,'TRA RESID'!$I:$I,G27)*O27 -> 0 | O27: 0.5 | S27: =IF(S26="*",S26,"") -> * | T27: =T26 -> *BEV* | U27: =U26 -> TRABDS | V27: =V26 -> TRAPASCARDMD | W27: =W26 -> TRAPASCARDMD | X27: 2030 | Y27: =Y26 -> LO | AA27: =-SUMIFS('TRA RESID'!$P:$P,'TRA RESID'!$I:$I,W27,'TRA RESID'!$J:$J,T27,'TRA RESID'!$H:$H,U27)/SUMIFS('TRA RESID'!$P:$P,'TRA RESID'!$I:$I,W27)*AE27 -> 0 | AE27: 1 | AG27: =IF(AG26="*",AG26,"") -> * | AH27: =AH26 -> *HEV* | AI27: =AI26 -> TRABDS | AJ27: =AJ26 -> TRAPASCARDMD | AK27: =AK26 -> TRAPASCARDMD | AL27: 2030 | AM27: =AM26 -> LO | AO27: =-SUMIFS('TRA RESID'!$P:$P,'TRA RESID'!$I:$I,AK27,'TRA RESID'!$J:$J,AH27,'TRA RESID'!$H:$H,AI27)/SUMIFS('TRA RESID'!$P:$P,'TRA RESID'!$I:$I,AK27)*AS27 -> 0 | AS27: 0.5 | AU27: =IF(AU26="*",AU26,"") -> * | AV27: =AV26 -> *FCEV* | AW27: =AW26 -> TRABDS | AX27: =AX26 -> TRAPASCARDMD | AY27: =AY26 -> TRAPASCARDMD | AZ27: 2030 | BA27: =BA26 -> LO | BC27: =-SUMIFS('TRA RESID'!$P:$P,'TRA RESID'!$I:$I,AY27,'TRA RESID'!$J:$J,AV27,'TRA RESID'!$H:$H,AW27)/SUMIFS('TRA RESID'!$P:$P,'TRA RESID'!$I:$I,AY27)*BG27 -> 0 | BG27: 0.5
C28: =IF(C27="*",C27,"") -> * | D28: =D27 -> *ICEV* | E28: =E27 -> TRABDS | F28: =F27 -> TRAPASCARDMD | G28: =G27 -> TRAPASCARDMD | H28: 2040 | I28: =I27 -> LO | K28: =-SUMIFS('TRA RESID'!$P:$P,'TRA RESID'!$I:$I,G28,'TRA RESID'!$J:$J,D28,'TRA RESID'!$H:$H,E28)/SUMIFS('TRA RESID'!$P:$P,'TRA RESID'!$I:$I,G28)*O28 -> 0 | O28: 0 | S28: =IF(S27="*",S27,"") -> * | T28: =T27 -> *BEV* | U28: =U27 -> TRABDS | V28: =V27 -> TRAPASCARDMD | W28: =W27 -> TRAPASCARDMD | X28: 2040 | Y28: =Y27 -> LO | AA28: =-SUMIFS('TRA RESID'!$P:$P,'TRA RESID'!$I:$I,W28,'TRA RESID'!$J:$J,T28,'TRA RESID'!$H:$H,U28)/SUMIFS('TRA RESID'!$P:$P,'TRA RESID'!$I:$I,W28)*AE28 -> 0 | AE28: 1 | AG28: =IF(AG27="*",AG27,"") -> * | AH28: =AH27 -> *HEV* | AI28: =AI27 -> TRABDS | AJ28: =AJ27 -> TRAPASCARDMD | AK28: =AK27 -> TRAPASCARDMD | AL28: 2040 | AM28: =AM27 -> LO | AO28: =-SUMIFS('TRA RESID'!$P:$P,'TRA RESID'!$I:$I,AK28,'TRA RESID'!$J:$J,AH28,'TRA RESID'!$H:$H,AI28)/SUMIFS('TRA RESID'!$P:$P,'TRA RESID'!$I:$I,AK28)*AS28 -> 0 | AS28: 0 | AU28: =IF(AU27="*",AU27,"") -> * | AV28: =AV27 -> *FCEV* | AW28: =AW27 -> TRABDS | AX28: =AX27 -> TRAPASCARDMD | AY28: =AY27 -> TRAPASCARDMD | AZ28: 2040 | BA28: =BA27 -> LO | BC28: =-SUMIFS('TRA RESID'!$P:$P,'TRA RESID'!$I:$I,AY28,'TRA RESID'!$J:$J,AV28,'TRA RESID'!$H:$H,AW28)/SUMIFS('TRA RESID'!$P:$P,'TRA RESID'!$I:$I,AY28)*BG28 -> 0 | BG28: 0
C29: =IF(C28="*",C28,"") -> * | D29: =D28 -> *ICEV* | E29: =E28 -> TRABDS | F29: =F28 -> TRAPASCARDMD | G29: =G28 -> TRAPASCARDMD | H29: 2050 | I29: =I27 -> LO | K29: =-SUMIFS('TRA RESID'!$P:$P,'TRA RESID'!$I:$I,G29,'TRA RESID'!$J:$J,D29,'TRA RESID'!$H:$H,E29)/SUMIFS('TRA RESID'!$P:$P,'TRA RESID'!$I:$I,G29)*O29 -> 0 | O29: 0 | S29: =IF(S28="*",S28,"") -> * | T29: =T28 -> *BEV* | U29: =U28 -> TRABDS | V29: =V28 -> TRAPASCARDMD | W29: =W28 -> TRAPASCARDMD | X29: 2050 | Y29: =Y27 -> LO | AA29: =-SUMIFS('TRA RESID'!$P:$P,'TRA RESID'!$I:$I,W29,'TRA RESID'!$J:$J,T29,'TRA RESID'!$H:$H,U29)/SUMIFS('TRA RESID'!$P:$P,'TRA RESID'!$I:$I,W29)*AE29 -> 0 | AE29: 1 | AG29: =IF(AG28="*",AG28,"") -> * | AH29: =AH28 -> *HEV* | AI29: =AI28 -> TRABDS | AJ29: =AJ28 -> TRAPASCARDMD | AK29: =AK28 -> TRAPASCARDMD | AL29: 2050 | AM29: =AM27 -> LO | AO29: =-SUMIFS('TRA RESID'!$P:$P,'TRA RESID'!$I:$I,AK29,'TRA RESID'!$J:$J,AH29,'TRA RESID'!$H:$H,AI29)/SUMIFS('TRA RESID'!$P:$P,'TRA RESID'!$I:$I,AK29)*AS29 -> 0 | AS29: 0 | AU29: =IF(AU28="*",AU28,"") -> * | AV29: =AV28 -> *FCEV* | AW29: =AW28 -> TRABDS | AX29: =AX28 -> TRAPASCARDMD | AY29: =AY28 -> TRAPASCARDMD | AZ29: 2050 | BA29: =BA27 -> LO | BC29: =-SUMIFS('TRA RESID'!$P:$P,'TRA RESID'!$I:$I,AY29,'TRA RESID'!$J:$J,AV29,'TRA RESID'!$H:$H,AW29)/SUMIFS('TRA RESID'!$P:$P,'TRA RESID'!$I:$I,AY29)*BG29 -> 0 | BG29: 0
A30: =A25+1 -> 6 | C30: =IF(E30="","",IF(_xlfn.XLOOKUP($A30,Selected_constraint!$A:$A,Selected_constraint!$D:$D)=1,"*",IF(SUMIFS('TRA TECH'!$M:$M,'TRA TECH'!$H:$H,E30,'TRA TECH'!$I:$I,F30)=0,"*",IF(SUMIFS('TRA RESID'!$P:$P,'TRA RESID'!$I:$I,G30,'TRA RESID'!$J:$J,D30,'TRA RESID'!$H:$H,E30)=0,"*","UC_"&SUBSTITUTE(D30,"*","")&"_"&RIGHT(E30,3)&"_"&F30)))) -> * | D30: *ICEV* | E30: =_xlfn.XLOOKUP($A30,Selected_constraint!$A:$A,Selected_constraint!$B:$B) -> TRACNG | F30: =_xlfn.XLOOKUP($A30,Selected_constraint!$A:$A,Selected_constraint!$C:$C) -> TRAPASCARDMD | G30: =F30 -> TRAPASCARDMD | H30: 2019 | I30: LO | J30: 1 | K30: =-SUMIFS('TRA RESID'!$P:$P,'TRA RESID'!$I:$I,G30,'TRA RESID'!$J:$J,D30,'TRA RESID'!$H:$H,E30)/SUMIFS('TRA RESID'!$P:$P,'TRA RESID'!$I:$I,G30)*O30 -> 0 | L30: 0 | M30: 5 | O30: 0.98 | Q30: =Q25+1 -> 6 | S30: =IF(SUMIFS('TRA RESID'!$P:$P,'TRA RESID'!$I:$I,W30,'TRA RESID'!$J:$J,T30,'TRA RESID'!$H:$H,U30)=0,"*","UC_"&SUBSTITUTE(T30,"*","")&"_"&RIGHT(U30,3)&"_"&V30) -> * | T30: *BEV* | U30: =_xlfn.XLOOKUP($A30,Selected_constraint!$A:$A,Selected_constraint!$B:$B) -> TRACNG | V30: =_xlfn.XLOOKUP($A30,Selected_constraint!$A:$A,Selected_constraint!$C:$C) -> TRAPASCARDMD | W30: =V30 -> TRAPASCARDMD | X30: 2019 | Y30: LO | Z30: 1 | AA30: =-SUMIFS('TRA RESID'!$P:$P,'TRA RESID'!$I:$I,W30,'TRA RESID'!$J:$J,T30,'TRA RESID'!$H:$H,U30)/SUMIFS('TRA RESID'!$P:$P,'TRA RESID'!$I:$I,W30)*AE30 -> 0 | AB30: 0 | AC30: 5 | AE30: 0.98 | AG30: =IF(SUMIFS('TRA RESID'!$P:$P,'TRA RESID'!$I:$I,AK30,'TRA RESID'!$J:$J,AH30,'TRA RESID'!$H:$H,AI30)=0,"*","UC_"&SUBSTITUTE(AH30,"*","")&"_"&RIGHT(AI30,3)&"_"&AJ30) -> * | AH30: *HEV* | AI30: =_xlfn.XLOOKUP($A30,Selected_constraint!$A:$A,Selected_constraint!$B:$B) -> TRACNG | AJ30: =_xlfn.XLOOKUP($A30,Selected_constraint!$A:$A,Selected_constraint!$C:$C) -> TRAPASCARDMD | AK30: =AJ30 -> TRAPASCARDMD | AL30: 2019 | AM30: LO | AN30: 1 | AO30: =-SUMIFS('TRA RESID'!$P:$P,'TRA RESID'!$I:$I,AK30,'TRA RESID'!$J:$J,AH30,'TRA RESID'!$H:$H,AI30)/SUMIFS('TRA RESID'!$P:$P,'TRA RESID'!$I:$I,AK30)*AS30 -> 0 | AP30: 0 | AQ30: 5 | AS30: 0.98 | AU30: =IF(SUMIFS('TRA RESID'!$P:$P,'TRA RESID'!$I:$I,AY30,'TRA RESID'!$J:$J,AV30,'TRA RESID'!$H:$H,AW30)=0,"*","UC_"&SUBSTITUTE(AV30,"*","")&"_"&RIGHT(AW30,3)&"_"&AX30) -> * | AV30: *FCEV* | AW30: =_xlfn.XLOOKUP($A30,Selected_constraint!$A:$A,Selected_constraint!$B:$B) -> TRACNG | AX30: =_xlfn.XLOOKUP($A30,Selected_constraint!$A:$A,Selected_constraint!$C:$C) -> TRAPASCARDMD | AY30: =AX30 -> TRAPASCARDMD | AZ30: 2019 | BA30: LO | BB30: 1 | BC30: =-SUMIFS('TRA RESID'!$P:$P,'TRA RESID'!$I:$I,AY30,'TRA RESID'!$J:$J,AV30,'TRA RESID'!$H:$H,AW30)/SUMIFS('TRA RESID'!$P:$P,'TRA RESID'!$I:$I,AY30)*BG30 -> 0 | BD30: 0 | BE30: 5 | BG30: 0.98
C31: =IF(C30="*",C30,"") -> * | D31: =D30 -> *ICEV* | E31: =E30 -> TRACNG | F31: =F30 -> TRAPASCARDMD | G31: =G30 -> TRAPASCARDMD | H31: 2025 | I31: =I30 -> LO | K31: =-SUMIFS('TRA RESID'!$P:$P,'TRA RESID'!$I:$I,G31,'TRA RESID'!$J:$J,D31,'TRA RESID'!$H:$H,E31)/SUMIFS('TRA RESID'!$P:$P,'TRA RESID'!$I:$I,G31)*O31 -> 0 | O31: 0.8 | S31: =IF(S30="*",S30,"") -> * | T31: =T30 -> *BEV* | U31: =U30 -> TRACNG | V31: =V30 -> TRAPASCARDMD | W31: =W30 -> TRAPASCARDMD | X31: 2025 | Y31: =Y30 -> LO | AA31: =-SUMIFS('TRA RESID'!$P:$P,'TRA RESID'!$I:$I,W31,'TRA RESID'!$J:$J,T31,'TRA RESID'!$H:$H,U31)/SUMIFS('TRA RESID'!$P:$P,'TRA RESID'!$I:$I,W31)*AE31 -> 0 | AE31: 1 | AG31: =IF(AG30="*",AG30,"") -> * | AH31: =AH30 -> *HEV* | AI31: =AI30 -> TRACNG | AJ31: =AJ30 -> TRAPASCARDMD | AK31: =AK30 -> TRAPASCARDMD | AL31: 2025 | AM31: =AM30 -> LO | AO31: =-SUMIFS('TRA RESID'!$P:$P,'TRA RESID'!$I:$I,AK31,'TRA RESID'!$J:$J,AH31,'TRA RESID'!$H:$H,AI31)/SUMIFS('TRA RESID'!$P:$P,'TRA RESID'!$I:$I,AK31)*AS31 -> 0 | AS31: 0.8 | AU31: =IF(AU30="*",AU30,"") -> * | AV31: =AV30 -> *FCEV* | AW31: =AW30 -> TRACNG | AX31: =AX30 -> TRAPASCARDMD | AY31: =AY30 -> TRAPASCARDMD | AZ31: 2025 | BA31: =BA30 -> LO | BC31: =-SUMIFS('TRA RESID'!$P:$P,'TRA RESID'!$I:$I,AY31,'TRA RESID'!$J:$J,AV31,'TRA RESID'!$H:$H,AW31)/SUMIFS('TRA RESID'!$P:$P,'TRA RESID'!$I:$I,AY31)*BG31 -> 0 | BG31: 0.8
C32: =IF(C31="*",C31,"") -> * | D32: =D31 -> *ICEV* | E32: =E31 -> TRACNG | F32: =F31 -> TRAPASCARDMD | G32: =G31 -> TRAPASCARDMD | H32: 2030 | I32: =I31 -> LO | K32: =-SUMIFS('TRA RESID'!$P:$P,'TRA RESID'!$I:$I,G32,'TRA RESID'!$J:$J,D32,'TRA RESID'!$H:$H,E32)/SUMIFS('TRA RESID'!$P:$P,'TRA RESID'!$I:$I,G32)*O32 -> 0 | O32: 0.5 | S32: =IF(S31="*",S31,"") -> * | T32: =T31 -> *BEV* | U32: =U31 -> TRACNG | V32: =V31 -> TRAPASCARDMD | W32: =W31 -> TRAPASCARDMD | X32: 2030 | Y32: =Y31 -> LO | AA32: =-SUMIFS('TRA RESID'!$P:$P,'TRA RESID'!$I:$I,W32,'TRA RESID'!$J:$J,T32,'TRA RESID'!$H:$H,U32)/SUMIFS('TRA RESID'!$P:$P,'TRA RESID'!$I:$I,W32)*AE32 -> 0 | AE32: 1 | AG32: =IF(AG31="*",AG31,"") -> * | AH32: =AH31 -> *HEV* | AI32: =AI31 -> TRACNG | AJ32: =AJ31 -> TRAPASCARDMD | AK32: =AK31 -> TRAPASCARDMD | AL32: 2030 | AM32: =AM31 -> LO | AO32: =-SUMIFS('TRA RESID'!$P:$P,'TRA RESID'!$I:$I,AK32,'TRA RESID'!$J:$J,AH32,'TRA RESID'!$H:$H,AI32)/SUMIFS('TRA RESID'!$P:$P,'TRA RESID'!$I:$I,AK32)*AS32 -> 0 | AS32: 0.5 | AU32: =IF(AU31="*",AU31,"") -> * | AV32: =AV31 -> *FCEV* | AW32: =AW31 -> TRACNG | AX32: =AX31 -> TRAPASCARDMD | AY32: =AY31 -> TRAPASCARDMD | AZ32: 2030 | BA32: =BA31 -> LO | BC32: =-SUMIFS('TRA RESID'!$P:$P,'TRA RESID'!$I:$I,AY32,'TRA RESID'!$J:$J,AV32,'TRA RESID'!$H:$H,AW32)/SUMIFS('TRA RESID'!$P:$P,'TRA RESID'!$I:$I,AY32)*BG32 -> 0 | BG32: 0.5
C33: =IF(C32="*",C32,"") -> * | D33: =D32 -> *ICEV* | E33: =E32 -> TRACNG | F33: =F32 -> TRAPASCARDMD | G33: =G32 -> TRAPASCARDMD | H33: 2040 | I33: =I32 -> LO | K33: =-SUMIFS('TRA RESID'!$P:$P,'TRA RESID'!$I:$I,G33,'TRA RESID'!$J:$J,D33,'TRA RESID'!$H:$H,E33)/SUMIFS('TRA RESID'!$P:$P,'TRA RESID'!$I:$I,G33)*O33 -> 0 | O33: 0 | S33: =IF(S32="*",S32,"") -> * | T33: =T32 -> *BEV* | U33: =U32 -> TRACNG | V33: =V32 -> TRAPASCARDMD | W33: =W32 -> TRAPASCARDMD | X33: 2040 | Y33: =Y32 -> LO | AA33: =-SUMIFS('TRA RESID'!$P:$P,'TRA RESID'!$I:$I,W33,'TRA RESID'!$J:$J,T33,'TRA RESID'!$H:$H,U33)/SUMIFS('TRA RESID'!$P:$P,'TRA RESID'!$I:$I,W33)*AE33 -> 0 | AE33: 1 | AG33: =IF(AG32="*",AG32,"") -> * | AH33: =AH32 -> *HEV* | AI33: =AI32 -> TRACNG | AJ33: =AJ32 -> TRAPASCARDMD | AK33: =AK32 -> TRAPASCARDMD | AL33: 2040 | AM33: =AM32 -> LO | AO33: =-SUMIFS('TRA RESID'!$P:$P,'TRA RESID'!$I:$I,AK33,'TRA RESID'!$J:$J,AH33,'TRA RESID'!$H:$H,AI33)/SUMIFS('TRA RESID'!$P:$P,'TRA RESID'!$I:$I,AK33)*AS33 -> 0 | AS33: 0 | AU33: =IF(AU32="*",AU32,"") -> * | AV33: =AV32 -> *FCEV* | AW33: =AW32 -> TRACNG | AX33: =AX32 -> TRAPASCARDMD | AY33: =AY32 -> TRAPASCARDMD | AZ33: 2040 | BA33: =BA32 -> LO | BC33: =-SUMIFS('TRA RESID'!$P:$P,'TRA RESID'!$I:$I,AY33,'TRA RESID'!$J:$J,AV33,'TRA RESID'!$H:$H,AW33)/SUMIFS('TRA RESID'!$P:$P,'TRA RESID'!$I:$I,AY33)*BG33 -> 0 | BG33: 0
C34: =IF(C33="*",C33,"") -> * | D34: =D33 -> *ICEV* | E34: =E33 -> TRACNG | F34: =F33 -> TRAPASCARDMD | G34: =G33 -> TRAPASCARDMD | H34: 2050 | I34: =I32 -> LO | K34: =-SUMIFS('TRA RESID'!$P:$P,'TRA RESID'!$I:$I,G34,'TRA RESID'!$J:$J,D34,'TRA RESID'!$H:$H,E34)/SUMIFS('TRA RESID'!$P:$P,'TRA RESID'!$I:$I,G34)*O34 -> 0 | O34: 0 | S34: =IF(S33="*",S33,"") -> * | T34: =T33 -> *BEV* | U34: =U33 -> TRACNG | V34: =V33 -> TRAPASCARDMD | W34: =W33 -> TRAPASCARDMD | X34: 2050 | Y34: =Y32 -> LO | AA34: =-SUMIFS('TRA RESID'!$P:$P,'TRA RESID'!$I:$I,W34,'TRA RESID'!$J:$J,T34,'TRA RESID'!$H:$H,U34)/SUMIFS('TRA RESID'!$P:$P,'TRA RESID'!$I:$I,W34)*AE34 -> 0 | AE34: 1 | AG34: =IF(AG33="*",AG33,"") -> * | AH34: =AH33 -> *HEV* | AI34: =AI33 -> TRACNG | AJ34: =AJ33 -> TRAPASCARDMD | AK34: =AK33 -> TRAPASCARDMD | AL34: 2050 | AM34: =AM32 -> LO | AO34: =-SUMIFS('TRA RESID'!$P:$P,'TRA RESID'!$I:$I,AK34,'TRA RESID'!$J:$J,AH34,'TRA RESID'!$H:$H,AI34)/SUMIFS('TRA RESID'!$P:$P,'TRA RESID'!$I:$I,AK34)*AS34 -> 0 | AS34: 0 | AU34: =IF(AU33="*",AU33,"") -> * | AV34: =AV33 -> *FCEV* | AW34: =AW33 -> TRACNG | AX34: =AX33 -> TRAPASCARDMD | AY34: =AY33 -> TRAPASCARDMD | AZ34: 2050 | BA34: =BA32 -> LO | BC34: =-SUMIFS('TRA RESID'!$P:$P,'TRA RESID'!$I:$I,AY34,'TRA RESID'!$J:$J,AV34,'TRA RESID'!$H:$H,AW34)/SUMIFS('TRA RESID'!$P:$P,'TRA RESID'!$I:$I,AY34)*BG34 -> 0 | BG34: 0
A35: =A30+1 -> 7 | C35: =IF(E35="","",IF(_xlfn.XLOOKUP($A35,Selected_constraint!$A:$A,Selected_constraint!$D:$D)=1,"*",IF(SUMIFS('TRA TECH'!$M:$M,'TRA TECH'!$H:$H,E35,'TRA TECH'!$I:$I,F35)=0,"*",IF(SUMIFS('TRA RESID'!$P:$P,'TRA RESID'!$I:$I,G35,'TRA RESID'!$J:$J,D35,'TRA RESID'!$H:$H,E35)=0,"*","UC_"&SUBSTITUTE(D35,"*","")&"_"&RIGHT(E35,3)&"_"&F35)))) -> * | D35: *ICEV* | E35: =_xlfn.XLOOKUP($A35,Selected_constraint!$A:$A,Selected_constraint!$B:$B) -> TRARNG | F35: =_xlfn.XLOOKUP($A35,Selected_constraint!$A:$A,Selected_constraint!$C:$C) -> TRAPASCARDMD | G35: =F35 -> TRAPASCARDMD | H35: 2019 | I35: LO | J35: 1 | K35: =-SUMIFS('TRA RESID'!$P:$P,'TRA RESID'!$I:$I,G35,'TRA RESID'!$J:$J,D35,'TRA RESID'!$H:$H,E35)/SUMIFS('TRA RESID'!$P:$P,'TRA RESID'!$I:$I,G35)*O35 -> 0 | L35: 0 | M35: 5 | O35: 0.98 | Q35: =Q30+1 -> 7 | S35: =IF(SUMIFS('TRA RESID'!$P:$P,'TRA RESID'!$I:$I,W35,'TRA RESID'!$J:$J,T35,'TRA RESID'!$H:$H,U35)=0,"*","UC_"&SUBSTITUTE(T35,"*","")&"_"&RIGHT(U35,3)&"_"&V35) -> * | T35: *BEV* | U35: =_xlfn.XLOOKUP($A35,Selected_constraint!$A:$A,Selected_constraint!$B:$B) -> TRARNG | V35: =_xlfn.XLOOKUP($A35,Selected_constraint!$A:$A,Selected_constraint!$C:$C) -> TRAPASCARDMD | W35: =V35 -> TRAPASCARDMD | X35: 2019 | Y35: LO | Z35: 1 | AA35: =-SUMIFS('TRA RESID'!$P:$P,'TRA RESID'!$I:$I,W35,'TRA RESID'!$J:$J,T35,'TRA RESID'!$H:$H,U35)/SUMIFS('TRA RESID'!$P:$P,'TRA RESID'!$I:$I,W35)*AE35 -> 0 | AB35: 0 | AC35: 5 | AE35: 0.98 | AG35: =IF(SUMIFS('TRA RESID'!$P:$P,'TRA RESID'!$I:$I,AK35,'TRA RESID'!$J:$J,AH35,'TRA RESID'!$H:$H,AI35)=0,"*","UC_"&SUBSTITUTE(AH35,"*","")&"_"&RIGHT(AI35,3)&"_"&AJ35) -> * | AH35: *HEV* | AI35: =_xlfn.XLOOKUP($A35,Selected_constraint!$A:$A,Selected_constraint!$B:$B) -> TRARNG | AJ35: =_xlfn.XLOOKUP($A35,Selected_constraint!$A:$A,Selected_constraint!$C:$C) -> TRAPASCARDMD | AK35: =AJ35 -> TRAPASCARDMD | AL35: 2019 | AM35: LO | AN35: 1 | AO35: =-SUMIFS('TRA RESID'!$P:$P,'TRA RESID'!$I:$I,AK35,'TRA RESID'!$J:$J,AH35,'TRA RESID'!$H:$H,AI35)/SUMIFS('TRA RESID'!$P:$P,'TRA RESID'!$I:$I,AK35)*AS35 -> 0 | AP35: 0 | AQ35: 5 | AS35: 0.98 | AU35: =IF(SUMIFS('TRA RESID'!$P:$P,'TRA RESID'!$I:$I,AY35,'TRA RESID'!$J:$J,AV35,'TRA RESID'!$H:$H,AW35)=0,"*","UC_"&SUBSTITUTE(AV35,"*","")&"_"&RIGHT(AW35,3)&"_"&AX35) -> * | AV35: *FCEV* | AW35: =_xlfn.XLOOKUP($A35,Selected_constraint!$A:$A,Selected_constraint!$B:$B) -> TRARNG | AX35: =_xlfn.XLOOKUP($A35,Selected_constraint!$A:$A,Selected_constraint!$C:$C) -> TRAPASCARDMD | AY35: =AX35 -> TRAPASCARDMD | AZ35: 2019 | BA35: LO | BB35: 1 | BC35: =-SUMIFS('TRA RESID'!$P:$P,'TRA RESID'!$I:$I,AY35,'TRA RESID'!$J:$J,AV35,'TRA RESID'!$H:$H,AW35)/SUMIFS('TRA RESID'!$P:$P,'TRA RESID'!$I:$I,AY35)*BG35 -> 0 | BD35: 0 | BE35: 5 | BG35: 0.98
C36: =IF(C35="*",C35,"") -> * | D36: =D35 -> *ICEV* | E36: =E35 -> TRARNG | F36: =F35 -> TRAPASCARDMD | G36: =G35 -> TRAPASCARDMD | H36: 2025 | I36: =I35 -> LO | K36: =-SUMIFS('TRA RESID'!$P:$P,'TRA RESID'!$I:$I,G36,'TRA RESID'!$J:$J,D36,'TRA RESID'!$H:$H,E36)/SUMIFS('TRA RESID'!$P:$P,'TRA RESID'!$I:$I,G36)*O36 -> 0 | O36: 0.8 | S36: =IF(S35="*",S35,"") -> * | T36: =T35 -> *BEV* | U36: =U35 -> TRARNG | V36: =V35 -> TRAPASCARDMD | W36: =W35 -> TRAPASCARDMD | X36: 2025 | Y36: =Y35 -> LO | AA36: =-SUMIFS('TRA RESID'!$P:$P,'TRA RESID'!$I:$I,W36,'TRA RESID'!$J:$J,T36,'TRA RESID'!$H:$H,U36)/SUMIFS('TRA RESID'!$P:$P,'TRA RESID'!$I:$I,W36)*AE36 -> 0 | AE36: 1 | AG36: =IF(AG35="*",AG35,"") -> * | AH36: =AH35 -> *HEV* | AI36: =AI35 -> TRARNG | AJ36: =AJ35 -> TRAPASCARDMD | AK36: =AK35 -> TRAPASCARDMD | AL36: 2025 | AM36: =AM35 -> LO | AO36: =-SUMIFS('TRA RESID'!$P:$P,'TRA RESID'!$I:$I,AK36,'TRA RESID'!$J:$J,AH36,'TRA RESID'!$H:$H,AI36)/SUMIFS('TRA RESID'!$P:$P,'TRA RESID'!$I:$I,AK36)*AS36 -> 0 | AS36: 0.8 | AU36: =IF(AU35="*",AU35,"") -> * | AV36: =AV35 -> *FCEV* | AW36: =AW35 -> TRARNG | AX36: =AX35 -> TRAPASCARDMD | AY36: =AY35 -> TRAPASCARDMD | AZ36: 2025 | BA36: =BA35 -> LO | BC36: =-SUMIFS('TRA RESID'!$P:$P,'TRA RESID'!$I:$I,AY36,'TRA RESID'!$J:$J,AV36,'TRA RESID'!$H:$H,AW36)/SUMIFS('TRA RESID'!$P:$P,'TRA RESID'!$I:$I,AY36)*BG36 -> 0 | BG36: 0.8
C37: =IF(C36="*",C36,"") -> * | D37: =D36 -> *ICEV* | E37: =E36 -> TRARNG | F37: =F36 -> TRAPASCARDMD | G37: =G36 -> TRAPASCARDMD | H37: 2030 | I37: =I36 -> LO | K37: =-SUMIFS('TRA RESID'!$P:$P,'TRA RESID'!$I:$I,G37,'TRA RESID'!$J:$J,D37,'TRA RESID'!$H:$H,E37)/SUMIFS('TRA RESID'!$P:$P,'TRA RESID'!$I:$I,G37)*O37 -> 0 | O37: 0.5 | S37: =IF(S36="*",S36,"") -> * | T37: =T36 -> *BEV* | U37: =U36 -> TRARNG | V37: =V36 -> TRAPASCARDMD | W37: =W36 -> TRAPASCARDMD | X37: 2030 | Y37: =Y36 -> LO | AA37: =-SUMIFS('TRA RESID'!$P:$P,'TRA RESID'!$I:$I,W37,'TRA RESID'!$J:$J,T37,'TRA RESID'!$H:$H,U37)/SUMIFS('TRA RESID'!$P:$P,'TRA RESID'!$I:$I,W37)*AE37 -> 0 | AE37: 1 | AG37: =IF(AG36="*",AG36,"") -> * | AH37: =AH36 -> *HEV* | AI37: =AI36 -> TRARNG | AJ37: =AJ36 -> TRAPASCARDMD | AK37: =AK36 -> TRAPASCARDMD | AL37: 2030 | AM37: =AM36 -> LO | AO37: =-SUMIFS('TRA RESID'!$P:$P,'TRA RESID'!$I:$I,AK37,'TRA RESID'!$J:$J,AH37,'TRA RESID'!$H:$H,AI37)/SUMIFS('TRA RESID'!$P:$P,'TRA RESID'!$I:$I,AK37)*AS37 -> 0 | AS37: 0.5 | AU37: =IF(AU36="*",AU36,"") -> * | AV37: =AV36 -> *FCEV* | AW37: =AW36 -> TRARNG | AX37: =AX36 -> TRAPASCARDMD | AY37: =AY36 -> TRAPASCARDMD | AZ37: 2030 | BA37: =BA36 -> LO | BC37: =-SUMIFS('TRA RESID'!$P:$P,'TRA RESID'!$I:$I,AY37,'TRA RESID'!$J:$J,AV37,'TRA RESID'!$H:$H,AW37)/SUMIFS('TRA RESID'!$P:$P,'TRA RESID'!$I:$I,AY37)*BG37 -> 0 | BG37: 0.5
C38: =IF(C37="*",C37,"") -> * | D38: =D37 -> *ICEV* | E38: =E37 -> TRARNG | F38: =F37 -> TRAPASCARDMD | G38: =G37 -> TRAPASCARDMD | H38: 2040 | I38: =I37 -> LO | K38: =-SUMIFS('TRA RESID'!$P:$P,'TRA RESID'!$I:$I,G38,'TRA RESID'!$J:$J,D38,'TRA RESID'!$H:$H,E38)/SUMIFS('TRA RESID'!$P:$P,'TRA RESID'!$I:$I,G38)*O38 -> 0 | O38: 0 | S38: =IF(S37="*",S37,"") -> * | T38: =T37 -> *BEV* | U38: =U37 -> TRARNG | V38: =V37 -> TRAPASCARDMD | W38: =W37 -> TRAPASCARDMD | X38: 2040 | Y38: =Y37 -> LO | AA38: =-SUMIFS('TRA RESID'!$P:$P,'TRA RESID'!$I:$I,W38,'TRA RESID'!$J:$J,T38,'TRA RESID'!$H:$H,U38)/SUMIFS('TRA RESID'!$P:$P,'TRA RESID'!$I:$I,W38)*AE38 -> 0 | AE38: 1 | AG38: =IF(AG37="*",AG37,"") -> * | AH38: =AH37 -> *HEV* | AI38: =AI37 -> TRARNG | AJ38: =AJ37 -> TRAPASCARDMD | AK38: =AK37 -> TRAPASCARDMD | AL38: 2040 | AM38: =AM37 -> LO | AO38: =-SUMIFS('TRA RESID'!$P:$P,'TRA RESID'!$I:$I,AK38,'TRA RESID'!$J:$J,AH38,'TRA RESID'!$H:$H,AI38)/SUMIFS('TRA RESID'!$P:$P,'TRA RESID'!$I:$I,AK38)*AS38 -> 0 | AS38: 0 | AU38: =IF(AU37="*",AU37,"") -> * | AV38: =AV37 -> *FCEV* | AW38: =AW37 -> TRARNG | AX38: =AX37 -> TRAPASCARDMD | AY38: =AY37 -> TRAPASCARDMD | AZ38: 2040 | BA38: =BA37 -> LO | BC38: =-SUMIFS('TRA RESID'!$P:$P,'TRA RESID'!$I:$I,AY38,'TRA RESID'!$J:$J,AV38,'TRA RESID'!$H:$H,AW38)/SUMIFS('TRA RESID'!$P:$P,'TRA RESID'!$I:$I,AY38)*BG38 -> 0 | BG38: 0
C39: =IF(C38="*",C38,"") -> * | D39: =D38 -> *ICEV* | E39: =E38 -> TRARNG | F39: =F38 -> TRAPASCARDMD | G39: =G38 -> TRAPASCARDMD | H39: 2050 | I39: =I37 -> LO | K39: =-SUMIFS('TRA RESID'!$P:$P,'TRA RESID'!$I:$I,G39,'TRA RESID'!$J:$J,D39,'TRA RESID'!$H:$H,E39)/SUMIFS('TRA RESID'!$P:$P,'TRA RESID'!$I:$I,G39)*O39 -> 0 | O39: 0 | S39: =IF(S38="*",S38,"") -> * | T39: =T38 -> *BEV* | U39: =U38 -> TRARNG | V39: =V38 -> TRAPASCARDMD | W39: =W38 -> TRAPASCARDMD | X39: 2050 | Y39: =Y37 -> LO | AA39: =-SUMIFS('TRA RESID'!$P:$P,'TRA RESID'!$I:$I,W39,'TRA RESID'!$J:$J,T39,'TRA RESID'!$H:$H,U39)/SUMIFS('TRA RESID'!$P:$P,'TRA RESID'!$I:$I,W39)*AE39 -> 0 | AE39: 1 | AG39: =IF(AG38="*",AG38,"") -> * | AH39: =AH38 -> *HEV* | AI39: =AI38 -> TRARNG | AJ39: =AJ38 -> TRAPASCARDMD | AK39: =AK38 -> TRAPASCARDMD | AL39: 2050 | AM39: =AM37 -> LO | AO39: =-SUMIFS('TRA RESID'!$P:$P,'TRA RESID'!$I:$I,AK39,'TRA RESID'!$J:$J,AH39,'TRA RESID'!$H:$H,AI39)/SUMIFS('TRA RESID'!$P:$P,'TRA RESID'!$I:$I,AK39)*AS39 -> 0 | AS39: 0 | AU39: =IF(AU38="*",AU38,"") -> * | AV39: =AV38 -> *FCEV* | AW39: =AW38 -> TRARNG | AX39: =AX38 -> TRAPASCARDMD | AY39: =AY38 -> TRAPASCARDMD | AZ39: 2050 | BA39: =BA37 -> LO | BC39: =-SUMIFS('TRA RESID'!$P:$P,'TRA RESID'!$I:$I,AY39,'TRA RESID'!$J:$J,AV39,'TRA RESID'!$H:$H,AW39)/SUMIFS('TRA RESID'!$P:$P,'TRA RESID'!$I:$I,AY39)*BG39 -> 0 | BG39: 0
A40: =A35+1 -> 8 | C40: =IF(E40="","",IF(_xlfn.XLOOKUP($A40,Selected_constraint!$A:$A,Selected_constraint!$D:$D)=1,"*",IF(SUMIFS('TRA TECH'!$M:$M,'TRA TECH'!$H:$H,E40,'TRA TECH'!$I:$I,F40)=0,"*",IF(SUMIFS('TRA RESID'!$P:$P,'TRA RESID'!$I:$I,G40,'TRA RESID'!$J:$J,D40,'TRA RESID'!$H:$H,E40)=0,"*","UC_"&SUBSTITUTE(D40,"*","")&"_"&RIGHT(E40,3)&"_"&F40)))) -> * | D40: *ICEV* | E40: =_xlfn.XLOOKUP($A40,Selected_constraint!$A:$A,Selected_constraint!$B:$B) -> TRABAT | F40: =_xlfn.XLOOKUP($A40,Selected_constraint!$A:$A,Selected_constraint!$C:$C) -> TRAPASCARDMD | G40: =F40 -> TRAPASCARDMD | H40: 2019 | I40: LO | J40: 1 | K40: =-SUMIFS('TRA RESID'!$P:$P,'TRA RESID'!$I:$I,G40,'TRA RESID'!$J:$J,D40,'TRA RESID'!$H:$H,E40)/SUMIFS('TRA RESID'!$P:$P,'TRA RESID'!$I:$I,G40)*O40 -> 0 | L40: 0 | M40: 5 | O40: 0.98 | Q40: =Q35+1 -> 8 | S40: =IF(SUMIFS('TRA RESID'!$P:$P,'TRA RESID'!$I:$I,W40,'TRA RESID'!$J:$J,T40,'TRA RESID'!$H:$H,U40)=0,"*","UC_"&SUBSTITUTE(T40,"*","")&"_"&RIGHT(U40,3)&"_"&V40) -> UC_BEV_BAT_TRAPASCARDMD | T40: *BEV* | U40: =_xlfn.XLOOKUP($A40,Selected_constraint!$A:$A,Selected_constraint!$B:$B) -> TRABAT | V40: =_xlfn.XLOOKUP($A40,Selected_constraint!$A:$A,Selected_constraint!$C:$C) -> TRAPASCARDMD | W40: =V40 -> TRAPASCARDMD | X40: 2019 | Y40: LO | Z40: 1 | AA40: =-SUMIFS('TRA RESID'!$P:$P,'TRA RESID'!$I:$I,W40,'TRA RESID'!$J:$J,T40,'TRA RESID'!$H:$H,U40)/SUMIFS('TRA RESID'!$P:$P,'TRA RESID'!$I:$I,W40)*AE40 -> -0.0092482523 | AB40: 0 | AC40: 5 | AE40: 0.98 | AG40: =IF(SUMIFS('TRA RESID'!$P:$P,'TRA RESID'!$I:$I,AK40,'TRA RESID'!$J:$J,AH40,'TRA RESID'!$H:$H,AI40)=0,"*","UC_"&SUBSTITUTE(AH40,"*","")&"_"&RIGHT(AI40,3)&"_"&AJ40) -> * | AH40: *HEV* | AI40: =_xlfn.XLOOKUP($A40,Selected_constraint!$A:$A,Selected_constraint!$B:$B) -> TRABAT | AJ40: =_xlfn.XLOOKUP($A40,Selected_constraint!$A:$A,Selected_constraint!$C:$C) -> TRAPASCARDMD | AK40: =AJ40 -> TRAPASCARDMD | AL40: 2019 | AM40: LO | AN40: 1 | AO40: =-SUMIFS('TRA RESID'!$P:$P,'TRA RESID'!$I:$I,AK40,'TRA RESID'!$J:$J,AH40,'TRA RESID'!$H:$H,AI40)/SUMIFS('TRA RESID'!$P:$P,'TRA RESID'!$I:$I,AK40)*AS40 -> 0 | AP40: 0 | AQ40: 5 | AS40: 0.98 | AU40: =IF(SUMIFS('TRA RESID'!$P:$P,'TRA RESID'!$I:$I,AY40,'TRA RESID'!$J:$J,AV40,'TRA RESID'!$H:$H,AW40)=0,"*","UC_"&SUBSTITUTE(AV40,"*","")&"_"&RIGHT(AW40,3)&"_"&AX40) -> * | AV40: *FCEV* | AW40: =_xlfn.XLOOKUP($A40,Selected_constraint!$A:$A,Selected_constraint!$B:$B) -> TRABAT | AX40: =_xlfn.XLOOKUP($A40,Selected_constraint!$A:$A,Selected_constraint!$C:$C) -> TRAPASCARDMD | AY40: =AX40 -> TRAPASCARDMD | AZ40: 2019 | BA40: LO | BB40: 1 | BC40: =-SUMIFS('TRA RESID'!$P:$P,'TRA RESID'!$I:$I,AY40,'TRA RESID'!$J:$J,AV40,'TRA RESID'!$H:$H,AW40)/SUMIFS('TRA RESID'!$P:$P,'TRA RESID'!$I:$I,AY40)*BG40 -> 0 | BD40: 0 | BE40: 5 | BG40: 0.98
C41: =IF(C40="*",C40,"") -> * | D41: =D40 -> *ICEV* | E41: =E40 -> TRABAT | F41: =F40 -> TRAPASCARDMD | G41: =G40 -> TRAPASCARDMD | H41: 2025 | I41: =I40 -> LO | K41: =-SUMIFS('TRA RESID'!$P:$P,'TRA RESID'!$I:$I,G41,'TRA RESID'!$J:$J,D41,'TRA RESID'!$H:$H,E41)/SUMIFS('TRA RESID'!$P:$P,'TRA RESID'!$I:$I,G41)*O41 -> 0 | O41: 0.8 | S41: =IF(S40="*",S40,"") | T41: =T40 -> *BEV* | U41: =U40 -> TRABAT | V41: =V40 -> TRAPASCARDMD | W41: =W40 -> TRAPASCARDMD | X41: 2025 | Y41: =Y40 -> LO | AA41: =-SUMIFS('TRA RESID'!$P:$P,'TRA RESID'!$I:$I,W41,'TRA RESID'!$J:$J,T41,'TRA RESID'!$H:$H,U41)/SUMIFS('TRA RESID'!$P:$P,'TRA RESID'!$I:$I,W41)*AE41 -> -0.0094369922 | AE41: 1 | AG41: =IF(AG40="*",AG40,"") -> * | AH41: =AH40 -> *HEV* | AI41: =AI40 -> TRABAT | AJ41: =AJ40 -> TRAPASCARDMD | AK41: =AK40 -> TRAPASCARDMD | AL41: 2025 | AM41: =AM40 -> LO | AO41: =-SUMIFS('TRA RESID'!$P:$P,'TRA RESID'!$I:$I,AK41,'TRA RESID'!$J:$J,AH41,'TRA RESID'!$H:$H,AI41)/SUMIFS('TRA RESID'!$P:$P,'TRA RESID'!$I:$I,AK41)*AS41 -> 0 | AS41: 0.8 | AU41: =IF(AU40="*",AU40,"") -> * | AV41: =AV40 -> *FCEV* | AW41: =AW40 -> TRABAT | AX41: =AX40 -> TRAPASCARDMD | AY41: =AY40 -> TRAPASCARDMD | AZ41: 2025 | BA41: =BA40 -> LO | BC41: =-SUMIFS('TRA RESID'!$P:$P,'TRA RESID'!$I:$I,AY41,'TRA RESID'!$J:$J,AV41,'TRA RESID'!$H:$H,AW41)/SUMIFS('TRA RESID'!$P:$P,'TRA RESID'!$I:$I,AY41)*BG41 -> 0 | BG41: 0.8
C42: =IF(C41="*",C41,"") -> * | D42: =D41 -> *ICEV* | E42: =E41 -> TRABAT | F42: =F41 -> TRAPASCARDMD | G42: =G41 -> TRAPASCARDMD | H42: 2030 | I42: =I41 -> LO | K42: =-SUMIFS('TRA RESID'!$P:$P,'TRA RESID'!$I:$I,G42,'TRA RESID'!$J:$J,D42,'TRA RESID'!$H:$H,E42)/SUMIFS('TRA RESID'!$P:$P,'TRA RESID'!$I:$I,G42)*O42 -> 0 | O42: 0.5 | S42: =IF(S41="*",S41,"") | T42: =T41 -> *BEV* | U42: =U41 -> TRABAT | V42: =V41 -> TRAPASCARDMD | W42: =W41 -> TRAPASCARDMD | X42: 2030 | Y42: =Y41 -> LO | AA42: =-SUMIFS('TRA RESID'!$P:$P,'TRA RESID'!$I:$I,W42,'TRA RESID'!$J:$J,T42,'TRA RESID'!$H:$H,U42)/SUMIFS('TRA RESID'!$P:$P,'TRA RESID'!$I:$I,W42)*AE42 -> -0.0094369922 | AE42: 1 | AG42: =IF(AG41="*",AG41,"") -> * | AH42: =AH41 -> *HEV* | AI42: =AI41 -> TRABAT | AJ42: =AJ41 -> TRAPASCARDMD | AK42: =AK41 -> TRAPASCARDMD | AL42: 2030 | AM42: =AM41 -> LO | AO42: =-SUMIFS('TRA RESID'!$P:$P,'TRA RESID'!$I:$I,AK42,'TRA RESID'!$J:$J,AH42,'TRA RESID'!$H:$H,AI42)/SUMIFS('TRA RESID'!$P:$P,'TRA RESID'!$I:$I,AK42)*AS42 -> 0 | AS42: 0.5 | AU42: =IF(AU41="*",AU41,"") -> * | AV42: =AV41 -> *FCEV* | AW42: =AW41 -> TRABAT | AX42: =AX41 -> TRAPASCARDMD | AY42: =AY41 -> TRAPASCARDMD | AZ42: 2030 | BA42: =BA41 -> LO | BC42: =-SUMIFS('TRA RESID'!$P:$P,'TRA RESID'!$I:$I,AY42,'TRA RESID'!$J:$J,AV42,'TRA RESID'!$H:$H,AW42)/SUMIFS('TRA RESID'!$P:$P,'TRA RESID'!$I:$I,AY42)*BG42 -> 0 | BG42: 0.5
C43: =IF(C42="*",C42,"") -> * | D43: =D42 -> *ICEV* | E43: =E42 -> TRABAT | F43: =F42 -> TRAPASCARDMD | G43: =G42 -> TRAPASCARDMD | H43: 2040 | I43: =I42 -> LO | K43: =-SUMIFS('TRA RESID'!$P:$P,'TRA RESID'!$I:$I,G43,'TRA RESID'!$J:$J,D43,'TRA RESID'!$H:$H,E43)/SUMIFS('TRA RESID'!$P:$P,'TRA RESID'!$I:$I,G43)*O43 -> 0 | O43: 0 | S43: =IF(S42="*",S42,"") | T43: =T42 -> *BEV* | U43: =U42 -> TRABAT | V43: =V42 -> TRAPASCARDMD | W43: =W42 -> TRAPASCARDMD | X43: 2040 | Y43: =Y42 -> LO | AA43: =-SUMIFS('TRA RESID'!$P:$P,'TRA RESID'!$I:$I,W43,'TRA RESID'!$J:$J,T43,'TRA RESID'!$H:$H,U43)/SUMIFS('TRA RESID'!$P:$P,'TRA RESID'!$I:$I,W43)*AE43 -> -0.0094369922 | AE43: 1 | AG43: =IF(AG42="*",AG42,"") -> * | AH43: =AH42 -> *HEV* | AI43: =AI42 -> TRABAT | AJ43: =AJ42 -> TRAPASCARDMD | AK43: =AK42 -> TRAPASCARDMD | AL43: 2040 | AM43: =AM42 -> LO | AO43: =-SUMIFS('TRA RESID'!$P:$P,'TRA RESID'!$I:$I,AK43,'TRA RESID'!$J:$J,AH43,'TRA RESID'!$H:$H,AI43)/SUMIFS('TRA RESID'!$P:$P,'TRA RESID'!$I:$I,AK43)*AS43 -> 0 | AS43: 0 | AU43: =IF(AU42="*",AU42,"") -> * | AV43: =AV42 -> *FCEV* | AW43: =AW42 -> TRABAT | AX43: =AX42 -> TRAPASCARDMD | AY43: =AY42 -> TRAPASCARDMD | AZ43: 2040 | BA43: =BA42 -> LO | BC43: =-SUMIFS('TRA RESID'!$P:$P,'TRA RESID'!$I:$I,AY43,'TRA RESID'!$J:$J,AV43,'TRA RESID'!$H:$H,AW43)/SUMIFS('TRA RESID'!$P:$P,'TRA RESID'!$I:$I,AY43)*BG43 -> 0 | BG43: 0
C44: =IF(C43="*",C43,"") -> * | D44: =D43 -> *ICEV* | E44: =E43 -> TRABAT | F44: =F43 -> TRAPASCARDMD | G44: =G43 -> TRAPASCARDMD | H44: 2050 | I44: =I42 -> LO | K44: =-SUMIFS('TRA RESID'!$P:$P,'TRA RESID'!$I:$I,G44,'TRA RESID'!$J:$J,D44,'TRA RESID'!$H:$H,E44)/SUMIFS('TRA RESID'!$P:$P,'TRA RESID'!$I:$I,G44)*O44 -> 0 | O44: 0 | S44: =IF(S43="*",S43,"") | T44: =T43 -> *BEV* | U44: =U43 -> TRABAT | V44: =V43 -> TRAPASCARDMD | W44: =W43 -> TRAPASCARDMD | X44: 2050 | Y44: =Y42 -> LO | AA44: =-SUMIFS('TRA RESID'!$P:$P,'TRA RESID'!$I:$I,W44,'TRA RESID'!$J:$J,T44,'TRA RESID'!$H:$H,U44)/SUMIFS('TRA RESID'!$P:$P,'TRA RESID'!$I:$I,W44)*AE44 -> -0.0094369922 | AE44: 1 | AG44: =IF(AG43="*",AG43,"") -> * | AH44: =AH43 -> *HEV* | AI44: =AI43 -> TRABAT | AJ44: =AJ43 -> TRAPASCARDMD | AK44: =AK43 -> TRAPASCARDMD | AL44: 2050 | AM44: =AM42 -> LO | AO44: =-SUMIFS('TRA RESID'!$P:$P,'TRA RESID'!$I:$I,AK44,'TRA RESID'!$J:$J,AH44,'TRA RESID'!$H:$H,AI44)/SUMIFS('TRA RESID'!$P:$P,'TRA RESID'!$I:$I,AK44)*AS44 -> 0 | AS44: 0 | AU44: =IF(AU43="*",AU43,"") -> * | AV44: =AV43 -> *FCEV* | AW44: =AW43 -> TRABAT | AX44: =AX43 -> TRAPASCARDMD | AY44: =AY43 -> TRAPASCARDMD | AZ44: 2050 | BA44: =BA42 -> LO | BC44: =-SUMIFS('TRA RESID'!$P:$P,'TRA RESID'!$I:$I,AY44,'TRA RESID'!$J:$J,AV44,'TRA RESID'!$H:$H,AW44)/SUMIFS('TRA RESID'!$P:$P,'TRA RESID'!$I:$I,AY44)*BG44 -> 0 | BG44: 0
A45: =A40+1 -> 9 | C45: =IF(E45="","",IF(_xlfn.XLOOKUP($A45,Selected_constraint!$A:$A,Selected_constraint!$D:$D)=1,"*",IF(SUMIFS('TRA TECH'!$M:$M,'TRA TECH'!$H:$H,E45,'TRA TECH'!$I:$I,F45)=0,"*",IF(SUMIFS('TRA RESID'!$P:$P,'TRA RESID'!$I:$I,G45,'TRA RESID'!$J:$J,D45,'TRA RESID'!$H:$H,E45)=0,"*","UC_"&SUBSTITUTE(D45,"*","")&"_"&RIGHT(E45,3)&"_"&F45)))) -> * | D45: *ICEV* | E45: =_xlfn.XLOOKUP($A45,Selected_constraint!$A:$A,Selected_constraint!$B:$B) -> TRAH2G | F45: =_xlfn.XLOOKUP($A45,Selected_constraint!$A:$A,Selected_constraint!$C:$C) -> TRAPASCARDMD | G45: =F45 -> TRAPASCARDMD | H45: 2019 | I45: LO | J45: 1 | K45: =-SUMIFS('TRA RESID'!$P:$P,'TRA RESID'!$I:$I,G45,'TRA RESID'!$J:$J,D45,'TRA RESID'!$H:$H,E45)/SUMIFS('TRA RESID'!$P:$P,'TRA RESID'!$I:$I,G45)*O45 -> 0 | L45: 0 | M45: 5 | O45: 0.98 | Q45: =Q40+1 -> 9 | S45: =IF(SUMIFS('TRA RESID'!$P:$P,'TRA RESID'!$I:$I,W45,'TRA RESID'!$J:$J,T45,'TRA RESID'!$H:$H,U45)=0,"*","UC_"&SUBSTITUTE(T45,"*","")&"_"&RIGHT(U45,3)&"_"&V45) -> * | T45: *BEV* | U45: =_xlfn.XLOOKUP($A45,Selected_constraint!$A:$A,Selected_constraint!$B:$B) -> TRAH2G | V45: =_xlfn.XLOOKUP($A45,Selected_constraint!$A:$A,Selected_constraint!$C:$C) -> TRAPASCARDMD | W45: =V45 -> TRAPASCARDMD | X45: 2019 | Y45: LO | Z45: 1 | AA45: =-SUMIFS('TRA RESID'!$P:$P,'TRA RESID'!$I:$I,W45,'TRA RESID'!$J:$J,T45,'TRA RESID'!$H:$H,U45)/SUMIFS('TRA RESID'!$P:$P,'TRA RESID'!$I:$I,W45)*AE45 -> 0 | AB45: 0 | AC45: 5 | AE45: 0.98 | AG45: =IF(SUMIFS('TRA RESID'!$P:$P,'TRA RESID'!$I:$I,AK45,'TRA RESID'!$J:$J,AH45,'TRA RESID'!$H:$H,AI45)=0,"*","UC_"&SUBSTITUTE(AH45,"*","")&"_"&RIGHT(AI45,3)&"_"&AJ45) -> * | AH45: *HEV* | AI45: =_xlfn.XLOOKUP($A45,Selected_constraint!$A:$A,Selected_constraint!$B:$B) -> TRAH2G | AJ45: =_xlfn.XLOOKUP($A45,Selected_constraint!$A:$A,Selected_constraint!$C:$C) -> TRAPASCARDMD | AK45: =AJ45 -> TRAPASCARDMD | AL45: 2019 | AM45: LO | AN45: 1 | AO45: =-SUMIFS('TRA RESID'!$P:$P,'TRA RESID'!$I:$I,AK45,'TRA RESID'!$J:$J,AH45,'TRA RESID'!$H:$H,AI45)/SUMIFS('TRA RESID'!$P:$P,'TRA RESID'!$I:$I,AK45)*AS45 -> 0 | AP45: 0 | AQ45: 5 | AS45: 0.98 | AU45: =IF(SUMIFS('TRA RESID'!$P:$P,'TRA RESID'!$I:$I,AY45,'TRA RESID'!$J:$J,AV45,'TRA RESID'!$H:$H,AW45)=0,"*","UC_"&SUBSTITUTE(AV45,"*","")&"_"&RIGHT(AW45,3)&"_"&AX45) -> * | AV45: *FCEV* | AW45: =_xlfn.XLOOKUP($A45,Selected_constraint!$A:$A,Selected_constraint!$B:$B) -> TRAH2G | AX45: =_xlfn.XLOOKUP($A45,Selected_constraint!$A:$A,Selected_constraint!$C:$C) -> TRAPASCARDMD | AY45: =AX45 -> TRAPASCARDMD | AZ45: 2019 | BA45: LO | BB45: 1 | BC45: =-SUMIFS('TRA RESID'!$P:$P,'TRA RESID'!$I:$I,AY45,'TRA RESID'!$J:$J,AV45,'TRA RESID'!$H:$H,AW45)/SUMIFS('TRA RESID'!$P:$P,'TRA RESID'!$I:$I,AY45)*BG45 -> 0 | BD45: 0 | BE45: 5 | BG45: 0.98
C46: =IF(C45="*",C45,"") -> * | D46: =D45 -> *ICEV* | E46: =E45 -> TRAH2G | F46: =F45 -> TRAPASCARDMD | G46: =G45 -> TRAPASCARDMD | H46: 2025 | I46: =I45 -> LO | K46: =-SUMIFS('TRA RESID'!$P:$P,'TRA RESID'!$I:$I,G46,'TRA RESID'!$J:$J,D46,'TRA RESID'!$H:$H,E46)/SUMIFS('TRA RESID'!$P:$P,'TRA RESID'!$I:$I,G46)*O46 -> 0 | O46: 0.8 | S46: =IF(S45="*",S45,"") -> * | T46: =T45 -> *BEV* | U46: =U45 -> TRAH2G | V46: =V45 -> TRAPASCARDMD | W46: =W45 -> TRAPASCARDMD | X46: 2025 | Y46: =Y45 -> LO | AA46: =-SUMIFS('TRA RESID'!$P:$P,'TRA RESID'!$I:$I,W46,'TRA RESID'!$J:$J,T46,'TRA RESID'!$H:$H,U46)/SUMIFS('TRA RESID'!$P:$P,'TRA RESID'!$I:$I,W46)*AE46 -> 0 | AE46: 1 | AG46: =IF(AG45="*",AG45,"") -> * | AH46: =AH45 -> *HEV* | AI46: =AI45 -> TRAH2G | AJ46: =AJ45 -> TRAPASCARDMD | AK46: =AK45 -> TRAPASCARDMD | AL46: 2025 | AM46: =AM45 -> LO | AO46: =-SUMIFS('TRA RESID'!$P:$P,'TRA RESID'!$I:$I,AK46,'TRA RESID'!$J:$J,AH46,'TRA RESID'!$H:$H,AI46)/SUMIFS('TRA RESID'!$P:$P,'TRA RESID'!$I:$I,AK46)*AS46 -> 0 | AS46: 0.8 | AU46: =IF(AU45="*",AU45,"") -> * | AV46: =AV45 -> *FCEV* | AW46: =AW45 -> TRAH2G | AX46: =AX45 -> TRAPASCARDMD | AY46: =AY45 -> TRAPASCARDMD | AZ46: 2025 | BA46: =BA45 -> LO | BC46: =-SUMIFS('TRA RESID'!$P:$P,'TRA RESID'!$I:$I,AY46,'TRA RESID'!$J:$J,AV46,'TRA RESID'!$H:$H,AW46)/SUMIFS('TRA RESID'!$P:$P,'TRA RESID'!$I:$I,AY46)*BG46 -> 0 | BG46: 0.8
C47: =IF(C46="*",C46,"") -> * | D47: =D46 -> *ICEV* | E47: =E46 -> TRAH2G | F47: =F46 -> TRAPASCARDMD | G47: =G46 -> TRAPASCARDMD | H47: 2030 | I47: =I46 -> LO | K47: =-SUMIFS('TRA RESID'!$P:$P,'TRA RESID'!$I:$I,G47,'TRA RESID'!$J:$J,D47,'TRA RESID'!$H:$H,E47)/SUMIFS('TRA RESID'!$P:$P,'TRA RESID'!$I:$I,G47)*O47 -> 0 | O47: 0.5 | S47: =IF(S46="*",S46,"") -> * | T47: =T46 -> *BEV* | U47: =U46 -> TRAH2G | V47: =V46 -> TRAPASCARDMD | W47: =W46 -> TRAPASCARDMD | X47: 2030 | Y47: =Y46 -> LO | AA47: =-SUMIFS('TRA RESID'!$P:$P,'TRA RESID'!$I:$I,W47,'TRA RESID'!$J:$J,T47,'TRA RESID'!$H:$H,U47)/SUMIFS('TRA RESID'!$P:$P,'TRA RESID'!$I:$I,W47)*AE47 -> 0 | AE47: 1 | AG47: =IF(AG46="*",AG46,"") -> * | AH47: =AH46 -> *HEV* | AI47: =AI46 -> TRAH2G | AJ47: =AJ46 -> TRAPASCARDMD | AK47: =AK46 -> TRAPASCARDMD | AL47: 2030 | AM47: =AM46 -> LO | AO47: =-SUMIFS('TRA RESID'!$P:$P,'TRA RESID'!$I:$I,AK47,'TRA RESID'!$J:$J,AH47,'TRA RESID'!$H:$H,AI47)/SUMIFS('TRA RESID'!$P:$P,'TRA RESID'!$I:$I,AK47)*AS47 -> 0 | AS47: 0.5 | AU47: =IF(AU46="*",AU46,"") -> * | AV47: =AV46 -> *FCEV* | AW47: =AW46 -> TRAH2G | AX47: =AX46 -> TRAPASCARDMD | AY47: =AY46 -> TRAPASCARDMD | AZ47: 2030 | BA47: =BA46 -> LO | BC47: =-SUMIFS('TRA RESID'!$P:$P,'TRA RESID'!$I:$I,AY47,'TRA RESID'!$J:$J,AV47,'TRA RESID'!$H:$H,AW47)/SUMIFS('TRA RESID'!$P:$P,'TRA RESID'!$I:$I,AY47)*BG47 -> 0 | BG47: 0.5
C48: =IF(C47="*",C47,"") -> * | D48: =D47 -> *ICEV* | E48: =E47 -> TRAH2G | F48: =F47 -> TRAPASCARDMD | G48: =G47 -> TRAPASCARDMD | H48: 2040 | I48: =I47 -> LO | K48: =-SUMIFS('TRA RESID'!$P:$P,'TRA RESID'!$I:$I,G48,'TRA RESID'!$J:$J,D48,'TRA RESID'!$H:$H,E48)/SUMIFS('TRA RESID'!$P:$P,'TRA RESID'!$I:$I,G48)*O48 -> 0 | O48: 0 | S48: =IF(S47="*",S47,"") -> * | T48: =T47 -> *BEV* | U48: =U47 -> TRAH2G | V48: =V47 -> TRAPASCARDMD | W48: =W47 -> TRAPASCARDMD | X48: 2040 | Y48: =Y47 -> LO | AA48: =-SUMIFS('TRA RESID'!$P:$P,'TRA RESID'!$I:$I,W48,'TRA RESID'!$J:$J,T48,'TRA RESID'!$H:$H,U48)/SUMIFS('TRA RESID'!$P:$P,'TRA RESID'!$I:$I,W48)*AE48 -> 0 | AE48: 1 | AG48: =IF(AG47="*",AG47,"") -> * | AH48: =AH47 -> *HEV* | AI48: =AI47 -> TRAH2G | AJ48: =AJ47 -> TRAPASCARDMD | AK48: =AK47 -> TRAPASCARDMD | AL48: 2040 | AM48: =AM47 -> LO | AO48: =-SUMIFS('TRA RESID'!$P:$P,'TRA RESID'!$I:$I,AK48,'TRA RESID'!$J:$J,AH48,'TRA RESID'!$H:$H,AI48)/SUMIFS('TRA RESID'!$P:$P,'TRA RESID'!$I:$I,AK48)*AS48 -> 0 | AS48: 0 | AU48: =IF(AU47="*",AU47,"") -> * | AV48: =AV47 -> *FCEV* | AW48: =AW47 -> TRAH2G | AX48: =AX47 -> TRAPASCARDMD | AY48: =AY47 -> TRAPASCARDMD | AZ48: 2040 | BA48: =BA47 -> LO | BC48: =-SUMIFS('TRA RESID'!$P:$P,'TRA RESID'!$I:$I,AY48,'TRA RESID'!$J:$J,AV48,'TRA RESID'!$H:$H,AW48)/SUMIFS('TRA RESID'!$P:$P,'TRA RESID'!$I:$I,AY48)*BG48 -> 0 | BG48: 0
C49: =IF(C48="*",C48,"") -> * | D49: =D48 -> *ICEV* | E49: =E48 -> TRAH2G | F49: =F48 -> TRAPASCARDMD | G49: =G48 -> TRAPASCARDMD | H49: 2050 | I49: =I47 -> LO | K49: =-SUMIFS('TRA RESID'!$P:$P,'TRA RESID'!$I:$I,G49,'TRA RESID'!$J:$J,D49,'TRA RESID'!$H:$H,E49)/SUMIFS('TRA RESID'!$P:$P,'TRA RESID'!$I:$I,G49)*O49 -> 0 | O49: 0 | S49: =IF(S48="*",S48,"") -> * | T49: =T48 -> *BEV* | U49: =U48 -> TRAH2G | V49: =V48 -> TRAPASCARDMD | W49: =W48 -> TRAPASCARDMD | X49: 2050 | Y49: =Y47 -> LO | AA49: =-SUMIFS('TRA RESID'!$P:$P,'TRA RESID'!$I:$I,W49,'TRA RESID'!$J:$J,T49,'TRA RESID'!$H:$H,U49)/SUMIFS('TRA RESID'!$P:$P,'TRA RESID'!$I:$I,W49)*AE49 -> 0 | AE49: 1 | AG49: =IF(AG48="*",AG48,"") -> * | AH49: =AH48 -> *HEV* | AI49: =AI48 -> TRAH2G | AJ49: =AJ48 -> TRAPASCARDMD | AK49: =AK48 -> TRAPASCARDMD | AL49: 2050 | AM49: =AM47 -> LO | AO49: =-SUMIFS('TRA RESID'!$P:$P,'TRA RESID'!$I:$I,AK49,'TRA RESID'!$J:$J,AH49,'TRA RESID'!$H:$H,AI49)/SUMIFS('TRA RESID'!$P:$P,'TRA RESID'!$I:$I,AK49)*AS49 -> 0 | AS49: 0 | AU49: =IF(AU48="*",AU48,"") -> * | AV49: =AV48 -> *FCEV* | AW49: =AW48 -> TRAH2G | AX49: =AX48 -> TRAPASCARDMD | AY49: =AY48 -> TRAPASCARDMD | AZ49: 2050 | BA49: =BA47 -> LO | BC49: =-SUMIFS('TRA RESID'!$P:$P,'TRA RESID'!$I:$I,AY49,'TRA RESID'!$J:$J,AV49,'TRA RESID'!$H:$H,AW49)/SUMIFS('TRA RESID'!$P:$P,'TRA RESID'!$I:$I,AY49)*BG49 -> 0 | BG49: 0
A50: =A45+1 -> 10 | C50: =IF(E50="","",IF(_xlfn.XLOOKUP($A50,Selected_constraint!$A:$A,Selected_constraint!$D:$D)=1,"*",IF(SUMIFS('TRA TECH'!$M:$M,'TRA TECH'!$H:$H,E50,'TRA TECH'!$I:$I,F50)=0,"*",IF(SUMIFS('TRA RESID'!$P:$P,'TRA RESID'!$I:$I,G50,'TRA RESID'!$J:$J,D50,'TRA RESID'!$H:$H,E50)=0,"*","UC_"&SUBSTITUTE(D50,"*","")&"_"&RIGHT(E50,3)&"_"&F50)))) -> * | D50: *ICEV* | E50: =_xlfn.XLOOKUP($A50,Selected_constraint!$A:$A,Selected_constraint!$B:$B) -> TRAGSL | F50: =_xlfn.XLOOKUP($A50,Selected_constraint!$A:$A,Selected_constraint!$C:$C) -> TRAPASLDTDMD | G50: =F50 -> TRAPASLDTDMD | H50: 2019 | I50: LO | J50: 1 | K50: =-SUMIFS('TRA RESID'!$P:$P,'TRA RESID'!$I:$I,G50,'TRA RESID'!$J:$J,D50,'TRA RESID'!$H:$H,E50)/SUMIFS('TRA RESID'!$P:$P,'TRA RESID'!$I:$I,G50)*O50 -> #DIV/0! | L50: 0 | M50: 5 | O50: 0.98 | Q50: =Q45+1 -> 10 | S50: =IF(SUMIFS('TRA RESID'!$P:$P,'TRA RESID'!$I:$I,W50,'TRA RESID'!$J:$J,T50,'TRA RESID'!$H:$H,U50)=0,"*","UC_"&SUBSTITUTE(T50,"*","")&"_"&RIGHT(U50,3)&"_"&V50) -> * | T50: *BEV* | U50: =_xlfn.XLOOKUP($A50,Selected_constraint!$A:$A,Selected_constraint!$B:$B) -> TRAGSL | V50: =_xlfn.XLOOKUP($A50,Selected_constraint!$A:$A,Selected_constraint!$C:$C) -> TRAPASLDTDMD | W50: =V50 -> TRAPASLDTDMD | X50: 2019 | Y50: LO | Z50: 1 | AA50: =-SUMIFS('TRA RESID'!$P:$P,'TRA RESID'!$I:$I,W50,'TRA RESID'!$J:$J,T50,'TRA RESID'!$H:$H,U50)/SUMIFS('TRA RESID'!$P:$P,'TRA RESID'!$I:$I,W50)*AE50 -> #DIV/0! | AB50: 0 | AC50: 5 | AE50: 0.98 | AG50: =IF(SUMIFS('TRA RESID'!$P:$P,'TRA RESID'!$I:$I,AK50,'TRA RESID'!$J:$J,AH50,'TRA RESID'!$H:$H,AI50)=0,"*","UC_"&SUBSTITUTE(AH50,"*","")&"_"&RIGHT(AI50,3)&"_"&AJ50) -> * | AH50: *HEV* | AI50: =_xlfn.XLOOKUP($A50,Selected_constraint!$A:$A,Selected_constraint!$B:$B) -> TRAGSL | AJ50: =_xlfn.XLOOKUP($A50,Selected_constraint!$A:$A,Selected_constraint!$C:$C) -> TRAPASLDTDMD | AK50: =AJ50 -> TRAPASLDTDMD | AL50: 2019 | AM50: LO | AN50: 1 | AO50: =-SUMIFS('TRA RESID'!$P:$P,'TRA RESID'!$I:$I,AK50,'TRA RESID'!$J:$J,AH50,'TRA RESID'!$H:$H,AI50)/SUMIFS('TRA RESID'!$P:$P,'TRA RESID'!$I:$I,AK50)*AS50 -> #DIV/0! | AP50: 0 | AQ50: 5 | AS50: 0.98 | AU50: =IF(SUMIFS('TRA RESID'!$P:$P,'TRA RESID'!$I:$I,AY50,'TRA RESID'!$J:$J,AV50,'TRA RESID'!$H:$H,AW50)=0,"*","UC_"&SUBSTITUTE(AV50,"*","")&"_"&RIGHT(AW50,3)&"_"&AX50) -> * | AV50: *FCEV* | AW50: =_xlfn.XLOOKUP($A50,Selected_constraint!$A:$A,Selected_constraint!$B:$B) -> TRAGSL | AX50: =_xlfn.XLOOKUP($A50,Selected_constraint!$A:$A,Selected_constraint!$C:$C) -> TRAPASLDTDMD | AY50: =AX50 -> TRAPASLDTDMD | AZ50: 2019 | BA50: LO | BB50: 1 | BC50: =-SUMIFS('TRA RESID'!$P:$P,'TRA RESID'!$I:$I,AY50,'TRA RESID'!$J:$J,AV50,'TRA RESID'!$H:$H,AW50)/SUMIFS('TRA RESID'!$P:$P,'TRA RESID'!$I:$I,AY50)*BG50 -> #DIV/0! | BD50: 0 | BE50: 5 | BG50: 0.98
C51: =IF(C50="*",C50,"") -> * | D51: =D50 -> *ICEV* | E51: =E50 -> TRAGSL | F51: =F50 -> TRAPASLDTDMD | G51: =G50 -> TRAPASLDTDMD | H51: 2025 | I51: =I50 -> LO | K51: =-SUMIFS('TRA RESID'!$P:$P,'TRA RESID'!$I:$I,G51,'TRA RESID'!$J:$J,D51,'TRA RESID'!$H:$H,E51)/SUMIFS('TRA RESID'!$P:$P,'TRA RESID'!$I:$I,G51)*O51 -> #DIV/0! | O51: 0.8 | S51: =IF(S50="*",S50,"") -> * | T51: =T50 -> *BEV* | U51: =U50 -> TRAGSL | V51: =V50 -> TRAPASLDTDMD | W51: =W50 -> TRAPASLDTDMD | X51: 2025 | Y51: =Y50 -> LO | AA51: =-SUMIFS('TRA RESID'!$P:$P,'TRA RESID'!$I:$I,W51,'TRA RESID'!$J:$J,T51,'TRA RESID'!$H:$H,U51)/SUMIFS('TRA RESID'!$P:$P,'TRA RESID'!$I:$I,W51)*AE51 -> #DIV/0! | AE51: 1 | AG51: =IF(AG50="*",AG50,"") -> * | AH51: =AH50 -> *HEV* | AI51: =AI50 -> TRAGSL | AJ51: =AJ50 -> TRAPASLDTDMD | AK51: =AK50 -> TRAPASLDTDMD | AL51: 2025 | AM51: =AM50 -> LO | AO51: =-SUMIFS('TRA RESID'!$P:$P,'TRA RESID'!$I:$I,AK51,'TRA RESID'!$J:$J,AH51,'TRA RESID'!$H:$H,AI51)/SUMIFS('TRA RESID'!$P:$P,'TRA RESID'!$I:$I,AK51)*AS51 -> #DIV/0! | AS51: 0.8 | AU51: =IF(AU50="*",AU50,"") -> * | AV51: =AV50 -> *FCEV* | AW51: =AW50 -> TRAGSL | AX51: =AX50 -> TRAPASLDTDMD | AY51: =AY50 -> TRAPASLDTDMD | AZ51: 2025 | BA51: =BA50 -> LO | BC51: =-SUMIFS('TRA RESID'!$P:$P,'TRA RESID'!$I:$I,AY51,'TRA RESID'!$J:$J,AV51,'TRA RESID'!$H:$H,AW51)/SUMIFS('TRA RESID'!$P:$P,'TRA RESID'!$I:$I,AY51)*BG51 -> #DIV/0! | BG51: 0.8
C52: =IF(C51="*",C51,"") -> * | D52: =D51 -> *ICEV* | E52: =E51 -> TRAGSL | F52: =F51 -> TRAPASLDTDMD | G52: =G51 -> TRAPASLDTDMD | H52: 2030 | I52: =I51 -> LO | K52: =-SUMIFS('TRA RESID'!$P:$P,'TRA RESID'!$I:$I,G52,'TRA RESID'!$J:$J,D52,'TRA RESID'!$H:$H,E52)/SUMIFS('TRA RESID'!$P:$P,'TRA RESID'!$I:$I,G52)*O52 -> #DIV/0! | O52: 0.5 | S52: =IF(S51="*",S51,"") -> * | T52: =T51 -> *BEV* | U52: =U51 -> TRAGSL | V52: =V51 -> TRAPASLDTDMD | W52: =W51 -> TRAPASLDTDMD | X52: 2030 | Y52: =Y51 -> LO | AA52: =-SUMIFS('TRA RESID'!$P:$P,'TRA RESID'!$I:$I,W52,'TRA RESID'!$J:$J,T52,'TRA RESID'!$H:$H,U52)/SUMIFS('TRA RESID'!$P:$P,'TRA RESID'!$I:$I,W52)*AE52 -> #DIV/0! | AE52: 1 | AG52: =IF(AG51="*",AG51,"") -> * | AH52: =AH51 -> *HEV* | AI52: =AI51 -> TRAGSL | AJ52: =AJ51 -> TRAPASLDTDMD | AK52: =AK51 -> TRAPASLDTDMD | AL52: 2030 | AM52: =AM51 -> LO | AO52: =-SUMIFS('TRA RESID'!$P:$P,'TRA RESID'!$I:$I,AK52,'TRA RESID'!$J:$J,AH52,'TRA RESID'!$H:$H,AI52)/SUMIFS('TRA RESID'!$P:$P,'TRA RESID'!$I:$I,AK52)*AS52 -> #DIV/0! | AS52: 0.5 | AU52: =IF(AU51="*",AU51,"") -> * | AV52: =AV51 -> *FCEV* | AW52: =AW51 -> TRAGSL | AX52: =AX51 -> TRAPASLDTDMD | AY52: =AY51 -> TRAPASLDTDMD | AZ52: 2030 | BA52: =BA51 -> LO | BC52: =-SUMIFS('TRA RESID'!$P:$P,'TRA RESID'!$I:$I,AY52,'TRA RESID'!$J:$J,AV52,'TRA RESID'!$H:$H,AW52)/SUMIFS('TRA RESID'!$P:$P,'TRA RESID'!$I:$I,AY52)*BG52 -> #DIV/0! | BG52: 0.5
C53: =IF(C52="*",C52,"") -> * | D53: =D52 -> *ICEV* | E53: =E52 -> TRAGSL | F53: =F52 -> TRAPASLDTDMD | G53: =G52 -> TRAPASLDTDMD | H53: 2040 | I53: =I52 -> LO | K53: =-SUMIFS('TRA RESID'!$P:$P,'TRA RESID'!$I:$I,G53,'TRA RESID'!$J:$J,D53,'TRA RESID'!$H:$H,E53)/SUMIFS('TRA RESID'!$P:$P,'TRA RESID'!$I:$I,G53)*O53 -> #DIV/0! | O53: 0 | S53: =IF(S52="*",S52,"") -> * | T53: =T52 -> *BEV* | U53: =U52 -> TRAGSL | V53: =V52 -> TRAPASLDTDMD | W53: =W52 -> TRAPASLDTDMD | X53: 2040 | Y53: =Y52 -> LO | AA53: =-SUMIFS('TRA RESID'!$P:$P,'TRA RESID'!$I:$I,W53,'TRA RESID'!$J:$J,T53,'TRA RESID'!$H:$H,U53)/SUMIFS('TRA RESID'!$P:$P,'TRA RESID'!$I:$I,W53)*AE53 -> #DIV/0! | AE53: 1 | AG53: =IF(AG52="*",AG52,"") -> * | AH53: =AH52 -> *HEV* | AI53: =AI52 -> TRAGSL | AJ53: =AJ52 -> TRAPASLDTDMD | AK53: =AK52 -> TRAPASLDTDMD | AL53: 2040 | AM53: =AM52 -> LO | AO53: =-SUMIFS('TRA RESID'!$P:$P,'TRA RESID'!$I:$I,AK53,'TRA RESID'!$J:$J,AH53,'TRA RESID'!$H:$H,AI53)/SUMIFS('TRA RESID'!$P:$P,'TRA RESID'!$I:$I,AK53)*AS53 -> #DIV/0! | AS53: 0 | AU53: =IF(AU52="*",AU52,"") -> * | AV53: =AV52 -> *FCEV* | AW53: =AW52 -> TRAGSL | AX53: =AX52 -> TRAPASLDTDMD | AY53: =AY52 -> TRAPASLDTDMD | AZ53: 2040 | BA53: =BA52 -> LO | BC53: =-SUMIFS('TRA RESID'!$P:$P,'TRA RESID'!$I:$I,AY53,'TRA RESID'!$J:$J,AV53,'TRA RESID'!$H:$H,AW53)/SUMIFS('TRA RESID'!$P:$P,'TRA RESID'!$I:$I,AY53)*BG53 -> #DIV/0! | BG53: 0
C54: =IF(C53="*",C53,"") -> * | D54: =D53 -> *ICEV* | E54: =E53 -> TRAGSL | F54: =F53 -> TRAPASLDTDMD | G54: =G53 -> TRAPASLDTDMD | H54: 2050 | I54: =I52 -> LO | K54: =-SUMIFS('TRA RESID'!$P:$P,'TRA RESID'!$I:$I,G54,'TRA RESID'!$J:$J,D54,'TRA RESID'!$H:$H,E54)/SUMIFS('TRA RESID'!$P:$P,'TRA RESID'!$I:$I,G54)*O54 -> #DIV/0! | O54: 0 | S54: =IF(S53="*",S53,"") -> * | T54: =T53 -> *BEV* | U54: =U53 -> TRAGSL | V54: =V53 -> TRAPASLDTDMD | W54: =W53 -> TRAPASLDTDMD | X54: 2050 | Y54: =Y52 -> LO | AA54: =-SUMIFS('TRA RESID'!$P:$P,'TRA RESID'!$I:$I,W54,'TRA RESID'!$J:$J,T54,'TRA RESID'!$H:$H,U54)/SUMIFS('TRA RESID'!$P:$P,'TRA RESID'!$I:$I,W54)*AE54 -> #DIV/0! | AE54: 1 | AG54: =IF(AG53="*",AG53,"") -> * | AH54: =AH53 -> *HEV* | AI54: =AI53 -> TRAGSL | AJ54: =AJ53 -> TRAPASLDTDMD | AK54: =AK53 -> TRAPASLDTDMD | AL54: 2050 | AM54: =AM52 -> LO | AO54: =-SUMIFS('TRA RESID'!$P:$P,'TRA RESID'!$I:$I,AK54,'TRA RESID'!$J:$J,AH54,'TRA RESID'!$H:$H,AI54)/SUMIFS('TRA RESID'!$P:$P,'TRA RESID'!$I:$I,AK54)*AS54 -> #DIV/0! | AS54: 0 | AU54: =IF(AU53="*",AU53,"") -> * | AV54: =AV53 -> *FCEV* | AW54: =AW53 -> TRAGSL | AX54: =AX53 -> TRAPASLDTDMD | AY54: =AY53 -> TRAPASLDTDMD | AZ54: 2050 | BA54: =BA52 -> LO | BC54: =-SUMIFS('TRA RESID'!$P:$P,'TRA RESID'!$I:$I,AY54,'TRA RESID'!$J:$J,AV54,'TRA RESID'!$H:$H,AW54)/SUMIFS('TRA RESID'!$P:$P,'TRA RESID'!$I:$I,AY54)*BG54 -> #DIV/0! | BG54: 0
A55: =A50+1 -> 11 | C55: =IF(E55="","",IF(_xlfn.XLOOKUP($A55,Selected_constraint!$A:$A,Selected_constraint!$D:$D)=1,"*",IF(SUMIFS('TRA TECH'!$M:$M,'TRA TECH'!$H:$H,E55,'TRA TECH'!$I:$I,F55)=0,"*",IF(SUMIFS('TRA RESID'!$P:$P,'TRA RESID'!$I:$I,G55,'TRA RESID'!$J:$J,D55,'TRA RESID'!$H:$H,E55)=0,"*","UC_"&SUBSTITUTE(D55,"*","")&"_"&RIGHT(E55,3)&"_"&F55)))) -> * | D55: *ICEV* | E55: =_xlfn.XLOOKUP($A55,Selected_constraint!$A:$A,Selected_constraint!$B:$B) -> TRAETH | F55: =_xlfn.XLOOKUP($A55,Selected_constraint!$A:$A,Selected_constraint!$C:$C) -> TRAPASLDTDMD | G55: =F55 -> TRAPASLDTDMD | H55: 2019 | I55: LO | J55: 1 | K55: =-SUMIFS('TRA RESID'!$P:$P,'TRA RESID'!$I:$I,G55,'TRA RESID'!$J:$J,D55,'TRA RESID'!$H:$H,E55)/SUMIFS('TRA RESID'!$P:$P,'TRA RESID'!$I:$I,G55)*O55 -> #DIV/0! | L55: 0 | M55: 5 | O55: 0.98 | Q55: =Q50+1 -> 11 | S55: =IF(SUMIFS('TRA RESID'!$P:$P,'TRA RESID'!$I:$I,W55,'TRA RESID'!$J:$J,T55,'TRA RESID'!$H:$H,U55)=0,"*","UC_"&SUBSTITUTE(T55,"*","")&"_"&RIGHT(U55,3)&"_"&V55) -> * | T55: *BEV* | U55: =_xlfn.XLOOKUP($A55,Selected_constraint!$A:$A,Selected_constraint!$B:$B) -> TRAETH | V55: =_xlfn.XLOOKUP($A55,Selected_constraint!$A:$A,Selected_constraint!$C:$C) -> TRAPASLDTDMD | W55: =V55 -> TRAPASLDTDMD | X55: 2019 | Y55: LO | Z55: 1 | AA55: =-SUMIFS('TRA RESID'!$P:$P,'TRA RESID'!$I:$I,W55,'TRA RESID'!$J:$J,T55,'TRA RESID'!$H:$H,U55)/SUMIFS('TRA RESID'!$P:$P,'TRA RESID'!$I:$I,W55)*AE55 -> #DIV/0! | AB55: 0 | AC55: 5 | AE55: 0.98 | AG55: =IF(SUMIFS('TRA RESID'!$P:$P,'TRA RESID'!$I:$I,AK55,'TRA RESID'!$J:$J,AH55,'TRA RESID'!$H:$H,AI55)=0,"*","UC_"&SUBSTITUTE(AH55,"*","")&"_"&RIGHT(AI55,3)&"_"&AJ55) -> * | AH55: *HEV* | AI55: =_xlfn.XLOOKUP($A55,Selected_constraint!$A:$A,Selected_constraint!$B:$B) -> TRAETH | AJ55: =_xlfn.XLOOKUP($A55,Selected_constraint!$A:$A,Selected_constraint!$C:$C) -> TRAPASLDTDMD | AK55: =AJ55 -> TRAPASLDTDMD | AL55: 2019 | AM55: LO | AN55: 1 | AO55: =-SUMIFS('TRA RESID'!$P:$P,'TRA RESID'!$I:$I,AK55,'TRA RESID'!$J:$J,AH55,'TRA RESID'!$H:$H,AI55)/SUMIFS('TRA RESID'!$P:$P,'TRA RESID'!$I:$I,AK55)*AS55 -> #DIV/0! | AP55: 0 | AQ55: 5 | AS55: 0.98 | AU55: =IF(SUMIFS('TRA RESID'!$P:$P,'TRA RESID'!$I:$I,AY55,'TRA RESID'!$J:$J,AV55,'TRA RESID'!$H:$H,AW55)=0,"*","UC_"&SUBSTITUTE(AV55,"*","")&"_"&RIGHT(AW55,3)&"_"&AX55) -> * | AV55: *FCEV* | AW55: =_xlfn.XLOOKUP($A55,Selected_constraint!$A:$A,Selected_constraint!$B:$B) -> TRAETH | AX55: =_xlfn.XLOOKUP($A55,Selected_constraint!$A:$A,Selected_constraint!$C:$C) -> TRAPASLDTDMD | AY55: =AX55 -> TRAPASLDTDMD | AZ55: 2019 | BA55: LO | BB55: 1 | BC55: =-SUMIFS('TRA RESID'!$P:$P,'TRA RESID'!$I:$I,AY55,'TRA RESID'!$J:$J,AV55,'TRA RESID'!$H:$H,AW55)/SUMIFS('TRA RESID'!$P:$P,'TRA RESID'!$I:$I,AY55)*BG55 -> #DIV/0! | BD55: 0 | BE55: 5 | BG55: 0.98
C56: =IF(C55="*",C55,"") -> * | D56: =D55 -> *ICEV* | E56: =E55 -> TRAETH | F56: =F55 -> TRAPASLDTDMD | G56: =G55 -> TRAPASLDTDMD | H56: 2025 | I56: =I55 -> LO | K56: =-SUMIFS('TRA RESID'!$P:$P,'TRA RESID'!$I:$I,G56,'TRA RESID'!$J:$J,D56,'TRA RESID'!$H:$H,E56)/SUMIFS('TRA RESID'!$P:$P,'TRA RESID'!$I:$I,G56)*O56 -> #DIV/0! | O56: 0.8 | S56: =IF(S55="*",S55,"") -> * | T56: =T55 -> *BEV* | U56: =U55 -> TRAETH | V56: =V55 -> TRAPASLDTDMD | W56: =W55 -> TRAPASLDTDMD | X56: 2025 | Y56: =Y55 -> LO | AA56: =-SUMIFS('TRA RESID'!$P:$P,'TRA RESID'!$I:$I,W56,'TRA RESID'!$J:$J,T56,'TRA RESID'!$H:$H,U56)/SUMIFS('TRA RESID'!$P:$P,'TRA RESID'!$I:$I,W56)*AE56 -> #DIV/0! | AE56: 1 | AG56: =IF(AG55="*",AG55,"") -> * | AH56: =AH55 -> *HEV* | AI56: =AI55 -> TRAETH | AJ56: =AJ55 -> TRAPASLDTDMD | AK56: =AK55 -> TRAPASLDTDMD | AL56: 2025 | AM56: =AM55 -> LO | AO56: =-SUMIFS('TRA RESID'!$P:$P,'TRA RESID'!$I:$I,AK56,'TRA RESID'!$J:$J,AH56,'TRA RESID'!$H:$H,AI56)/SUMIFS('TRA RESID'!$P:$P,'TRA RESID'!$I:$I,AK56)*AS56 -> #DIV/0! | AS56: 0.8 | AU56: =IF(AU55="*",AU55,"") -> * | AV56: =AV55 -> *FCEV* | AW56: =AW55 -> TRAETH | AX56: =AX55 -> TRAPASLDTDMD | AY56: =AY55 -> TRAPASLDTDMD | AZ56: 2025 | BA56: =BA55 -> LO | BC56: =-SUMIFS('TRA RESID'!$P:$P,'TRA RESID'!$I:$I,AY56,'TRA RESID'!$J:$J,AV56,'TRA RESID'!$H:$H,AW56)/SUMIFS('TRA RESID'!$P:$P,'TRA RESID'!$I:$I,AY56)*BG56 -> #DIV/0! | BG56: 0.8
