Workbook

Sheet ReadMe
A1: Generic Comet (GC) TIMES Supply
B3: Sheet color
C4: Raw Data and Parameters
C6: City Specific Data
C8: Post processing for TIMES
C10: Table formatted for TIMES

Sheet >> City Data

Sheet City characteristics
B2: City Basic Data
B4: Calibration methodology | C4: GHG Inventory
B6: A. City Characteristics
B7: Data Item | C7: Value | D7: Units
B8: City Name | C8: New York
B9: Latitude | C9: 40.5
B10: Longitude | C10: -75
B11: County | C11: New York County
B12: State | C12: New York
B13: Census Division | C13: Middle Atlantic
B14: Climate Division | C14: Northeast
B15: Egrid Region | C15: NPCC NYC/Westchester
B16: Area of city (excluding water, natural and agricultural areas) | C16: 778 | D16: square kilometers
B17: * Division and Region Map can be found in the Maps sheet.
B18: B. Planning Base Year and Target Years
B19: Year | C19: Value | D19: Units
B20: Base Year | C20: 2019 | D20: Acceptable range [2018,2021]
B21: End Year | C21: 2050
B23: C. City Population and GDP
B24: Data Item | C24: Value | D24: Units
B25: Population in Base Year | C25: 8337 | D25: Thousand of people
B26: Annual population growth (Base Year - End Year) | C26: 0.5 | D26: % people
B27: GDP in Base Year | C27: 1206000 | D27: Million US$
B28: Annual GDP growth rate | C28: 2 | D28: % US$
B29: Share of manufacturing GDP | C29: 5 | D29: % US$
B30: Share of State population | C30: 0.42835123
B31: Share of State GDP | C31: 0.67251772
B32: Adjustment from state manufacturing GDP | C32: 1.0638298
B34: D. Climate Data
B35: Data Item | C35: 2000 | D35: 2050 | E35: 2100 | F35: Units
B36: Heating degree days (HDD) | C36: 4473.4625 | D36: 4066.4182 | E36: 3763.8582 | F36: F
B37: Cooling degree days (CDD) | C37: 1020.7333 | D37: 1224.2555 | E37: 1375.5355 | F37: F
B39: Data Item | C39: Value | D39: Units
B40: Correction from State HDD | C40: 0.72727402
B41: Correction from State CDD | C41: 1.5583715
B42: Annual precipitation | C42: 762 | D42: mm / year
B43: Climate change scenario | C43: RCP4.5
B44: Average temperature increase in 1980-2020 | C44: 1.4617857 | D44: F
B45: Forecasted average temperature increase in 2035-2065 | C45: 3.13 | D45: F
B46: Forecasted average temperature increase in 2070-2100 | C46: 4.37 | D46: F
B47: *Climate change scenario description can be found in the Lists sheet.
B48: E. Energy scenario
B49: Data Item | C49: Value | D49: Units
B50: AEO energy scenario | C50: lowmachighZTC
B51: Electricity technology scenario | C51: Moderate
B52: Transport technology scenario | C52: Mid
B53: District energy | C53: Yes
B54: * Energy scenario description can be foundin the Lists sheet.

Sheet >> GC_NewTech

Sheet COM TECH
M1: Include
A2: Sector | B2: Sub-sector | C2: Archetype | D2: Vintage | E2: End Use | F2: Technology | G2: Class | H2: Energy | I2: First Year | J2: Description | K2: Input Label | L2: Output Label | M2: Technology Label | N2: Include | O2: First availability year | P2: CAPEX (2023 US$ / capacity) | Q2: OPEX (2023 US$ / capacity) | R2: Capacity NEMS | S2: Efficiency | T2: Efficiency Unit | U2: Efficiency (%TJ) | V2: CAPEX (Thousands 2023 US$ / capacity) | W2: OPEX (Thousands 2023 US$ / capacity) | X2: Capacity Unit | Y2: Life (Year) | Z2: CFA | AA2: C2A
A3: Commercial | B3: Hotel | D3: Old | E3: Space heating | F3: Rooftop AHP | G3: Standard | H3: Electricity | I3: 2061 | J3: Space heating Rooftop AHP Standard Electricity 2061 | K3: COMELC | L3: COMHOTOldSHEUE | M3: COMHOTOldSHRTPAHPSTDELC61 | N3: 0 | O3: 2061 | P3: 117.05847 | Q3: 4.2000146 | R3: Thousands Btu / hour | S3: 3.3 | T3: Btu / Btu | U3: 3.3 | V3: 399.42018 | W3: 14.331048 | X3: MW | Y3: 21 | Z3: 0.17628028 | AA3: 31.536
A4: Commercial | B4: Hotel | D4: Old | E4: Space heating | F4: Rooftop AHP | G4: High | H4: Electricity | I4: 2022 | J4: Space heating Rooftop AHP High Electricity 2022 | K4: COMELC | L4: COMHOTOldSHEUE | M4: COMHOTOldSHRTPAHPHIGELC20 | N4: 1 | O4: 2020 | P4: 200.78857 | Q4: 4.2000146 | R4: Thousands Btu / hour | S4: 3.7 | T4: Btu / Btu | U4: 3.7 | V4: 685.1192 | W4: 14.331048 | X4: MW | Y4: 21 | Z4: 0.17628028 | AA4: 31.536
A5: Commercial | B5: Hotel | D5: Old | E5: Space heating | F5: Rooftop AHP | G5: Standard | H5: Electricity | I5: 2023 | J5: Space heating Rooftop AHP Standard Electricity 2023 | K5: COMELC | L5: COMHOTOldSHEUE | M5: COMHOTOldSHRTPAHPSTDELC23 | N5: 0 | O5: 2023 | P5: 135.73558 | Q5: 4.2000146 | R5: Thousands Btu / hour | S5: 3.4 | T5: Btu / Btu | U5: 3.4 | V5: 463.14912 | W5: 14.331048 | X5: MW | Y5: 21 | Z5: 0.17628028 | AA5: 31.536
A6: Commercial | B6: Hotel | D6: Old | E6: Space heating | F6: Commercial GHP | G6: Standard | H6: Electricity | I6: 2033 | J6: Space heating Commercial GHP Standard Electricity 2033 | K6: COMELC | L6: COMHOTOldSHEUE | M6: COMHOTOldSHCOMGHPSTDELC33 | N6: 1 | O6: 2033 | P6: 483.93313 | Q6: 3.8104971 | R6: Thousands Btu / hour | S6: 3.7 | T6: Btu / Btu | U6: 3.7 | V6: 1651.2488 | W6: 13.001959 | X6: MW | Y6: 14.4 | Z6: 0.17628028 | AA6: 31.536
A7: Commercial | B7: Hotel | D7: Old | E7: Space heating | F7: Commercial GHP | G7: Mid | H7: Electricity | I7: 2033 | J7: Space heating Commercial GHP Mid Electricity 2033 | K7: COMELC | L7: COMHOTOldSHEUE | M7: COMHOTOldSHCOMGHPMIDELC33 | N7: 1 | O7: 2033 | P7: 497.90496 | Q7: 3.8104971 | R7: Thousands Btu / hour | S7: 3.8 | T7: Btu / Btu | U7: 3.8 | V7: 1698.9226 | W7: 13.001959 | X7: MW | Y7: 14.4 | Z7: 0.17628028 | AA7: 31.536
A8: Commercial | B8: Hotel | D8: Old | E8: Space heating | F8: Commercial GHP | G8: High | H8: Electricity | I8: 2033 | J8: Space heating Commercial GHP High Electricity 2033 | K8: COMELC | L8: COMHOTOldSHEUE | M8: COMHOTOldSHCOMGHPHIGELC33 | N8: 1 | O8: 2033 | P8: 513.14694 | Q8: 3.8104971 | R8: Thousands Btu / hour | S8: 4 | T8: Btu / Btu | U8: 4 | V8: 1750.9305 | W8: 13.001959 | X8: MW | Y8: 14.4 | Z8: 0.17628028 | AA8: 31.536
A9: Commercial | B9: Hotel | D9: Old | E9: Space heating | F9: Commercial GHP | G9: Standard | H9: Electricity | I9: 2023 | J9: Space heating Commercial GHP Standard Electricity 2023 | K9: COMELC | L9: COMHOTOldSHEUE | M9: COMHOTOldSHCOMGHPSTDELC23 | N9: 1 | O9: 2023 | P9: 483.93313 | Q9: 3.8104971 | R9: Thousands Btu / hour | S9: 3.7 | T9: Btu / Btu | U9: 3.7 | V9: 1651.2488 | W9: 13.001959 | X9: MW | Y9: 14.4 | Z9: 0.17628028 | AA9: 31.536
A10: Commercial | B10: Hotel | D10: Old | E10: Space heating | F10: Commercial GHP | G10: Mid | H10: Electricity | I10: 2023 | J10: Space heating Commercial GHP Mid Electricity 2023 | K10: COMELC | L10: COMHOTOldSHEUE | M10: COMHOTOldSHCOMGHPMIDELC23 | N10: 1 | O10: 2023 | P10: 497.90496 | Q10: 3.8104971 | R10: Thousands Btu / hour | S10: 3.8 | T10: Btu / Btu | U10: 3.8 | V10: 1698.9226 | W10: 13.001959 | X10: MW | Y10: 14.4 | Z10: 0.17628028 | AA10: 31.536
A11: Commercial | B11: Hotel | D11: Old | E11: Space heating | F11: Commercial GHP | G11: High | H11: Electricity | I11: 2023 | J11: Space heating Commercial GHP High Electricity 2023 | K11: COMELC | L11: COMHOTOldSHEUE | M11: COMHOTOldSHCOMGHPHIGELC23 | N11: 1 | O11: 2023 | P11: 513.14694 | Q11: 3.8104971 | R11: Thousands Btu / hour | S11: 4 | T11: Btu / Btu | U11: 4 | V11: 1750.9305 | W11: 13.001959 | X11: MW | Y11: 14.4 | Z11: 0.17628028 | AA11: 31.536
A12: Commercial | B12: Hotel | D12: Old | E12: Space heating | F12: ICE Rooftop AHP | G12: Standard | H12: Natural gas | I12: 2022 | J12: Space heating ICE Rooftop AHP Standard Natural gas 2022 | K12: COMNGA | L12: COMHOTOldSHEUE | M12: COMHOTOldSHICEAHPSTDNGA20 | N12: 1 | O12: 2020 | P12: 335.32375 | Q12: 6.3000219 | R12: Thousands Btu / hour | S12: 1.4 | T12: Btu / Btu | U12: 1.4 | V12: 1144.1724 | W12: 21.496572 | X12: MW | Y12: 15 | Z12: 0.17628028 | AA12: 31.536
A13: Commercial | B13: Hotel | D13: Old | E13: Space heating | F13: Boiler | G13: Standard | H13: Fuel oil | I13: 2030 | J13: Space heating Boiler Standard Fuel oil 2030 | K13: COMFOI | L13: COMHOTOldSHEUE | M13: COMHOTOldSHBOISTDFOI30 | N13: 1 | O13: 2030 | P13: 55.18651 | Q13: 4.0294912 | R13: Thousands Btu / hour | S13: 0.87 | T13: Btu / Btu | U13: 0.87 | V13: 188.30423 | W13: 13.749198 | X13: MW | Y13: 25 | Z13: 0.17628028 | AA13: 31.536
A14: Commercial | B14: Hotel | D14: Old | E14: Space heating | F14: Boiler | G14: Standard | H14: Fuel oil | I14: 2040 | J14: Space heating Boiler Standard Fuel oil 2040 | K14: COMFOI | L14: COMHOTOldSHEUE | M14: COMHOTOldSHBOISTDFOI40 | N14: 1 | O14: 2040 | P14: 53.946364 | Q14: 3.9389408 | R14: Thousands Btu / hour | S14: 0.89 | T14: Btu / Btu | U14: 0.89 | V14: 184.07268 | W14: 13.440227 | X14: MW | Y14: 25 | Z14: 0.17628028 | AA14: 31.536
... A170: Commercial | B170: Hotel | D170: Old | E170: Refrigeration | F170: Commercial Reach-In | G170: High | H170: Electricity | I170: 2025 | J170: Refrigeration Commercial Reach-In High Electricity 2025 | K170: COMELC | L170: COMHOTOldREEUE | M170: COMHOTOldRECOMRINHIGELC25 | N170: 1 | O170: 2025 | P170: 1758.0247 | Q170: 83.737017 | R170: Thousands Btu / hour | S170: 7.4409022 | T170: Btu / Btu | U170: 2.569611 | V170: 17370.421 | W170: 827.37588 | X170: MW | Y170: 10 | Z170: 0.44 | AA170: 31.536
A171: * | M171: * | N171: *
A172: Commercial | B172: Retail | D172: Old | E172: Space heating | F172: Rooftop AHP | G172: Standard | H172: Electricity | I172: 2061 | J172: Space heating Rooftop AHP Standard Electricity 2061 | K172: COMELC | L172: COMRETOldSHEUE | M172: COMRETOldSHRTPAHPSTDELC61 | N172: 1 | O172: 2061 | P172: 117.05847 | Q172: 4.2000146 | R172: Thousands Btu / hour | S172: 3.3 | T172: Btu / Btu | U172: 3.3 | V172: 399.42018 | W172: 14.331048 | X172: MW | Y172: 21 | Z172: 0.23552731 | AA172: 31.536
A173: Commercial | B173: Retail | D173: Old | E173: Space heating | F173: Rooftop AHP | G173: High | H173: Electricity | I173: 2022 | J173: Space heating Rooftop AHP High Electricity 2022 | K173: COMELC | L173: COMRETOldSHEUE | M173: COMRETOldSHRTPAHPHIGELC20 | N173: 1 | O173: 2020 | P173: 200.78857 | Q173: 4.2000146 | R173: Thousands Btu / hour | S173: 3.7 | T173: Btu / Btu | U173: 3.7 | V173: 685.1192 | W173: 14.331048 | X173: MW | Y173: 21 | Z173: 0.23552731 | AA173: 31.536
A174: Commercial | B174: Retail | D174: Old | E174: Space heating | F174: Rooftop AHP | G174: Standard | H174: Electricity | I174: 2023 | J174: Space heating Rooftop AHP Standard Electricity 2023 | K174: COMELC | L174: COMRETOldSHEUE | M174: COMRETOldSHRTPAHPSTDELC23 | N174: 1 | O174: 2023 | P174: 135.73558 | Q174: 4.2000146 | R174: Thousands Btu / hour | S174: 3.4 | T174: Btu / Btu | U174: 3.4 | V174: 463.14912 | W174: 14.331048 | X174: MW | Y174: 21 | Z174: 0.23552731 | AA174: 31.536
A175: Commercial | B175: Retail | D175: Old | E175: Space heating | F175: Commercial GHP | G175: Standard | H175: Electricity | I175: 2033 | J175: Space heating Commercial GHP Standard Electricity 2033 | K175: COMELC | L175: COMRETOldSHEUE | M175: COMRETOldSHCOMGHPSTDELC33 | N175: 1 | O175: 2033 | P175: 483.93313 | Q175: 3.8104971 | R175: Thousands Btu / hour | S175: 3.7 | T175: Btu / Btu | U175: 3.7 | V175: 1651.2488 | W175: 13.001959 | X175: MW | Y175: 14.4 | Z175: 0.23552731 | AA175: 31.536
A176: Commercial | B176: Retail | D176: Old | E176: Space heating | F176: Commercial GHP | G176: Mid | H176: Electricity | I176: 2033 | J176: Space heating Commercial GHP Mid Electricity 2033 | K176: COMELC | L176: COMRETOldSHEUE | M176: COMRETOldSHCOMGHPMIDELC33 | N176: 1 | O176: 2033 | P176: 497.90496 | Q176: 3.8104971 | R176: Thousands Btu / hour | S176: 3.8 | T176: Btu / Btu | U176: 3.8 | V176: 1698.9226 | W176: 13.001959 | X176: MW | Y176: 14.4 | Z176: 0.23552731 | AA176: 31.536
A177: Commercial | B177: Retail | D177: Old | E177: Space heating | F177: Commercial GHP | G177: High | H177: Electricity | I177: 2033 | J177: Space heating Commercial GHP High Electricity 2033 | K177: COMELC | L177: COMRETOldSHEUE | M177: COMRETOldSHCOMGHPHIGELC33 | N177: 1 | O177: 2033 | P177: 513.14694 | Q177: 3.8104971 | R177: Thousands Btu / hour | S177: 4 | T177: Btu / Btu | U177: 4 | V177: 1750.9305 | W177: 13.001959 | X177: MW | Y177: 14.4 | Z177: 0.23552731 | AA177: 31.536
A178: Commercial | B178: Retail | D178: Old | E178: Space heating | F178: Commercial GHP | G178: Standard | H178: Electricity | I178: 2023 | J178: Space heating Commercial GHP Standard Electricity 2023 | K178: COMELC | L178: COMRETOldSHEUE | M178: COMRETOldSHCOMGHPSTDELC23 | N178: 1 | O178: 2023 | P178: 483.93313 | Q178: 3.8104971 | R178: Thousands Btu / hour | S178: 3.7 | T178: Btu / Btu | U178: 3.7 | V178: 1651.2488 | W178: 13.001959 | X178: MW | Y178: 14.4 | Z178: 0.23552731 | AA178: 31.536
A179: Commercial | B179: Retail | D179: Old | E179: Space heating | F179: Commercial GHP | G179: Mid | H179: Electricity | I179: 2023 | J179: Space heating Commercial GHP Mid Electricity 2023 | K179: COMELC | L179: COMRETOldSHEUE | M179: COMRETOldSHCOMGHPMIDELC23 | N179: 1 | O179: 2023 | P179: 497.90496 | Q179: 3.8104971 | R179: Thousands Btu / hour | S179: 3.8 | T179: Btu / Btu | U179: 3.8 | V179: 1698.9226 | W179: 13.001959 | X179: MW | Y179: 14.4 | Z179: 0.23552731 | AA179: 31.536
A180: Commercial | B180: Retail | D180: Old | E180: Space heating | F180: Commercial GHP | G180: High | H180: Electricity | I180: 2023 | J180: Space heating Commercial GHP High Electricity 2023 | K180: COMELC | L180: COMRETOldSHEUE | M180: COMRETOldSHCOMGHPHIGELC23 | N180: 1 | O180: 2023 | P180: 513.14694 | Q180: 3.8104971 | R180: Thousands Btu / hour | S180: 4 | T180: Btu / Btu | U180: 4 | V180: 1750.9305 | W180: 13.001959 | X180: MW | Y180: 14.4 | Z180: 0.23552731 | AA180: 31.536
A181: Commercial | B181: Retail | D181: Old | E181: Space heating | F181: ICE Rooftop AHP | G181: Standard | H181: Natural gas | I181: 2022 | J181: Space heating ICE Rooftop AHP Standard Natural gas 2022 | K181: COMNGA | L181: COMRETOldSHEUE | M181: COMRETOldSHICEAHPSTDNGA20 | N181: 1 | O181: 2020 | P181: 335.32375 | Q181: 6.3000219 | R181: Thousands Btu / hour | S181: 1.4 | T181: Btu / Btu | U181: 1.4 | V181: 1144.1724 | W181: 21.496572 | X181: MW | Y181: 15 | Z181: 0.23552731 | AA181: 31.536
A182: Commercial | B182: Retail | D182: Old | E182: Space heating | F182: Boiler | G182: Standard | H182: Fuel oil | I182: 2030 | J182: Space heating Boiler Standard Fuel oil 2030 | K182: COMFOI | L182: COMRETOldSHEUE | M182: COMRETOldSHBOISTDFOI30 | N182: 1 | O182: 2030 | P182: 55.18651 | Q182: 4.0294912 | R182: Thousands Btu / hour | S182: 0.87 | T182: Btu / Btu | U182: 0.87 | V182: 188.30423 | W182: 13.749198 | X182: MW | Y182: 25 | Z182: 0.23552731 | AA182: 31.536
A183: Commercial | B183: Retail | D183: Old | E183: Space heating | F183: Boiler | G183: Standard | H183: Fuel oil | I183: 2040 | J183: Space heating Boiler Standard Fuel oil 2040 | K183: COMFOI | L183: COMRETOldSHEUE | M183: COMRETOldSHBOISTDFOI40 | N183: 1 | O183: 2040 | P183: 53.946364 | Q183: 3.9389408 | R183: Thousands Btu / hour | S183: 0.89 | T183: Btu / Btu | U183: 0.89 | V183: 184.07268 | W183: 13.440227 | X183: MW | Y183: 25 | Z183: 0.23552731 | AA183: 31.536
... A339: Commercial | B339: Retail | D339: Old | E339: Refrigeration | F339: Commercial Reach-In | G339: High | H339: Electricity | I339: 2025 | J339: Refrigeration Commercial Reach-In High Electricity 2025 | K339: COMELC | L339: COMRETOldREEUE | M339: COMRETOldRECOMRINHIGELC25 | N339: 1 | O339: 2025 | P339: 1758.0247 | Q339: 83.737017 | R339: Thousands Btu / hour | S339: 7.4409022 | T339: Btu / Btu | U339: 2.569611 | V339: 17370.421 | W339: 827.37588 | X339: MW | Y339: 10 | Z339: 0.44 | AA339: 31.536
A340: * | M340: * | N340: *
A341: Commercial | B341: Office | D341: Old | E341: Space heating | F341: Rooftop AHP | G341: Standard | H341: Electricity | I341: 2061 | J341: Space heating Rooftop AHP Standard Electricity 2061 | K341: COMELC | L341: COMOFFOldSHEUE | M341: COMOFFOldSHRTPAHPSTDELC61 | N341: 0 | O341: 2061 | P341: 117.05847 | Q341: 4.2000146 | R341: Thousands Btu / hour | S341: 3.3 | T341: Btu / Btu | U341: 3.3 | V341: 399.42018 | W341: 14.331048 | X341: MW | Y341: 21 | Z341: 0.28022106 | AA341: 31.536
A342: Commercial | B342: Office | D342: Old | E342: Space heating | F342: Rooftop AHP | G342: High | H342: Electricity | I342: 2022 | J342: Space heating Rooftop AHP High Electricity 2022 | K342: COMELC | L342: COMOFFOldSHEUE | M342: COMOFFOldSHRTPAHPHIGELC20 | N342: 1 | O342: 2020 | P342: 200.78857 | Q342: 4.2000146 | R342: Thousands Btu / hour | S342: 3.7 | T342: Btu / Btu | U342: 3.7 | V342: 685.1192 | W342: 14.331048 | X342: MW | Y342: 21 | Z342: 0.28022106 | AA342: 31.536
A343: Commercial | B343: Office | D343: Old | E343: Space heating | F343: Rooftop AHP | G343: Standard | H343: Electricity | I343: 2023 | J343: Space heating Rooftop AHP Standard Electricity 2023 | K343: COMELC | L343: COMOFFOldSHEUE | M343: COMOFFOldSHRTPAHPSTDELC23 | N343: 0 | O343: 2023 | P343: 135.73558 | Q343: 4.2000146 | R343: Thousands Btu / hour | S343: 3.4 | T343: Btu / Btu | U343: 3.4 | V343: 463.14912 | W343: 14.331048 | X343: MW | Y343: 21 | Z343: 0.28022106 | AA343: 31.536
A344: Commercial | B344: Office | D344: Old | E344: Space heating | F344: Commercial GHP | G344: Standard | H344: Electricity | I344: 2033 | J344: Space heating Commercial GHP Standard Electricity 2033 | K344: COMELC | L344: COMOFFOldSHEUE | M344: COMOFFOldSHCOMGHPSTDELC33 | N344: 0 | O344: 2033 | P344: 483.93313 | Q344: 3.8104971 | R344: Thousands Btu / hour | S344: 3.7 | T344: Btu / Btu | U344: 3.7 | V344: 1651.2488 | W344: 13.001959 | X344: MW | Y344: 14.4 | Z344: 0.28022106 | AA344: 31.536
A345: Commercial | B345: Office | D345: Old | E345: Space heating | F345: Commercial GHP | G345: Mid | H345: Electricity | I345: 2033 | J345: Space heating Commercial GHP Mid Electricity 2033 | K345: COMELC | L345: COMOFFOldSHEUE | M345: COMOFFOldSHCOMGHPMIDELC33 | N345: 0 | O345: 2033 | P345: 497.90496 | Q345: 3.8104971 | R345: Thousands Btu / hour | S345: 3.8 | T345: Btu / Btu | U345: 3.8 | V345: 1698.9226 | W345: 13.001959 | X345: MW | Y345: 14.4 | Z345: 0.28022106 | AA345: 31.536
A346: Commercial | B346: Office | D346: Old | E346: Space heating | F346: Commercial GHP | G346: High | H346: Electricity | I346: 2033 | J346: Space heating Commercial GHP High Electricity 2033 | K346: COMELC | L346: COMOFFOldSHEUE | M346: COMOFFOldSHCOMGHPHIGELC33 | N346: 0 | O346: 2033 | P346: 513.14694 | Q346: 3.8104971 | R346: Thousands Btu / hour | S346: 4 | T346: Btu / Btu | U346: 4 | V346: 1750.9305 | W346: 13.001959 | X346: MW | Y346: 14.4 | Z346: 0.28022106 | AA346: 31.536
A347: Commercial | B347: Office | D347: Old | E347: Space heating | F347: Commercial GHP | G347: Standard | H347: Electricity | I347: 2023 | J347: Space heating Commercial GHP Standard Electricity 2023 | K347: COMELC | L347: COMOFFOldSHEUE | M347: COMOFFOldSHCOMGHPSTDELC23 | N347: 0 | O347: 2023 | P347: 483.93313 | Q347: 3.8104971 | R347: Thousands Btu / hour | S347: 3.7 | T347: Btu / Btu | U347: 3.7 | V347: 1651.2488 | W347: 13.001959 | X347: MW | Y347: 14.4 | Z347: 0.28022106 | AA347: 31.536
A348: Commercial | B348: Office | D348: Old | E348: Space heating | F348: Commercial GHP | G348: Mid | H348: Electricity | I348: 2023 | J348: Space heating Commercial GHP Mid Electricity 2023 | K348: COMELC | L348: COMOFFOldSHEUE | M348: COMOFFOldSHCOMGHPMIDELC23 | N348: 0 | O348: 2023 | P348: 497.90496 | Q348: 3.8104971 | R348: Thousands Btu / hour | S348: 3.8 | T348: Btu / Btu | U348: 3.8 | V348: 1698.9226 | W348: 13.001959 | X348: MW | Y348: 14.4 | Z348: 0.28022106 | AA348: 31.536
A349: Commercial | B349: Office | D349: Old | E349: Space heating | F349: Commercial GHP | G349: High | H349: Electricity | I349: 2023 | J349: Space heating Commercial GHP High Electricity 2023 | K349: COMELC | L349: COMOFFOldSHEUE | M349: COMOFFOldSHCOMGHPHIGELC23 | N349: 0 | O349: 2023 | P349: 513.14694 | Q349: 3.8104971 | R349: Thousands Btu / hour | S349: 4 | T349: Btu / Btu | U349: 4 | V349: 1750.9305 | W349: 13.001959 | X349: MW | Y349: 14.4 | Z349: 0.28022106 | AA349: 31.536
A350: Commercial | B350: Office | D350: Old | E350: Space heating | F350: ICE Rooftop AHP | G350: Standard | H350: Natural gas | I350: 2022 | J350: Space heating ICE Rooftop AHP Standard Natural gas 2022 | K350: COMNGA | L350: COMOFFOldSHEUE | M350: COMOFFOldSHICEAHPSTDNGA20 | N350: 1 | O350: 2020 | P350: 335.32375 | Q350: 6.3000219 | R350: Thousands Btu / hour | S350: 1.4 | T350: Btu / Btu | U350: 1.4 | V350: 1144.1724 | W350: 21.496572 | X350: MW | Y350: 15 | Z350: 0.28022106 | AA350: 31.536
A351: Commercial | B351: Office | D351: Old | E351: Space heating | F351: Boiler | G351: Standard | H351: Fuel oil | I351: 2030 | J351: Space heating Boiler Standard Fuel oil 2030 | K351: COMFOI | L351: COMOFFOldSHEUE | M351: COMOFFOldSHBOISTDFOI30 | N351: 1 | O351: 2030 | P351: 55.18651 | Q351: 4.0294912 | R351: Thousands Btu / hour | S351: 0.87 | T351: Btu / Btu | U351: 0.87 | V351: 188.30423 | W351: 13.749198 | X351: MW | Y351: 25 | Z351: 0.28022106 | AA351: 31.536
A352: Commercial | B352: Office | D352: Old | E352: Space heating | F352: Boiler | G352: Standard | H352: Fuel oil | I352: 2040 | J352: Space heating Boiler Standard Fuel oil 2040 | K352: COMFOI | L352: COMOFFOldSHEUE | M352: COMOFFOldSHBOISTDFOI40 | N352: 1 | O352: 2040 | P352: 53.946364 | Q352: 3.9389408 | R352: Thousands Btu / hour | S352: 0.89 | T352: Btu / Btu | U352: 0.89 | V352: 184.07268 | W352: 13.440227 | X352: MW | Y352: 25 | Z352: 0.28022106 | AA352: 31.536
... A508: Commercial | B508: Office | D508: Old | E508: Refrigeration | F508: Commercial Reach-In | G508: High | H508: Electricity | I508: 2025 | J508: Refrigeration Commercial Reach-In High Electricity 2025 | K508: COMELC | L508: COMOFFOldREEUE | M508: COMOFFOldRECOMRINHIGELC25 | N508: 1 | O508: 2025 | P508: 1758.0247 | Q508: 83.737017 | R508: Thousands Btu / hour | S508: 7.4409022 | T508: Btu / Btu | U508: 2.569611 | V508: 17370.421 | W508: 827.37588 | X508: MW | Y508: 10 | Z508: 0.44 | AA508: 31.536
A509: * | M509: * | N509: *
A510: Commercial | B510: Hospital | D510: Old | E510: Space heating | F510: Rooftop AHP | G510: Standard | H510: Electricity | I510: 2061 | J510: Space heating Rooftop AHP Standard Electricity 2061 | K510: COMELC | L510: COMHOPOldSHEUE | M510: COMHOPOldSHRTPAHPSTDELC61 | N510: 0 | O510: 2061 | P510: 117.05847 | Q510: 4.2000146 | R510: Thousands Btu / hour | S510: 3.3 | T510: Btu / Btu | U510: 3.3 | V510: 399.42018 | W510: 14.331048 | X510: MW | Y510: 21 | Z510: 0.2352688 | AA510: 31.536
A511: Commercial | B511: Hospital | D511: Old | E511: Space heating | F511: Rooftop AHP | G511: High | H511: Electricity | I511: 2022 | J511: Space heating Rooftop AHP High Electricity 2022 | K511: COMELC | L511: COMHOPOldSHEUE | M511: COMHOPOldSHRTPAHPHIGELC20 | N511: 1 | O511: 2020 | P511: 200.78857 | Q511: 4.2000146 | R511: Thousands Btu / hour | S511: 3.7 | T511: Btu / Btu | U511: 3.7 | V511: 685.1192 | W511: 14.331048 | X511: MW | Y511: 21 | Z511: 0.2352688 | AA511: 31.536
A512: Commercial | B512: Hospital | D512: Old | E512: Space heating | F512: Rooftop AHP | G512: Standard | H512: Electricity | I512: 2023 | J512: Space heating Rooftop AHP Standard Electricity 2023 | K512: COMELC | L512: COMHOPOldSHEUE | M512: COMHOPOldSHRTPAHPSTDELC23 | N512: 0 | O512: 2023 | P512: 135.73558 | Q512: 4.2000146 | R512: Thousands Btu / hour | S512: 3.4 | T512: Btu / Btu | U512: 3.4 | V512: 463.14912 | W512: 14.331048 | X512: MW | Y512: 21 | Z512: 0.2352688 | AA512: 31.536
A513: Commercial | B513: Hospital | D513: Old | E513: Space heating | F513: Commercial GHP | G513: Standard | H513: Electricity | I513: 2033 | J513: Space heating Commercial GHP Standard Electricity 2033 | K513: COMELC | L513: COMHOPOldSHEUE | M513: COMHOPOldSHCOMGHPSTDELC33 | N513: 0 | O513: 2033 | P513: 483.93313 | Q513: 3.8104971 | R513: Thousands Btu / hour | S513: 3.7 | T513: Btu / Btu | U513: 3.7 | V513: 1651.2488 | W513: 13.001959 | X513: MW | Y513: 14.4 | Z513: 0.2352688 | AA513: 31.536
A514: Commercial | B514: Hospital | D514: Old | E514: Space heating | F514: Commercial GHP | G514: Mid | H514: Electricity | I514: 2033 | J514: Space heating Commercial GHP Mid Electricity 2033 | K514: COMELC | L514: COMHOPOldSHEUE | M514: COMHOPOldSHCOMGHPMIDELC33 | N514: 0 | O514: 2033 | P514: 497.90496 | Q514: 3.8104971 | R514: Thousands Btu / hour | S514: 3.8 | T514: Btu / Btu | U514: 3.8 | V514: 1698.9226 | W514: 13.001959 | X514: MW | Y514: 14.4 | Z514: 0.2352688 | AA514: 31.536
A515: Commercial | B515: Hospital | D515: Old | E515: Space heating | F515: Commercial GHP | G515: High | H515: Electricity | I515: 2033 | J515: Space heating Commercial GHP High Electricity 2033 | K515: COMELC | L515: COMHOPOldSHEUE | M515: COMHOPOldSHCOMGHPHIGELC33 | N515: 0 | O515: 2033 | P515: 513.14694 | Q515: 3.8104971 | R515: Thousands Btu / hour | S515: 4 | T515: Btu / Btu | U515: 4 | V515: 1750.9305 | W515: 13.001959 | X515: MW | Y515: 14.4 | Z515: 0.2352688 | AA515: 31.536
A516: Commercial | B516: Hospital | D516: Old | E516: Space heating | F516: Commercial GHP | G516: Standard | H516: Electricity | I516: 2023 | J516: Space heating Commercial GHP Standard Electricity 2023 | K516: COMELC | L516: COMHOPOldSHEUE | M516: COMHOPOldSHCOMGHPSTDELC23 | N516: 0 | O516: 2023 | P516: 483.93313 | Q516: 3.8104971 | R516: Thousands Btu / hour | S516: 3.7 | T516: Btu / Btu | U516: 3.7 | V516: 1651.2488 | W516: 13.001959 | X516: MW | Y516: 14.4 | Z516: 0.2352688 | AA516: 31.536
A517: Commercial | B517: Hospital | D517: Old | E517: Space heating | F517: Commercial GHP | G517: Mid | H517: Electricity | I517: 2023 | J517: Space heating Commercial GHP Mid Electricity 2023 | K517: COMELC | L517: COMHOPOldSHEUE | M517: COMHOPOldSHCOMGHPMIDELC23 | N517: 0 | O517: 2023 | P517: 497.90496 | Q517: 3.8104971 | R517: Thousands Btu / hour | S517: 3.8 | T517: Btu / Btu | U517: 3.8 | V517: 1698.9226 | W517: 13.001959 | X517: MW | Y517: 14.4 | Z517: 0.2352688 | AA517: 31.536
A518: Commercial | B518: Hospital | D518: Old | E518: Space heating | F518: Commercial GHP | G518: High | H518: Electricity | I518: 2023 | J518: Space heating Commercial GHP High Electricity 2023 | K518: COMELC | L518: COMHOPOldSHEUE | M518: COMHOPOldSHCOMGHPHIGELC23 | N518: 0 | O518: 2023 | P518: 513.14694 | Q518: 3.8104971 | R518: Thousands Btu / hour | S518: 4 | T518: Btu / Btu | U518: 4 | V518: 1750.9305 | W518: 13.001959 | X518: MW | Y518: 14.4 | Z518: 0.2352688 | AA518: 31.536
A519: Commercial | B519: Hospital | D519: Old | E519: Space heating | F519: ICE Rooftop AHP | G519: Standard | H519: Natural gas | I519: 2022 | J519: Space heating ICE Rooftop AHP Standard Natural gas 2022 | K519: COMNGA | L519: COMHOPOldSHEUE | M519: COMHOPOldSHICEAHPSTDNGA20 | N519: 1 | O519: 2020 | P519: 335.32375 | Q519: 6.3000219 | R519: Thousands Btu / hour | S519: 1.4 | T519: Btu / Btu | U519: 1.4 | V519: 1144.1724 | W519: 21.496572 | X519: MW | Y519: 15 | Z519: 0.2352688 | AA519: 31.536
A520: Commercial | B520: Hospital | D520: Old | E520: Space heating | F520: Boiler | G520: Standard | H520: Fuel oil | I520: 2030 | J520: Space heating Boiler Standard Fuel oil 2030 | K520: COMFOI | L520: COMHOPOldSHEUE | M520: COMHOPOldSHBOISTDFOI30 | N520: 1 | O520: 2030 | P520: 55.18651 | Q520: 4.0294912 | R520: Thousands Btu / hour | S520: 0.87 | T520: Btu / Btu | U520: 0.87 | V520: 188.30423 | W520: 13.749198 | X520: MW | Y520: 25 | Z520: 0.2352688 | AA520: 31.536
A521: Commercial | B521: Hospital | D521: Old | E521: Space heating | F521: Boiler | G521: Standard | H521: Fuel oil | I521: 2040 | J521: Space heating Boiler Standard Fuel oil 2040 | K521: COMFOI | L521: COMHOPOldSHEUE | M521: COMHOPOldSHBOISTDFOI40 | N521: 1 | O521: 2040 | P521: 53.946364 | Q521: 3.9389408 | R521: Thousands Btu / hour | S521: 0.89 | T521: Btu / Btu | U521: 0.89 | V521: 184.07268 | W521: 13.440227 | X521: MW | Y521: 25 | Z521: 0.2352688 | AA521: 31.536
... A677: Commercial | B677: Hospital | D677: Old | E677: Refrigeration | F677: Commercial Reach-In | G677: High | H677: Electricity | I677: 2025 | J677: Refrigeration Commercial Reach-In High Electricity 2025 | K677: COMELC | L677: COMHOPOldREEUE | M677: COMHOPOldRECOMRINHIGELC25 | N677: 1 | O677: 2025 | P677: 1758.0247 | Q677: 83.737017 | R677: Thousands Btu / hour | S677: 7.4409022 | T677: Btu / Btu | U677: 2.569611 | V677: 17370.421 | W677: 827.37588 | X677: MW | Y677: 10 | Z677: 0.44 | AA677: 31.536
A678: * | M678: * | N678: *
A679: Commercial | B679: Educationnal | D679: Old | E679: Space heating | F679: Rooftop AHP | G679: Standard | H679: Electricity | I679: 2061 | J679: Space heating Rooftop AHP Standard Electricity 2061 | K679: COMELC | L679: COMEDUOldSHEUE | M679: COMEDUOldSHRTPAHPSTDELC61 | N679: 1 | O679: 2061 | P679: 117.05847 | Q679: 4.2000146 | R679: Thousands Btu / hour | S679: 3.3 | T679: Btu / Btu | U679: 3.3 | V679: 399.42018 | W679: 14.331048 | X679: MW | Y679: 21 | Z679: 0.24297719 | AA679: 31.536
A680: Commercial | B680: Educationnal | D680: Old | E680: Space heating | F680: Rooftop AHP | G680: High | H680: Electricity | I680: 2022 | J680: Space heating Rooftop AHP High Electricity 2022 | K680: COMELC | L680: COMEDUOldSHEUE | M680: COMEDUOldSHRTPAHPHIGELC20 | N680: 1 | O680: 2020 | P680: 200.78857 | Q680: 4.2000146 | R680: Thousands Btu / hour | S680: 3.7 | T680: Btu / Btu | U680: 3.7 | V680: 685.1192 | W680: 14.331048 | X680: MW | Y680: 21 | Z680: 0.24297719 | AA680: 31.536
A681: Commercial | B681: Educationnal | D681: Old | E681: Space heating | F681: Rooftop AHP | G681: Standard | H681: Electricity | I681: 2023 | J681: Space heating Rooftop AHP Standard Electricity 2023 | K681: COMELC | L681: COMEDUOldSHEUE | M681: COMEDUOldSHRTPAHPSTDELC23 | N681: 1 | O681: 2023 | P681: 135.73558 | Q681: 4.2000146 | R681: Thousands Btu / hour | S681: 3.4 | T681: Btu / Btu | U681: 3.4 | V681: 463.14912 | W681: 14.331048 | X681: MW | Y681: 21 | Z681: 0.24297719 | AA681: 31.536
A682: Commercial | B682: Educationnal | D682: Old | E682: Space heating | F682: Commercial GHP | G682: Standard | H682: Electricity | I682: 2033 | J682: Space heating Commercial GHP Standard Electricity 2033 | K682: COMELC | L682: COMEDUOldSHEUE | M682: COMEDUOldSHCOMGHPSTDELC33 | N682: 1 | O682: 2033 | P682: 483.93313 | Q682: 3.8104971 | R682: Thousands Btu / hour | S682: 3.7 | T682: Btu / Btu | U682: 3.7 | V682: 1651.2488 | W682: 13.001959 | X682: MW | Y682: 14.4 | Z682: 0.24297719 | AA682: 31.536
A683: Commercial | B683: Educationnal | D683: Old | E683: Space heating | F683: Commercial GHP | G683: Mid | H683: Electricity | I683: 2033 | J683: Space heating Commercial GHP Mid Electricity 2033 | K683: COMELC | L683: COMEDUOldSHEUE | M683: COMEDUOldSHCOMGHPMIDELC33 | N683: 1 | O683: 2033 | P683: 497.90496 | Q683: 3.8104971 | R683: Thousands Btu / hour | S683: 3.8 | T683: Btu / Btu | U683: 3.8 | V683: 1698.9226 | W683: 13.001959 | X683: MW | Y683: 14.4 | Z683: 0.24297719 | AA683: 31.536
A684: Commercial | B684: Educationnal | D684: Old | E684: Space heating | F684: Commercial GHP | G684: High | H684: Electricity | I684: 2033 | J684: Space heating Commercial GHP High Electricity 2033 | K684: COMELC | L684: COMEDUOldSHEUE | M684: COMEDUOldSHCOMGHPHIGELC33 | N684: 1 | O684: 2033 | P684: 513.14694 | Q684: 3.8104971 | R684: Thousands Btu / hour | S684: 4 | T684: Btu / Btu | U684: 4 | V684: 1750.9305 | W684: 13.001959 | X684: MW | Y684: 14.4 | Z684: 0.24297719 | AA684: 31.536
A685: Commercial | B685: Educationnal | D685: Old | E685: Space heating | F685: Commercial GHP | G685: Standard | H685: Electricity | I685: 2023 | J685: Space heating Commercial GHP Standard Electricity 2023 | K685: COMELC | L685: COMEDUOldSHEUE | M685: COMEDUOldSHCOMGHPSTDELC23 | N685: 1 | O685: 2023 | P685: 483.93313 | Q685: 3.8104971 | R685: Thousands Btu / hour | S685: 3.7 | T685: Btu / Btu | U685: 3.7 | V685: 1651.2488 | W685: 13.001959 | X685: MW | Y685: 14.4 | Z685: 0.24297719 | AA685: 31.536
A686: Commercial | B686: Educationnal | D686: Old | E686: Space heating | F686: Commercial GHP | G686: Mid | H686: Electricity | I686: 2023 | J686: Space heating Commercial GHP Mid Electricity 2023 | K686: COMELC | L686: COMEDUOldSHEUE | M686: COMEDUOldSHCOMGHPMIDELC23 | N686: 1 | O686: 2023 | P686: 497.90496 | Q686: 3.8104971 | R686: Thousands Btu / hour | S686: 3.8 | T686: Btu / Btu | U686: 3.8 | V686: 1698.9226 | W686: 13.001959 | X686: MW | Y686: 14.4 | Z686: 0.24297719 | AA686: 31.536
A687: Commercial | B687: Educationnal | D687: Old | E687: Space heating | F687: Commercial GHP | G687: High | H687: Electricity | I687: 2023 | J687: Space heating Commercial GHP High Electricity 2023 | K687: COMELC | L687: COMEDUOldSHEUE | M687: COMEDUOldSHCOMGHPHIGELC23 | N687: 1 | O687: 2023 | P687: 513.14694 | Q687: 3.8104971 | R687: Thousands Btu / hour | S687: 4 | T687: Btu / Btu | U687: 4 | V687: 1750.9305 | W687: 13.001959 | X687: MW | Y687: 14.4 | Z687: 0.24297719 | AA687: 31.536
A688: Commercial | B688: Educationnal | D688: Old | E688: Space heating | F688: ICE Rooftop AHP | G688: Standard | H688: Natural gas | I688: 2022 | J688: Space heating ICE Rooftop AHP Standard Natural gas 2022 | K688: COMNGA | L688: COMEDUOldSHEUE | M688: COMEDUOldSHICEAHPSTDNGA20 | N688: 1 | O688: 2020 | P688: 335.32375 | Q688: 6.3000219 | R688: Thousands Btu / hour | S688: 1.4 | T688: Btu / Btu | U688: 1.4 | V688: 1144.1724 | W688: 21.496572 | X688: MW | Y688: 15 | Z688: 0.24297719 | AA688: 31.536
A689: Commercial | B689: Educationnal | D689: Old | E689: Space heating | F689: Boiler | G689: Standard | H689: Fuel oil | I689: 2030 | J689: Space heating Boiler Standard Fuel oil 2030 | K689: COMFOI | L689: COMEDUOldSHEUE | M689: COMEDUOldSHBOISTDFOI30 | N689: 1 | O689: 2030 | P689: 55.18651 | Q689: 4.0294912 | R689: Thousands Btu / hour | S689: 0.87 | T689: Btu / Btu | U689: 0.87 | V689: 188.30423 | W689: 13.749198 | X689: MW | Y689: 25 | Z689: 0.24297719 | AA689: 31.536
A690: Commercial | B690: Educationnal | D690: Old | E690: Space heating | F690: Boiler | G690: Standard | H690: Fuel oil | I690: 2040 | J690: Space heating Boiler Standard Fuel oil 2040 | K690: COMFOI | L690: COMEDUOldSHEUE | M690: COMEDUOldSHBOISTDFOI40 | N690: 1 | O690: 2040 | P690: 53.946364 | Q690: 3.9389408 | R690: Thousands Btu / hour | S690: 0.89 | T690: Btu / Btu | U690: 0.89 | V690: 184.07268 | W690: 13.440227 | X690: MW | Y690: 25 | Z690: 0.24297719 | AA690: 31.536
... A846: Commercial | B846: Educationnal | D846: Old | E846: Refrigeration | F846: Commercial Reach-In | G846: High | H846: Electricity | I846: 2025 | J846: Refrigeration Commercial Reach-In High Electricity 2025 | K846: COMELC | L846: COMEDUOldREEUE | M846: COMEDUOldRECOMRINHIGELC25 | N846: 1 | O846: 2025 | P846: 1758.0247 | Q846: 83.737017 | R846: Thousands Btu / hour | S846: 7.4409022 | T846: Btu / Btu | U846: 2.569611 | V846: 17370.421 | W846: 827.37588 | X846: MW | Y846: 10 | Z846: 0.44 | AA846: 31.536
A847: * | M847: * | N847: *
A848: Commercial | B848: Warehouse | D848: Old | E848: Space heating | F848: Rooftop AHP | G848: Standard | H848: Electricity | I848: 2061 | J848: Space heating Rooftop AHP Standard Electricity 2061 | K848: COMELC | L848: COMWAROldSHEUE | M848: COMWAROldSHRTPAHPSTDELC61 | N848: 0 | O848: 2061 | P848: 117.05847 | Q848: 4.2000146 | R848: Thousands Btu / hour | S848: 3.3 | T848: Btu / Btu | U848: 3.3 | V848: 399.42018 | W848: 14.331048 | X848: MW | Y848: 21 | Z848: 0.37802164 | AA848: 31.536
A849: Commercial | B849: Warehouse | D849: Old | E849: Space heating | F849: Rooftop AHP | G849: High | H849: Electricity | I849: 2022 | J849: Space heating Rooftop AHP High Electricity 2022 | K849: COMELC | L849: COMWAROldSHEUE | M849: COMWAROldSHRTPAHPHIGELC20 | N849: 1 | O849: 2020 | P849: 200.78857 | Q849: 4.2000146 | R849: Thousands Btu / hour | S849: 3.7 | T849: Btu / Btu | U849: 3.7 | V849: 685.1192 | W849: 14.331048 | X849: MW | Y849: 21 | Z849: 0.37802164 | AA849: 31.536
A850: Commercial | B850: Warehouse | D850: Old | E850: Space heating | F850: Rooftop AHP | G850: Standard | H850: Electricity | I850: 2023 | J850: Space heating Rooftop AHP Standard Electricity 2023 | K850: COMELC | L850: COMWAROldSHEUE | M850: COMWAROldSHRTPAHPSTDELC23 | N850: 0 | O850: 2023 | P850: 135.73558 | Q850: 4.2000146 | R850: Thousands Btu / hour | S850: 3.4 | T850: Btu / Btu | U850: 3.4 | V850: 463.14912 | W850: 14.331048 | X850: MW | Y850: 21 | Z850: 0.37802164 | AA850: 31.536
A851: Commercial | B851: Warehouse | D851: Old | E851: Space heating | F851: Commercial GHP | G851: Standard | H851: Electricity | I851: 2033 | J851: Space heating Commercial GHP Standard Electricity 2033 | K851: COMELC | L851: COMWAROldSHEUE | M851: COMWAROldSHCOMGHPSTDELC33 | N851: 0 | O851: 2033 | P851: 483.93313 | Q851: 3.8104971 | R851: Thousands Btu / hour | S851: 3.7 | T851: Btu / Btu | U851: 3.7 | V851: 1651.2488 | W851: 13.001959 | X851: MW | Y851: 14.4 | Z851: 0.37802164 | AA851: 31.536
A852: Commercial | B852: Warehouse | D852: Old | E852: Space heating | F852: Commercial GHP | G852: Mid | H852: Electricity | I852: 2033 | J852: Space heating Commercial GHP Mid Electricity 2033 | K852: COMELC | L852: COMWAROldSHEUE | M852: COMWAROldSHCOMGHPMIDELC33 | N852: 0 | O852: 2033 | P852: 497.90496 | Q852: 3.8104971 | R852: Thousands Btu / hour | S852: 3.8 | T852: Btu / Btu | U852: 3.8 | V852: 1698.9226 | W852: 13.001959 | X852: MW | Y852: 14.4 | Z852: 0.37802164 | AA852: 31.536
A853: Commercial | B853: Warehouse | D853: Old | E853: Space heating | F853: Commercial GHP | G853: High | H853: Electricity | I853: 2033 | J853: Space heating Commercial GHP High Electricity 2033 | K853: COMELC | L853: COMWAROldSHEUE | M853: COMWAROldSHCOMGHPHIGELC33 | N853: 0 | O853: 2033 | P853: 513.14694 | Q853: 3.8104971 | R853: Thousands Btu / hour | S853: 4 | T853: Btu / Btu | U853: 4 | V853: 1750.9305 | W853: 13.001959 | X853: MW | Y853: 14.4 | Z853: 0.37802164 | AA853: 31.536
A854: Commercial | B854: Warehouse | D854: Old | E854: Space heating | F854: Commercial GHP | G854: Standard | H854: Electricity | I854: 2023 | J854: Space heating Commercial GHP Standard Electricity 2023 | K854: COMELC | L854: COMWAROldSHEUE | M854: COMWAROldSHCOMGHPSTDELC23 | N854: 0 | O854: 2023 | P854: 483.93313 | Q854: 3.8104971 | R854: Thousands Btu / hour | S854: 3.7 | T854: Btu / Btu | U854: 3.7 | V854: 1651.2488 | W854: 13.001959 | X854: MW | Y854: 14.4 | Z854: 0.37802164 | AA854: 31.536
A855: Commercial | B855: Warehouse | D855: Old | E855: Space heating | F855: Commercial GHP | G855: Mid | H855: Electricity | I855: 2023 | J855: Space heating Commercial GHP Mid Electricity 2023 | K855: COMELC | L855: COMWAROldSHEUE | M855: COMWAROldSHCOMGHPMIDELC23 | N855: 0 | O855: 2023 | P855: 497.90496 | Q855: 3.8104971 | R855: Thousands Btu / hour | S855: 3.8 | T855: Btu / Btu | U855: 3.8 | V855: 1698.9226 | W855: 13.001959 | X855: MW | Y855: 14.4 | Z855: 0.37802164 | AA855: 31.536
A856: Commercial | B856: Warehouse | D856: Old | E856: Space heating | F856: Commercial GHP | G856: High | H856: Electricity | I856: 2023 | J856: Space heating Commercial GHP High Electricity 2023 | K856: COMELC | L856: COMWAROldSHEUE | M856: COMWAROldSHCOMGHPHIGELC23 | N856: 0 | O856: 2023 | P856: 513.14694 | Q856: 3.8104971 | R856: Thousands Btu / hour | S856: 4 | T856: Btu / Btu | U856: 4 | V856: 1750.9305 | W856: 13.001959 | X856: MW | Y856: 14.4 | Z856: 0.37802164 | AA856: 31.536
A857: Commercial | B857: Warehouse | D857: Old | E857: Space heating | F857: ICE Rooftop AHP | G857: Standard | H857: Natural gas | I857: 2022 | J857: Space heating ICE Rooftop AHP Standard Natural gas 2022 | K857: COMNGA | L857: COMWAROldSHEUE | M857: COMWAROldSHICEAHPSTDNGA20 | N857: 1 | O857: 2020 | P857: 335.32375 | Q857: 6.3000219 | R857: Thousands Btu / hour | S857: 1.4 | T857: Btu / Btu | U857: 1.4 | V857: 1144.1724 | W857: 21.496572 | X857: MW | Y857: 15 | Z857: 0.37802164 | AA857: 31.536
A858: Commercial | B858: Warehouse | D858: Old | E858: Space heating | F858: Boiler | G858: Standard | H858: Fuel oil | I858: 2030 | J858: Space heating Boiler Standard Fuel oil 2030 | K858: COMFOI | L858: COMWAROldSHEUE | M858: COMWAROldSHBOISTDFOI30 | N858: 1 | O858: 2030 | P858: 55.18651 | Q858: 4.0294912 | R858: Thousands Btu / hour | S858: 0.87 | T858: Btu / Btu | U858: 0.87 | V858: 188.30423 | W858: 13.749198 | X858: MW | Y858: 25 | Z858: 0.37802164 | AA858: 31.536
A859: Commercial | B859: Warehouse | D859: Old | E859: Space heating | F859: Boiler | G859: Standard | H859: Fuel oil | I859: 2040 | J859: Space heating Boiler Standard Fuel oil 2040 | K859: COMFOI | L859: COMWAROldSHEUE | M859: COMWAROldSHBOISTDFOI40 | N859: 1 | O859: 2040 | P859: 53.946364 | Q859: 3.9389408 | R859: Thousands Btu / hour | S859: 0.89 | T859: Btu / Btu | U859: 0.89 | V859: 184.07268 | W859: 13.440227 | X859: MW | Y859: 25 | Z859: 0.37802164 | AA859: 31.536
... A1016: Commercial | B1016: Warehouse | D1016: Old | E1016: Space heating | F1016: Rooftop AHP | G1016: Standard | H1016: Electricity | I1016: 2061 | J1016: Space heating Rooftop AHP Standard Electricity 2061 | K1016: COMELC | L1016: COMWAROldSHEUE | M1016: COMWAROldSHRTPAHPSTDELC61 | N1016: 0 | O1016: 2061 | P1016: 117.05847 | Q1016: 4.2000146 | R1016: Thousands Btu / hour | S1016: 3.3 | T1016: Btu / Btu | U1016: 3.3 | V1016: 399.42018 | W1016: 14.331048 | X1016: MW | Y1016: 21 | Z1016: 0.37802164 | AA1016: 31.536
A1017: * | M1017: * | N1017: *
A1018: Commercial | B1018: Municipal | D1018: Old | E1018: Space heating | F1018: Rooftop AHP | G1018: High | H1018: Electricity | I1018: 2022 | J1018: Space heating Rooftop AHP High Electricity 2022 | K1018: COMELC | L1018: COMMUNOldSHEUE | M1018: COMMUNOldSHRTPAHPHIGELC20 | N1018: 1 | O1018: 2020 | P1018: 200.78857 | Q1018: 4.2000146 | R1018: Thousands Btu / hour | S1018: 3.7 | T1018: Btu / Btu | U1018: 3.7 | V1018: 685.1192 | W1018: 14.331048 | X1018: MW | Y1018: 21 | Z1018: 0.22779524 | AA1018: 31.536
A1019: Commercial | B1019: Municipal | D1019: Old | E1019: Space heating | F1019: Rooftop AHP | G1019: Standard | H1019: Electricity | I1019: 2023 | J1019: Space heating Rooftop AHP Standard Electricity 2023 | K1019: COMELC | L1019: COMMUNOldSHEUE | M1019: COMMUNOldSHRTPAHPSTDELC23 | N1019: 1 | O1019: 2023 | P1019: 135.73558 | Q1019: 4.2000146 | R1019: Thousands Btu / hour | S1019: 3.4 | T1019: Btu / Btu | U1019: 3.4 | V1019: 463.14912 | W1019: 14.331048 | X1019: MW | Y1019: 21 | Z1019: 0.22779524 | AA1019: 31.536
A1020: Commercial | B1020: Municipal | D1020: Old | E1020: Space heating | F1020: Commercial GHP | G1020: Standard | H1020: Electricity | I1020: 2033 | J1020: Space heating Commercial GHP Standard Electricity 2033 | K1020: COMELC | L1020: COMMUNOldSHEUE | M1020: COMMUNOldSHCOMGHPSTDELC33 | N1020: 1 | O1020: 2033 | P1020: 483.93313 | Q1020: 3.8104971 | R1020: Thousands Btu / hour | S1020: 3.7 | T1020: Btu / Btu | U1020: 3.7 | V1020: 1651.2488 | W1020: 13.001959 | X1020: MW | Y1020: 14.4 | Z1020: 0.22779524 | AA1020: 31.536
A1021: Commercial | B1021: Municipal | D1021: Old | E1021: Space heating | F1021: Commercial GHP | G1021: Mid | H1021: Electricity | I1021: 2033 | J1021: Space heating Commercial GHP Mid Electricity 2033 | K1021: COMELC | L1021: COMMUNOldSHEUE | M1021: COMMUNOldSHCOMGHPMIDELC33 | N1021: 1 | O1021: 2033 | P1021: 497.90496 | Q1021: 3.8104971 | R1021: Thousands Btu / hour | S1021: 3.8 | T1021: Btu / Btu | U1021: 3.8 | V1021: 1698.9226 | W1021: 13.001959 | X1021: MW | Y1021: 14.4 | Z1021: 0.22779524 | AA1021: 31.536
A1022: Commercial | B1022: Municipal | D1022: Old | E1022: Space heating | F1022: Commercial GHP | G1022: High | H1022: Electricity | I1022: 2033 | J1022: Space heating Commercial GHP High Electricity 2033 | K1022: COMELC | L1022: COMMUNOldSHEUE | M1022: COMMUNOldSHCOMGHPHIGELC33 | N1022: 1 | O1022: 2033 | P1022: 513.14694 | Q1022: 3.8104971 | R1022: Thousands Btu / hour | S1022: 4 | T1022: Btu / Btu | U1022: 4 | V1022: 1750.9305 | W1022: 13.001959 | X1022: MW | Y1022: 14.4 | Z1022: 0.22779524 | AA1022: 31.536
A1023: Commercial | B1023: Municipal | D1023: Old | E1023: Space heating | F1023: Commercial GHP | G1023: Standard | H1023: Electricity | I1023: 2023 | J1023: Space heating Commercial GHP Standard Electricity 2023 | K1023: COMELC | L1023: COMMUNOldSHEUE | M1023: COMMUNOldSHCOMGHPSTDELC23 | N1023: 1 | O1023: 2023 | P1023: 483.93313 | Q1023: 3.8104971 | R1023: Thousands Btu / hour | S1023: 3.7 | T1023: Btu / Btu | U1023: 3.7 | V1023: 1651.2488 | W1023: 13.001959 | X1023: MW | Y1023: 14.4 | Z1023: 0.22779524 | AA1023: 31.536
A1024: Commercial | B1024: Municipal | D1024: Old | E1024: Space heating | F1024: Commercial GHP | G1024: Mid | H1024: Electricity | I1024: 2023 | J1024: Space heating Commercial GHP Mid Electricity 2023 | K1024: COMELC | L1024: COMMUNOldSHEUE | M1024: COMMUNOldSHCOMGHPMIDELC23 | N1024: 1 | O1024: 2023 | P1024: 497.90496 | Q1024: 3.8104971 | R1024: Thousands Btu / hour | S1024: 3.8 | T1024: Btu / Btu | U1024: 3.8 | V1024: 1698.9226 | W1024: 13.001959 | X1024: MW | Y1024: 14.4 | Z1024: 0.22779524 | AA1024: 31.536
A1025: Commercial | B1025: Municipal | D1025: Old | E1025: Space heating | F1025: Commercial GHP | G1025: High | H1025: Electricity | I1025: 2023 | J1025: Space heating Commercial GHP High Electricity 2023 | K1025: COMELC | L1025: COMMUNOldSHEUE | M1025: COMMUNOldSHCOMGHPHIGELC23 | N1025: 1 | O1025: 2023 | P1025: 513.14694 | Q1025: 3.8104971 | R1025: Thousands Btu / hour | S1025: 4 | T1025: Btu / Btu | U1025: 4 | V1025: 1750.9305 | W1025: 13.001959 | X1025: MW | Y1025: 14.4 | Z1025: 0.22779524 | AA1025: 31.536
A1026: Commercial | B1026: Municipal | D1026: Old | E1026: Space heating | F1026: ICE Rooftop AHP | G1026: Standard | H1026: Natural gas | I1026: 2022 | J1026: Space heating ICE Rooftop AHP Standard Natural gas 2022 | K1026: COMNGA | L1026: COMMUNOldSHEUE | M1026: COMMUNOldSHICEAHPSTDNGA20 | N1026: 1 | O1026: 2020 | P1026: 335.32375 | Q1026: 6.3000219 | R1026: Thousands Btu / hour | S1026: 1.4 | T1026: Btu / Btu | U1026: 1.4 | V1026: 1144.1724 | W1026: 21.496572 | X1026: MW | Y1026: 15 | Z1026: 0.22779524 | AA1026: 31.536
A1027: Commercial | B1027: Municipal | D1027: Old | E1027: Space heating | F1027: Boiler | G1027: Standard | H1027: Fuel oil | I1027: 2030 | J1027: Space heating Boiler Standard Fuel oil 2030 | K1027: COMFOI | L1027: COMMUNOldSHEUE | M1027: COMMUNOldSHBOISTDFOI30 | N1027: 1 | O1027: 2030 | P1027: 55.18651 | Q1027: 4.0294912 | R1027: Thousands Btu / hour | S1027: 0.87 | T1027: Btu / Btu | U1027: 0.87 | V1027: 188.30423 | W1027: 13.749198 | X1027: MW | Y1027: 25 | Z1027: 0.22779524 | AA1027: 31.536
A1028: Commercial | B1028: Municipal | D1028: Old | E1028: Space heating | F1028: Boiler | G1028: Standard | H1028: Fuel oil | I1028: 2040 | J1028: Space heating Boiler Standard Fuel oil 2040 | K1028: COMFOI | L1028: COMMUNOldSHEUE | M1028: COMMUNOldSHBOISTDFOI40 | N1028: 1 | O1028: 2040 | P1028: 53.946364 | Q1028: 3.9389408 | R1028: Thousands Btu / hour | S1028: 0.89 | T1028: Btu / Btu | U1028: 0.89 | V1028: 184.07268 | W1028: 13.440227 | X1028: MW | Y1028: 25 | Z1028: 0.22779524 | AA1028: 31.536
A1029: Commercial | B1029: Municipal | D1029: Old | E1029: Space cooling | F1029: Rooftop AHP | G1029: Standard | H1029: Electricity | I1029: 2061 | J1029: Space cooling Rooftop AHP Standard Electricity 2061 | K1029: COMELC | L1029: COMMUNOldSCEUE | M1029: COMMUNOldSCRTPAHPSTDELC61 | N1029: 1 | O1029: 2061 | P1029: 117.05847 | Q1029: 4.2000146 | R1029: Thousands Btu / hour | S1029: 3.2239156 | T1029: Btu / Btu | U1029: 3.2239156 | V1029: 399.42018 | W1029: 14.331048 | X1029: MW | Y1029: 21 | Z1029: 0.10643221 | AA1029: 31.536
... A1184: Commercial | B1184: Municipal | D1184: Old | E1184: Refrigeration | F1184: Commercial Reach-In | G1184: High | H1184: Electricity | I1184: 2025 | J1184: Refrigeration Commercial Reach-In High Electricity 2025 | K1184: COMELC | L1184: COMMUNOldREEUE | M1184: COMMUNOldRECOMRINHIGELC25 | N1184: 1 | O1184: 2025 | P1184: 1758.0247 | Q1184: 83.737017 | R1184: Thousands Btu / hour | S1184: 7.4409022 | T1184: Btu / Btu | U1184: 2.569611 | V1184: 17370.421 | W1184: 827.37588 | X1184: MW | Y1184: 10 | Z1184: 0.44 | AA1184: 31.536
A1185: * | M1185: * | N1185: *
...

Sheet COM RESID
A1: Sector | B1: Sub-sector | C1: Archetype | D1: Vintage | E1: End Use | F1: Technology | G1: Energy | H1: Input Label | I1: Output Label | J1: Technology Label | K1: DEMAND (Mm2) | L1: FINAL ENERGY (TJ) | M1: FINAL ENERGY SHARE (%) | N1: FINAL ENERGY EQ (TJ) | O1: USEFUL ENERGY (TJ,Mlm) | P1: RESID (MW,Mlma, Tja) | Q1: Capacity Unit | R1: EFF | S1: Residual life (Yr) | T1: Fixed O&M ($/kW/yr) | U1: Variable O&M ($/GJ) | V1: CFA | W1: C2A
A2: Commercial | B2: Hotel | D2: Old | E2: Space heating | F2: Electric furnace | G2: Electricity | H2: COMELC | I2: COMHOTOldSHEUE | J2: COMHOTOldSHFURELC19 | K2: 11.978701 | L2: 105.23941 | M2: 0.79219174 | N2: 83.369795 | O2: 81.702399 | P2: 37.362548 | Q2: MW | R2: 0.98 | S2: 15 | T2: 1 | V2: 0.069341257 | W2: 31.536
A3: Commercial | B3: Hotel | D3: Old | E3: Space heating | F3: Electric boiler | G3: Electricity | H3: COMELC | I3: COMHOTOldSHEUE | J3: COMHOTOldSHBOIELC19 | K3: 11.978701 | L3: 105.23941 | M3: 0.066806316 | N3: 7.0306576 | O3: 6.5884292 | P3: 3.5269956 | Q3: MW | R3: 0.9371 | S3: 7.5 | T3: 1 | V3: 0.059233905 | W3: 31.536
A4: Commercial | B4: Hotel | D4: Old | E4: Space heating | F4: Electric air heat pump | G4: Electricity | H4: COMELC | I4: COMHOTOldSHEUE | J4: COMHOTOldSHAHPELC19 | K4: 11.978701 | L4: 105.23941 | M4: 0.14100195 | N4: 14.838962 | O4: 46.000783 | P4: 14.674506 | Q4: MW | R4: 3.1 | S4: 10.5 | T4: 14.331048 | V4: 0.099402002 | W4: 31.536
A5: Commercial | B5: Hotel | D5: Old | E5: Space heating | F5: Electric ground heat pump | G5: Electricity | H5: COMELC | I5: COMHOTOldSHEUE | J5: COMHOTOldSHGHPELC19 | K5: 11.978701 | L5: 105.23941 | M5: 0 | N5: 0 | O5: 0 | P5: 0 | Q5: MW | R5: 3.4 | S5: 7.2 | T5: 13.001959 | V5: 0.10902155 | W5: 31.536
A6: Commercial | B6: Hotel | D6: Old | E6: Space heating | F6: Natural gas furnace | G6: Natural gas | H6: COMNGA | I6: COMHOTOldSHEUE | J6: COMHOTOldSHFURNGA19 | K6: 11.978701 | L6: 1635.3055 | M6: 0.2440729 | N6: 399.13375 | O6: 283.58453 | P6: 59.96843 | Q6: MW | R6: 0.7105 | S6: 11.5 | T6: 2.0235418 | V6: 0.14995234 | W6: 31.536 | Y6: 23
A7: Commercial | B7: Hotel | D7: Old | E7: Space heating | F7: Natural gas boiler | G7: Natural gas | H7: COMNGA | I7: COMHOTOldSHEUE | J7: COMHOTOldSHBOINGA19 | K7: 11.978701 | L7: 1635.3055 | M7: 0.73410948 | N7: 1200.4933 | O7: 912.37487 | P7: 157.49913 | Q7: MW | R7: 0.76 | S7: 12.5 | T7: 11.357594 | V7: 0.18369128 | W7: 31.536
A8: Commercial | B8: Hotel | D8: Old | E8: Space heating | F8: Natural gas heat pump | G8: Natural gas | H8: COMNGA | I8: COMHOTOldSHEUE | J8: COMHOTOldSHAHPNGA19 | K8: 11.978701 | L8: 1635.3055 | M8: 0.021817613 | N8: 35.678462 | O8: 46.382001 | P8: 5.123458 | Q8: MW | R8: 1.3 | S8: 7.5 | T8: 12 | V8: 0.28706464 | W8: 31.536
A9: Commercial | B9: Hotel | D9: Old | E9: Space heating | F9: Fuel oil boiler | G9: Fuel oil | H9: COMFOI | I9: COMHOTOldSHEUE | J9: COMHOTOldSHBOIFOI19 | K9: 11.978701 | L9: 136.24643 | M9: 0.96283873 | N9: 131.18334 | O9: 103.63484 | P9: 21.245855 | Q9: MW | R9: 0.79 | S9: 12.5 | T9: 14 | V9: 0.15467672 | W9: 31.536
A10: Commercial | B10: Hotel | D10: Old | E10: Space heating | F10: Fuel oil furnace | G10: Fuel oil | H10: COMFOI | I10: COMHOTOldSHEUE | J10: COMHOTOldSHFURFOI19 | K10: 11.978701 | L10: 136.24643 | M10: 0.037161272 | N10: 5.0630907 | O10: 3.8504805 | P10: 0.81999507 | Q10: MW | R10: 0.7605 | S10: 11.5 | T10: 4 | V10: 0.14890082 | W10: 31.536
A11: Commercial | B11: Hotel | D11: Old | E11: Space heating | F11: Propane furnace | G11: LPG | H11: COMLPG | I11: COMHOTOldSHEUE | J11: COMHOTOldSHFURPRO19 | K11: 11.978701 | L11: 0 | M11: 0.32032654 | N11: 0 | O11: 0 | P11: 0 | Q11: MW | R11: 0.7105 | S11: 11.5 | T11: 2.0235418 | V11: 0.14995234 | W11: 31.536
A12: Commercial | B12: Hotel | D12: Old | E12: Space heating | F12: Propane boiler | G12: LPG | H12: COMLPG | I12: COMHOTOldSHEUE | J12: COMHOTOldSHBOIPRO19 | K12: 11.978701 | L12: 0 | M12: 0.30268222 | N12: 0 | O12: 0 | P12: 0 | Q12: MW | R12: 0.76 | S12: 12.5 | T12: 11.357594 | V12: 0.18369128 | W12: 31.536
A13: Commercial | B13: Hotel | D13: Old | E13: Space heating | F13: Propane heat pump | G13: LPG | H13: COMLPG | I13: COMHOTOldSHEUE | J13: COMHOTOldSHAHPPRO19 | K13: 11.978701 | L13: 0 | M13: 0.37699124 | N13: 0 | O13: 0 | P13: 0 | Q13: MW | R13: 1.3 | S13: 7.5 | T13: 12 | V13: 0.28706464 | W13: 31.536
A14: Commercial | B14: Hotel | D14: Old | E14: Space heating | F14: District steam heating system | G14: Steam / Cooling | H14: COMSTM | I14: COMHOTOldSHEUE | J14: COMHOTOldSHDHESTM19 | K14: 11.978701 | L14: 68.809968 | M14: 1 | N14: 68.809968 | O14: 64.481821 | P14: 4.9913363 | Q14: MW | R14: 0.9371 | S14: 12.5 | T14: 1 | V14: 0.40965084 | W14: 31.536
A15: Commercial | B15: Hotel | D15: Old | E15: Space cooling | F15: Res type central AC electric | G15: Electricity | H15: COMELC | I15: COMHOTOldSCEUE | J15: COMHOTOldSCRESELC19 | K15: 11.978701 | L15: 393.15304 | M15: 0.015856174 | N15: 6.2339029 | O15: 20.828398 | P15: 3.282636 | Q15: MW | R15: 3.3411489 | S15: 9 | T15: 8 | V15: 0.20119933 | W15: 31.536
A16: Commercial | B16: Hotel | D16: Old | E16: Space cooling | F16: Room AC electric | G16: Electricity | H16: COMELC | I16: COMHOTOldSCEUE | J16: COMHOTOldSCRACELC19 | K16: 11.978701 | L16: 393.15304 | M16: 0.57192812 | N16: 224.85528 | O16: 573.34142 | P16: 57.718846 | Q16: MW | R16: 2.5498242 | S16: 5 | T16: 0 | V16: 0.31498442 | W16: 31.536
A17: Commercial | B17: Hotel | D17: Old | E17: Space cooling | F17: Central AC electric | G17: Electricity | H17: COMELC | I17: COMHOTOldSCEUE | J17: COMHOTOldSCCACELC19 | K17: 11.978701 | L17: 393.15304 | M17: 0.27581488 | N17: 108.43746 | O17: 331.62993 | P17: 76.852525 | Q17: MW | R17: 3.0582599 | S17: 9 | T17: 8 | V17: 0.13683241 | W17: 31.536
A18: Commercial | B18: Hotel | D18: Old | E18: Space cooling | F18: Rooftop Air HP electric | G18: Electricity | H18: COMELC | I18: COMHOTOldSCEUE | J18: COMHOTOldSCAHPELC19 | K18: 11.978701 | L18: 393.15304 | M18: 0.12372108 | N18: 48.64132 | O18: 132.58039 | P18: 13.27567 | Q18: MW | R18: 2.7256741 | S18: 10.5 | T18: 14 | V18: 0.31667678 | W18: 31.536
... A337: Commercial | B337: Other | D337: Old | E337: Other end use | F337: Electricity | G337: Electricity | H337: COMELC | I337: COMOTHOldOEEUE | J337: COMOTHOldOEELC19 | K337: 8.7602804 | L337: 2864.2761 | M337: 1 | N337: 2864.2761 | O337: 2864.2761 | P337: 6509.7185 | Q337: TJa | R337: 1 | S337: 12.5 | T337: 10 | V337: 0.44 | W337: 1

Sheet >>> Data

Sheet Selected_constraint_UC
A1: Constraint number | B1: {=_xlfn.UNIQUE(_xlfn._xlws.FILTER('COM RESID'!$H:$I,'COM RESID'!$H:$H<>""))} -> Input Label | C1: Output Label | D1: Count | I1: Constraint number | J1: Input Label | K1: Output Label | L1: Count
A2: =COUNTA($B$2:B2) -> 1 | B2: COMELC | C2: COMHOTOldSHEUE | D2: {=COUNTA(_xlfn.UNIQUE(_xlfn._xlws.FILTER('COM TECH'!$K:$K,('COM TECH'!$L:$L=C2)*('COM TECH'!$N:$N=1))))} -> 3 | I2: 1 | J2: COMELC | K2: COMHOTOldSHEUE | L2: 3
A3: =COUNTA($B$2:B3) -> 2 | B3: COMNGA | C3: COMHOTOldSHEUE | D3: {=COUNTA(_xlfn.UNIQUE(_xlfn._xlws.FILTER('COM TECH'!$K:$K,('COM TECH'!$L:$L=C3)*('COM TECH'!$N:$N=1))))} -> 3 | I3: 2 | J3: COMNGA | K3: COMHOTOldSHEUE | L3: 3
A4: =COUNTA($B$2:B4) -> 3 | B4: COMFOI | C4: COMHOTOldSHEUE | D4: {=COUNTA(_xlfn.UNIQUE(_xlfn._xlws.FILTER('COM TECH'!$K:$K,('COM TECH'!$L:$L=C4)*('COM TECH'!$N:$N=1))))} -> 3 | I4: 3 | J4: COMFOI | K4: COMHOTOldSHEUE | L4: 3
A5: =COUNTA($B$2:B5) -> 4 | B5: COMLPG | C5: COMHOTOldSHEUE | D5: {=COUNTA(_xlfn.UNIQUE(_xlfn._xlws.FILTER('COM TECH'!$K:$K,('COM TECH'!$L:$L=C5)*('COM TECH'!$N:$N=1))))} -> 3 | I5: 4 | J5: COMLPG | K5: COMHOTOldSHEUE | L5: 3
A6: =COUNTA($B$2:B6) -> 5 | B6: COMSTM | C6: COMHOTOldSHEUE | D6: {=COUNTA(_xlfn.UNIQUE(_xlfn._xlws.FILTER('COM TECH'!$K:$K,('COM TECH'!$L:$L=C6)*('COM TECH'!$N:$N=1))))} -> 3 | I6: 5 | J6: COMSTM | K6: COMHOTOldSHEUE | L6: 3
A7: =COUNTA($B$2:B7) -> 6 | B7: COMELC | C7: COMHOTOldSCEUE | D7: {=COUNTA(_xlfn.UNIQUE(_xlfn._xlws.FILTER('COM TECH'!$K:$K,('COM TECH'!$L:$L=C7)*('COM TECH'!$N:$N=1))))} -> 2 | I7: 6 | J7: COMELC | K7: COMHOTOldSCEUE | L7: 2
A8: =COUNTA($B$2:B8) -> 7 | B8: COMELC | C8: COMHOTOldVTEUE | D8: {=COUNTA(_xlfn.UNIQUE(_xlfn._xlws.FILTER('COM TECH'!$K:$K,('COM TECH'!$L:$L=C8)*('COM TECH'!$N:$N=1))))} -> 1 | I8: 7 | J8: COMELC | K8: COMHOTOldVTEUE | L8: 1
A9: =COUNTA($B$2:B9) -> 8 | B9: COMFOI | C9: COMHOTOldWHEUE | D9: {=COUNTA(_xlfn.UNIQUE(_xlfn._xlws.FILTER('COM TECH'!$K:$K,('COM TECH'!$L:$L=C9)*('COM TECH'!$N:$N=1))))} -> 3 | I9: 8 | J9: COMFOI | K9: COMHOTOldWHEUE | L9: 3
A10: =COUNTA($B$2:B10) -> 9 | B10: COMNGA | C10: COMHOTOldWHEUE | D10: {=COUNTA(_xlfn.UNIQUE(_xlfn._xlws.FILTER('COM TECH'!$K:$K,('COM TECH'!$L:$L=C10)*('COM TECH'!$N:$N=1))))} -> 3 | I10: 9 | J10: COMNGA | K10: COMHOTOldWHEUE | L10: 3
A11: =COUNTA($B$2:B11) -> 10 | B11: COMSTM | C11: COMHOTOldWHEUE | D11: {=COUNTA(_xlfn.UNIQUE(_xlfn._xlws.FILTER('COM TECH'!$K:$K,('COM TECH'!$L:$L=C11)*('COM TECH'!$N:$N=1))))} -> 3 | I11: 10 | J11: COMSTM | K11: COMHOTOldWHEUE | L11: 3
A12: =COUNTA($B$2:B12) -> 11 | B12: COMELC | C12: COMHOTOldWHEUE | D12: {=COUNTA(_xlfn.UNIQUE(_xlfn._xlws.FILTER('COM TECH'!$K:$K,('COM TECH'!$L:$L=C12)*('COM TECH'!$N:$N=1))))} -> 3 | I12: 11 | J12: COMELC | K12: COMHOTOldWHEUE | L12: 3
A13: =COUNTA($B$2:B13) -> 12 | B13: COMELC | C13: COMHOTOldLTEUE | D13: {=COUNTA(_xlfn.UNIQUE(_xlfn._xlws.FILTER('COM TECH'!$K:$K,('COM TECH'!$L:$L=C13)*('COM TECH'!$N:$N=1))))} -> 1 | I13: 12 | J13: COMELC | K13: COMHOTOldLTEUE | L13: 1
... A169: =COUNTA($B$2:B169) -> 168 | B169: COMELC | C169: COMOTHOldOEEUE | D169: {=COUNTA(_xlfn.UNIQUE(_xlfn._xlws.FILTER('COM TECH'!$K:$K,('COM TECH'!$L:$L=C169)*('COM TECH'!$N:$N=1))))} -> 2 | I169: 168 | J169: COMELC | K169: COMOTHOldOEEUE | L169: 2

Sheet >> TIMES

Sheet UC
C2: ~UC_Sets: R_E: CITY | Q2: ~UC_Sets: R_E: CITY
H3: ~UC_T:UC_COMPRD | V3: ~UC_T:UC_COMPRD
C4: UC_N | D4: Pset_PN | E4: Pset: CI | F4: Pset: CO | G4: Cset: CN | H4: Year | I4: LimType | J4: UC_FLO | K4: CITY | L4: UC_RHSRTS | M4: UC_RHSRTS~0 | Q4: UC_N | R4: Pset_PN | S4: Pset: CI | T4: Pset: CO | U4: Cset: CN | V4: Year | W4: LimType | X4: UC_FLO | Y4: CITY | Z4: UC_RHSRTS | AA4: UC_RHSRTS~0
A5: 1 | C5: =IF(E5="","",IF(_xlfn.XLOOKUP($A5,Selected_constraint_UC!$A:$A,Selected_constraint_UC!$D:$D)=1,"*",IF(SUMIFS('COM TECH'!$N:$N,'COM TECH'!$K:$K,E5,'COM TECH'!$L:$L,F5)=0,"*",IF(SUMIFS('COM RESID'!$O:$O,'COM RESID'!$H:$H,$E5,'COM RESID'!$I:$I,$F5)=0,"*","UC_MarketShare_"&LEFT(F5,LEN(F5)-3)&"_"&RIGHT(E5,3)&"_MIN")))) -> UC_MarketShare_COMHOTOldSH_ELC_MIN | E5: =_xlfn.XLOOKUP($A5,Selected_constraint_UC!$A:$A,Selected_constraint_UC!$B:$B) -> COMELC | F5: =_xlfn.XLOOKUP($A5,Selected_constraint_UC!$A:$A,Selected_constraint_UC!$C:$C) -> COMHOTOldSHEUE | G5: =F5 -> COMHOTOldSHEUE | H5: 2019 | I5: LO | J5: 1 | K5: =-ROUNDDOWN(SUMIFS('COM RESID'!$O:$O,'COM RESID'!$H:$H,$E5,'COM RESID'!$I:$I,$F5)/SUMIFS('COM RESID'!$O:$O,'COM RESID'!$I:$I,$F5),3)*O5 -> -0.08428 | L5: 0 | M5: 5 | O5: 0.98 | Q5: =SUBSTITUTE(C5,"MIN","MAX") -> UC_MarketShare_COMHOTOldSH_ELC_MAX | S5: =E5 -> COMELC | T5: =F5 -> COMHOTOldSHEUE | U5: =G5 -> COMHOTOldSHEUE | V5: =H5 -> 2019 | W5: UP | X5: 1 | Y5: =-ROUNDUP(MIN(SUMIFS('COM RESID'!$O:$O,'COM RESID'!$H:$H,$E5,'COM RESID'!$I:$I,$F5)/SUMIFS('COM RESID'!$O:$O,'COM RESID'!$I:$I,$F5)*AC5,1),3) -> -0.089 | Z5: 0 | AA5: 5 | AC5: 1.02
A6: =A5 -> 1 | C6: =IF(C5="*",C5,"") | E6: =E5 -> COMELC | F6: =F5 -> COMHOTOldSHEUE | G6: =G5 -> COMHOTOldSHEUE | H6: 2025 | I6: =I5 -> LO | K6: =-ROUNDDOWN(SUMIFS('COM RESID'!$O:$O,'COM RESID'!$H:$H,$E6,'COM RESID'!$I:$I,$F6)/SUMIFS('COM RESID'!$O:$O,'COM RESID'!$I:$I,$F6),3)*O6 -> -0.0688 | O6: 0.8 | Q6: =SUBSTITUTE(C6,"MIN","MAX") | S6: =E6 -> COMELC | T6: =F6 -> COMHOTOldSHEUE | U6: =G6 -> COMHOTOldSHEUE | V6: 2025 | W6: =W5 -> UP | Y6: =-ROUNDUP(MIN(SUMIFS('COM RESID'!$O:$O,'COM RESID'!$H:$H,$E6,'COM RESID'!$I:$I,$F6)/SUMIFS('COM RESID'!$O:$O,'COM RESID'!$I:$I,$F6)*AC6,1),3) -> -0.25 | AC6: =IF(S6="COMELC",IF(SUMIFS('COM RESID'!$O:$O,'COM RESID'!$H:$H,$E6,'COM RESID'!$I:$I,$F6)/SUMIFS('COM RESID'!$O:$O,'COM RESID'!$I:$I,$F6)*1.2<0.25,0.25/(SUMIFS('COM RESID'!$O:$O,'COM RESID'!$H:$H,$E6,'COM RESID'!$I:$I,$F6)/SUMIFS('COM RESID'!$O:$O,'COM RESID'!$I:$I,$F6)),1.2),IF(ISNUMBER(SEARCH("WHEUE",T6)),IF(OR(S6="COMNGA",S6="COMFOI"),1,1.2),1.2)) -> 2.8829056
A7: =A6 -> 1 | C7: =IF(C6="*",C6,"") | E7: =E6 -> COMELC | F7: =F6 -> COMHOTOldSHEUE | G7: =G6 -> COMHOTOldSHEUE | H7: 2030 | I7: =I6 -> LO | K7: =-ROUNDDOWN(SUMIFS('COM RESID'!$O:$O,'COM RESID'!$H:$H,$E7,'COM RESID'!$I:$I,$F7)/SUMIFS('COM RESID'!$O:$O,'COM RESID'!$I:$I,$F7),3)*O7 -> -0.0645 | O7: 0.75 | Q7: =SUBSTITUTE(C7,"MIN","MAX") | S7: =E7 -> COMELC | T7: =F7 -> COMHOTOldSHEUE | U7: =G7 -> COMHOTOldSHEUE | V7: 2030 | W7: =W6 -> UP | Y7: =-ROUNDUP(MIN(SUMIFS('COM RESID'!$O:$O,'COM RESID'!$H:$H,$E7,'COM RESID'!$I:$I,$F7)/SUMIFS('COM RESID'!$O:$O,'COM RESID'!$I:$I,$F7)*AC7,1),3) -> -0.5 | AC7: =IF(S7="COMELC",IF(SUMIFS('COM RESID'!$O:$O,'COM RESID'!$H:$H,$E7,'COM RESID'!$I:$I,$F7)/SUMIFS('COM RESID'!$O:$O,'COM RESID'!$I:$I,$F7)*1.5<0.5,0.5/(SUMIFS('COM RESID'!$O:$O,'COM RESID'!$H:$H,$E7,'COM RESID'!$I:$I,$F7)/SUMIFS('COM RESID'!$O:$O,'COM RESID'!$I:$I,$F7)),1.5),IF(ISNUMBER(SEARCH("WHEUE",T6)),IF(OR(S6="COMNGA",S6="COMFOI"),0.9,1.5),1.5)) -> 5.7658112
A8: =A7 -> 1 | C8: =IF(C7="*",C7,"") | E8: =E7 -> COMELC | F8: =F7 -> COMHOTOldSHEUE | G8: =G7 -> COMHOTOldSHEUE | H8: 2050 | I8: =I7 -> LO | K8: =-ROUNDDOWN(SUMIFS('COM RESID'!$O:$O,'COM RESID'!$H:$H,$E8,'COM RESID'!$I:$I,$F8)/SUMIFS('COM RESID'!$O:$O,'COM RESID'!$I:$I,$F8),3)*O8 -> -0.0645 | O8: 0.75 | Q8: =SUBSTITUTE(C8,"MIN","MAX") | S8: =E8 -> COMELC | T8: =F8 -> COMHOTOldSHEUE | U8: =G8 -> COMHOTOldSHEUE | V8: 2050 | W8: =W7 -> UP | Y8: =-ROUNDUP(MIN(SUMIFS('COM RESID'!$O:$O,'COM RESID'!$H:$H,$E8,'COM RESID'!$I:$I,$F8)/SUMIFS('COM RESID'!$O:$O,'COM RESID'!$I:$I,$F8)*AC8,1),3) -> -1 | AC8: =IF(S8="COMELC",IF(SUMIFS('COM RESID'!$O:$O,'COM RESID'!$H:$H,$E8,'COM RESID'!$I:$I,$F8)/SUMIFS('COM RESID'!$O:$O,'COM RESID'!$I:$I,$F8)*3<1,1/(SUMIFS('COM RESID'!$O:$O,'COM RESID'!$H:$H,$E8,'COM RESID'!$I:$I,$F8)/SUMIFS('COM RESID'!$O:$O,'COM RESID'!$I:$I,$F8)),3),IF(ISNUMBER(SEARCH("WHEUE",T6)),IF(OR(S6="COMNGA",S6="COMFOI"),0.75,3),3)) -> 11.531622
A9: =A5+1 -> 2 | C9: =IF(E9="","",IF(_xlfn.XLOOKUP($A9,Selected_constraint_UC!$A:$A,Selected_constraint_UC!$D:$D)=1,"*",IF(SUMIFS('COM TECH'!$N:$N,'COM TECH'!$K:$K,E9,'COM TECH'!$L:$L,F9)=0,"*",IF(SUMIFS('COM RESID'!$O:$O,'COM RESID'!$H:$H,$E9,'COM RESID'!$I:$I,$F9)=0,"*","UC_MarketShare_"&LEFT(F9,LEN(F9)-3)&"_"&RIGHT(E9,3)&"_MIN")))) -> UC_MarketShare_COMHOTOldSH_NGA_MIN | E9: =_xlfn.XLOOKUP($A9,Selected_constraint_UC!$A:$A,Selected_constraint_UC!$B:$B) -> COMNGA | F9: =_xlfn.XLOOKUP($A9,Selected_constraint_UC!$A:$A,Selected_constraint_UC!$C:$C) -> COMHOTOldSHEUE | G9: =F9 -> COMHOTOldSHEUE | H9: 2019 | I9: LO | J9: 1 | K9: =-ROUNDDOWN(SUMIFS('COM RESID'!$O:$O,'COM RESID'!$H:$H,$E9,'COM RESID'!$I:$I,$F9)/SUMIFS('COM RESID'!$O:$O,'COM RESID'!$I:$I,$F9),3)*O9 -> -0.78596 | L9: 0 | M9: 5 | O9: 0.98 | Q9: =SUBSTITUTE(C9,"MIN","MAX") -> UC_MarketShare_COMHOTOldSH_NGA_MAX | S9: =E9 -> COMNGA | T9: =F9 -> COMHOTOldSHEUE | U9: =G9 -> COMHOTOldSHEUE | V9: 2019 | W9: UP | X9: 1 | Y9: =-ROUNDUP(MIN(SUMIFS('COM RESID'!$O:$O,'COM RESID'!$H:$H,$E9,'COM RESID'!$I:$I,$F9)/SUMIFS('COM RESID'!$O:$O,'COM RESID'!$I:$I,$F9)*AC9,1),3) -> -0.819 | Z9: 0 | AA9: 5 | AC9: 1.02
A10: =A9 -> 2 | C10: =IF(C9="*",C9,"") | E10: =E9 -> COMNGA | F10: =F9 -> COMHOTOldSHEUE | G10: =G9 -> COMHOTOldSHEUE | H10: 2025 | I10: =I9 -> LO | K10: =-ROUNDDOWN(SUMIFS('COM RESID'!$O:$O,'COM RESID'!$H:$H,$E10,'COM RESID'!$I:$I,$F10)/SUMIFS('COM RESID'!$O:$O,'COM RESID'!$I:$I,$F10),3)*O10 -> -0.6416 | O10: 0.8 | Q10: =SUBSTITUTE(C10,"MIN","MAX") | S10: =E10 -> COMNGA | T10: =F10 -> COMHOTOldSHEUE | U10: =G10 -> COMHOTOldSHEUE | V10: 2025 | W10: =W9 -> UP | Y10: =-ROUNDUP(MIN(SUMIFS('COM RESID'!$O:$O,'COM RESID'!$H:$H,$E10,'COM RESID'!$I:$I,$F10)/SUMIFS('COM RESID'!$O:$O,'COM RESID'!$I:$I,$F10)*AC10,1),3) -> -0.963 | AC10: =IF(S10="COMELC",IF(SUMIFS('COM RESID'!$O:$O,'COM RESID'!$H:$H,$E10,'COM RESID'!$I:$I,$F10)/SUMIFS('COM RESID'!$O:$O,'COM RESID'!$I:$I,$F10)*1.2<0.25,0.25/(SUMIFS('COM RESID'!$O:$O,'COM RESID'!$H:$H,$E10,'COM RESID'!$I:$I,$F10)/SUMIFS('COM RESID'!$O:$O,'COM RESID'!$I:$I,$F10)),1.2),IF(ISNUMBER(SEARCH("WHEUE",T10)),IF(OR(S10="COMNGA",S10="COMFOI"),1,1.2),1.2)) -> 1.2
A11: =A10 -> 2 | C11: =IF(C10="*",C10,"") | E11: =E10 -> COMNGA | F11: =F10 -> COMHOTOldSHEUE | G11: =G10 -> COMHOTOldSHEUE | H11: 2030 | I11: =I10 -> LO | K11: =-ROUNDDOWN(SUMIFS('COM RESID'!$O:$O,'COM RESID'!$H:$H,$E11,'COM RESID'!$I:$I,$F11)/SUMIFS('COM RESID'!$O:$O,'COM RESID'!$I:$I,$F11),3)*O11 -> -0.1604 | O11: 0.2 | Q11: =SUBSTITUTE(C11,"MIN","MAX") | S11: =E11 -> COMNGA | T11: =F11 -> COMHOTOldSHEUE | U11: =G11 -> COMHOTOldSHEUE | V11: 2030 | W11: =W10 -> UP | Y11: =-ROUNDUP(MIN(SUMIFS('COM RESID'!$O:$O,'COM RESID'!$H:$H,$E11,'COM RESID'!$I:$I,$F11)/SUMIFS('COM RESID'!$O:$O,'COM RESID'!$I:$I,$F11)*AC11,1),3) -> -1 | AC11: =IF(S11="COMELC",IF(SUMIFS('COM RESID'!$O:$O,'COM RESID'!$H:$H,$E11,'COM RESID'!$I:$I,$F11)/SUMIFS('COM RESID'!$O:$O,'COM RESID'!$I:$I,$F11)*1.5<0.5,0.5/(SUMIFS('COM RESID'!$O:$O,'COM RESID'!$H:$H,$E11,'COM RESID'!$I:$I,$F11)/SUMIFS('COM RESID'!$O:$O,'COM RESID'!$I:$I,$F11)),1.5),IF(ISNUMBER(SEARCH("WHEUE",T10)),IF(OR(S10="COMNGA",S10="COMFOI"),0.9,1.5),1.5)) -> 1.5
A12: =A11 -> 2 | C12: =IF(C11="*",C11,"") | E12: =E11 -> COMNGA | F12: =F11 -> COMHOTOldSHEUE | G12: =G11 -> COMHOTOldSHEUE | H12: 2050 | I12: =I11 -> LO | K12: =-ROUNDDOWN(SUMIFS('COM RESID'!$O:$O,'COM RESID'!$H:$H,$E12,'COM RESID'!$I:$I,$F12)/SUMIFS('COM RESID'!$O:$O,'COM RESID'!$I:$I,$F12),3)*O12 -> 0 | O12: 0 | Q12: =SUBSTITUTE(C12,"MIN","MAX") | S12: =E12 -> COMNGA | T12: =F12 -> COMHOTOldSHEUE | U12: =G12 -> COMHOTOldSHEUE | V12: 2050 | W12: =W11 -> UP | Y12: =-ROUNDUP(MIN(SUMIFS('COM RESID'!$O:$O,'COM RESID'!$H:$H,$E12,'COM RESID'!$I:$I,$F12)/SUMIFS('COM RESID'!$O:$O,'COM RESID'!$I:$I,$F12)*AC12,1),3) -> -1 | AC12: =IF(S12="COMELC",IF(SUMIFS('COM RESID'!$O:$O,'COM RESID'!$H:$H,$E12,'COM RESID'!$I:$I,$F12)/SUMIFS('COM RESID'!$O:$O,'COM RESID'!$I:$I,$F12)*3<1,1/(SUMIFS('COM RESID'!$O:$O,'COM RESID'!$H:$H,$E12,'COM RESID'!$I:$I,$F12)/SUMIFS('COM RESID'!$O:$O,'COM RESID'!$I:$I,$F12)),3),IF(ISNUMBER(SEARCH("WHEUE",T10)),IF(OR(S10="COMNGA",S10="COMFOI"),0.75,3),3)) -> 3
A13: =A9+1 -> 3 | C13: =IF(E13="","",IF(_xlfn.XLOOKUP($A13,Selected_constraint_UC!$A:$A,Selected_constraint_UC!$D:$D)=1,"*",IF(SUMIFS('COM TECH'!$N:$N,'COM TECH'!$K:$K,E13,'COM TECH'!$L:$L,F13)=0,"*",IF(SUMIFS('COM RESID'!$O:$O,'COM RESID'!$H:$H,$E13,'COM RESID'!$I:$I,$F13)=0,"*","UC_MarketShare_"&LEFT(F13,LEN(F13)-3)&"_"&RIGHT(E13,3)&"_MIN")))) -> UC_MarketShare_COMHOTOldSH_FOI_MIN | E13: =_xlfn.XLOOKUP($A13,Selected_constraint_UC!$A:$A,Selected_constraint_UC!$B:$B) -> COMFOI | F13: =_xlfn.XLOOKUP($A13,Selected_constraint_UC!$A:$A,Selected_constraint_UC!$C:$C) -> COMHOTOldSHEUE | G13: =F13 -> COMHOTOldSHEUE | H13: 2019 | I13: LO | J13: 1 | K13: =-ROUNDDOWN(SUMIFS('COM RESID'!$O:$O,'COM RESID'!$H:$H,$E13,'COM RESID'!$I:$I,$F13)/SUMIFS('COM RESID'!$O:$O,'COM RESID'!$I:$I,$F13),3)*O13 -> -0.06762 | L13: 0 | M13: 5 | O13: 0.98 | Q13: =SUBSTITUTE(C13,"MIN","MAX") -> UC_MarketShare_COMHOTOldSH_FOI_MAX | S13: =E13 -> COMFOI | T13: =F13 -> COMHOTOldSHEUE | U13: =G13 -> COMHOTOldSHEUE | V13: 2019 | W13: UP | X13: 1 | Y13: =-ROUNDUP(MIN(SUMIFS('COM RESID'!$O:$O,'COM RESID'!$H:$H,$E13,'COM RESID'!$I:$I,$F13)/SUMIFS('COM RESID'!$O:$O,'COM RESID'!$I:$I,$F13)*AC13,1),3) -> -0.071 | Z13: 0 | AA13: 5 | AC13: 1.02
A14: =A13 -> 3 | C14: =IF(C13="*",C13,"") | E14: =E13 -> COMFOI | F14: =F13 -> COMHOTOldSHEUE | G14: =G13 -> COMHOTOldSHEUE | H14: 2025 | I14: =I13 -> LO | K14: =-ROUNDDOWN(SUMIFS('COM RESID'!$O:$O,'COM RESID'!$H:$H,$E14,'COM RESID'!$I:$I,$F14)/SUMIFS('COM RESID'!$O:$O,'COM RESID'!$I:$I,$F14),3)*O14 -> -0.0552 | O14: 0.8 | Q14: =SUBSTITUTE(C14,"MIN","MAX") | S14: =E14 -> COMFOI | T14: =F14 -> COMHOTOldSHEUE | U14: =G14 -> COMHOTOldSHEUE | V14: 2025 | W14: =W13 -> UP | Y14: =-ROUNDUP(MIN(SUMIFS('COM RESID'!$O:$O,'COM RESID'!$H:$H,$E14,'COM RESID'!$I:$I,$F14)/SUMIFS('COM RESID'!$O:$O,'COM RESID'!$I:$I,$F14)*AC14,1),3) -> -0.084 | AC14: =IF(S14="COMELC",IF(SUMIFS('COM RESID'!$O:$O,'COM RESID'!$H:$H,$E14,'COM RESID'!$I:$I,$F14)/SUMIFS('COM RESID'!$O:$O,'COM RESID'!$I:$I,$F14)*1.2<0.25,0.25/(SUMIFS('COM RESID'!$O:$O,'COM RESID'!$H:$H,$E14,'COM RESID'!$I:$I,$F14)/SUMIFS('COM RESID'!$O:$O,'COM RESID'!$I:$I,$F14)),1.2),IF(ISNUMBER(SEARCH("WHEUE",T14)),IF(OR(S14="COMNGA",S14="COMFOI"),1,1.2),1.2)) -> 1.2
A15: =A14 -> 3 | C15: =IF(C14="*",C14,"") | E15: =E14 -> COMFOI | F15: =F14 -> COMHOTOldSHEUE | G15: =G14 -> COMHOTOldSHEUE | H15: 2030 | I15: =I14 -> LO | K15: =-ROUNDDOWN(SUMIFS('COM RESID'!$O:$O,'COM RESID'!$H:$H,$E15,'COM RESID'!$I:$I,$F15)/SUMIFS('COM RESID'!$O:$O,'COM RESID'!$I:$I,$F15),3)*O15 -> -0.0138 | O15: 0.2 | Q15: =SUBSTITUTE(C15,"MIN","MAX") | S15: =E15 -> COMFOI | T15: =F15 -> COMHOTOldSHEUE | U15: =G15 -> COMHOTOldSHEUE | V15: 2030 | W15: =W14 -> UP | Y15: =-ROUNDUP(MIN(SUMIFS('COM RESID'!$O:$O,'COM RESID'!$H:$H,$E15,'COM RESID'!$I:$I,$F15)/SUMIFS('COM RESID'!$O:$O,'COM RESID'!$I:$I,$F15)*AC15,1),3) -> -0.105 | AC15: =IF(S15="COMELC",IF(SUMIFS('COM RESID'!$O:$O,'COM RESID'!$H:$H,$E15,'COM RESID'!$I:$I,$F15)/SUMIFS('COM RESID'!$O:$O,'COM RESID'!$I:$I,$F15)*1.5<0.5,0.5/(SUMIFS('COM RESID'!$O:$O,'COM RESID'!$H:$H,$E15,'COM RESID'!$I:$I,$F15)/SUMIFS('COM RESID'!$O:$O,'COM RESID'!$I:$I,$F15)),1.5),IF(ISNUMBER(SEARCH("WHEUE",T14)),IF(OR(S14="COMNGA",S14="COMFOI"),0.9,1.5),1.5)) -> 1.5
A16: =A15 -> 3 | C16: =IF(C15="*",C15,"") | E16: =E15 -> COMFOI | F16: =F15 -> COMHOTOldSHEUE | G16: =G15 -> COMHOTOldSHEUE | H16: 2050 | I16: =I15 -> LO | K16: =-ROUNDDOWN(SUMIFS('COM RESID'!$O:$O,'COM RESID'!$H:$H,$E16,'COM RESID'!$I:$I,$F16)/SUMIFS('COM RESID'!$O:$O,'COM RESID'!$I:$I,$F16),3)*O16 -> 0 | O16: 0 | Q16: =SUBSTITUTE(C16,"MIN","MAX") | S16: =E16 -> COMFOI | T16: =F16 -> COMHOTOldSHEUE | U16: =G16 -> COMHOTOldSHEUE | V16: 2050 | W16: =W15 -> UP | Y16: =-ROUNDUP(MIN(SUMIFS('COM RESID'!$O:$O,'COM RESID'!$H:$H,$E16,'COM RESID'!$I:$I,$F16)/SUMIFS('COM RESID'!$O:$O,'COM RESID'!$I:$I,$F16)*AC16,1),3) -> -0.209 | AC16: =IF(S16="COMELC",IF(SUMIFS('COM RESID'!$O:$O,'COM RESID'!$H:$H,$E16,'COM RESID'!$I:$I,$F16)/SUMIFS('COM RESID'!$O:$O,'COM RESID'!$I:$I,$F16)*3<1,1/(SUMIFS('COM RESID'!$O:$O,'COM RESID'!$H:$H,$E16,'COM RESID'!$I:$I,$F16)/SUMIFS('COM RESID'!$O:$O,'COM RESID'!$I:$I,$F16)),3),IF(ISNUMBER(SEARCH("WHEUE",T14)),IF(OR(S14="COMNGA",S14="COMFOI"),0.75,3),3)) -> 3
A17: =A13+1 -> 4 | C17: =IF(E17="","",IF(_xlfn.XLOOKUP($A17,Selected_constraint_UC!$A:$A,Selected_constraint_UC!$D:$D)=1,"*",IF(SUMIFS('COM TECH'!$N:$N,'COM TECH'!$K:$K,E17,'COM TECH'!$L:$L,F17)=0,"*",IF(SUMIFS('COM RESID'!$O:$O,'COM RESID'!$H:$H,$E17,'COM RESID'!$I:$I,$F17)=0,"*","UC_MarketShare_"&LEFT(F17,LEN(F17)-3)&"_"&RIGHT(E17,3)&"_MIN")))) -> * | E17: =_xlfn.XLOOKUP($A17,Selected_constraint_UC!$A:$A,Selected_constraint_UC!$B:$B) -> COMLPG | F17: =_xlfn.XLOOKUP($A17,Selected_constraint_UC!$A:$A,Selected_constraint_UC!$C:$C) -> COMHOTOldSHEUE | G17: =F17 -> COMHOTOldSHEUE | H17: 2019 | I17: LO | J17: 1 | K17: =-ROUNDDOWN(SUMIFS('COM RESID'!$O:$O,'COM RESID'!$H:$H,$E17,'COM RESID'!$I:$I,$F17)/SUMIFS('COM RESID'!$O:$O,'COM RESID'!$I:$I,$F17),3)*O17 -> 0 | L17: 0 | M17: 5 | O17: 0.98 | Q17: =SUBSTITUTE(C17,"MIN","MAX") -> * | S17: =E17 -> COMLPG | T17: =F17 -> COMHOTOldSHEUE | U17: =G17 -> COMHOTOldSHEUE | V17: 2019 | W17: UP | X17: 1 | Y17: =-ROUNDUP(MIN(SUMIFS('COM RESID'!$O:$O,'COM RESID'!$H:$H,$E17,'COM RESID'!$I:$I,$F17)/SUMIFS('COM RESID'!$O:$O,'COM RESID'!$I:$I,$F17)*AC17,1),3) -> 0 | Z17: 0 | AA17: 5 | AC17: 1.02
A18: =A17 -> 4 | C18: =IF(C17="*",C17,"") -> * | E18: =E17 -> COMLPG | F18: =F17 -> COMHOTOldSHEUE | G18: =G17 -> COMHOTOldSHEUE | H18: 2025 | I18: =I17 -> LO | K18: =-ROUNDDOWN(SUMIFS('COM RESID'!$O:$O,'COM RESID'!$H:$H,$E18,'COM RESID'!$I:$I,$F18)/SUMIFS('COM RESID'!$O:$O,'COM RESID'!$I:$I,$F18),3)*O18 -> 0 | O18: 0.8 | Q18: =SUBSTITUTE(C18,"MIN","MAX") -> * | S18: =E18 -> COMLPG | T18: =F18 -> COMHOTOldSHEUE | U18: =G18 -> COMHOTOldSHEUE | V18: 2025 | W18: =W17 -> UP | Y18: =-ROUNDUP(MIN(SUMIFS('COM RESID'!$O:$O,'COM RESID'!$H:$H,$E18,'COM RESID'!$I:$I,$F18)/SUMIFS('COM RESID'!$O:$O,'COM RESID'!$I:$I,$F18)*AC18,1),3) -> 0 | AC18: =IF(S18="COMELC",IF(SUMIFS('COM RESID'!$O:$O,'COM RESID'!$H:$H,$E18,'COM RESID'!$I:$I,$F18)/SUMIFS('COM RESID'!$O:$O,'COM RESID'!$I:$I,$F18)*1.2<0.25,0.25/(SUMIFS('COM RESID'!$O:$O,'COM RESID'!$H:$H,$E18,'COM RESID'!$I:$I,$F18)/SUMIFS('COM RESID'!$O:$O,'COM RESID'!$I:$I,$F18)),1.2),IF(ISNUMBER(SEARCH("WHEUE",T18)),IF(OR(S18="COMNGA",S18="COMFOI"),1,1.2),1.2)) -> 1.2
A19: =A18 -> 4 | C19: =IF(C18="*",C18,"") -> * | E19: =E18 -> COMLPG | F19: =F18 -> COMHOTOldSHEUE | G19: =G18 -> COMHOTOldSHEUE | H19: 2030 | I19: =I18 -> LO | K19: =-ROUNDDOWN(SUMIFS('COM RESID'!$O:$O,'COM RESID'!$H:$H,$E19,'COM RESID'!$I:$I,$F19)/SUMIFS('COM RESID'!$O:$O,'COM RESID'!$I:$I,$F19),3)*O19 -> 0 | O19: 0.2 | Q19: =SUBSTITUTE(C19,"MIN","MAX") -> * | S19: =E19 -> COMLPG | T19: =F19 -> COMHOTOldSHEUE | U19: =G19 -> COMHOTOldSHEUE | V19: 2030 | W19: =W18 -> UP | Y19: =-ROUNDUP(MIN(SUMIFS('COM RESID'!$O:$O,'COM RESID'!$H:$H,$E19,'COM RESID'!$I:$I,$F19)/SUMIFS('COM RESID'!$O:$O,'COM RESID'!$I:$I,$F19)*AC19,1),3) -> 0 | AC19: =IF(S19="COMELC",IF(SUMIFS('COM RESID'!$O:$O,'COM RESID'!$H:$H,$E19,'COM RESID'!$I:$I,$F19)/SUMIFS('COM RESID'!$O:$O,'COM RESID'!$I:$I,$F19)*1.5<0.5,0.5/(SUMIFS('COM RESID'!$O:$O,'COM RESID'!$H:$H,$E19,'COM RESID'!$I:$I,$F19)/SUMIFS('COM RESID'!$O:$O,'COM RESID'!$I:$I,$F19)),1.5),IF(ISNUMBER(SEARCH("WHEUE",T18)),IF(OR(S18="COMNGA",S18="COMFOI"),0.9,1.5),1.5)) -> 1.5
A20: =A19 -> 4 | C20: =IF(C19="*",C19,"") -> * | E20: =E19 -> COMLPG | F20: =F19 -> COMHOTOldSHEUE | G20: =G19 -> COMHOTOldSHEUE | H20: 2050 | I20: =I19 -> LO | K20: =-ROUNDDOWN(SUMIFS('COM RESID'!$O:$O,'COM RESID'!$H:$H,$E20,'COM RESID'!$I:$I,$F20)/SUMIFS('COM RESID'!$O:$O,'COM RESID'!$I:$I,$F20),3)*O20 -> 0 | O20: 0 | Q20: =SUBSTITUTE(C20,"MIN","MAX") -> * | S20: =E20 -> COMLPG | T20: =F20 -> COMHOTOldSHEUE | U20: =G20 -> COMHOTOldSHEUE | V20: 2050 | W20: =W19 -> UP | Y20: =-ROUNDUP(MIN(SUMIFS('COM RESID'!$O:$O,'COM RESID'!$H:$H,$E20,'COM RESID'!$I:$I,$F20)/SUMIFS('COM RESID'!$O:$O,'COM RESID'!$I:$I,$F20)*AC20,1),3) -> 0 | AC20: =IF(S20="COMELC",IF(SUMIFS('COM RESID'!$O:$O,'COM RESID'!$H:$H,$E20,'COM RESID'!$I:$I,$F20)/SUMIFS('COM RESID'!$O:$O,'COM RESID'!$I:$I,$F20)*3<1,1/(SUMIFS('COM RESID'!$O:$O,'COM RESID'!$H:$H,$E20,'COM RESID'!$I:$I,$F20)/SUMIFS('COM RESID'!$O:$O,'COM RESID'!$I:$I,$F20)),3),IF(ISNUMBER(SEARCH("WHEUE",T18)),IF(OR(S18="COMNGA",S18="COMFOI"),0.75,3),3)) -> 3
A21: =A17+1 -> 5 | C21: =IF(E21="","",IF(_xlfn.XLOOKUP($A21,Selected_constraint_UC!$A:$A,Selected_constraint_UC!$D:$D)=1,"*",IF(SUMIFS('COM TECH'!$N:$N,'COM TECH'!$K:$K,E21,'COM TECH'!$L:$L,F21)=0,"*",IF(SUMIFS('COM RESID'!$O:$O,'COM RESID'!$H:$H,$E21,'COM RESID'!$I:$I,$F21)=0,"*","UC_MarketShare_"&LEFT(F21,LEN(F21)-3)&"_"&RIGHT(E21,3)&"_MIN")))) -> * | E21: =_xlfn.XLOOKUP($A21,Selected_constraint_UC!$A:$A,Selected_constraint_UC!$B:$B) -> COMSTM | F21: =_xlfn.XLOOKUP($A21,Selected_constraint_UC!$A:$A,Selected_constraint_UC!$C:$C) -> COMHOTOldSHEUE | G21: =F21 -> COMHOTOldSHEUE | H21: 2019 | I21: LO | J21: 1 | K21: =-ROUNDDOWN(SUMIFS('COM RESID'!$O:$O,'COM RESID'!$H:$H,$E21,'COM RESID'!$I:$I,$F21)/SUMIFS('COM RESID'!$O:$O,'COM RESID'!$I:$I,$F21),3)*O21 -> -0.04018 | L21: 0 | M21: 5 | O21: 0.98 | Q21: =SUBSTITUTE(C21,"MIN","MAX") -> * | S21: =E21 -> COMSTM | T21: =F21 -> COMHOTOldSHEUE | U21: =G21 -> COMHOTOldSHEUE | V21: 2019 | W21: UP | X21: 1 | Y21: =-ROUNDUP(MIN(SUMIFS('COM RESID'!$O:$O,'COM RESID'!$H:$H,$E21,'COM RESID'!$I:$I,$F21)/SUMIFS('COM RESID'!$O:$O,'COM RESID'!$I:$I,$F21)*AC21,1),3) -> -0.043 | Z21: 0 | AA21: 5 | AC21: 1.02
A22: =A21 -> 5 | C22: =IF(C21="*",C21,"") -> * | E22: =E21 -> COMSTM | F22: =F21 -> COMHOTOldSHEUE | G22: =G21 -> COMHOTOldSHEUE | H22: 2025 | I22: =I21 -> LO | K22: =-ROUNDDOWN(SUMIFS('COM RESID'!$O:$O,'COM RESID'!$H:$H,$E22,'COM RESID'!$I:$I,$F22)/SUMIFS('COM RESID'!$O:$O,'COM RESID'!$I:$I,$F22),3)*O22 -> -0.0328 | O22: 0.8 | Q22: =SUBSTITUTE(C22,"MIN","MAX") -> * | S22: =E22 -> COMSTM | T22: =F22 -> COMHOTOldSHEUE | U22: =G22 -> COMHOTOldSHEUE | V22: 2025 | W22: =W21 -> UP | Y22: =-ROUNDUP(MIN(SUMIFS('COM RESID'!$O:$O,'COM RESID'!$H:$H,$E22,'COM RESID'!$I:$I,$F22)/SUMIFS('COM RESID'!$O:$O,'COM RESID'!$I:$I,$F22)*AC22,1),3) -> -0.05 | AC22: =IF(S22="COMELC",IF(SUMIFS('COM RESID'!$O:$O,'COM RESID'!$H:$H,$E22,'COM RESID'!$I:$I,$F22)/SUMIFS('COM RESID'!$O:$O,'COM RESID'!$I:$I,$F22)*1.2<0.25,0.25/(SUMIFS('COM RESID'!$O:$O,'COM RESID'!$H:$H,$E22,'COM RESID'!$I:$I,$F22)/SUMIFS('COM RESID'!$O:$O,'COM RESID'!$I:$I,$F22)),1.2),IF(ISNUMBER(SEARCH("WHEUE",T22)),IF(OR(S22="COMNGA",S22="COMFOI"),1,1.2),1.2)) -> 1.2
A23: =A22 -> 5 | C23: =IF(C22="*",C22,"") -> * | E23: =E22 -> COMSTM | F23: =F22 -> COMHOTOldSHEUE | G23: =G22 -> COMHOTOldSHEUE | H23: 2030 | I23: =I22 -> LO | K23: =-ROUNDDOWN(SUMIFS('COM RESID'!$O:$O,'COM RESID'!$H:$H,$E23,'COM RESID'!$I:$I,$F23)/SUMIFS('COM RESID'!$O:$O,'COM RESID'!$I:$I,$F23),3)*O23 -> -0.0082 | O23: 0.2 | Q23: =SUBSTITUTE(C23,"MIN","MAX") -> * | S23: =E23 -> COMSTM | T23: =F23 -> COMHOTOldSHEUE | U23: =G23 -> COMHOTOldSHEUE | V23: 2030 | W23: =W22 -> UP | Y23: =-ROUNDUP(MIN(SUMIFS('COM RESID'!$O:$O,'COM RESID'!$H:$H,$E23,'COM RESID'!$I:$I,$F23)/SUMIFS('COM RESID'!$O:$O,'COM RESID'!$I:$I,$F23)*AC23,1),3) -> -0.063 | AC23: =IF(S23="COMELC",IF(SUMIFS('COM RESID'!$O:$O,'COM RESID'!$H:$H,$E23,'COM RESID'!$I:$I,$F23)/SUMIFS('COM RESID'!$O:$O,'COM RESID'!$I:$I,$F23)*1.5<0.5,0.5/(SUMIFS('COM RESID'!$O:$O,'COM RESID'!$H:$H,$E23,'COM RESID'!$I:$I,$F23)/SUMIFS('COM RESID'!$O:$O,'COM RESID'!$I:$I,$F23)),1.5),IF(ISNUMBER(SEARCH("WHEUE",T22)),IF(OR(S22="COMNGA",S22="COMFOI"),0.9,1.5),1.5)) -> 1.5
A24: =A23 -> 5 | C24: =IF(C23="*",C23,"") -> * | E24: =E23 -> COMSTM | F24: =F23 -> COMHOTOldSHEUE | G24: =G23 -> COMHOTOldSHEUE | H24: 2050 | I24: =I23 -> LO | K24: =-ROUNDDOWN(SUMIFS('COM RESID'!$O:$O,'COM RESID'!$H:$H,$E24,'COM RESID'!$I:$I,$F24)/SUMIFS('COM RESID'!$O:$O,'COM RESID'!$I:$I,$F24),3)*O24 -> 0 | O24: 0 | Q24: =SUBSTITUTE(C24,"MIN","MAX") -> * | S24: =E24 -> COMSTM | T24: =F24 -> COMHOTOldSHEUE | U24: =G24 -> COMHOTOldSHEUE | V24: 2050 | W24: =W23 -> UP | Y24: =-ROUNDUP(MIN(SUMIFS('COM RESID'!$O:$O,'COM RESID'!$H:$H,$E24,'COM RESID'!$I:$I,$F24)/SUMIFS('COM RESID'!$O:$O,'COM RESID'!$I:$I,$F24)*AC24,1),3) -> -0.125 | AC24: =IF(S24="COMELC",IF(SUMIFS('COM RESID'!$O:$O,'COM RESID'!$H:$H,$E24,'COM RESID'!$I:$I,$F24)/SUMIFS('COM RESID'!$O:$O,'COM RESID'!$I:$I,$F24)*3<1,1/(SUMIFS('COM RESID'!$O:$O,'COM RESID'!$H:$H,$E24,'COM RESID'!$I:$I,$F24)/SUMIFS('COM RESID'!$O:$O,'COM RESID'!$I:$I,$F24)),3),IF(ISNUMBER(SEARCH("WHEUE",T22)),IF(OR(S22="COMNGA",S22="COMFOI"),0.75,3),3)) -> 3
A25: =A21+1 -> 6 | C25: =IF(E25="","",IF(_xlfn.XLOOKUP($A25,Selected_constraint_UC!$A:$A,Selected_constraint_UC!$D:$D)=1,"*",IF(SUMIFS('COM TECH'!$N:$N,'COM TECH'!$K:$K,E25,'COM TECH'!$L:$L,F25)=0,"*",IF(SUMIFS('COM RESID'!$O:$O,'COM RESID'!$H:$H,$E25,'COM RESID'!$I:$I,$F25)=0,"*","UC_MarketShare_"&LEFT(F25,LEN(F25)-3)&"_"&RIGHT(E25,3)&"_MIN")))) -> UC_MarketShare_COMHOTOldSC_ELC_MIN | E25: =_xlfn.XLOOKUP($A25,Selected_constraint_UC!$A:$A,Selected_constraint_UC!$B:$B) -> COMELC | F25: =_xlfn.XLOOKUP($A25,Selected_constraint_UC!$A:$A,Selected_constraint_UC!$C:$C) -> COMHOTOldSCEUE | G25: =F25 -> COMHOTOldSCEUE | H25: 2019 | I25: LO | J25: 1 | K25: =-ROUNDDOWN(SUMIFS('COM RESID'!$O:$O,'COM RESID'!$H:$H,$E25,'COM RESID'!$I:$I,$F25)/SUMIFS('COM RESID'!$O:$O,'COM RESID'!$I:$I,$F25),3)*O25 -> -0.98 | L25: 0 | M25: 5 | O25: 0.98 | Q25: =SUBSTITUTE(C25,"MIN","MAX") -> UC_MarketShare_COMHOTOldSC_ELC_MAX | S25: =E25 -> COMELC | T25: =F25 -> COMHOTOldSCEUE | U25: =G25 -> COMHOTOldSCEUE | V25: 2019 | W25: UP | X25: 1 | Y25: =-ROUNDUP(MIN(SUMIFS('COM RESID'!$O:$O,'COM RESID'!$H:$H,$E25,'COM RESID'!$I:$I,$F25)/SUMIFS('COM RESID'!$O:$O,'COM RESID'!$I:$I,$F25)*AC25,1),3) -> -1 | Z25: 0 | AA25: 5 | AC25: 1.02
A26: =A25 -> 6 | C26: =IF(C25="*",C25,"") | E26: =E25 -> COMELC | F26: =F25 -> COMHOTOldSCEUE | G26: =G25 -> COMHOTOldSCEUE | H26: 2025 | I26: =I25 -> LO | K26: =-ROUNDDOWN(SUMIFS('COM RESID'!$O:$O,'COM RESID'!$H:$H,$E26,'COM RESID'!$I:$I,$F26)/SUMIFS('COM RESID'!$O:$O,'COM RESID'!$I:$I,$F26),3)*O26 -> -0.8 | O26: 0.8 | Q26: =SUBSTITUTE(C26,"MIN","MAX") | S26: =E26 -> COMELC | T26: =F26 -> COMHOTOldSCEUE | U26: =G26 -> COMHOTOldSCEUE | V26: 2025 | W26: =W25 -> UP | Y26: =-ROUNDUP(MIN(SUMIFS('COM RESID'!$O:$O,'COM RESID'!$H:$H,$E26,'COM RESID'!$I:$I,$F26)/SUMIFS('COM RESID'!$O:$O,'COM RESID'!$I:$I,$F26)*AC26,1),3) -> -1 | AC26: =IF(S26="COMELC",IF(SUMIFS('COM RESID'!$O:$O,'COM RESID'!$H:$H,$E26,'COM RESID'!$I:$I,$F26)/SUMIFS('COM RESID'!$O:$O,'COM RESID'!$I:$I,$F26)*1.2<0.25,0.25/(SUMIFS('COM RESID'!$O:$O,'COM RESID'!$H:$H,$E26,'COM RESID'!$I:$I,$F26)/SUMIFS('COM RESID'!$O:$O,'COM RESID'!$I:$I,$F26)),1.2),IF(ISNUMBER(SEARCH("WHEUE",T26)),IF(OR(S26="COMNGA",S26="COMFOI"),1,1.2),1.2)) -> 1.2
A27: =A26 -> 6 | C27: =IF(C26="*",C26,"") | E27: =E26 -> COMELC | F27: =F26 -> COMHOTOldSCEUE | G27: =G26 -> COMHOTOldSCEUE | H27: 2030 | I27: =I26 -> LO | K27: =-ROUNDDOWN(SUMIFS('COM RESID'!$O:$O,'COM RESID'!$H:$H,$E27,'COM RESID'!$I:$I,$F27)/SUMIFS('COM RESID'!$O:$O,'COM RESID'!$I:$I,$F27),3)*O27 -> -0.75 | O27: 0.75 | Q27: =SUBSTITUTE(C27,"MIN","MAX") | S27: =E27 -> COMELC | T27: =F27 -> COMHOTOldSCEUE | U27: =G27 -> COMHOTOldSCEUE | V27: 2030 | W27: =W26 -> UP | Y27: =-ROUNDUP(MIN(SUMIFS('COM RESID'!$O:$O,'COM RESID'!$H:$H,$E27,'COM RESID'!$I:$I,$F27)/SUMIFS('COM RESID'!$O:$O,'COM RESID'!$I:$I,$F27)*AC27,1),3) -> -1 | AC27: =IF(S27="COMELC",IF(SUMIFS('COM RESID'!$O:$O,'COM RESID'!$H:$H,$E27,'COM RESID'!$I:$I,$F27)/SUMIFS('COM RESID'!$O:$O,'COM RESID'!$I:$I,$F27)*1.5<0.5,0.5/(SUMIFS('COM RESID'!$O:$O,'COM RESID'!$H:$H,$E27,'COM RESID'!$I:$I,$F27)/SUMIFS('COM RESID'!$O:$O,'COM RESID'!$I:$I,$F27)),1.5),IF(ISNUMBER(SEARCH("WHEUE",T26)),IF(OR(S26="COMNGA",S26="COMFOI"),0.9,1.5),1.5)) -> 1.5
A28: =A27 -> 6 | C28: =IF(C27="*",C27,"") | E28: =E27 -> COMELC | F28: =F27 -> COMHOTOldSCEUE | G28: =G27 -> COMHOTOldSCEUE | H28: 2050 | I28: =I27 -> LO | K28: =-ROUNDDOWN(SUMIFS('COM RESID'!$O:$O,'COM RESID'!$H:$H,$E28,'COM RESID'!$I:$I,$F28)/SUMIFS('COM RESID'!$O:$O,'COM RESID'!$I:$I,$F28),3)*O28 -> -0.75 | O28: 0.75 | Q28: =SUBSTITUTE(C28,"MIN","MAX") | S28: =E28 -> COMELC | T28: =F28 -> COMHOTOldSCEUE | U28: =G28 -> COMHOTOldSCEUE | V28: 2050 | W28: =W27 -> UP | Y28: =-ROUNDUP(MIN(SUMIFS('COM RESID'!$O:$O,'COM RESID'!$H:$H,$E28,'COM RESID'!$I:$I,$F28)/SUMIFS('COM RESID'!$O:$O,'COM RESID'!$I:$I,$F28)*AC28,1),3) -> -1 | AC28: =IF(S28="COMELC",IF(SUMIFS('COM RESID'!$O:$O,'COM RESID'!$H:$H,$E28,'COM RESID'!$I:$I,$F28)/SUMIFS('COM RESID'!$O:$O,'COM RESID'!$I:$I,$F28)*3<1,1/(SUMIFS('COM RESID'!$O:$O,'COM RESID'!$H:$H,$E28,'COM RESID'!$I:$I,$F28)/SUMIFS('COM RESID'!$O:$O,'COM RESID'!$I:$I,$F28)),3),IF(ISNUMBER(SEARCH("WHEUE",T26)),IF(OR(S26="COMNGA",S26="COMFOI"),0.75,3),3)) -> 3
A29: =A25+1 -> 7 | C29: =IF(E29="","",IF(_xlfn.XLOOKUP($A29,Selected_constraint_UC!$A:$A,Selected_constraint_UC!$D:$D)=1,"*",IF(SUMIFS('COM TECH'!$N:$N,'COM TECH'!$K:$K,E29,'COM TECH'!$L:$L,F29)=0,"*",IF(SUMIFS('COM RESID'!$O:$O,'COM RESID'!$H:$H,$E29,'COM RESID'!$I:$I,$F29)=0,"*","UC_MarketShare_"&LEFT(F29,LEN(F29)-3)&"_"&RIGHT(E29,3)&"_MIN")))) -> * | E29: =_xlfn.XLOOKUP($A29,Selected_constraint_UC!$A:$A,Selected_constraint_UC!$B:$B) -> COMELC | F29: =_xlfn.XLOOKUP($A29,Selected_constraint_UC!$A:$A,Selected_constraint_UC!$C:$C) -> COMHOTOldVTEUE | G29: =F29 -> COMHOTOldVTEUE | H29: 2019 | I29: LO | J29: 1 | K29: =-ROUNDDOWN(SUMIFS('COM RESID'!$O:$O,'COM RESID'!$H:$H,$E29,'COM RESID'!$I:$I,$F29)/SUMIFS('COM RESID'!$O:$O,'COM RESID'!$I:$I,$F29),3)*O29 -> -0.98 | L29: 0 | M29: 5 | O29: 0.98 | Q29: =SUBSTITUTE(C29,"MIN","MAX") -> * | S29: =E29 -> COMELC | T29: =F29 -> COMHOTOldVTEUE | U29: =G29 -> COMHOTOldVTEUE | V29: 2019 | W29: UP | X29: 1 | Y29: =-ROUNDUP(MIN(SUMIFS('COM RESID'!$O:$O,'COM RESID'!$H:$H,$E29,'COM RESID'!$I:$I,$F29)/SUMIFS('COM RESID'!$O:$O,'COM RESID'!$I:$I,$F29)*AC29,1),3) -> -1 | Z29: 0 | AA29: 5 | AC29: 1.02
A30: =A29 -> 7 | C30: =IF(C29="*",C29,"") -> * | E30: =E29 -> COMELC | F30: =F29 -> COMHOTOldVTEUE | G30: =G29 -> COMHOTOldVTEUE | H30: 2025 | I30: =I29 -> LO | K30: =-ROUNDDOWN(SUMIFS('COM RESID'!$O:$O,'COM RESID'!$H:$H,$E30,'COM RESID'!$I:$I,$F30)/SUMIFS('COM RESID'!$O:$O,'COM RESID'!$I:$I,$F30),3)*O30 -> -0.8 | O30: 0.8 | Q30: =SUBSTITUTE(C30,"MIN","MAX") -> * | S30: =E30 -> COMELC | T30: =F30 -> COMHOTOldVTEUE | U30: =G30 -> COMHOTOldVTEUE | V30: 2025 | W30: =W29 -> UP | Y30: =-ROUNDUP(MIN(SUMIFS('COM RESID'!$O:$O,'COM RESID'!$H:$H,$E30,'COM RESID'!$I:$I,$F30)/SUMIFS('COM RESID'!$O:$O,'COM RESID'!$I:$I,$F30)*AC30,1),3) -> -1 | AC30: =IF(S30="COMELC",IF(SUMIFS('COM RESID'!$O:$O,'COM RESID'!$H:$H,$E30,'COM RESID'!$I:$I,$F30)/SUMIFS('COM RESID'!$O:$O,'COM RESID'!$I:$I,$F30)*1.2<0.25,0.25/(SUMIFS('COM RESID'!$O:$O,'COM RESID'!$H:$H,$E30,'COM RESID'!$I:$I,$F30)/SUMIFS('COM RESID'!$O:$O,'COM RESID'!$I:$I,$F30)),1.2),IF(ISNUMBER(SEARCH("WHEUE",T30)),IF(OR(S30="COMNGA",S30="COMFOI"),1,1.2),1.2)) -> 1.2
A31: =A30 -> 7 | C31: =IF(C30="*",C30,"") -> * | E31: =E30 -> COMELC | F31: =F30 -> COMHOTOldVTEUE | G31: =G30 -> COMHOTOldVTEUE | H31: 2030 | I31: =I30 -> LO | K31: =-ROUNDDOWN(SUMIFS('COM RESID'!$O:$O,'COM RESID'!$H:$H,$E31,'COM RESID'!$I:$I,$F31)/SUMIFS('COM RESID'!$O:$O,'COM RESID'!$I:$I,$F31),3)*O31 -> -0.2 | O31: 0.2 | Q31: =SUBSTITUTE(C31,"MIN","MAX") -> * | S31: =E31 -> COMELC | T31: =F31 -> COMHOTOldVTEUE | U31: =G31 -> COMHOTOldVTEUE | V31: 2030 | W31: =W30 -> UP | Y31: =-ROUNDUP(MIN(SUMIFS('COM RESID'!$O:$O,'COM RESID'!$H:$H,$E31,'COM RESID'!$I:$I,$F31)/SUMIFS('COM RESID'!$O:$O,'COM RESID'!$I:$I,$F31)*AC31,1),3) -> -1 | AC31: =IF(S31="COMELC",IF(SUMIFS('COM RESID'!$O:$O,'COM RESID'!$H:$H,$E31,'COM RESID'!$I:$I,$F31)/SUMIFS('COM RESID'!$O:$O,'COM RESID'!$I:$I,$F31)*1.5<0.5,0.5/(SUMIFS('COM RESID'!$O:$O,'COM RESID'!$H:$H,$E31,'COM RESID'!$I:$I,$F31)/SUMIFS('COM RESID'!$O:$O,'COM RESID'!$I:$I,$F31)),1.5),IF(ISNUMBER(SEARCH("WHEUE",T30)),IF(OR(S30="COMNGA",S30="COMFOI"),0.9,1.5),1.5)) -> 1.5
A32: =A31 -> 7 | C32: =IF(C31="*",C31,"") -> * | E32: =E31 -> COMELC | F32: =F31 -> COMHOTOldVTEUE | G32: =G31 -> COMHOTOldVTEUE | H32: 2050 | I32: =I31 -> LO | K32: =-ROUNDDOWN(SUMIFS('COM RESID'!$O:$O,'COM RESID'!$H:$H,$E32,'COM RESID'!$I:$I,$F32)/SUMIFS('COM RESID'!$O:$O,'COM RESID'!$I:$I,$F32),3)*O32 -> 0 | O32: 0 | Q32: =SUBSTITUTE(C32,"MIN","MAX") -> * | S32: =E32 -> COMELC | T32: =F32 -> COMHOTOldVTEUE | U32: =G32 -> COMHOTOldVTEUE | V32: 2050 | W32: =W31 -> UP | Y32: =-ROUNDUP(MIN(SUMIFS('COM RESID'!$O:$O,'COM RESID'!$H:$H,$E32,'COM RESID'!$I:$I,$F32)/SUMIFS('COM RESID'!$O:$O,'COM RESID'!$I:$I,$F32)*AC32,1),3) -> -1 | AC32: =IF(S32="COMELC",IF(SUMIFS('COM RESID'!$O:$O,'COM RESID'!$H:$H,$E32,'COM RESID'!$I:$I,$F32)/SUMIFS('COM RESID'!$O:$O,'COM RESID'!$I:$I,$F32)*3<1,1/(SUMIFS('COM RESID'!$O:$O,'COM RESID'!$H:$H,$E32,'COM RESID'!$I:$I,$F32)/SUMIFS('COM RESID'!$O:$O,'COM RESID'!$I:$I,$F32)),3),IF(ISNUMBER(SEARCH("WHEUE",T30)),IF(OR(S30="COMNGA",S30="COMFOI"),0.75,3),3)) -> 3
A33: =A29+1 -> 8 | C33: =IF(E33="","",IF(_xlfn.XLOOKUP($A33,Selected_constraint_UC!$A:$A,Selected_constraint_UC!$D:$D)=1,"*",IF(SUMIFS('COM TECH'!$N:$N,'COM TECH'!$K:$K,E33,'COM TECH'!$L:$L,F33)=0,"*",IF(SUMIFS('COM RESID'!$O:$O,'COM RESID'!$H:$H,$E33,'COM RESID'!$I:$I,$F33)=0,"*","UC_MarketShare_"&LEFT(F33,LEN(F33)-3)&"_"&RIGHT(E33,3)&"_MIN")))) -> UC_MarketShare_COMHOTOldWH_FOI_MIN | E33: =_xlfn.XLOOKUP($A33,Selected_constraint_UC!$A:$A,Selected_constraint_UC!$B:$B) -> COMFOI | F33: =_xlfn.XLOOKUP($A33,Selected_constraint_UC!$A:$A,Selected_constraint_UC!$C:$C) -> COMHOTOldWHEUE | G33: =F33 -> COMHOTOldWHEUE | H33: 2019 | I33: LO | J33: 1 | K33: =-ROUNDDOWN(SUMIFS('COM RESID'!$O:$O,'COM RESID'!$H:$H,$E33,'COM RESID'!$I:$I,$F33)/SUMIFS('COM RESID'!$O:$O,'COM RESID'!$I:$I,$F33),3)*O33 -> -0.11074 | L33: 0 | M33: 5 | O33: 0.98 | Q33: =SUBSTITUTE(C33,"MIN","MAX") -> UC_MarketShare_COMHOTOldWH_FOI_MAX | S33: =E33 -> COMFOI | T33: =F33 -> COMHOTOldWHEUE | U33: =G33 -> COMHOTOldWHEUE | V33: 2019 | W33: UP | X33: 1 | Y33: =-ROUNDUP(MIN(SUMIFS('COM RESID'!$O:$O,'COM RESID'!$H:$H,$E33,'COM RESID'!$I:$I,$F33)/SUMIFS('COM RESID'!$O:$O,'COM RESID'!$I:$I,$F33)*AC33,1),3) -> -0.116 | Z33: 0 | AA33: 5 | AC33: 1.02
A34: =A33 -> 8 | C34: =IF(C33="*",C33,"") | E34: =E33 -> COMFOI | F34: =F33 -> COMHOTOldWHEUE | G34: =G33 -> COMHOTOldWHEUE | H34: 2025 | I34: =I33 -> LO | K34: =-ROUNDDOWN(SUMIFS('COM RESID'!$O:$O,'COM RESID'!$H:$H,$E34,'COM RESID'!$I:$I,$F34)/SUMIFS('COM RESID'!$O:$O,'COM RESID'!$I:$I,$F34),3)*O34 -> -0.0904 | O34: 0.8 | Q34: =SUBSTITUTE(C34,"MIN","MAX") | S34: =E34 -> COMFOI | T34: =F34 -> COMHOTOldWHEUE | U34: =G34 -> COMHOTOldWHEUE | V34: 2025 | W34: =W33 -> UP | Y34: =-ROUNDUP(MIN(SUMIFS('COM RESID'!$O:$O,'COM RESID'!$H:$H,$E34,'COM RESID'!$I:$I,$F34)/SUMIFS('COM RESID'!$O:$O,'COM RESID'!$I:$I,$F34)*AC34,1),3) -> -0.114 | AC34: =IF(S34="COMELC",IF(SUMIFS('COM RESID'!$O:$O,'COM RESID'!$H:$H,$E34,'COM RESID'!$I:$I,$F34)/SUMIFS('COM RESID'!$O:$O,'COM RESID'!$I:$I,$F34)*1.2<0.25,0.25/(SUMIFS('COM RESID'!$O:$O,'COM RESID'!$H:$H,$E34,'COM RESID'!$I:$I,$F34)/SUMIFS('COM RESID'!$O:$O,'COM RESID'!$I:$I,$F34)),1.2),IF(ISNUMBER(SEARCH("WHEUE",T34)),IF(OR(S34="COMNGA",S34="COMFOI"),1,1.2),1.2)) -> 1
A35: =A34 -> 8 | C35: =IF(C34="*",C34,"") | E35: =E34 -> COMFOI | F35: =F34 -> COMHOTOldWHEUE | G35: =G34 -> COMHOTOldWHEUE | H35: 2030 | I35: =I34 -> LO | K35: =-ROUNDDOWN(SUMIFS('COM RESID'!$O:$O,'COM RESID'!$H:$H,$E35,'COM RESID'!$I:$I,$F35)/SUMIFS('COM RESID'!$O:$O,'COM RESID'!$I:$I,$F35),3)*O35 -> -0.0226 | O35: 0.2 | Q35: =SUBSTITUTE(C35,"MIN","MAX") | S35: =E35 -> COMFOI | T35: =F35 -> COMHOTOldWHEUE | U35: =G35 -> COMHOTOldWHEUE | V35: 2030 | W35: =W34 -> UP | Y35: =-ROUNDUP(MIN(SUMIFS('COM RESID'!$O:$O,'COM RESID'!$H:$H,$E35,'COM RESID'!$I:$I,$F35)/SUMIFS('COM RESID'!$O:$O,'COM RESID'!$I:$I,$F35)*AC35,1),3) -> -0.103 | AC35: =IF(S35="COMELC",IF(SUMIFS('COM RESID'!$O:$O,'COM RESID'!$H:$H,$E35,'COM RESID'!$I:$I,$F35)/SUMIFS('COM RESID'!$O:$O,'COM RESID'!$I:$I,$F35)*1.5<0.5,0.5/(SUMIFS('COM RESID'!$O:$O,'COM RESID'!$H:$H,$E35,'COM RESID'!$I:$I,$F35)/SUMIFS('COM RESID'!$O:$O,'COM RESID'!$I:$I,$F35)),1.5),IF(ISNUMBER(SEARCH("WHEUE",T34)),IF(OR(S34="COMNGA",S34="COMFOI"),0.9,1.5),1.5)) -> 0.9
A36: =A35 -> 8 | C36: =IF(C35="*",C35,"") | E36: =E35 -> COMFOI | F36: =F35 -> COMHOTOldWHEUE | G36: =G35 -> COMHOTOldWHEUE | H36: 2050 | I36: =I35 -> LO | K36: =-ROUNDDOWN(SUMIFS('COM RESID'!$O:$O,'COM RESID'!$H:$H,$E36,'COM RESID'!$I:$I,$F36)/SUMIFS('COM RESID'!$O:$O,'COM RESID'!$I:$I,$F36),3)*O36 -> 0 | O36: 0 | Q36: =SUBSTITUTE(C36,"MIN","MAX") | S36: =E36 -> COMFOI | T36: =F36 -> COMHOTOldWHEUE | U36: =G36 -> COMHOTOldWHEUE | V36: 2050 | W36: =W35 -> UP | Y36: =-ROUNDUP(MIN(SUMIFS('COM RESID'!$O:$O,'COM RESID'!$H:$H,$E36,'COM RESID'!$I:$I,$F36)/SUMIFS('COM RESID'!$O:$O,'COM RESID'!$I:$I,$F36)*AC36,1),3) -> -0.086 | AC36: =IF(S36="COMELC",IF(SUMIFS('COM RESID'!$O:$O,'COM RESID'!$H:$H,$E36,'COM RESID'!$I:$I,$F36)/SUMIFS('COM RESID'!$O:$O,'COM RESID'!$I:$I,$F36)*3<1,1/(SUMIFS('COM RESID'!$O:$O,'COM RESID'!$H:$H,$E36,'COM RESID'!$I:$I,$F36)/SUMIFS('COM RESID'!$O:$O,'COM RESID'!$I:$I,$F36)),3),IF(ISNUMBER(SEARCH("WHEUE",T34)),IF(OR(S34="COMNGA",S34="COMFOI"),0.75,3),3)) -> 0.75
A37: =A33+1 -> 9 | C37: =IF(E37="","",IF(_xlfn.XLOOKUP($A37,Selected_constraint_UC!$A:$A,Selected_constraint_UC!$D:$D)=1,"*",IF(SUMIFS('COM TECH'!$N:$N,'COM TECH'!$K:$K,E37,'COM TECH'!$L:$L,F37)=0,"*",IF(SUMIFS('COM RESID'!$O:$O,'COM RESID'!$H:$H,$E37,'COM RESID'!$I:$I,$F37)=0,"*","UC_MarketShare_"&LEFT(F37,LEN(F37)-3)&"_"&RIGHT(E37,3)&"_MIN")))) -> UC_MarketShare_COMHOTOldWH_NGA_MIN | E37: =_xlfn.XLOOKUP($A37,Selected_constraint_UC!$A:$A,Selected_constraint_UC!$B:$B) -> COMNGA | F37: =_xlfn.XLOOKUP($A37,Selected_constraint_UC!$A:$A,Selected_constraint_UC!$C:$C) -> COMHOTOldWHEUE | G37: =F37 -> COMHOTOldWHEUE | H37: 2019 | I37: LO | J37: 1 | K37: =-ROUNDDOWN(SUMIFS('COM RESID'!$O:$O,'COM RESID'!$H:$H,$E37,'COM RESID'!$I:$I,$F37)/SUMIFS('COM RESID'!$O:$O,'COM RESID'!$I:$I,$F37),3)*O37 -> -0.7644 | L37: 0 | M37: 5 | O37: 0.98 | Q37: =SUBSTITUTE(C37,"MIN","MAX") -> UC_MarketShare_COMHOTOldWH_NGA_MAX | S37: =E37 -> COMNGA | T37: =F37 -> COMHOTOldWHEUE | U37: =G37 -> COMHOTOldWHEUE | V37: 2019 | W37: UP | X37: 1 | Y37: =-ROUNDUP(MIN(SUMIFS('COM RESID'!$O:$O,'COM RESID'!$H:$H,$E37,'COM RESID'!$I:$I,$F37)/SUMIFS('COM RESID'!$O:$O,'COM RESID'!$I:$I,$F37)*AC37,1),3) -> -0.797 | Z37: 0 | AA37: 5 | AC37: 1.02
A38: =A37 -> 9 | C38: =IF(C37="*",C37,"") | E38: =E37 -> COMNGA | F38: =F37 -> COMHOTOldWHEUE | G38: =G37 -> COMHOTOldWHEUE | H38: 2025 | I38: =I37 -> LO | K38: =-ROUNDDOWN(SUMIFS('COM RESID'!$O:$O,'COM RESID'!$H:$H,$E38,'COM RESID'!$I:$I,$F38)/SUMIFS('COM RESID'!$O:$O,'COM RESID'!$I:$I,$F38),3)*O38 -> -0.624 | O38: 0.8 | Q38: =SUBSTITUTE(C38,"MIN","MAX") | S38: =E38 -> COMNGA | T38: =F38 -> COMHOTOldWHEUE | U38: =G38 -> COMHOTOldWHEUE | V38: 2025 | W38: =W37 -> UP | Y38: =-ROUNDUP(MIN(SUMIFS('COM RESID'!$O:$O,'COM RESID'!$H:$H,$E38,'COM RESID'!$I:$I,$F38)/SUMIFS('COM RESID'!$O:$O,'COM RESID'!$I:$I,$F38)*AC38,1),3) -> -0.781 | AC38: =IF(S38="COMELC",IF(SUMIFS('COM RESID'!$O:$O,'COM RESID'!$H:$H,$E38,'COM RESID'!$I:$I,$F38)/SUMIFS('COM RESID'!$O:$O,'COM RESID'!$I:$I,$F38)*1.2<0.25,0.25/(SUMIFS('COM RESID'!$O:$O,'COM RESID'!$H:$H,$E38,'COM RESID'!$I:$I,$F38)/SUMIFS('COM RESID'!$O:$O,'COM RESID'!$I:$I,$F38)),1.2),IF(ISNUMBER(SEARCH("WHEUE",T38)),IF(OR(S38="COMNGA",S38="COMFOI"),1,1.2),1.2)) -> 1
A39: =A38 -> 9 | C39: =IF(C38="*",C38,"") | E39: =E38 -> COMNGA | F39: =F38 -> COMHOTOldWHEUE | G39: =G38 -> COMHOTOldWHEUE | H39: 2030 | I39: =I38 -> LO | K39: =-ROUNDDOWN(SUMIFS('COM RESID'!$O:$O,'COM RESID'!$H:$H,$E39,'COM RESID'!$I:$I,$F39)/SUMIFS('COM RESID'!$O:$O,'COM RESID'!$I:$I,$F39),3)*O39 -> -0.156 | O39: 0.2 | Q39: =SUBSTITUTE(C39,"MIN","MAX") | S39: =E39 -> COMNGA | T39: =F39 -> COMHOTOldWHEUE | U39: =G39 -> COMHOTOldWHEUE | V39: 2030 | W39: =W38 -> UP | Y39: =-ROUNDUP(MIN(SUMIFS('COM RESID'!$O:$O,'COM RESID'!$H:$H,$E39,'COM RESID'!$I:$I,$F39)/SUMIFS('COM RESID'!$O:$O,'COM RESID'!$I:$I,$F39)*AC39,1),3) -> -0.703 | AC39: =IF(S39="COMELC",IF(SUMIFS('COM RESID'!$O:$O,'COM RESID'!$H:$H,$E39,'COM RESID'!$I:$I,$F39)/SUMIFS('COM RESID'!$O:$O,'COM RESID'!$I:$I,$F39)*1.5<0.5,0.5/(SUMIFS('COM RESID'!$O:$O,'COM RESID'!$H:$H,$E39,'COM RESID'!$I:$I,$F39)/SUMIFS('COM RESID'!$O:$O,'COM RESID'!$I:$I,$F39)),1.5),IF(ISNUMBER(SEARCH("WHEUE",T38)),IF(OR(S38="COMNGA",S38="COMFOI"),0.9,1.5),1.5)) -> 0.9
A40: =A39 -> 9 | C40: =IF(C39="*",C39,"") | E40: =E39 -> COMNGA | F40: =F39 -> COMHOTOldWHEUE | G40: =G39 -> COMHOTOldWHEUE | H40: 2050 | I40: =I39 -> LO | K40: =-ROUNDDOWN(SUMIFS('COM RESID'!$O:$O,'COM RESID'!$H:$H,$E40,'COM RESID'!$I:$I,$F40)/SUMIFS('COM RESID'!$O:$O,'COM RESID'!$I:$I,$F40),3)*O40 -> 0 | O40: 0 | Q40: =SUBSTITUTE(C40,"MIN","MAX") | S40: =E40 -> COMNGA | T40: =F40 -> COMHOTOldWHEUE | U40: =G40 -> COMHOTOldWHEUE | V40: 2050 | W40: =W39 -> UP | Y40: =-ROUNDUP(MIN(SUMIFS('COM RESID'!$O:$O,'COM RESID'!$H:$H,$E40,'COM RESID'!$I:$I,$F40)/SUMIFS('COM RESID'!$O:$O,'COM RESID'!$I:$I,$F40)*AC40,1),3) -> -0.586 | AC40: =IF(S40="COMELC",IF(SUMIFS('COM RESID'!$O:$O,'COM RESID'!$H:$H,$E40,'COM RESID'!$I:$I,$F40)/SUMIFS('COM RESID'!$O:$O,'COM RESID'!$I:$I,$F40)*3<1,1/(SUMIFS('COM RESID'!$O:$O,'COM RESID'!$H:$H,$E40,'COM RESID'!$I:$I,$F40)/SUMIFS('COM RESID'!$O:$O,'COM RESID'!$I:$I,$F40)),3),IF(ISNUMBER(SEARCH("WHEUE",T38)),IF(OR(S38="COMNGA",S38="COMFOI"),0.75,3),3)) -> 0.75
A41: =A37+1 -> 10 | C41: =IF(E41="","",IF(_xlfn.XLOOKUP($A41,Selected_constraint_UC!$A:$A,Selected_constraint_UC!$D:$D)=1,"*",IF(SUMIFS('COM TECH'!$N:$N,'COM TECH'!$K:$K,E41,'COM TECH'!$L:$L,F41)=0,"*",IF(SUMIFS('COM RESID'!$O:$O,'COM RESID'!$H:$H,$E41,'COM RESID'!$I:$I,$F41)=0,"*","UC_MarketShare_"&LEFT(F41,LEN(F41)-3)&"_"&RIGHT(E41,3)&"_MIN")))) -> * | E41: =_xlfn.XLOOKUP($A41,Selected_constraint_UC!$A:$A,Selected_constraint_UC!$B:$B) -> COMSTM | F41: =_xlfn.XLOOKUP($A41,Selected_constraint_UC!$A:$A,Selected_constraint_UC!$C:$C) -> COMHOTOldWHEUE | G41: =F41 -> COMHOTOldWHEUE | H41: 2019 | I41: LO | J41: 1 | K41: =-ROUNDDOWN(SUMIFS('COM RESID'!$O:$O,'COM RESID'!$H:$H,$E41,'COM RESID'!$I:$I,$F41)/SUMIFS('COM RESID'!$O:$O,'COM RESID'!$I:$I,$F41),3)*O41 -> -0.03332 | L41: 0 | M41: 5 | O41: 0.98 | Q41: =SUBSTITUTE(C41,"MIN","MAX") -> * | S41: =E41 -> COMSTM | T41: =F41 -> COMHOTOldWHEUE | U41: =G41 -> COMHOTOldWHEUE | V41: 2019 | W41: UP | X41: 1 | Y41: =-ROUNDUP(MIN(SUMIFS('COM RESID'!$O:$O,'COM RESID'!$H:$H,$E41,'COM RESID'!$I:$I,$F41)/SUMIFS('COM RESID'!$O:$O,'COM RESID'!$I:$I,$F41)*AC41,1),3) -> -0.036 | Z41: 0 | AA41: 5 | AC41: 1.02
A42: =A41 -> 10 | C42: =IF(C41="*",C41,"") -> * | E42: =E41 -> COMSTM | F42: =F41 -> COMHOTOldWHEUE | G42: =G41 -> COMHOTOldWHEUE | H42: 2025 | I42: =I41 -> LO | K42: =-ROUNDDOWN(SUMIFS('COM RESID'!$O:$O,'COM RESID'!$H:$H,$E42,'COM RESID'!$I:$I,$F42)/SUMIFS('COM RESID'!$O:$O,'COM RESID'!$I:$I,$F42),3)*O42 -> -0.0272 | O42: 0.8 | Q42: =SUBSTITUTE(C42,"MIN","MAX") -> * | S42: =E42 -> COMSTM | T42: =F42 -> COMHOTOldWHEUE | U42: =G42 -> COMHOTOldWHEUE | V42: 2025 | W42: =W41 -> UP | Y42: =-ROUNDUP(MIN(SUMIFS('COM RESID'!$O:$O,'COM RESID'!$H:$H,$E42,'COM RESID'!$I:$I,$F42)/SUMIFS('COM RESID'!$O:$O,'COM RESID'!$I:$I,$F42)*AC42,1),3) -> -0.042 | AC42: =IF(S42="COMELC",IF(SUMIFS('COM RESID'!$O:$O,'COM RESID'!$H:$H,$E42,'COM RESID'!$I:$I,$F42)/SUMIFS('COM RESID'!$O:$O,'COM RESID'!$I:$I,$F42)*1.2<0.25,0.25/(SUMIFS('COM RESID'!$O:$O,'COM RESID'!$H:$H,$E42,'COM RESID'!$I:$I,$F42)/SUMIFS('COM RESID'!$O:$O,'COM RESID'!$I:$I,$F42)),1.2),IF(ISNUMBER(SEARCH("WHEUE",T42)),IF(OR(S42="COMNGA",S42="COMFOI"),1,1.2),1.2)) -> 1.2
A43: =A42 -> 10 | C43: =IF(C42="*",C42,"") -> * | E43: =E42 -> COMSTM | F43: =F42 -> COMHOTOldWHEUE | G43: =G42 -> COMHOTOldWHEUE | H43: 2030 | I43: =I42 -> LO | K43: =-ROUNDDOWN(SUMIFS('COM RESID'!$O:$O,'COM RESID'!$H:$H,$E43,'COM RESID'!$I:$I,$F43)/SUMIFS('COM RESID'!$O:$O,'COM RESID'!$I:$I,$F43),3)*O43 -> -0.0068 | O43: 0.2 | Q43: =SUBSTITUTE(C43,"MIN","MAX") -> * | S43: =E43 -> COMSTM | T43: =F43 -> COMHOTOldWHEUE | U43: =G43 -> COMHOTOldWHEUE | V43: 2030 | W43: =W42 -> UP | Y43: =-ROUNDUP(MIN(SUMIFS('COM RESID'!$O:$O,'COM RESID'!$H:$H,$E43,'COM RESID'!$I:$I,$F43)/SUMIFS('COM RESID'!$O:$O,'COM RESID'!$I:$I,$F43)*AC43,1),3) -> -0.053 | AC43: =IF(S43="COMELC",IF(SUMIFS('COM RESID'!$O:$O,'COM RESID'!$H:$H,$E43,'COM RESID'!$I:$I,$F43)/SUMIFS('COM RESID'!$O:$O,'COM RESID'!$I:$I,$F43)*1.5<0.5,0.5/(SUMIFS('COM RESID'!$O:$O,'COM RESID'!$H:$H,$E43,'COM RESID'!$I:$I,$F43)/SUMIFS('COM RESID'!$O:$O,'COM RESID'!$I:$I,$F43)),1.5),IF(ISNUMBER(SEARCH("WHEUE",T42)),IF(OR(S42="COMNGA",S42="COMFOI"),0.9,1.5),1.5)) -> 1.5
A44: =A43 -> 10 | C44: =IF(C43="*",C43,"") -> * | E44: =E43 -> COMSTM | F44: =F43 -> COMHOTOldWHEUE | G44: =G43 -> COMHOTOldWHEUE | H44: 2050 | I44: =I43 -> LO | K44: =-ROUNDDOWN(SUMIFS('COM RESID'!$O:$O,'COM RESID'!$H:$H,$E44,'COM RESID'!$I:$I,$F44)/SUMIFS('COM RESID'!$O:$O,'COM RESID'!$I:$I,$F44),3)*O44 -> 0 | O44: 0 | Q44: =SUBSTITUTE(C44,"MIN","MAX") -> * | S44: =E44 -> COMSTM | T44: =F44 -> COMHOTOldWHEUE | U44: =G44 -> COMHOTOldWHEUE | V44: 2050 | W44: =W43 -> UP | Y44: =-ROUNDUP(MIN(SUMIFS('COM RESID'!$O:$O,'COM RESID'!$H:$H,$E44,'COM RESID'!$I:$I,$F44)/SUMIFS('COM RESID'!$O:$O,'COM RESID'!$I:$I,$F44)*AC44,1),3) -> -0.105 | AC44: =IF(S44="COMELC",IF(SUMIFS('COM RESID'!$O:$O,'COM RESID'!$H:$H,$E44,'COM RESID'!$I:$I,$F44)/SUMIFS('COM RESID'!$O:$O,'COM RESID'!$I:$I,$F44)*3<1,1/(SUMIFS('COM RESID'!$O:$O,'COM RESID'!$H:$H,$E44,'COM RESID'!$I:$I,$F44)/SUMIFS('COM RESID'!$O:$O,'COM RESID'!$I:$I,$F44)),3),IF(ISNUMBER(SEARCH("WHEUE",T42)),IF(OR(S42="COMNGA",S42="COMFOI"),0.75,3),3)) -> 3
A45: =A41+1 -> 11 | C45: =IF(E45="","",IF(_xlfn.XLOOKUP($A45,Selected_constraint_UC!$A:$A,Selected_constraint_UC!$D:$D)=1,"*",IF(SUMIFS('COM TECH'!$N:$N,'COM TECH'!$K:$K,E45,'COM TECH'!$L:$L,F45)=0,"*",IF(SUMIFS('COM RESID'!$O:$O,'COM RESID'!$H:$H,$E45,'COM RESID'!$I:$I,$F45)=0,"*","UC_MarketShare_"&LEFT(F45,LEN(F45)-3)&"_"&RIGHT(E45,3)&"_MIN")))) -> UC_MarketShare_COMHOTOldWH_ELC_MIN | E45: =_xlfn.XLOOKUP($A45,Selected_constraint_UC!$A:$A,Selected_constraint_UC!$B:$B) -> COMELC | F45: =_xlfn.XLOOKUP($A45,Selected_constraint_UC!$A:$A,Selected_constraint_UC!$C:$C) -> COMHOTOldWHEUE | G45: =F45 -> COMHOTOldWHEUE | H45: 2019 | I45: LO | J45: 1 | K45: =-ROUNDDOWN(SUMIFS('COM RESID'!$O:$O,'COM RESID'!$H:$H,$E45,'COM RESID'!$I:$I,$F45)/SUMIFS('COM RESID'!$O:$O,'COM RESID'!$I:$I,$F45),3)*O45 -> -0.06958 | L45: 0 | M45: 5 | O45: 0.98 | Q45: =SUBSTITUTE(C45,"MIN","MAX") -> UC_MarketShare_COMHOTOldWH_ELC_MAX | S45: =E45 -> COMELC | T45: =F45 -> COMHOTOldWHEUE | U45: =G45 -> COMHOTOldWHEUE | V45: 2019 | W45: UP | X45: 1 | Y45: =-ROUNDUP(MIN(SUMIFS('COM RESID'!$O:$O,'COM RESID'!$H:$H,$E45,'COM RESID'!$I:$I,$F45)/SUMIFS('COM RESID'!$O:$O,'COM RESID'!$I:$I,$F45)*AC45,1),3) -> -0.073 | Z45: 0 | AA45: 5 | AC45: 1.02
A46: =A45 -> 11 | C46: =IF(C45="*",C45,"") | E46: =E45 -> COMELC | F46: =F45 -> COMHOTOldWHEUE | G46: =G45 -> COMHOTOldWHEUE | H46: 2025 | I46: =I45 -> LO | K46: =-ROUNDDOWN(SUMIFS('COM RESID'!$O:$O,'COM RESID'!$H:$H,$E46,'COM RESID'!$I:$I,$F46)/SUMIFS('COM RESID'!$O:$O,'COM RESID'!$I:$I,$F46),3)*O46 -> -0.0568 | O46: 0.8 | Q46: =SUBSTITUTE(C46,"MIN","MAX") | S46: =E46 -> COMELC | T46: =F46 -> COMHOTOldWHEUE | U46: =G46 -> COMHOTOldWHEUE | V46: 2025 | W46: =W45 -> UP | Y46: =-ROUNDUP(MIN(SUMIFS('COM RESID'!$O:$O,'COM RESID'!$H:$H,$E46,'COM RESID'!$I:$I,$F46)/SUMIFS('COM RESID'!$O:$O,'COM RESID'!$I:$I,$F46)*AC46,1),3) -> -0.25 | AC46: =IF(S46="COMELC",IF(SUMIFS('COM RESID'!$O:$O,'COM RESID'!$H:$H,$E46,'COM RESID'!$I:$I,$F46)/SUMIFS('COM RESID'!$O:$O,'COM RESID'!$I:$I,$F46)*1.2<0.25,0.25/(SUMIFS('COM RESID'!$O:$O,'COM RESID'!$H:$H,$E46,'COM RESID'!$I:$I,$F46)/SUMIFS('COM RESID'!$O:$O,'COM RESID'!$I:$I,$F46)),1.2),IF(ISNUMBER(SEARCH("WHEUE",T46)),IF(OR(S46="COMNGA",S46="COMFOI"),1,1.2),1.2)) -> 3.5138588
A47: =A46 -> 11 | C47: =IF(C46="*",C46,"") | E47: =E46 -> COMELC | F47: =F46 -> COMHOTOldWHEUE | G47: =G46 -> COMHOTOldWHEUE | H47: 2030 | I47: =I46 -> LO | K47: =-ROUNDDOWN(SUMIFS('COM RESID'!$O:$O,'COM RESID'!$H:$H,$E47,'COM RESID'!$I:$I,$F47)/SUMIFS('COM RESID'!$O:$O,'COM RESID'!$I:$I,$F47),3)*O47 -> -0.05325 | O47: 0.75 | Q47: =SUBSTITUTE(C47,"MIN","MAX") | S47: =E47 -> COMELC | T47: =F47 -> COMHOTOldWHEUE | U47: =G47 -> COMHOTOldWHEUE | V47: 2030 | W47: =W46 -> UP | Y47: =-ROUNDUP(MIN(SUMIFS('COM RESID'!$O:$O,'COM RESID'!$H:$H,$E47,'COM RESID'!$I:$I,$F47)/SUMIFS('COM RESID'!$O:$O,'COM RESID'!$I:$I,$F47)*AC47,1),3) -> -0.5 | AC47: =IF(S47="COMELC",IF(SUMIFS('COM RESID'!$O:$O,'COM RESID'!$H:$H,$E47,'COM RESID'!$I:$I,$F47)/SUMIFS('COM RESID'!$O:$O,'COM RESID'!$I:$I,$F47)*1.5<0.5,0.5/(SUMIFS('COM RESID'!$O:$O,'COM RESID'!$H:$H,$E47,'COM RESID'!$I:$I,$F47)/SUMIFS('COM RESID'!$O:$O,'COM RESID'!$I:$I,$F47)),1.5),IF(ISNUMBER(SEARCH("WHEUE",T46)),IF(OR(S46="COMNGA",S46="COMFOI"),0.9,1.5),1.5)) -> 7.0277177
A48: =A47 -> 11 | C48: =IF(C47="*",C47,"") | E48: =E47 -> COMELC | F48: =F47 -> COMHOTOldWHEUE | G48: =G47 -> COMHOTOldWHEUE | H48: 2050 | I48: =I47 -> LO | K48: =-ROUNDDOWN(SUMIFS('COM RESID'!$O:$O,'COM RESID'!$H:$H,$E48,'COM RESID'!$I:$I,$F48)/SUMIFS('COM RESID'!$O:$O,'COM RESID'!$I:$I,$F48),3)*O48 -> -0.05325 | O48: 0.75 | Q48: =SUBSTITUTE(C48,"MIN","MAX") | S48: =E48 -> COMELC | T48: =F48 -> COMHOTOldWHEUE | U48: =G48 -> COMHOTOldWHEUE | V48: 2050 | W48: =W47 -> UP | Y48: =-ROUNDUP(MIN(SUMIFS('COM RESID'!$O:$O,'COM RESID'!$H:$H,$E48,'COM RESID'!$I:$I,$F48)/SUMIFS('COM RESID'!$O:$O,'COM RESID'!$I:$I,$F48)*AC48,1),3) -> -1 | AC48: =IF(S48="COMELC",IF(SUMIFS('COM RESID'!$O:$O,'COM RESID'!$H:$H,$E48,'COM RESID'!$I:$I,$F48)/SUMIFS('COM RESID'!$O:$O,'COM RESID'!$I:$I,$F48)*3<1,1/(SUMIFS('COM RESID'!$O:$O,'COM RESID'!$H:$H,$E48,'COM RESID'!$I:$I,$F48)/SUMIFS('COM RESID'!$O:$O,'COM RESID'!$I:$I,$F48)),3),IF(ISNUMBER(SEARCH("WHEUE",T46)),IF(OR(S46="COMNGA",S46="COMFOI"),0.75,3),3)) -> 14.055435
A49: =A45+1 -> 12 | C49: =IF(E49="","",IF(_xlfn.XLOOKUP($A49,Selected_constraint_UC!$A:$A,Selected_constraint_UC!$D:$D)=1,"*",IF(SUMIFS('COM TECH'!$N:$N,'COM TECH'!$K:$K,E49,'COM TECH'!$L:$L,F49)=0,"*",IF(SUMIFS('COM RESID'!$O:$O,'COM RESID'!$H:$H,$E49,'COM RESID'!$I:$I,$F49)=0,"*","UC_MarketShare_"&LEFT(F49,LEN(F49)-3)&"_"&RIGHT(E49,3)&"_MIN")))) -> * | E49: =_xlfn.XLOOKUP($A49,Selected_constraint_UC!$A:$A,Selected_constraint_UC!$B:$B) -> COMELC | F49: =_xlfn.XLOOKUP($A49,Selected_constraint_UC!$A:$A,Selected_constraint_UC!$C:$C) -> COMHOTOldLTEUE | G49: =F49 -> COMHOTOldLTEUE | H49: 2019 | I49: LO | J49: 1 | K49: =-ROUNDDOWN(SUMIFS('COM RESID'!$O:$O,'COM RESID'!$H:$H,$E49,'COM RESID'!$I:$I,$F49)/SUMIFS('COM RESID'!$O:$O,'COM RESID'!$I:$I,$F49),3)*O49 -> -0.98 | L49: 0 | M49: 5 | O49: 0.98 | Q49: =SUBSTITUTE(C49,"MIN","MAX") -> * | S49: =E49 -> COMELC | T49: =F49 -> COMHOTOldLTEUE | U49: =G49 -> COMHOTOldLTEUE | V49: 2019 | W49: UP | X49: 1 | Y49: =-ROUNDUP(MIN(SUMIFS('COM RESID'!$O:$O,'COM RESID'!$H:$H,$E49,'COM RESID'!$I:$I,$F49)/SUMIFS('COM RESID'!$O:$O,'COM RESID'!$I:$I,$F49)*AC49,1),3) -> -1 | Z49: 0 | AA49: 5 | AC49: 1.02
A50: =A49 -> 12 | C50: =IF(C49="*",C49,"") -> * | E50: =E49 -> COMELC | F50: =F49 -> COMHOTOldLTEUE | G50: =G49 -> COMHOTOldLTEUE | H50: 2025 | I50: =I49 -> LO | K50: =-ROUNDDOWN(SUMIFS('COM RESID'!$O:$O,'COM RESID'!$H:$H,$E50,'COM RESID'!$I:$I,$F50)/SUMIFS('COM RESID'!$O:$O,'COM RESID'!$I:$I,$F50),3)*O50 -> -0.8 | O50: 0.8 | Q50: =SUBSTITUTE(C50,"MIN","MAX") -> * | S50: =E50 -> COMELC | T50: =F50 -> COMHOTOldLTEUE | U50: =G50 -> COMHOTOldLTEUE | V50: 2025 | W50: =W49 -> UP | Y50: =-ROUNDUP(MIN(SUMIFS('COM RESID'!$O:$O,'COM RESID'!$H:$H,$E50,'COM RESID'!$I:$I,$F50)/SUMIFS('COM RESID'!$O:$O,'COM RESID'!$I:$I,$F50)*AC50,1),3) -> -1 | AC50: =IF(S50="COMELC",IF(SUMIFS('COM RESID'!$O:$O,'COM RESID'!$H:$H,$E50,'COM RESID'!$I:$I,$F50)/SUMIFS('COM RESID'!$O:$O,'COM RESID'!$I:$I,$F50)*1.2<0.25,0.25/(SUMIFS('COM RESID'!$O:$O,'COM RESID'!$H:$H,$E50,'COM RESID'!$I:$I,$F50)/SUMIFS('COM RESID'!$O:$O,'COM RESID'!$I:$I,$F50)),1.2),IF(ISNUMBER(SEARCH("WHEUE",T50)),IF(OR(S50="COMNGA",S50="COMFOI"),1,1.2),1.2)) -> 1.2
A51: =A50 -> 12 | C51: =IF(C50="*",C50,"") -> * | E51: =E50 -> COMELC | F51: =F50 -> COMHOTOldLTEUE | G51: =G50 -> COMHOTOldLTEUE | H51: 2030 | I51: =I50 -> LO | K51: =-ROUNDDOWN(SUMIFS('COM RESID'!$O:$O,'COM RESID'!$H:$H,$E51,'COM RESID'!$I:$I,$F51)/SUMIFS('COM RESID'!$O:$O,'COM RESID'!$I:$I,$F51),3)*O51 -> -0.2 | O51: 0.2 | Q51: =SUBSTITUTE(C51,"MIN","MAX") -> * | S51: =E51 -> COMELC | T51: =F51 -> COMHOTOldLTEUE | U51: =G51 -> COMHOTOldLTEUE | V51: 2030 | W51: =W50 -> UP | Y51: =-ROUNDUP(MIN(SUMIFS('COM RESID'!$O:$O,'COM RESID'!$H:$H,$E51,'COM RESID'!$I:$I,$F51)/SUMIFS('COM RESID'!$O:$O,'COM RESID'!$I:$I,$F51)*AC51,1),3) -> -1 | AC51: =IF(S51="COMELC",IF(SUMIFS('COM RESID'!$O:$O,'COM RESID'!$H:$H,$E51,'COM RESID'!$I:$I,$F51)/SUMIFS('COM RESID'!$O:$O,'COM RESID'!$I:$I,$F51)*1.5<0.5,0.5/(SUMIFS('COM RESID'!$O:$O,'COM RESID'!$H:$H,$E51,'COM RESID'!$I:$I,$F51)/SUMIFS('COM RESID'!$O:$O,'COM RESID'!$I:$I,$F51)),1.5),IF(ISNUMBER(SEARCH("WHEUE",T50)),IF(OR(S50="COMNGA",S50="COMFOI"),0.9,1.5),1.5)) -> 1.5
A52: =A51 -> 12 | C52: =IF(C51="*",C51,"") -> * | E52: =E51 -> COMELC | F52: =F51 -> COMHOTOldLTEUE | G52: =G51 -> COMHOTOldLTEUE | H52: 2050 | I52: =I51 -> LO | K52: =-ROUNDDOWN(SUMIFS('COM RESID'!$O:$O,'COM RESID'!$H:$H,$E52,'COM RESID'!$I:$I,$F52)/SUMIFS('COM RESID'!$O:$O,'COM RESID'!$I:$I,$F52),3)*O52 -> 0 | O52: 0 | Q52: =SUBSTITUTE(C52,"MIN","MAX") -> * | S52: =E52 -> COMELC | T52: =F52 -> COMHOTOldLTEUE | U52: =G52 -> COMHOTOldLTEUE | V52: 2050 | W52: =W51 -> UP | Y52: =-ROUNDUP(MIN(SUMIFS('COM RESID'!$O:$O,'COM RESID'!$H:$H,$E52,'COM RESID'!$I:$I,$F52)/SUMIFS('COM RESID'!$O:$O,'COM RESID'!$I:$I,$F52)*AC52,1),3) -> -1 | AC52: =IF(S52="COMELC",IF(SUMIFS('COM RESID'!$O:$O,'COM RESID'!$H:$H,$E52,'COM RESID'!$I:$I,$F52)/SUMIFS('COM RESID'!$O:$O,'COM RESID'!$I:$I,$F52)*3<1,1/(SUMIFS('COM RESID'!$O:$O,'COM RESID'!$H:$H,$E52,'COM RESID'!$I:$I,$F52)/SUMIFS('COM RESID'!$O:$O,'COM RESID'!$I:$I,$F52)),3),IF(ISNUMBER(SEARCH("WHEUE",T50)),IF(OR(S50="COMNGA",S50="COMFOI"),0.75,3),3)) -> 3
A53: =A49+1 -> 13 | C53: =IF(E53="","",IF(_xlfn.XLOOKUP($A53,Selected_constraint_UC!$A:$A,Selected_constraint_UC!$D:$D)=1,"*",IF(SUMIFS('COM TECH'!$N:$N,'COM TECH'!$K:$K,E53,'COM TECH'!$L:$L,F53)=0,"*",IF(SUMIFS('COM RESID'!$O:$O,'COM RESID'!$H:$H,$E53,'COM RESID'!$I:$I,$F53)=0,"*","UC_MarketShare_"&LEFT(F53,LEN(F53)-3)&"_"&RIGHT(E53,3)&"_MIN")))) -> * | E53: =_xlfn.XLOOKUP($A53,Selected_constraint_UC!$A:$A,Selected_constraint_UC!$B:$B) -> COMFOI | F53: =_xlfn.XLOOKUP($A53,Selected_constraint_UC!$A:$A,Selected_constraint_UC!$C:$C) -> COMHOTOldCKEUE | G53: =F53 -> COMHOTOldCKEUE | H53: 2019 | I53: LO | J53: 1 | K53: =-ROUNDDOWN(SUMIFS('COM RESID'!$O:$O,'COM RESID'!$H:$H,$E53,'COM RESID'!$I:$I,$F53)/SUMIFS('COM RESID'!$O:$O,'COM RESID'!$I:$I,$F53),3)*O53 -> 0 | L53: 0 | M53: 5 | O53: 0.98 | Q53: =SUBSTITUTE(C53,"MIN","MAX") -> * | S53: =E53 -> COMFOI | T53: =F53 -> COMHOTOldCKEUE | U53: =G53 -> COMHOTOldCKEUE | V53: 2019 | W53: UP | X53: 1 | Y53: =-ROUNDUP(MIN(SUMIFS('COM RESID'!$O:$O,'COM RESID'!$H:$H,$E53,'COM RESID'!$I:$I,$F53)/SUMIFS('COM RESID'!$O:$O,'COM RESID'!$I:$I,$F53)*AC53,1),3) -> 0 | Z53: 0 | AA53: 5 | AC53: 1.02
A54: =A53 -> 13 | C54: =IF(C53="*",C53,"") -> * | E54: =E53 -> COMFOI | F54: =F53 -> COMHOTOldCKEUE | G54: =G53 -> COMHOTOldCKEUE | H54: 2025 | I54: =I53 -> LO | K54: =-ROUNDDOWN(SUMIFS('COM RESID'!$O:$O,'COM RESID'!$H:$H,$E54,'COM RESID'!$I:$I,$F54)/SUMIFS('COM RESID'!$O:$O,'COM RESID'!$I:$I,$F54),3)*O54 -> 0 | O54: 0.8 | Q54: =SUBSTITUTE(C54,"MIN","MAX") -> * | S54: =E54 -> COMFOI | T54: =F54 -> COMHOTOldCKEUE | U54: =G54 -> COMHOTOldCKEUE | V54: 2025 | W54: =W53 -> UP | Y54: =-ROUNDUP(MIN(SUMIFS('COM RESID'!$O:$O,'COM RESID'!$H:$H,$E54,'COM RESID'!$I:$I,$F54)/SUMIFS('COM RESID'!$O:$O,'COM RESID'!$I:$I,$F54)*AC54,1),3) -> 0 | AC54: =IF(S54="COMELC",IF(SUMIFS('COM RESID'!$O:$O,'COM RESID'!$H:$H,$E54,'COM RESID'!$I:$I,$F54)/SUMIFS('COM RESID'!$O:$O,'COM RESID'!$I:$I,$F54)*1.2<0.25,0.25/(SUMIFS('COM RESID'!$O:$O,'COM RESID'!$H:$H,$E54,'COM RESID'!$I:$I,$F54)/SUMIFS('COM RESID'!$O:$O,'COM RESID'!$I:$I,$F54)),1.2),IF(ISNUMBER(SEARCH("WHEUE",T54)),IF(OR(S54="COMNGA",S54="COMFOI"),1,1.2),1.2)) -> 1.2
A55: =A54 -> 13 | C55: =IF(C54="*",C54,"") -> * | E55: =E54 -> COMFOI | F55: =F54 -> COMHOTOldCKEUE | G55: =G54 -> COMHOTOldCKEUE | H55: 2030 | I55: =I54 -> LO | K55: =-ROUNDDOWN(SUMIFS('COM RESID'!$O:$O,'COM RESID'!$H:$H,$E55,'COM RESID'!$I:$I,$F55)/SUMIFS('COM RESID'!$O:$O,'COM RESID'!$I:$I,$F55),3)*O55 -> 0 | O55: 0.2 | Q55: =SUBSTITUTE(C55,"MIN","MAX") -> * | S55: =E55 -> COMFOI | T55: =F55 -> COMHOTOldCKEUE | U55: =G55 -> COMHOTOldCKEUE | V55: 2030 | W55: =W54 -> UP | Y55: =-ROUNDUP(MIN(SUMIFS('COM RESID'!$O:$O,'COM RESID'!$H:$H,$E55,'COM RESID'!$I:$I,$F55)/SUMIFS('COM RESID'!$O:$O,'COM RESID'!$I:$I,$F55)*AC55,1),3) -> 0 | AC55: =IF(S55="COMELC",IF(SUMIFS('COM RESID'!$O:$O,'COM RESID'!$H:$H,$E55,'COM RESID'!$I:$I,$F55)/SUMIFS('COM RESID'!$O:$O,'COM RESID'!$I:$I,$F55)*1.5<0.5,0.5/(SUMIFS('COM RESID'!$O:$O,'COM RESID'!$H:$H,$E55,'COM RESID'!$I:$I,$F55)/SUMIFS('COM RESID'!$O:$O,'COM RESID'!$I:$I,$F55)),1.5),IF(ISNUMBER(SEARCH("WHEUE",T54)),IF(OR(S54="COMNGA",S54="COMFOI"),0.9,1.5),1.5)) -> 1.5
A56: =A55 -> 13 | C56: =IF(C55="*",C55,"") -> * | E56: =E55 -> COMFOI | F56: =F55 -> COMHOTOldCKEUE | G56: =G55 -> COMHOTOldCKEUE | H56: 2050 | I56: =I55 -> LO | K56: =-ROUNDDOWN(SUMIFS('COM RESID'!$O:$O,'COM RESID'!$H:$H,$E56,'COM RESID'!$I:$I,$F56)/SUMIFS('COM RESID'!$O:$O,'COM RESID'!$I:$I,$F56),3)*O56 -> 0 | O56: 0 | Q56: =SUBSTITUTE(C56,"MIN","MAX") -> * | S56: =E56 -> COMFOI | T56: =F56 -> COMHOTOldCKEUE | U56: =G56 -> COMHOTOldCKEUE | V56: 2050 | W56: =W55 -> UP | Y56: =-ROUNDUP(MIN(SUMIFS('COM RESID'!$O:$O,'COM RESID'!$H:$H,$E56,'COM RESID'!$I:$I,$F56)/SUMIFS('COM RESID'!$O:$O,'COM RESID'!$I:$I,$F56)*AC56,1),3) -> 0 | AC56: =IF(S56="COMELC",IF(SUMIFS('COM RESID'!$O:$O,'COM RESID'!$H:$H,$E56,'COM RESID'!$I:$I,$F56)/SUMIFS('COM RESID'!$O:$O,'COM RESID'!$I:$I,$F56)*3<1,1/(SUMIFS('COM RESID'!$O:$O,'COM RESID'!$H:$H,$E56,'COM RESID'!$I:$I,$F56)/SUMIFS('COM RESID'!$O:$O,'COM RESID'!$I:$I,$F56)),3),IF(ISNUMBER(SEARCH("WHEUE",T54)),IF(OR(S54="COMNGA",S54="COMFOI"),0.75,3),3)) -> 3
A57: =A53+1 -> 14 | C57: =IF(E57="","",IF(_xlfn.XLOOKUP($A57,Selected_constraint_UC!$A:$A,Selected_constraint_UC!$D:$D)=1,"*",IF(SUMIFS('COM TECH'!$N:$N,'COM TECH'!$K:$K,E57,'COM TECH'!$L:$L,F57)=0,"*",IF(SUMIFS('COM RESID'!$O:$O,'COM RESID'!$H:$H,$E57,'COM RESID'!$I:$I,$F57)=0,"*","UC_MarketShare_"&LEFT(F57,LEN(F57)-3)&"_"&RIGHT(E57,3)&"_MIN")))) -> * | E57: =_xlfn.XLOOKUP($A57,Selected_constraint_UC!$A:$A,Selected_constraint_UC!$B:$B) -> COMNGA | F57: =_xlfn.XLOOKUP($A57,Selected_constraint_UC!$A:$A,Selected_constraint_UC!$C:$C) -> COMHOTOldCKEUE | G57: =F57 -> COMHOTOldCKEUE | H57: 2019 | I57: LO | J57: 1 | K57: =-ROUNDDOWN(SUMIFS('COM RESID'!$O:$O,'COM RESID'!$H:$H,$E57,'COM RESID'!$I:$I,$F57)/SUMIFS('COM RESID'!$O:$O,'COM RESID'!$I:$I,$F57),3)*O57 -> -0.84868 | L57: 0 | M57: 5 | O57: 0.98 | Q57: =SUBSTITUTE(C57,"MIN","MAX") -> * | S57: =E57 -> COMNGA | T57: =F57 -> COMHOTOldCKEUE | U57: =G57 -> COMHOTOldCKEUE | V57: 2019 | W57: UP | X57: 1 | Y57: =-ROUNDUP(MIN(SUMIFS('COM RESID'!$O:$O,'COM RESID'!$H:$H,$E57,'COM RESID'!$I:$I,$F57)/SUMIFS('COM RESID'!$O:$O,'COM RESID'!$I:$I,$F57)*AC57,1),3) -> -0.885 | Z57: 0 | AA57: 5 | AC57: 1.02
A58: =A57 -> 14 | C58: =IF(C57="*",C57,"") -> * | E58: =E57 -> COMNGA | F58: =F57 -> COMHOTOldCKEUE | G58: =G57 -> COMHOTOldCKEUE | H58: 2025 | I58: =I57 -> LO | K58: =-ROUNDDOWN(SUMIFS('COM RESID'!$O:$O,'COM RESID'!$H:$H,$E58,'COM RESID'!$I:$I,$F58)/SUMIFS('COM RESID'!$O:$O,'COM RESID'!$I:$I,$F58),3)*O58 -> -0.6928 | O58: 0.8 | Q58: =SUBSTITUTE(C58,"MIN","MAX") -> * | S58: =E58 -> COMNGA | T58: =F58 -> COMHOTOldCKEUE | U58: =G58 -> COMHOTOldCKEUE | V58: 2025 | W58: =W57 -> UP | Y58: =-ROUNDUP(MIN(SUMIFS('COM RESID'!$O:$O,'COM RESID'!$H:$H,$E58,'COM RESID'!$I:$I,$F58)/SUMIFS('COM RESID'!$O:$O,'COM RESID'!$I:$I,$F58)*AC58,1),3) -> -1 | AC58: =IF(S58="COMELC",IF(SUMIFS('COM RESID'!$O:$O,'COM RESID'!$H:$H,$E58,'COM RESID'!$I:$I,$F58)/SUMIFS('COM RESID'!$O:$O,'COM RESID'!$I:$I,$F58)*1.2<0.25,0.25/(SUMIFS('COM RESID'!$O:$O,'COM RESID'!$H:$H,$E58,'COM RESID'!$I:$I,$F58)/SUMIFS('COM RESID'!$O:$O,'COM RESID'!$I:$I,$F58)),1.2),IF(ISNUMBER(SEARCH("WHEUE",T58)),IF(OR(S58="COMNGA",S58="COMFOI"),1,1.2),1.2)) -> 1.2
A59: =A58 -> 14 | C59: =IF(C58="*",C58,"") -> * | E59: =E58 -> COMNGA | F59: =F58 -> COMHOTOldCKEUE | G59: =G58 -> COMHOTOldCKEUE | H59: 2030 | I59: =I58 -> LO | K59: =-ROUNDDOWN(SUMIFS('COM RESID'!$O:$O,'COM RESID'!$H:$H,$E59,'COM RESID'!$I:$I,$F59)/SUMIFS('COM RESID'!$O:$O,'COM RESID'!$I:$I,$F59),3)*O59 -> -0.1732 | O59: 0.2 | Q59: =SUBSTITUTE(C59,"MIN","MAX") -> * | S59: =E59 -> COMNGA | T59: =F59 -> COMHOTOldCKEUE | U59: =G59 -> COMHOTOldCKEUE | V59: 2030 | W59: =W58 -> UP | Y59: =-ROUNDUP(MIN(SUMIFS('COM RESID'!$O:$O,'COM RESID'!$H:$H,$E59,'COM RESID'!$I:$I,$F59)/SUMIFS('COM RESID'!$O:$O,'COM RESID'!$I:$I,$F59)*AC59,1),3) -> -1 | AC59: =IF(S59="COMELC",IF(SUMIFS('COM RESID'!$O:$O,'COM RESID'!$H:$H,$E59,'COM RESID'!$I:$I,$F59)/SUMIFS('COM RESID'!$O:$O,'COM RESID'!$I:$I,$F59)*1.5<0.5,0.5/(SUMIFS('COM RESID'!$O:$O,'COM RESID'!$H:$H,$E59,'COM RESID'!$I:$I,$F59)/SUMIFS('COM RESID'!$O:$O,'COM RESID'!$I:$I,$F59)),1.5),IF(ISNUMBER(SEARCH("WHEUE",T58)),IF(OR(S58="COMNGA",S58="COMFOI"),0.9,1.5),1.5)) -> 1.5
A60: =A59 -> 14 | C60: =IF(C59="*",C59,"") -> * | E60: =E59 -> COMNGA | F60: =F59 -> COMHOTOldCKEUE | G60: =G59 -> COMHOTOldCKEUE | H60: 2050 | I60: =I59 -> LO | K60: =-ROUNDDOWN(SUMIFS('COM RESID'!$O:$O,'COM RESID'!$H:$H,$E60,'COM RESID'!$I:$I,$F60)/SUMIFS('COM RESID'!$O:$O,'COM RESID'!$I:$I,$F60),3)*O60 -> 0 | O60: 0 | Q60: =SUBSTITUTE(C60,"MIN","MAX") -> * | S60: =E60 -> COMNGA | T60: =F60 -> COMHOTOldCKEUE | U60: =G60 -> COMHOTOldCKEUE | V60: 2050 | W60: =W59 -> UP | Y60: =-ROUNDUP(MIN(SUMIFS('COM RESID'!$O:$O,'COM RESID'!$H:$H,$E60,'COM RESID'!$I:$I,$F60)/SUMIFS('COM RESID'!$O:$O,'COM RESID'!$I:$I,$F60)*AC60,1),3) -> -1 | AC60: =IF(S60="COMELC",IF(SUMIFS('COM RESID'!$O:$O,'COM RESID'!$H:$H,$E60,'COM RESID'!$I:$I,$F60)/SUMIFS('COM RESID'!$O:$O,'COM RESID'!$I:$I,$F60)*3<1,1/(SUMIFS('COM RESID'!$O:$O,'COM RESID'!$H:$H,$E60,'COM RESID'!$I:$I,$F60)/SUMIFS('COM RESID'!$O:$O,'COM RESID'!$I:$I,$F60)),3),IF(ISNUMBER(SEARCH("WHEUE",T58)),IF(OR(S58="COMNGA",S58="COMFOI"),0.75,3),3)) -> 3
A61: =A57+1 -> 15 | C61: =IF(E61="","",IF(_xlfn.XLOOKUP($A61,Selected_constraint_UC!$A:$A,Selected_constraint_UC!$D:$D)=1,"*",IF(SUMIFS('COM TECH'!$N:$N,'COM TECH'!$K:$K,E61,'COM TECH'!$L:$L,F61)=0,"*",IF(SUMIFS('COM RESID'!$O:$O,'COM RESID'!$H:$H,$E61,'COM RESID'!$I:$I,$F61)=0,"*","UC_MarketShare_"&LEFT(F61,LEN(F61)-3)&"_"&RIGHT(E61,3)&"_MIN")))) -> * | E61: =_xlfn.XLOOKUP($A61,Selected_constraint_UC!$A:$A,Selected_constraint_UC!$B:$B) -> COMSTM | F61: =_xlfn.XLOOKUP($A61,Selected_constraint_UC!$A:$A,Selected_constraint_UC!$C:$C) -> COMHOTOldCKEUE | G61: =F61 -> COMHOTOldCKEUE | H61: 2019 | I61: LO | J61: 1 | K61: =-ROUNDDOWN(SUMIFS('COM RESID'!$O:$O,'COM RESID'!$H:$H,$E61,'COM RESID'!$I:$I,$F61)/SUMIFS('COM RESID'!$O:$O,'COM RESID'!$I:$I,$F61),3)*O61 -> -0.00098 | L61: 0 | M61: 5 | O61: 0.98 | Q61: =SUBSTITUTE(C61,"MIN","MAX") -> * | S61: =E61 -> COMSTM | T61: =F61 -> COMHOTOldCKEUE | U61: =G61 -> COMHOTOldCKEUE | V61: 2019 | W61: UP | X61: 1 | Y61: =-ROUNDUP(MIN(SUMIFS('COM RESID'!$O:$O,'COM RESID'!$H:$H,$E61,'COM RESID'!$I:$I,$F61)/SUMIFS('COM RESID'!$O:$O,'COM RESID'!$I:$I,$F61)*AC61,1),3) -> -0.002 | Z61: 0 | AA61: 5 | AC61: 1.02
A62: =A61 -> 15 | C62: =IF(C61="*",C61,"") -> * | E62: =E61 -> COMSTM | F62: =F61 -> COMHOTOldCKEUE | G62: =G61 -> COMHOTOldCKEUE | H62: 2025 | I62: =I61 -> LO | K62: =-ROUNDDOWN(SUMIFS('COM RESID'!$O:$O,'COM RESID'!$H:$H,$E62,'COM RESID'!$I:$I,$F62)/SUMIFS('COM RESID'!$O:$O,'COM RESID'!$I:$I,$F62),3)*O62 -> -0.0008 | O62: 0.8 | Q62: =SUBSTITUTE(C62,"MIN","MAX") -> * | S62: =E62 -> COMSTM | T62: =F62 -> COMHOTOldCKEUE | U62: =G62 -> COMHOTOldCKEUE | V62: 2025 | W62: =W61 -> UP | Y62: =-ROUNDUP(MIN(SUMIFS('COM RESID'!$O:$O,'COM RESID'!$H:$H,$E62,'COM RESID'!$I:$I,$F62)/SUMIFS('COM RESID'!$O:$O,'COM RESID'!$I:$I,$F62)*AC62,1),3) -> -0.002 | AC62: =IF(S62="COMELC",IF(SUMIFS('COM RESID'!$O:$O,'COM RESID'!$H:$H,$E62,'COM RESID'!$I:$I,$F62)/SUMIFS('COM RESID'!$O:$O,'COM RESID'!$I:$I,$F62)*1.2<0.25,0.25/(SUMIFS('COM RESID'!$O:$O,'COM RESID'!$H:$H,$E62,'COM RESID'!$I:$I,$F62)/SUMIFS('COM RESID'!$O:$O,'COM RESID'!$I:$I,$F62)),1.2),IF(ISNUMBER(SEARCH("WHEUE",T62)),IF(OR(S62="COMNGA",S62="COMFOI"),1,1.2),1.2)) -> 1.2
A63: =A62 -> 15 | C63: =IF(C62="*",C62,"") -> * | E63: =E62 -> COMSTM | F63: =F62 -> COMHOTOldCKEUE | G63: =G62 -> COMHOTOldCKEUE | H63: 2030 | I63: =I62 -> LO | K63: =-ROUNDDOWN(SUMIFS('COM RESID'!$O:$O,'COM RESID'!$H:$H,$E63,'COM RESID'!$I:$I,$F63)/SUMIFS('COM RESID'!$O:$O,'COM RESID'!$I:$I,$F63),3)*O63 -> -0.0002 | O63: 0.2 | Q63: =SUBSTITUTE(C63,"MIN","MAX") -> * | S63: =E63 -> COMSTM | T63: =F63 -> COMHOTOldCKEUE | U63: =G63 -> COMHOTOldCKEUE | V63: 2030 | W63: =W62 -> UP | Y63: =-ROUNDUP(MIN(SUMIFS('COM RESID'!$O:$O,'COM RESID'!$H:$H,$E63,'COM RESID'!$I:$I,$F63)/SUMIFS('COM RESID'!$O:$O,'COM RESID'!$I:$I,$F63)*AC63,1),3) -> -0.002 | AC63: =IF(S63="COMELC",IF(SUMIFS('COM RESID'!$O:$O,'COM RESID'!$H:$H,$E63,'COM RESID'!$I:$I,$F63)/SUMIFS('COM RESID'!$O:$O,'COM RESID'!$I:$I,$F63)*1.5<0.5,0.5/(SUMIFS('COM RESID'!$O:$O,'COM RESID'!$H:$H,$E63,'COM RESID'!$I:$I,$F63)/SUMIFS('COM RESID'!$O:$O,'COM RESID'!$I:$I,$F63)),1.5),IF(ISNUMBER(SEARCH("WHEUE",T62)),IF(OR(S62="COMNGA",S62="COMFOI"),0.9,1.5),1.5)) -> 1.5
A64: =A63 -> 15 | C64: =IF(C63="*",C63,"") -> * | E64: =E63 -> COMSTM | F64: =F63 -> COMHOTOldCKEUE | G64: =G63 -> COMHOTOldCKEUE | H64: 2050 | I64: =I63 -> LO | K64: =-ROUNDDOWN(SUMIFS('COM RESID'!$O:$O,'COM RESID'!$H:$H,$E64,'COM RESID'!$I:$I,$F64)/SUMIFS('COM RESID'!$O:$O,'COM RESID'!$I:$I,$F64),3)*O64 -> 0 | O64: 0 | Q64: =SUBSTITUTE(C64,"MIN","MAX") -> * | S64: =E64 -> COMSTM | T64: =F64 -> COMHOTOldCKEUE | U64: =G64 -> COMHOTOldCKEUE | V64: 2050 | W64: =W63 -> UP | Y64: =-ROUNDUP(MIN(SUMIFS('COM RESID'!$O:$O,'COM RESID'!$H:$H,$E64,'COM RESID'!$I:$I,$F64)/SUMIFS('COM RESID'!$O:$O,'COM RESID'!$I:$I,$F64)*AC64,1),3) -> -0.004 | AC64: =IF(S64="COMELC",IF(SUMIFS('COM RESID'!$O:$O,'COM RESID'!$H:$H,$E64,'COM RESID'!$I:$I,$F64)/SUMIFS('COM RESID'!$O:$O,'COM RESID'!$I:$I,$F64)*3<1,1/(SUMIFS('COM RESID'!$O:$O,'COM RESID'!$H:$H,$E64,'COM RESID'!$I:$I,$F64)/SUMIFS('COM RESID'!$O:$O,'COM RESID'!$I:$I,$F64)),3),IF(ISNUMBER(SEARCH("WHEUE",T62)),IF(OR(S62="COMNGA",S62="COMFOI"),0.75,3),3)) -> 3
A65: =A61+1 -> 16 | C65: =IF(E65="","",IF(_xlfn.XLOOKUP($A65,Selected_constraint_UC!$A:$A,Selected_constraint_UC!$D:$D)=1,"*",IF(SUMIFS('COM TECH'!$N:$N,'COM TECH'!$K:$K,E65,'COM TECH'!$L:$L,F65)=0,"*",IF(SUMIFS('COM RESID'!$O:$O,'COM RESID'!$H:$H,$E65,'COM RESID'!$I:$I,$F65)=0,"*","UC_MarketShare_"&LEFT(F65,LEN(F65)-3)&"_"&RIGHT(E65,3)&"_MIN")))) -> * | E65: =_xlfn.XLOOKUP($A65,Selected_constraint_UC!$A:$A,Selected_constraint_UC!$B:$B) -> COMELC | F65: =_xlfn.XLOOKUP($A65,Selected_constraint_UC!$A:$A,Selected_constraint_UC!$C:$C) -> COMHOTOldCKEUE | G65: =F65 -> COMHOTOldCKEUE | H65: 2019 | I65: LO | J65: 1 | K65: =-ROUNDDOWN(SUMIFS('COM RESID'!$O:$O,'COM RESID'!$H:$H,$E65,'COM RESID'!$I:$I,$F65)/SUMIFS('COM RESID'!$O:$O,'COM RESID'!$I:$I,$F65),3)*O65 -> -0.12936 | L65: 0 | M65: 5 | O65: 0.98 | Q65: =SUBSTITUTE(C65,"MIN","MAX") -> * | S65: =E65 -> COMELC | T65: =F65 -> COMHOTOldCKEUE | U65: =G65 -> COMHOTOldCKEUE | V65: 2019 | W65: UP | X65: 1 | Y65: =-ROUNDUP(MIN(SUMIFS('COM RESID'!$O:$O,'COM RESID'!$H:$H,$E65,'COM RESID'!$I:$I,$F65)/SUMIFS('COM RESID'!$O:$O,'COM RESID'!$I:$I,$F65)*AC65,1),3) -> -0.135 | Z65: 0 | AA65: 5 | AC65: 1.02
A66: =A65 -> 16 | C66: =IF(C65="*",C65,"") -> * | E66: =E65 -> COMELC | F66: =F65 -> COMHOTOldCKEUE | G66: =G65 -> COMHOTOldCKEUE | H66: 2025 | I66: =I65 -> LO | K66: =-ROUNDDOWN(SUMIFS('COM RESID'!$O:$O,'COM RESID'!$H:$H,$E66,'COM RESID'!$I:$I,$F66)/SUMIFS('COM RESID'!$O:$O,'COM RESID'!$I:$I,$F66),3)*O66 -> -0.1056 | O66: 0.8 | Q66: =SUBSTITUTE(C66,"MIN","MAX") -> * | S66: =E66 -> COMELC | T66: =F66 -> COMHOTOldCKEUE | U66: =G66 -> COMHOTOldCKEUE | V66: 2025 | W66: =W65 -> UP | Y66: =-ROUNDUP(MIN(SUMIFS('COM RESID'!$O:$O,'COM RESID'!$H:$H,$E66,'COM RESID'!$I:$I,$F66)/SUMIFS('COM RESID'!$O:$O,'COM RESID'!$I:$I,$F66)*AC66,1),3) -> -0.25 | AC66: =IF(S66="COMELC",IF(SUMIFS('COM RESID'!$O:$O,'COM RESID'!$H:$H,$E66,'COM RESID'!$I:$I,$F66)/SUMIFS('COM RESID'!$O:$O,'COM RESID'!$I:$I,$F66)*1.2<0.25,0.25/(SUMIFS('COM RESID'!$O:$O,'COM RESID'!$H:$H,$E66,'COM RESID'!$I:$I,$F66)/SUMIFS('COM RESID'!$O:$O,'COM RESID'!$I:$I,$F66)),1.2),IF(ISNUMBER(SEARCH("WHEUE",T66)),IF(OR(S66="COMNGA",S66="COMFOI"),1,1.2),1.2)) -> 1.8902111
A67: =A66 -> 16 | C67: =IF(C66="*",C66,"") -> * | E67: =E66 -> COMELC | F67: =F66 -> COMHOTOldCKEUE | G67: =G66 -> COMHOTOldCKEUE | H67: 2030 | I67: =I66 -> LO | K67: =-ROUNDDOWN(SUMIFS('COM RESID'!$O:$O,'COM RESID'!$H:$H,$E67,'COM RESID'!$I:$I,$F67)/SUMIFS('COM RESID'!$O:$O,'COM RESID'!$I:$I,$F67),3)*O67 -> -0.0264 | O67: 0.2 | Q67: =SUBSTITUTE(C67,"MIN","MAX") -> * | S67: =E67 -> COMELC | T67: =F67 -> COMHOTOldCKEUE | U67: =G67 -> COMHOTOldCKEUE | V67: 2030 | W67: =W66 -> UP | Y67: =-ROUNDUP(MIN(SUMIFS('COM RESID'!$O:$O,'COM RESID'!$H:$H,$E67,'COM RESID'!$I:$I,$F67)/SUMIFS('COM RESID'!$O:$O,'COM RESID'!$I:$I,$F67)*AC67,1),3) -> -0.5 | AC67: =IF(S67="COMELC",IF(SUMIFS('COM RESID'!$O:$O,'COM RESID'!$H:$H,$E67,'COM RESID'!$I:$I,$F67)/SUMIFS('COM RESID'!$O:$O,'COM RESID'!$I:$I,$F67)*1.5<0.5,0.5/(SUMIFS('COM RESID'!$O:$O,'COM RESID'!$H:$H,$E67,'COM RESID'!$I:$I,$F67)/SUMIFS('COM RESID'!$O:$O,'COM RESID'!$I:$I,$F67)),1.5),IF(ISNUMBER(SEARCH("WHEUE",T66)),IF(OR(S66="COMNGA",S66="COMFOI"),0.9,1.5),1.5)) -> 3.7804221
A68: =A67 -> 16 | C68: =IF(C67="*",C67,"") -> * | E68: =E67 -> COMELC | F68: =F67 -> COMHOTOldCKEUE | G68: =G67 -> COMHOTOldCKEUE | H68: 2050 | I68: =I67 -> LO | K68: =-ROUNDDOWN(SUMIFS('COM RESID'!$O:$O,'COM RESID'!$H:$H,$E68,'COM RESID'!$I:$I,$F68)/SUMIFS('COM RESID'!$O:$O,'COM RESID'!$I:$I,$F68),3)*O68 -> 0 | O68: 0 | Q68: =SUBSTITUTE(C68,"MIN","MAX") -> * | S68: =E68 -> COMELC | T68: =F68 -> COMHOTOldCKEUE | U68: =G68 -> COMHOTOldCKEUE | V68: 2050 | W68: =W67 -> UP | Y68: =-ROUNDUP(MIN(SUMIFS('COM RESID'!$O:$O,'COM RESID'!$H:$H,$E68,'COM RESID'!$I:$I,$F68)/SUMIFS('COM RESID'!$O:$O,'COM RESID'!$I:$I,$F68)*AC68,1),3) -> -1 | AC68: =IF(S68="COMELC",IF(SUMIFS('COM RESID'!$O:$O,'COM RESID'!$H:$H,$E68,'COM RESID'!$I:$I,$F68)/SUMIFS('COM RESID'!$O:$O,'COM RESID'!$I:$I,$F68)*3<1,1/(SUMIFS('COM RESID'!$O:$O,'COM RESID'!$H:$H,$E68,'COM RESID'!$I:$I,$F68)/SUMIFS('COM RESID'!$O:$O,'COM RESID'!$I:$I,$F68)),3),IF(ISNUMBER(SEARCH("WHEUE",T66)),IF(OR(S66="COMNGA",S66="COMFOI"),0.75,3),3)) -> 7.5608442
A69: =A65+1 -> 17 | C69: =IF(E69="","",IF(_xlfn.XLOOKUP($A69,Selected_constraint_UC!$A:$A,Selected_constraint_UC!$D:$D)=1,"*",IF(SUMIFS('COM TECH'!$N:$N,'COM TECH'!$K:$K,E69,'COM TECH'!$L:$L,F69)=0,"*",IF(SUMIFS('COM RESID'!$O:$O,'COM RESID'!$H:$H,$E69,'COM RESID'!$I:$I,$F69)=0,"*","UC_MarketShare_"&LEFT(F69,LEN(F69)-3)&"_"&RIGHT(E69,3)&"_MIN")))) -> * | E69: =_xlfn.XLOOKUP($A69,Selected_constraint_UC!$A:$A,Selected_constraint_UC!$B:$B) -> COMELC | F69: =_xlfn.XLOOKUP($A69,Selected_constraint_UC!$A:$A,Selected_constraint_UC!$C:$C) -> COMHOTOldREEUE | G69: =F69 -> COMHOTOldREEUE | H69: 2019 | I69: LO | J69: 1 | K69: =-ROUNDDOWN(SUMIFS('COM RESID'!$O:$O,'COM RESID'!$H:$H,$E69,'COM RESID'!$I:$I,$F69)/SUMIFS('COM RESID'!$O:$O,'COM RESID'!$I:$I,$F69),3)*O69 -> -0.98 | L69: 0 | M69: 5 | O69: 0.98 | Q69: =SUBSTITUTE(C69,"MIN","MAX") -> * | S69: =E69 -> COMELC | T69: =F69 -> COMHOTOldREEUE | U69: =G69 -> COMHOTOldREEUE | V69: 2019 | W69: UP | X69: 1 | Y69: =-ROUNDUP(MIN(SUMIFS('COM RESID'!$O:$O,'COM RESID'!$H:$H,$E69,'COM RESID'!$I:$I,$F69)/SUMIFS('COM RESID'!$O:$O,'COM RESID'!$I:$I,$F69)*AC69,1),3) -> -1 | Z69: 0 | AA69: 5 | AC69: 1.02
A70: =A69 -> 17 | C70: =IF(C69="*",C69,"") -> * | E70: =E69 -> COMELC | F70: =F69 -> COMHOTOldREEUE | G70: =G69 -> COMHOTOldREEUE | H70: 2025 | I70: =I69 -> LO | K70: =-ROUNDDOWN(SUMIFS('COM RESID'!$O:$O,'COM RESID'!$H:$H,$E70,'COM RESID'!$I:$I,$F70)/SUMIFS('COM RESID'!$O:$O,'COM RESID'!$I:$I,$F70),3)*O70 -> -0.8 | O70: 0.8 | Q70: =SUBSTITUTE(C70,"MIN","MAX") -> * | S70: =E70 -> COMELC | T70: =F70 -> COMHOTOldREEUE | U70: =G70 -> COMHOTOldREEUE | V70: 2025 | W70: =W69 -> UP | Y70: =-ROUNDUP(MIN(SUMIFS('COM RESID'!$O:$O,'COM RESID'!$H:$H,$E70,'COM RESID'!$I:$I,$F70)/SUMIFS('COM RESID'!$O:$O,'COM RESID'!$I:$I,$F70)*AC70,1),3) -> -1 | AC70: =IF(S70="COMELC",IF(SUMIFS('COM RESID'!$O:$O,'COM RESID'!$H:$H,$E70,'COM RESID'!$I:$I,$F70)/SUMIFS('COM RESID'!$O:$O,'COM RESID'!$I:$I,$F70)*1.2<0.25,0.25/(SUMIFS('COM RESID'!$O:$O,'COM RESID'!$H:$H,$E70,'COM RESID'!$I:$I,$F70)/SUMIFS('COM RESID'!$O:$O,'COM RESID'!$I:$I,$F70)),1.2),IF(ISNUMBER(SEARCH("WHEUE",T70)),IF(OR(S70="COMNGA",S70="COMFOI"),1,1.2),1.2)) -> 1.2
A71: =A70 -> 17 | C71: =IF(C70="*",C70,"") -> * | E71: =E70 -> COMELC | F71: =F70 -> COMHOTOldREEUE | G71: =G70 -> COMHOTOldREEUE | H71: 2030 | I71: =I70 -> LO | K71: =-ROUNDDOWN(SUMIFS('COM RESID'!$O:$O,'COM RESID'!$H:$H,$E71,'COM RESID'!$I:$I,$F71)/SUMIFS('COM RESID'!$O:$O,'COM RESID'!$I:$I,$F71),3)*O71 -> -0.2 | O71: 0.2 | Q71: =SUBSTITUTE(C71,"MIN","MAX") -> * | S71: =E71 -> COMELC | T71: =F71 -> COMHOTOldREEUE | U71: =G71 -> COMHOTOldREEUE | V71: 2030 | W71: =W70 -> UP | Y71: =-ROUNDUP(MIN(SUMIFS('COM RESID'!$O:$O,'COM RESID'!$H:$H,$E71,'COM RESID'!$I:$I,$F71)/SUMIFS('COM RESID'!$O:$O,'COM RESID'!$I:$I,$F71)*AC71,1),3) -> -1 | AC71: =IF(S71="COMELC",IF(SUMIFS('COM RESID'!$O:$O,'COM RESID'!$H:$H,$E71,'COM RESID'!$I:$I,$F71)/SUMIFS('COM RESID'!$O:$O,'COM RESID'!$I:$I,$F71)*1.5<0.5,0.5/(SUMIFS('COM RESID'!$O:$O,'COM RESID'!$H:$H,$E71,'COM RESID'!$I:$I,$F71)/SUMIFS('COM RESID'!$O:$O,'COM RESID'!$I:$I,$F71)),1.5),IF(ISNUMBER(SEARCH("WHEUE",T70)),IF(OR(S70="COMNGA",S70="COMFOI"),0.9,1.5),1.5)) -> 1.5
A72: =A71 -> 17 | C72: =IF(C71="*",C71,"") -> * | E72: =E71 -> COMELC | F72: =F71 -> COMHOTOldREEUE | G72: =G71 -> COMHOTOldREEUE | H72: 2050 | I72: =I71 -> LO | K72: =-ROUNDDOWN(SUMIFS('COM RESID'!$O:$O,'COM RESID'!$H:$H,$E72,'COM RESID'!$I:$I,$F72)/SUMIFS('COM RESID'!$O:$O,'COM RESID'!$I:$I,$F72),3)*O72 -> 0 | O72: 0 | Q72: =SUBSTITUTE(C72,"MIN","MAX") -> * | S72: =E72 -> COMELC | T72: =F72 -> COMHOTOldREEUE | U72: =G72 -> COMHOTOldREEUE | V72: 2050 | W72: =W71 -> UP | Y72: =-ROUNDUP(MIN(SUMIFS('COM RESID'!$O:$O,'COM RESID'!$H:$H,$E72,'COM RESID'!$I:$I,$F72)/SUMIFS('COM RESID'!$O:$O,'COM RESID'!$I:$I,$F72)*AC72,1),3) -> -1 | AC72: =IF(S72="COMELC",IF(SUMIFS('COM RESID'!$O:$O,'COM RESID'!$H:$H,$E72,'COM RESID'!$I:$I,$F72)/SUMIFS('COM RESID'!$O:$O,'COM RESID'!$I:$I,$F72)*3<1,1/(SUMIFS('COM RESID'!$O:$O,'COM RESID'!$H:$H,$E72,'COM RESID'!$I:$I,$F72)/SUMIFS('COM RESID'!$O:$O,'COM RESID'!$I:$I,$F72)),3),IF(ISNUMBER(SEARCH("WHEUE",T70)),IF(OR(S70="COMNGA",S70="COMFOI"),0.75,3),3)) -> 3
A73: =A69+1 -> 18 | C73: =IF(E73="","",IF(_xlfn.XLOOKUP($A73,Selected_constraint_UC!$A:$A,Selected_constraint_UC!$D:$D)=1,"*",IF(SUMIFS('COM TECH'!$N:$N,'COM TECH'!$K:$K,E73,'COM TECH'!$L:$L,F73)=0,"*",IF(SUMIFS('COM RESID'!$O:$O,'COM RESID'!$H:$H,$E73,'COM RESID'!$I:$I,$F73)=0,"*","UC_MarketShare_"&LEFT(F73,LEN(F73)-3)&"_"&RIGHT(E73,3)&"_MIN")))) -> * | E73: =_xlfn.XLOOKUP($A73,Selected_constraint_UC!$A:$A,Selected_constraint_UC!$B:$B) -> COMFOI | F73: =_xlfn.XLOOKUP($A73,Selected_constraint_UC!$A:$A,Selected_constraint_UC!$C:$C) -> COMHOTOldOEEUE | G73: =F73 -> COMHOTOldOEEUE | H73: 2019 | I73: LO | J73: 1 | K73: =-ROUNDDOWN(SUMIFS('COM RESID'!$O:$O,'COM RESID'!$H:$H,$E73,'COM RESID'!$I:$I,$F73)/SUMIFS('COM RESID'!$O:$O,'COM RESID'!$I:$I,$F73),3)*O73 -> -0.06958 | L73: 0 | M73: 5 | O73: 0.98 | Q73: =SUBSTITUTE(C73,"MIN","MAX") -> * | S73: =E73 -> COMFOI | T73: =F73 -> COMHOTOldOEEUE | U73: =G73 -> COMHOTOldOEEUE | V73: 2019 | W73: UP | X73: 1 | Y73: =-ROUNDUP(MIN(SUMIFS('COM RESID'!$O:$O,'COM RESID'!$H:$H,$E73,'COM RESID'!$I:$I,$F73)/SUMIFS('COM RESID'!$O:$O,'COM RESID'!$I:$I,$F73)*AC73,1),3) -> -0.073 | Z73: 0 | AA73: 5 | AC73: 1.02
A74: =A73 -> 18 | C74: =IF(C73="*",C73,"") -> * | E74: =E73 -> COMFOI | F74: =F73 -> COMHOTOldOEEUE | G74: =G73 -> COMHOTOldOEEUE | H74: 2025 | I74: =I73 -> LO | K74: =-ROUNDDOWN(SUMIFS('COM RESID'!$O:$O,'COM RESID'!$H:$H,$E74,'COM RESID'!$I:$I,$F74)/SUMIFS('COM RESID'!$O:$O,'COM RESID'!$I:$I,$F74),3)*O74 -> -0.0568 | O74: 0.8 | Q74: =SUBSTITUTE(C74,"MIN","MAX") -> * | S74: =E74 -> COMFOI | T74: =F74 -> COMHOTOldOEEUE | U74: =G74 -> COMHOTOldOEEUE | V74: 2025 | W74: =W73 -> UP | Y74: =-ROUNDUP(MIN(SUMIFS('COM RESID'!$O:$O,'COM RESID'!$H:$H,$E74,'COM RESID'!$I:$I,$F74)/SUMIFS('COM RESID'!$O:$O,'COM RESID'!$I:$I,$F74)*AC74,1),3) -> -0.086 | AC74: =IF(S74="COMELC",IF(SUMIFS('COM RESID'!$O:$O,'COM RESID'!$H:$H,$E74,'COM RESID'!$I:$I,$F74)/SUMIFS('COM RESID'!$O:$O,'COM RESID'!$I:$I,$F74)*1.2<0.25,0.25/(SUMIFS('COM RESID'!$O:$O,'COM RESID'!$H:$H,$E74,'COM RESID'!$I:$I,$F74)/SUMIFS('COM RESID'!$O:$O,'COM RESID'!$I:$I,$F74)),1.2),IF(ISNUMBER(SEARCH("WHEUE",T74)),IF(OR(S74="COMNGA",S74="COMFOI"),1,1.2),1.2)) -> 1.2
A75: =A74 -> 18 | C75: =IF(C74="*",C74,"") -> * | E75: =E74 -> COMFOI | F75: =F74 -> COMHOTOldOEEUE | G75: =G74 -> COMHOTOldOEEUE | H75: 2030 | I75: =I74 -> LO | K75: =-ROUNDDOWN(SUMIFS('COM RESID'!$O:$O,'COM RESID'!$H:$H,$E75,'COM RESID'!$I:$I,$F75)/SUMIFS('COM RESID'!$O:$O,'COM RESID'!$I:$I,$F75),3)*O75 -> -0.0142 | O75: 0.2 | Q75: =SUBSTITUTE(C75,"MIN","MAX") -> * | S75: =E75 -> COMFOI | T75: =F75 -> COMHOTOldOEEUE | U75: =G75 -> COMHOTOldOEEUE | V75: 2030 | W75: =W74 -> UP | Y75: =-ROUNDUP(MIN(SUMIFS('COM RESID'!$O:$O,'COM RESID'!$H:$H,$E75,'COM RESID'!$I:$I,$F75)/SUMIFS('COM RESID'!$O:$O,'COM RESID'!$I:$I,$F75)*AC75,1),3) -> -0.108 | AC75: =IF(S75="COMELC",IF(SUMIFS('COM RESID'!$O:$O,'COM RESID'!$H:$H,$E75,'COM RESID'!$I:$I,$F75)/SUMIFS('COM RESID'!$O:$O,'COM RESID'!$I:$I,$F75)*1.5<0.5,0.5/(SUMIFS('COM RESID'!$O:$O,'COM RESID'!$H:$H,$E75,'COM RESID'!$I:$I,$F75)/SUMIFS('COM RESID'!$O:$O,'COM RESID'!$I:$I,$F75)),1.5),IF(ISNUMBER(SEARCH("WHEUE",T74)),IF(OR(S74="COMNGA",S74="COMFOI"),0.9,1.5),1.5)) -> 1.5
A76: =A75 -> 18 | C76: =IF(C75="*",C75,"") -> * | E76: =E75 -> COMFOI | F76: =F75 -> COMHOTOldOEEUE | G76: =G75 -> COMHOTOldOEEUE | H76: 2050 | I76: =I75 -> LO | K76: =-ROUNDDOWN(SUMIFS('COM RESID'!$O:$O,'COM RESID'!$H:$H,$E76,'COM RESID'!$I:$I,$F76)/SUMIFS('COM RESID'!$O:$O,'COM RESID'!$I:$I,$F76),3)*O76 -> 0 | O76: 0 | Q76: =SUBSTITUTE(C76,"MIN","MAX") -> * | S76: =E76 -> COMFOI | T76: =F76 -> COMHOTOldOEEUE | U76: =G76 -> COMHOTOldOEEUE | V76: 2050 | W76: =W75 -> UP | Y76: =-ROUNDUP(MIN(SUMIFS('COM RESID'!$O:$O,'COM RESID'!$H:$H,$E76,'COM RESID'!$I:$I,$F76)/SUMIFS('COM RESID'!$O:$O,'COM RESID'!$I:$I,$F76)*AC76,1),3) -> -0.215 | AC76: =IF(S76="COMELC",IF(SUMIFS('COM RESID'!$O:$O,'COM RESID'!$H:$H,$E76,'COM RESID'!$I:$I,$F76)/SUMIFS('COM RESID'!$O:$O,'COM RESID'!$I:$I,$F76)*3<1,1/(SUMIFS('COM RESID'!$O:$O,'COM RESID'!$H:$H,$E76,'COM RESID'!$I:$I,$F76)/SUMIFS('COM RESID'!$O:$O,'COM RESID'!$I:$I,$F76)),3),IF(ISNUMBER(SEARCH("WHEUE",T74)),IF(OR(S74="COMNGA",S74="COMFOI"),0.75,3),3)) -> 3
A77: =A73+1 -> 19 | C77: =IF(E77="","",IF(_xlfn.XLOOKUP($A77,Selected_constraint_UC!$A:$A,Selected_constraint_UC!$D:$D)=1,"*",IF(SUMIFS('COM TECH'!$N:$N,'COM TECH'!$K:$K,E77,'COM TECH'!$L:$L,F77)=0,"*",IF(SUMIFS('COM RESID'!$O:$O,'COM RESID'!$H:$H,$E77,'COM RESID'!$I:$I,$F77)=0,"*","UC_MarketShare_"&LEFT(F77,LEN(F77)-3)&"_"&RIGHT(E77,3)&"_MIN")))) -> UC_MarketShare_COMHOTOldOE_NGA_MIN | E77: =_xlfn.XLOOKUP($A77,Selected_constraint_UC!$A:$A,Selected_constraint_UC!$B:$B) -> COMNGA | F77: =_xlfn.XLOOKUP($A77,Selected_constraint_UC!$A:$A,Selected_constraint_UC!$C:$C) -> COMHOTOldOEEUE | G77: =F77 -> COMHOTOldOEEUE | H77: 2019 | I77: LO | J77: 1 | K77: =-ROUNDDOWN(SUMIFS('COM RESID'!$O:$O,'COM RESID'!$H:$H,$E77,'COM RESID'!$I:$I,$F77)/SUMIFS('COM RESID'!$O:$O,'COM RESID'!$I:$I,$F77),3)*O77 -> -0.40376 | L77: 0 | M77: 5 | O77: 0.98 | Q77: =SUBSTITUTE(C77,"MIN","MAX") -> UC_MarketShare_COMHOTOldOE_NGA_MAX | S77: =E77 -> COMNGA | T77: =F77 -> COMHOTOldOEEUE | U77: =G77 -> COMHOTOldOEEUE | V77: 2019 | W77: UP | X77: 1 | Y77: =-ROUNDUP(MIN(SUMIFS('COM RESID'!$O:$O,'COM RESID'!$H:$H,$E77,'COM RESID'!$I:$I,$F77)/SUMIFS('COM RESID'!$O:$O,'COM RESID'!$I:$I,$F77)*AC77,1),3) -> -0.422 | Z77: 0 | AA77: 5 | AC77: 1.02
A78: =A77 -> 19 | C78: =IF(C77="*",C77,"") | E78: =E77 -> COMNGA | F78: =F77 -> COMHOTOldOEEUE | G78: =G77 -> COMHOTOldOEEUE | H78: 2025 | I78: =I77 -> LO | K78: =-ROUNDDOWN(SUMIFS('COM RESID'!$O:$O,'COM RESID'!$H:$H,$E78,'COM RESID'!$I:$I,$F78)/SUMIFS('COM RESID'!$O:$O,'COM RESID'!$I:$I,$F78),3)*O78 -> -0.3296 | O78: 0.8 | Q78: =SUBSTITUTE(C78,"MIN","MAX") | S78: =E78 -> COMNGA | T78: =F78 -> COMHOTOldOEEUE | U78: =G78 -> COMHOTOldOEEUE | V78: 2025 | W78: =W77 -> UP | Y78: =-ROUNDUP(MIN(SUMIFS('COM RESID'!$O:$O,'COM RESID'!$H:$H,$E78,'COM RESID'!$I:$I,$F78)/SUMIFS('COM RESID'!$O:$O,'COM RESID'!$I:$I,$F78)*AC78,1),3) -> -0.496 | AC78: =IF(S78="COMELC",IF(SUMIFS('COM RESID'!$O:$O,'COM RESID'!$H:$H,$E78,'COM RESID'!$I:$I,$F78)/SUMIFS('COM RESID'!$O:$O,'COM RESID'!$I:$I,$F78)*1.2<0.25,0.25/(SUMIFS('COM RESID'!$O:$O,'COM RESID'!$H:$H,$E78,'COM RESID'!$I:$I,$F78)/SUMIFS('COM RESID'!$O:$O,'COM RESID'!$I:$I,$F78)),1.2),IF(ISNUMBER(SEARCH("WHEUE",T78)),IF(OR(S78="COMNGA",S78="COMFOI"),1,1.2),1.2)) -> 1.2
A79: =A78 -> 19 | C79: =IF(C78="*",C78,"") | E79: =E78 -> COMNGA | F79: =F78 -> COMHOTOldOEEUE | G79: =G78 -> COMHOTOldOEEUE | H79: 2030 | I79: =I78 -> LO | K79: =-ROUNDDOWN(SUMIFS('COM RESID'!$O:$O,'COM RESID'!$H:$H,$E79,'COM RESID'!$I:$I,$F79)/SUMIFS('COM RESID'!$O:$O,'COM RESID'!$I:$I,$F79),3)*O79 -> -0.0824 | O79: 0.2 | Q79: =SUBSTITUTE(C79,"MIN","MAX") | S79: =E79 -> COMNGA | T79: =F79 -> COMHOTOldOEEUE | U79: =G79 -> COMHOTOldOEEUE | V79: 2030 | W79: =W78 -> UP | Y79: =-ROUNDUP(MIN(SUMIFS('COM RESID'!$O:$O,'COM RESID'!$H:$H,$E79,'COM RESID'!$I:$I,$F79)/SUMIFS('COM RESID'!$O:$O,'COM RESID'!$I:$I,$F79)*AC79,1),3) -> -0.62 | AC79: =IF(S79="COMELC",IF(SUMIFS('COM RESID'!$O:$O,'COM RESID'!$H:$H,$E79,'COM RESID'!$I:$I,$F79)/SUMIFS('COM RESID'!$O:$O,'COM RESID'!$I:$I,$F79)*1.5<0.5,0.5/(SUMIFS('COM RESID'!$O:$O,'COM RESID'!$H:$H,$E79,'COM RESID'!$I:$I,$F79)/SUMIFS('COM RESID'!$O:$O,'COM RESID'!$I:$I,$F79)),1.5),IF(ISNUMBER(SEARCH("WHEUE",T78)),IF(OR(S78="COMNGA",S78="COMFOI"),0.9,1.5),1.5)) -> 1.5
A80: =A79 -> 19 | C80: =IF(C79="*",C79,"") | E80: =E79 -> COMNGA | F80: =F79 -> COMHOTOldOEEUE | G80: =G79 -> COMHOTOldOEEUE | H80: 2050 | I80: =I79 -> LO | K80: =-ROUNDDOWN(SUMIFS('COM RESID'!$O:$O,'COM RESID'!$H:$H,$E80,'COM RESID'!$I:$I,$F80)/SUMIFS('COM RESID'!$O:$O,'COM RESID'!$I:$I,$F80),3)*O80 -> 0 | O80: 0 | Q80: =SUBSTITUTE(C80,"MIN","MAX") | S80: =E80 -> COMNGA | T80: =F80 -> COMHOTOldOEEUE | U80: =G80 -> COMHOTOldOEEUE | V80: 2050 | W80: =W79 -> UP | Y80: =-ROUNDUP(MIN(SUMIFS('COM RESID'!$O:$O,'COM RESID'!$H:$H,$E80,'COM RESID'!$I:$I,$F80)/SUMIFS('COM RESID'!$O:$O,'COM RESID'!$I:$I,$F80)*AC80,1),3) -> -1 | AC80: =IF(S80="COMELC",IF(SUMIFS('COM RESID'!$O:$O,'COM RESID'!$H:$H,$E80,'COM RESID'!$I:$I,$F80)/SUMIFS('COM RESID'!$O:$O,'COM RESID'!$I:$I,$F80)*3<1,1/(SUMIFS('COM RESID'!$O:$O,'COM RESID'!$H:$H,$E80,'COM RESID'!$I:$I,$F80)/SUMIFS('COM RESID'!$O:$O,'COM RESID'!$I:$I,$F80)),3),IF(ISNUMBER(SEARCH("WHEUE",T78)),IF(OR(S78="COMNGA",S78="COMFOI"),0.75,3),3)) -> 3
A81: =A77+1 -> 20 | C81: =IF(E81="","",IF(_xlfn.XLOOKUP($A81,Selected_constraint_UC!$A:$A,Selected_constraint_UC!$D:$D)=1,"*",IF(SUMIFS('COM TECH'!$N:$N,'COM TECH'!$K:$K,E81,'COM TECH'!$L:$L,F81)=0,"*",IF(SUMIFS('COM RESID'!$O:$O,'COM RESID'!$H:$H,$E81,'COM RESID'!$I:$I,$F81)=0,"*","UC_MarketShare_"&LEFT(F81,LEN(F81)-3)&"_"&RIGHT(E81,3)&"_MIN")))) -> * | E81: =_xlfn.XLOOKUP($A81,Selected_constraint_UC!$A:$A,Selected_constraint_UC!$B:$B) -> COMSTM | F81: =_xlfn.XLOOKUP($A81,Selected_constraint_UC!$A:$A,Selected_constraint_UC!$C:$C) -> COMHOTOldOEEUE | G81: =F81 -> COMHOTOldOEEUE | H81: 2019 | I81: LO | J81: 1 | K81: =-ROUNDDOWN(SUMIFS('COM RESID'!$O:$O,'COM RESID'!$H:$H,$E81,'COM RESID'!$I:$I,$F81)/SUMIFS('COM RESID'!$O:$O,'COM RESID'!$I:$I,$F81),3)*O81 -> 0 | L81: 0 | M81: 5 | O81: 0.98 | Q81: =SUBSTITUTE(C81,"MIN","MAX") -> * | S81: =E81 -> COMSTM | T81: =F81 -> COMHOTOldOEEUE | U81: =G81 -> COMHOTOldOEEUE | V81: 2019 | W81: UP | X81: 1 | Y81: =-ROUNDUP(MIN(SUMIFS('COM RESID'!$O:$O,'COM RESID'!$H:$H,$E81,'COM RESID'!$I:$I,$F81)/SUMIFS('COM RESID'!$O:$O,'COM RESID'!$I:$I,$F81)*AC81,1),3) -> 0 | Z81: 0 | AA81: 5 | AC81: 1.02
A82: =A81 -> 20 | C82: =IF(C81="*",C81,"") -> * | E82: =E81 -> COMSTM | F82: =F81 -> COMHOTOldOEEUE | G82: =G81 -> COMHOTOldOEEUE | H82: 2025 | I82: =I81 -> LO | K82: =-ROUNDDOWN(SUMIFS('COM RESID'!$O:$O,'COM RESID'!$H:$H,$E82,'COM RESID'!$I:$I,$F82)/SUMIFS('COM RESID'!$O:$O,'COM RESID'!$I:$I,$F82),3)*O82 -> 0 | O82: 0.8 | Q82: =SUBSTITUTE(C82,"MIN","MAX") -> * | S82: =E82 -> COMSTM | T82: =F82 -> COMHOTOldOEEUE | U82: =G82 -> COMHOTOldOEEUE | V82: 2025 | W82: =W81 -> UP | Y82: =-ROUNDUP(MIN(SUMIFS('COM RESID'!$O:$O,'COM RESID'!$H:$H,$E82,'COM RESID'!$I:$I,$F82)/SUMIFS('COM RESID'!$O:$O,'COM RESID'!$I:$I,$F82)*AC82,1),3) -> 0 | AC82: =IF(S82="COMELC",IF(SUMIFS('COM RESID'!$O:$O,'COM RESID'!$H:$H,$E82,'COM RESID'!$I:$I,$F82)/SUMIFS('COM RESID'!$O:$O,'COM RESID'!$I:$I,$F82)*1.2<0.25,0.25/(SUMIFS('COM RESID'!$O:$O,'COM RESID'!$H:$H,$E82,'COM RESID'!$I:$I,$F82)/SUMIFS('COM RESID'!$O:$O,'COM RESID'!$I:$I,$F82)),1.2),IF(ISNUMBER(SEARCH("WHEUE",T82)),IF(OR(S82="COMNGA",S82="COMFOI"),1,1.2),1.2)) -> 1.2
A83: =A82 -> 20 | C83: =IF(C82="*",C82,"") -> * | E83: =E82 -> COMSTM | F83: =F82 -> COMHOTOldOEEUE | G83: =G82 -> COMHOTOldOEEUE | H83: 2030 | I83: =I82 -> LO | K83: =-ROUNDDOWN(SUMIFS('COM RESID'!$O:$O,'COM RESID'!$H:$H,$E83,'COM RESID'!$I:$I,$F83)/SUMIFS('COM RESID'!$O:$O,'COM RESID'!$I:$I,$F83),3)*O83 -> 0 | O83: 0.2 | Q83: =SUBSTITUTE(C83,"MIN","MAX") -> * | S83: =E83 -> COMSTM | T83: =F83 -> COMHOTOldOEEUE | U83: =G83 -> COMHOTOldOEEUE | V83: 2030 | W83: =W82 -> UP | Y83: =-ROUNDUP(MIN(SUMIFS('COM RESID'!$O:$O,'COM RESID'!$H:$H,$E83,'COM RESID'!$I:$I,$F83)/SUMIFS('COM RESID'!$O:$O,'COM RESID'!$I:$I,$F83)*AC83,1),3) -> 0 | AC83: =IF(S83="COMELC",IF(SUMIFS('COM RESID'!$O:$O,'COM RESID'!$H:$H,$E83,'COM RESID'!$I:$I,$F83)/SUMIFS('COM RESID'!$O:$O,'COM RESID'!$I:$I,$F83)*1.5<0.5,0.5/(SUMIFS('COM RESID'!$O:$O,'COM RESID'!$H:$H,$E83,'COM RESID'!$I:$I,$F83)/SUMIFS('COM RESID'!$O:$O,'COM RESID'!$I:$I,$F83)),1.5),IF(ISNUMBER(SEARCH("WHEUE",T82)),IF(OR(S82="COMNGA",S82="COMFOI"),0.9,1.5),1.5)) -> 1.5
A84: =A83 -> 20 | C84: =IF(C83="*",C83,"") -> * | E84: =E83 -> COMSTM | F84: =F83 -> COMHOTOldOEEUE | G84: =G83 -> COMHOTOldOEEUE | H84: 2050 | I84: =I83 -> LO | K84: =-ROUNDDOWN(SUMIFS('COM RESID'!$O:$O,'COM RESID'!$H:$H,$E84,'COM RESID'!$I:$I,$F84)/SUMIFS('COM RESID'!$O:$O,'COM RESID'!$I:$I,$F84),3)*O84 -> 0 | O84: 0 | Q84: =SUBSTITUTE(C84,"MIN","MAX") -> * | S84: =E84 -> COMSTM | T84: =F84 -> COMHOTOldOEEUE | U84: =G84 -> COMHOTOldOEEUE | V84: 2050 | W84: =W83 -> UP | Y84: =-ROUNDUP(MIN(SUMIFS('COM RESID'!$O:$O,'COM RESID'!$H:$H,$E84,'COM RESID'!$I:$I,$F84)/SUMIFS('COM RESID'!$O:$O,'COM RESID'!$I:$I,$F84)*AC84,1),3) -> 0 | AC84: =IF(S84="COMELC",IF(SUMIFS('COM RESID'!$O:$O,'COM RESID'!$H:$H,$E84,'COM RESID'!$I:$I,$F84)/SUMIFS('COM RESID'!$O:$O,'COM RESID'!$I:$I,$F84)*3<1,1/(SUMIFS('COM RESID'!$O:$O,'COM RESID'!$H:$H,$E84,'COM RESID'!$I:$I,$F84)/SUMIFS('COM RESID'!$O:$O,'COM RESID'!$I:$I,$F84)),3),IF(ISNUMBER(SEARCH("WHEUE",T82)),IF(OR(S82="COMNGA",S82="COMFOI"),0.75,3),3)) -> 3
A85: =A81+1 -> 21 | C85: =IF(E85="","",IF(_xlfn.XLOOKUP($A85,Selected_constraint_UC!$A:$A,Selected_constraint_UC!$D:$D)=1,"*",IF(SUMIFS('COM TECH'!$N:$N,'COM TECH'!$K:$K,E85,'COM TECH'!$L:$L,F85)=0,"*",IF(SUMIFS('COM RESID'!$O:$O,'COM RESID'!$H:$H,$E85,'COM RESID'!$I:$I,$F85)=0,"*","UC_MarketShare_"&LEFT(F85,LEN(F85)-3)&"_"&RIGHT(E85,3)&"_MIN")))) -> UC_MarketShare_COMHOTOldOE_ELC_MIN | E85: =_xlfn.XLOOKUP($A85,Selected_constraint_UC!$A:$A,Selected_constraint_UC!$B:$B) -> COMELC | F85: =_xlfn.XLOOKUP($A85,Selected_constraint_UC!$A:$A,Selected_constraint_UC!$C:$C) -> COMHOTOldOEEUE | G85: =F85 -> COMHOTOldOEEUE | H85: 2019 | I85: LO | J85: 1 | K85: =-ROUNDDOWN(SUMIFS('COM RESID'!$O:$O,'COM RESID'!$H:$H,$E85,'COM RESID'!$I:$I,$F85)/SUMIFS('COM RESID'!$O:$O,'COM RESID'!$I:$I,$F85),3)*O85 -> -0.5047 | L85: 0 | M85: 5 | O85: 0.98 | Q85: =SUBSTITUTE(C85,"MIN","MAX") -> UC_MarketShare_COMHOTOldOE_ELC_MAX | S85: =E85 -> COMELC | T85: =F85 -> COMHOTOldOEEUE | U85: =G85 -> COMHOTOldOEEUE | V85: 2019 | W85: UP | X85: 1 | Y85: =-ROUNDUP(MIN(SUMIFS('COM RESID'!$O:$O,'COM RESID'!$H:$H,$E85,'COM RESID'!$I:$I,$F85)/SUMIFS('COM RESID'!$O:$O,'COM RESID'!$I:$I,$F85)*AC85,1),3) -> -0.527 | Z85: 0 | AA85: 5 | AC85: 1.02
A86: =A85 -> 21 | C86: =IF(C85="*",C85,"") | E86: =E85 -> COMELC | F86: =F85 -> COMHOTOldOEEUE | G86: =G85 -> COMHOTOldOEEUE | H86: 2025 | I86: =I85 -> LO | K86: =-ROUNDDOWN(SUMIFS('COM RESID'!$O:$O,'COM RESID'!$H:$H,$E86,'COM RESID'!$I:$I,$F86)/SUMIFS('COM RESID'!$O:$O,'COM RESID'!$I:$I,$F86),3)*O86 -> -0.412 | O86: 0.8 | Q86: =SUBSTITUTE(C86,"MIN","MAX") | S86: =E86 -> COMELC | T86: =F86 -> COMHOTOldOEEUE | U86: =G86 -> COMHOTOldOEEUE | V86: 2025 | W86: =W85 -> UP | Y86: =-ROUNDUP(MIN(SUMIFS('COM RESID'!$O:$O,'COM RESID'!$H:$H,$E86,'COM RESID'!$I:$I,$F86)/SUMIFS('COM RESID'!$O:$O,'COM RESID'!$I:$I,$F86)*AC86,1),3) -> -0.619 | AC86: =IF(S86="COMELC",IF(SUMIFS('COM RESID'!$O:$O,'COM RESID'!$H:$H,$E86,'COM RESID'!$I:$I,$F86)/SUMIFS('COM RESID'!$O:$O,'COM RESID'!$I:$I,$F86)*1.2<0.25,0.25/(SUMIFS('COM RESID'!$O:$O,'COM RESID'!$H:$H,$E86,'COM RESID'!$I:$I,$F86)/SUMIFS('COM RESID'!$O:$O,'COM RESID'!$I:$I,$F86)),1.2),IF(ISNUMBER(SEARCH("WHEUE",T86)),IF(OR(S86="COMNGA",S86="COMFOI"),1,1.2),1.2)) -> 1.2
A87: =A86 -> 21 | C87: =IF(C86="*",C86,"") | E87: =E86 -> COMELC | F87: =F86 -> COMHOTOldOEEUE | G87: =G86 -> COMHOTOldOEEUE | H87: 2030 | I87: =I86 -> LO | K87: =-ROUNDDOWN(SUMIFS('COM RESID'!$O:$O,'COM RESID'!$H:$H,$E87,'COM RESID'!$I:$I,$F87)/SUMIFS('COM RESID'!$O:$O,'COM RESID'!$I:$I,$F87),3)*O87 -> -0.103 | O87: 0.2 | Q87: =SUBSTITUTE(C87,"MIN","MAX") | S87: =E87 -> COMELC | T87: =F87 -> COMHOTOldOEEUE | U87: =G87 -> COMHOTOldOEEUE | V87: 2030 | W87: =W86 -> UP | Y87: =-ROUNDUP(MIN(SUMIFS('COM RESID'!$O:$O,'COM RESID'!$H:$H,$E87,'COM RESID'!$I:$I,$F87)/SUMIFS('COM RESID'!$O:$O,'COM RESID'!$I:$I,$F87)*AC87,1),3) -> -0.774 | AC87: =IF(S87="COMELC",IF(SUMIFS('COM RESID'!$O:$O,'COM RESID'!$H:$H,$E87,'COM RESID'!$I:$I,$F87)/SUMIFS('COM RESID'!$O:$O,'COM RESID'!$I:$I,$F87)*1.5<0.5,0.5/(SUMIFS('COM RESID'!$O:$O,'COM RESID'!$H:$H,$E87,'COM RESID'!$I:$I,$F87)/SUMIFS('COM RESID'!$O:$O,'COM RESID'!$I:$I,$F87)),1.5),IF(ISNUMBER(SEARCH("WHEUE",T86)),IF(OR(S86="COMNGA",S86="COMFOI"),0.9,1.5),1.5)) -> 1.5
A88: =A87 -> 21 | C88: =IF(C87="*",C87,"") | E88: =E87 -> COMELC | F88: =F87 -> COMHOTOldOEEUE | G88: =G87 -> COMHOTOldOEEUE | H88: 2050 | I88: =I87 -> LO | K88: =-ROUNDDOWN(SUMIFS('COM RESID'!$O:$O,'COM RESID'!$H:$H,$E88,'COM RESID'!$I:$I,$F88)/SUMIFS('COM RESID'!$O:$O,'COM RESID'!$I:$I,$F88),3)*O88 -> 0 | O88: 0 | Q88: =SUBSTITUTE(C88,"MIN","MAX") | S88: =E88 -> COMELC | T88: =F88 -> COMHOTOldOEEUE | U88: =G88 -> COMHOTOldOEEUE | V88: 2050 | W88: =W87 -> UP | Y88: =-ROUNDUP(MIN(SUMIFS('COM RESID'!$O:$O,'COM RESID'!$H:$H,$E88,'COM RESID'!$I:$I,$F88)/SUMIFS('COM RESID'!$O:$O,'COM RESID'!$I:$I,$F88)*AC88,1),3) -> -1 | AC88: =IF(S88="COMELC",IF(SUMIFS('COM RESID'!$O:$O,'COM RESID'!$H:$H,$E88,'COM RESID'!$I:$I,$F88)/SUMIFS('COM RESID'!$O:$O,'COM RESID'!$I:$I,$F88)*3<1,1/(SUMIFS('COM RESID'!$O:$O,'COM RESID'!$H:$H,$E88,'COM RESID'!$I:$I,$F88)/SUMIFS('COM RESID'!$O:$O,'COM RESID'!$I:$I,$F88)),3),IF(ISNUMBER(SEARCH("WHEUE",T86)),IF(OR(S86="COMNGA",S86="COMFOI"),0.75,3),3)) -> 3
A89: =A85+1 -> 22 | C89: =IF(E89="","",IF(_xlfn.XLOOKUP($A89,Selected_constraint_UC!$A:$A,Selected_constraint_UC!$D:$D)=1,"*",IF(SUMIFS('COM TECH'!$N:$N,'COM TECH'!$K:$K,E89,'COM TECH'!$L:$L,F89)=0,"*",IF(SUMIFS('COM RESID'!$O:$O,'COM RESID'!$H:$H,$E89,'COM RESID'!$I:$I,$F89)=0,"*","UC_MarketShare_"&LEFT(F89,LEN(F89)-3)&"_"&RIGHT(E89,3)&"_MIN")))) -> UC_MarketShare_COMRETOldSH_ELC_MIN | E89: =_xlfn.XLOOKUP($A89,Selected_constraint_UC!$A:$A,Selected_constraint_UC!$B:$B) -> COMELC | F89: =_xlfn.XLOOKUP($A89,Selected_constraint_UC!$A:$A,Selected_constraint_UC!$C:$C) -> COMRETOldSHEUE | G89: =F89 -> COMRETOldSHEUE | H89: 2019 | I89: LO | J89: 1 | K89: =-ROUNDDOWN(SUMIFS('COM RESID'!$O:$O,'COM RESID'!$H:$H,$E89,'COM RESID'!$I:$I,$F89)/SUMIFS('COM RESID'!$O:$O,'COM RESID'!$I:$I,$F89),3)*O89 -> -0.11466 | L89: 0 | M89: 5 | O89: 0.98 | Q89: =SUBSTITUTE(C89,"MIN","MAX") -> UC_MarketShare_COMRETOldSH_ELC_MAX | S89: =E89 -> COMELC | T89: =F89 -> COMRETOldSHEUE | U89: =G89 -> COMRETOldSHEUE | V89: 2019 | W89: UP | X89: 1 | Y89: =-ROUNDUP(MIN(SUMIFS('COM RESID'!$O:$O,'COM RESID'!$H:$H,$E89,'COM RESID'!$I:$I,$F89)/SUMIFS('COM RESID'!$O:$O,'COM RESID'!$I:$I,$F89)*AC89,1),3) -> -0.12 | Z89: 0 | AA89: 5 | AC89: 1.02
A90: =A89 -> 22 | C90: =IF(C89="*",C89,"") | E90: =E89 -> COMELC | F90: =F89 -> COMRETOldSHEUE | G90: =G89 -> COMRETOldSHEUE | H90: 2025 | I90: =I89 -> LO | K90: =-ROUNDDOWN(SUMIFS('COM RESID'!$O:$O,'COM RESID'!$H:$H,$E90,'COM RESID'!$I:$I,$F90)/SUMIFS('COM RESID'!$O:$O,'COM RESID'!$I:$I,$F90),3)*O90 -> -0.0936 | O90: 0.8 | Q90: =SUBSTITUTE(C90,"MIN","MAX") | S90: =E90 -> COMELC | T90: =F90 -> COMRETOldSHEUE | U90: =G90 -> COMRETOldSHEUE | V90: 2025 | W90: =W89 -> UP | Y90: =-ROUNDUP(MIN(SUMIFS('COM RESID'!$O:$O,'COM RESID'!$H:$H,$E90,'COM RESID'!$I:$I,$F90)/SUMIFS('COM RESID'!$O:$O,'COM RESID'!$I:$I,$F90)*AC90,1),3) -> -0.25 | AC90: =IF(S90="COMELC",IF(SUMIFS('COM RESID'!$O:$O,'COM RESID'!$H:$H,$E90,'COM RESID'!$I:$I,$F90)/SUMIFS('COM RESID'!$O:$O,'COM RESID'!$I:$I,$F90)*1.2<0.25,0.25/(SUMIFS('COM RESID'!$O:$O,'COM RESID'!$H:$H,$E90,'COM RESID'!$I:$I,$F90)/SUMIFS('COM RESID'!$O:$O,'COM RESID'!$I:$I,$F90)),1.2),IF(ISNUMBER(SEARCH("WHEUE",T90)),IF(OR(S90="COMNGA",S90="COMFOI"),1,1.2),1.2)) -> 2.1285844
A91: =A90 -> 22 | C91: =IF(C90="*",C90,"") | E91: =E90 -> COMELC | F91: =F90 -> COMRETOldSHEUE | G91: =G90 -> COMRETOldSHEUE | H91: 2030 | I91: =I90 -> LO | K91: =-ROUNDDOWN(SUMIFS('COM RESID'!$O:$O,'COM RESID'!$H:$H,$E91,'COM RESID'!$I:$I,$F91)/SUMIFS('COM RESID'!$O:$O,'COM RESID'!$I:$I,$F91),3)*O91 -> -0.08775 | O91: 0.75 | Q91: =SUBSTITUTE(C91,"MIN","MAX") | S91: =E91 -> COMELC | T91: =F91 -> COMRETOldSHEUE | U91: =G91 -> COMRETOldSHEUE | V91: 2030 | W91: =W90 -> UP | Y91: =-ROUNDUP(MIN(SUMIFS('COM RESID'!$O:$O,'COM RESID'!$H:$H,$E91,'COM RESID'!$I:$I,$F91)/SUMIFS('COM RESID'!$O:$O,'COM RESID'!$I:$I,$F91)*AC91,1),3) -> -0.5 | AC91: =IF(S91="COMELC",IF(SUMIFS('COM RESID'!$O:$O,'COM RESID'!$H:$H,$E91,'COM RESID'!$I:$I,$F91)/SUMIFS('COM RESID'!$O:$O,'COM RESID'!$I:$I,$F91)*1.5<0.5,0.5/(SUMIFS('COM RESID'!$O:$O,'COM RESID'!$H:$H,$E91,'COM RESID'!$I:$I,$F91)/SUMIFS('COM RESID'!$O:$O,'COM RESID'!$I:$I,$F91)),1.5),IF(ISNUMBER(SEARCH("WHEUE",T90)),IF(OR(S90="COMNGA",S90="COMFOI"),0.9,1.5),1.5)) -> 4.2571688
A92: =A91 -> 22 | C92: =IF(C91="*",C91,"") | E92: =E91 -> COMELC | F92: =F91 -> COMRETOldSHEUE | G92: =G91 -> COMRETOldSHEUE | H92: 2050 | I92: =I91 -> LO | K92: =-ROUNDDOWN(SUMIFS('COM RESID'!$O:$O,'COM RESID'!$H:$H,$E92,'COM RESID'!$I:$I,$F92)/SUMIFS('COM RESID'!$O:$O,'COM RESID'!$I:$I,$F92),3)*O92 -> -0.08775 | O92: 0.75 | Q92: =SUBSTITUTE(C92,"MIN","MAX") | S92: =E92 -> COMELC | T92: =F92 -> COMRETOldSHEUE | U92: =G92 -> COMRETOldSHEUE | V92: 2050 | W92: =W91 -> UP | Y92: =-ROUNDUP(MIN(SUMIFS('COM RESID'!$O:$O,'COM RESID'!$H:$H,$E92,'COM RESID'!$I:$I,$F92)/SUMIFS('COM RESID'!$O:$O,'COM RESID'!$I:$I,$F92)*AC92,1),3) -> -1 | AC92: =IF(S92="COMELC",IF(SUMIFS('COM RESID'!$O:$O,'COM RESID'!$H:$H,$E92,'COM RESID'!$I:$I,$F92)/SUMIFS('COM RESID'!$O:$O,'COM RESID'!$I:$I,$F92)*3<1,1/(SUMIFS('COM RESID'!$O:$O,'COM RESID'!$H:$H,$E92,'COM RESID'!$I:$I,$F92)/SUMIFS('COM RESID'!$O:$O,'COM RESID'!$I:$I,$F92)),3),IF(ISNUMBER(SEARCH("WHEUE",T90)),IF(OR(S90="COMNGA",S90="COMFOI"),0.75,3),3)) -> 8.5143376
A93: =A89+1 -> 23 | C93: =IF(E93="","",IF(_xlfn.XLOOKUP($A93,Selected_constraint_UC!$A:$A,Selected_constraint_UC!$D:$D)=1,"*",IF(SUMIFS('COM TECH'!$N:$N,'COM TECH'!$K:$K,E93,'COM TECH'!$L:$L,F93)=0,"*",IF(SUMIFS('COM RESID'!$O:$O,'COM RESID'!$H:$H,$E93,'COM RESID'!$I:$I,$F93)=0,"*","UC_MarketShare_"&LEFT(F93,LEN(F93)-3)&"_"&RIGHT(E93,3)&"_MIN")))) -> UC_MarketShare_COMRETOldSH_NGA_MIN | E93: =_xlfn.XLOOKUP($A93,Selected_constraint_UC!$A:$A,Selected_constraint_UC!$B:$B) -> COMNGA | F93: =_xlfn.XLOOKUP($A93,Selected_constraint_UC!$A:$A,Selected_constraint_UC!$C:$C) -> COMRETOldSHEUE | G93: =F93 -> COMRETOldSHEUE | H93: 2019 | I93: LO | J93: 1 | K93: =-ROUNDDOWN(SUMIFS('COM RESID'!$O:$O,'COM RESID'!$H:$H,$E93,'COM RESID'!$I:$I,$F93)/SUMIFS('COM RESID'!$O:$O,'COM RESID'!$I:$I,$F93),3)*O93 -> -0.74186 | L93: 0 | M93: 5 | O93: 0.98 | Q93: =SUBSTITUTE(C93,"MIN","MAX") -> UC_MarketShare_COMRETOldSH_NGA_MAX | S93: =E93 -> COMNGA | T93: =F93 -> COMRETOldSHEUE | U93: =G93 -> COMRETOldSHEUE | V93: 2019 | W93: UP | X93: 1 | Y93: =-ROUNDUP(MIN(SUMIFS('COM RESID'!$O:$O,'COM RESID'!$H:$H,$E93,'COM RESID'!$I:$I,$F93)/SUMIFS('COM RESID'!$O:$O,'COM RESID'!$I:$I,$F93)*AC93,1),3) -> -0.773 | Z93: 0 | AA93: 5 | AC93: 1.02
A94: =A93 -> 23 | C94: =IF(C93="*",C93,"") | E94: =E93 -> COMNGA | F94: =F93 -> COMRETOldSHEUE | G94: =G93 -> COMRETOldSHEUE | H94: 2025 | I94: =I93 -> LO | K94: =-ROUNDDOWN(SUMIFS('COM RESID'!$O:$O,'COM RESID'!$H:$H,$E94,'COM RESID'!$I:$I,$F94)/SUMIFS('COM RESID'!$O:$O,'COM RESID'!$I:$I,$F94),3)*O94 -> -0.6056 | O94: 0.8 | Q94: =SUBSTITUTE(C94,"MIN","MAX") | S94: =E94 -> COMNGA | T94: =F94 -> COMRETOldSHEUE | U94: =G94 -> COMRETOldSHEUE | V94: 2025 | W94: =W93 -> UP | Y94: =-ROUNDUP(MIN(SUMIFS('COM RESID'!$O:$O,'COM RESID'!$H:$H,$E94,'COM RESID'!$I:$I,$F94)/SUMIFS('COM RESID'!$O:$O,'COM RESID'!$I:$I,$F94)*AC94,1),3) -> -0.909 | AC94: =IF(S94="COMELC",IF(SUMIFS('COM RESID'!$O:$O,'COM RESID'!$H:$H,$E94,'COM RESID'!$I:$I,$F94)/SUMIFS('COM RESID'!$O:$O,'COM RESID'!$I:$I,$F94)*1.2<0.25,0.25/(SUMIFS('COM RESID'!$O:$O,'COM RESID'!$H:$H,$E94,'COM RESID'!$I:$I,$F94)/SUMIFS('COM RESID'!$O:$O,'COM RESID'!$I:$I,$F94)),1.2),IF(ISNUMBER(SEARCH("WHEUE",T94)),IF(OR(S94="COMNGA",S94="COMFOI"),1,1.2),1.2)) -> 1.2
A95: =A94 -> 23 | C95: =IF(C94="*",C94,"") | E95: =E94 -> COMNGA | F95: =F94 -> COMRETOldSHEUE | G95: =G94 -> COMRETOldSHEUE | H95: 2030 | I95: =I94 -> LO | K95: =-ROUNDDOWN(SUMIFS('COM RESID'!$O:$O,'COM RESID'!$H:$H,$E95,'COM RESID'!$I:$I,$F95)/SUMIFS('COM RESID'!$O:$O,'COM RESID'!$I:$I,$F95),3)*O95 -> -0.1514 | O95: 0.2 | Q95: =SUBSTITUTE(C95,"MIN","MAX") | S95: =E95 -> COMNGA | T95: =F95 -> COMRETOldSHEUE | U95: =G95 -> COMRETOldSHEUE | V95: 2030 | W95: =W94 -> UP | Y95: =-ROUNDUP(MIN(SUMIFS('COM RESID'!$O:$O,'COM RESID'!$H:$H,$E95,'COM RESID'!$I:$I,$F95)/SUMIFS('COM RESID'!$O:$O,'COM RESID'!$I:$I,$F95)*AC95,1),3) -> -1 | AC95: =IF(S95="COMELC",IF(SUMIFS('COM RESID'!$O:$O,'COM RESID'!$H:$H,$E95,'COM RESID'!$I:$I,$F95)/SUMIFS('COM RESID'!$O:$O,'COM RESID'!$I:$I,$F95)*1.5<0.5,0.5/(SUMIFS('COM RESID'!$O:$O,'COM RESID'!$H:$H,$E95,'COM RESID'!$I:$I,$F95)/SUMIFS('COM RESID'!$O:$O,'COM RESID'!$I:$I,$F95)),1.5),IF(ISNUMBER(SEARCH("WHEUE",T94)),IF(OR(S94="COMNGA",S94="COMFOI"),0.9,1.5),1.5)) -> 1.5
A96: =A95 -> 23 | C96: =IF(C95="*",C95,"") | E96: =E95 -> COMNGA | F96: =F95 -> COMRETOldSHEUE | G96: =G95 -> COMRETOldSHEUE | H96: 2050 | I96: =I95 -> LO | K96: =-ROUNDDOWN(SUMIFS('COM RESID'!$O:$O,'COM RESID'!$H:$H,$E96,'COM RESID'!$I:$I,$F96)/SUMIFS('COM RESID'!$O:$O,'COM RESID'!$I:$I,$F96),3)*O96 -> 0 | O96: 0 | Q96: =SUBSTITUTE(C96,"MIN","MAX") | S96: =E96 -> COMNGA | T96: =F96 -> COMRETOldSHEUE | U96: =G96 -> COMRETOldSHEUE | V96: 2050 | W96: =W95 -> UP | Y96: =-ROUNDUP(MIN(SUMIFS('COM RESID'!$O:$O,'COM RESID'!$H:$H,$E96,'COM RESID'!$I:$I,$F96)/SUMIFS('COM RESID'!$O:$O,'COM RESID'!$I:$I,$F96)*AC96,1),3) -> -1 | AC96: =IF(S96="COMELC",IF(SUMIFS('COM RESID'!$O:$O,'COM RESID'!$H:$H,$E96,'COM RESID'!$I:$I,$F96)/SUMIFS('COM RESID'!$O:$O,'COM RESID'!$I:$I,$F96)*3<1,1/(SUMIFS('COM RESID'!$O:$O,'COM RESID'!$H:$H,$E96,'COM RESID'!$I:$I,$F96)/SUMIFS('COM RESID'!$O:$O,'COM RESID'!$I:$I,$F96)),3),IF(ISNUMBER(SEARCH("WHEUE",T94)),IF(OR(S94="COMNGA",S94="COMFOI"),0.75,3),3)) -> 3
A97: =A93+1 -> 24 | C97: =IF(E97="","",IF(_xlfn.XLOOKUP($A97,Selected_constraint_UC!$A:$A,Selected_constraint_UC!$D:$D)=1,"*",IF(SUMIFS('COM TECH'!$N:$N,'COM TECH'!$K:$K,E97,'COM TECH'!$L:$L,F97)=0,"*",IF(SUMIFS('COM RESID'!$O:$O,'COM RESID'!$H:$H,$E97,'COM RESID'!$I:$I,$F97)=0,"*","UC_MarketShare_"&LEFT(F97,LEN(F97)-3)&"_"&RIGHT(E97,3)&"_MIN")))) -> UC_MarketShare_COMRETOldSH_FOI_MIN | E97: =_xlfn.XLOOKUP($A97,Selected_constraint_UC!$A:$A,Selected_constraint_UC!$B:$B) -> COMFOI | F97: =_xlfn.XLOOKUP($A97,Selected_constraint_UC!$A:$A,Selected_constraint_UC!$C:$C) -> COMRETOldSHEUE | G97: =F97 -> COMRETOldSHEUE | H97: 2019 | I97: LO | J97: 1 | K97: =-ROUNDDOWN(SUMIFS('COM RESID'!$O:$O,'COM RESID'!$H:$H,$E97,'COM RESID'!$I:$I,$F97)/SUMIFS('COM RESID'!$O:$O,'COM RESID'!$I:$I,$F97),3)*O97 -> -0.09114 | L97: 0 | M97: 5 | O97: 0.98 | Q97: =SUBSTITUTE(C97,"MIN","MAX") -> UC_MarketShare_COMRETOldSH_FOI_MAX | S97: =E97 -> COMFOI | T97: =F97 -> COMRETOldSHEUE | U97: =G97 -> COMRETOldSHEUE | V97: 2019 | W97: UP | X97: 1 | Y97: =-ROUNDUP(MIN(SUMIFS('COM RESID'!$O:$O,'COM RESID'!$H:$H,$E97,'COM RESID'!$I:$I,$F97)/SUMIFS('COM RESID'!$O:$O,'COM RESID'!$I:$I,$F97)*AC97,1),3) -> -0.096 | Z97: 0 | AA97: 5 | AC97: 1.02
A98: =A97 -> 24 | C98: =IF(C97="*",C97,"") | E98: =E97 -> COMFOI | F98: =F97 -> COMRETOldSHEUE | G98: =G97 -> COMRETOldSHEUE | H98: 2025 | I98: =I97 -> LO | K98: =-ROUNDDOWN(SUMIFS('COM RESID'!$O:$O,'COM RESID'!$H:$H,$E98,'COM RESID'!$I:$I,$F98)/SUMIFS('COM RESID'!$O:$O,'COM RESID'!$I:$I,$F98),3)*O98 -> -0.0744 | O98: 0.8 | Q98: =SUBSTITUTE(C98,"MIN","MAX") | S98: =E98 -> COMFOI | T98: =F98 -> COMRETOldSHEUE | U98: =G98 -> COMRETOldSHEUE | V98: 2025 | W98: =W97 -> UP | Y98: =-ROUNDUP(MIN(SUMIFS('COM RESID'!$O:$O,'COM RESID'!$H:$H,$E98,'COM RESID'!$I:$I,$F98)/SUMIFS('COM RESID'!$O:$O,'COM RESID'!$I:$I,$F98)*AC98,1),3) -> -0.112 | AC98: =IF(S98="COMELC",IF(SUMIFS('COM RESID'!$O:$O,'COM RESID'!$H:$H,$E98,'COM RESID'!$I:$I,$F98)/SUMIFS('COM RESID'!$O:$O,'COM RESID'!$I:$I,$F98)*1.2<0.25,0.25/(SUMIFS('COM RESID'!$O:$O,'COM RESID'!$H:$H,$E98,'COM RESID'!$I:$I,$F98)/SUMIFS('COM RESID'!$O:$O,'COM RESID'!$I:$I,$F98)),1.2),IF(ISNUMBER(SEARCH("WHEUE",T98)),IF(OR(S98="COMNGA",S98="COMFOI"),1,1.2),1.2)) -> 1.2
A99: =A98 -> 24 | C99: =IF(C98="*",C98,"") | E99: =E98 -> COMFOI | F99: =F98 -> COMRETOldSHEUE | G99: =G98 -> COMRETOldSHEUE | H99: 2030 | I99: =I98 -> LO | K99: =-ROUNDDOWN(SUMIFS('COM RESID'!$O:$O,'COM RESID'!$H:$H,$E99,'COM RESID'!$I:$I,$F99)/SUMIFS('COM RESID'!$O:$O,'COM RESID'!$I:$I,$F99),3)*O99 -> -0.0186 | O99: 0.2 | Q99: =SUBSTITUTE(C99,"MIN","MAX") | S99: =E99 -> COMFOI | T99: =F99 -> COMRETOldSHEUE | U99: =G99 -> COMRETOldSHEUE | V99: 2030 | W99: =W98 -> UP | Y99: =-ROUNDUP(MIN(SUMIFS('COM RESID'!$O:$O,'COM RESID'!$H:$H,$E99,'COM RESID'!$I:$I,$F99)/SUMIFS('COM RESID'!$O:$O,'COM RESID'!$I:$I,$F99)*AC99,1),3) -> -0.14 | AC99: =IF(S99="COMELC",IF(SUMIFS('COM RESID'!$O:$O,'COM RESID'!$H:$H,$E99,'COM RESID'!$I:$I,$F99)/SUMIFS('COM RESID'!$O:$O,'COM RESID'!$I:$I,$F99)*1.5<0.5,0.5/(SUMIFS('COM RESID'!$O:$O,'COM RESID'!$H:$H,$E99,'COM RESID'!$I:$I,$F99)/SUMIFS('COM RESID'!$O:$O,'COM RESID'!$I:$I,$F99)),1.5),IF(ISNUMBER(SEARCH("WHEUE",T98)),IF(OR(S98="COMNGA",S98="COMFOI"),0.9,1.5),1.5)) -> 1.5
A100: =A99 -> 24 | C100: =IF(C99="*",C99,"") | E100: =E99 -> COMFOI | F100: =F99 -> COMRETOldSHEUE | G100: =G99 -> COMRETOldSHEUE | H100: 2050 | I100: =I99 -> LO | K100: =-ROUNDDOWN(SUMIFS('COM RESID'!$O:$O,'COM RESID'!$H:$H,$E100,'COM RESID'!$I:$I,$F100)/SUMIFS('COM RESID'!$O:$O,'COM RESID'!$I:$I,$F100),3)*O100 -> 0 | O100: 0 | Q100: =SUBSTITUTE(C100,"MIN","MAX") | S100: =E100 -> COMFOI | T100: =F100 -> COMRETOldSHEUE | U100: =G100 -> COMRETOldSHEUE | V100: 2050 | W100: =W99 -> UP | Y100: =-ROUNDUP(MIN(SUMIFS('COM RESID'!$O:$O,'COM RESID'!$H:$H,$E100,'COM RESID'!$I:$I,$F100)/SUMIFS('COM RESID'!$O:$O,'COM RESID'!$I:$I,$F100)*AC100,1),3) -> -0.28 | AC100: =IF(S100="COMELC",IF(SUMIFS('COM RESID'!$O:$O,'COM RESID'!$H:$H,$E100,'COM RESID'!$I:$I,$F100)/SUMIFS('COM RESID'!$O:$O,'COM RESID'!$I:$I,$F100)*3<1,1/(SUMIFS('COM RESID'!$O:$O,'COM RESID'!$H:$H,$E100,'COM RESID'!$I:$I,$F100)/SUMIFS('COM RESID'!$O:$O,'COM RESID'!$I:$I,$F100)),3),IF(ISNUMBER(SEARCH("WHEUE",T98)),IF(OR(S98="COMNGA",S98="COMFOI"),0.75,3),3)) -> 3
A101: =A97+1 -> 25 | C101: =IF(E101="","",IF(_xlfn.XLOOKUP($A101,Selected_constraint_UC!$A:$A,Selected_constraint_UC!$D:$D)=1,"*",IF(SUMIFS('COM TECH'!$N:$N,'COM TECH'!$K:$K,E101,'COM TECH'!$L:$L,F101)=0,"*",IF(SUMIFS('COM RESID'!$O:$O,'COM RESID'!$H:$H,$E101,'COM RESID'!$I:$I,$F101)=0,"*","UC_MarketShare_"&LEFT(F101,LEN(F101)-3)&"_"&RIGHT(E101,3)&"_MIN")))) -> * | E101: =_xlfn.XLOOKUP($A101,Selected_constraint_UC!$A:$A,Selected_constraint_UC!$B:$B) -> COMLPG | F101: =_xlfn.XLOOKUP($A101,Selected_constraint_UC!$A:$A,Selected_constraint_UC!$C:$C) -> COMRETOldSHEUE | G101: =F101 -> COMRETOldSHEUE | H101: 2019 | I101: LO | J101: 1 | K101: =-ROUNDDOWN(SUMIFS('COM RESID'!$O:$O,'COM RESID'!$H:$H,$E101,'COM RESID'!$I:$I,$F101)/SUMIFS('COM RESID'!$O:$O,'COM RESID'!$I:$I,$F101),3)*O101 -> 0 | L101: 0 | M101: 5 | O101: 0.98 | Q101: =SUBSTITUTE(C101,"MIN","MAX") -> * | S101: =E101 -> COMLPG | T101: =F101 -> COMRETOldSHEUE | U101: =G101 -> COMRETOldSHEUE | V101: 2019 | W101: UP | X101: 1 | Y101: =-ROUNDUP(MIN(SUMIFS('COM RESID'!$O:$O,'COM RESID'!$H:$H,$E101,'COM RESID'!$I:$I,$F101)/SUMIFS('COM RESID'!$O:$O,'COM RESID'!$I:$I,$F101)*AC101,1),3) -> 0 | Z101: 0 | AA101: 5 | AC101: 1.02
...

Sheet UC_New
C2: ~UC_Sets: R_E: CITY | Q2: ~UC_Sets: R_E: CITY
H3: ~UC_T:UC_COMPRD | V3: ~UC_T:UC_COMPRD
C4: UC_N | D4: Pset_PN | E4: Pset: CI | F4: Pset: CO | G4: Cset: CN | H4: Year | I4: LimType | J4: UC_FLO | K4: CITY | L4: UC_RHSRTS | M4: UC_RHSRTS~0 | Q4: UC_N | R4: Pset_PN | S4: Pset: CI | T4: Pset: CO | U4: Cset: CN | V4: Year | W4: LimType | X4: UC_FLO | Y4: CITY | Z4: UC_RHSRTS | AA4: UC_RHSRTS~0
A5: 1 | C5: =SUBSTITUTE(UC!C5,"Old","New") -> UC_MarketShare_COMHOTNewSH_ELC_MIN | E5: =_xlfn.XLOOKUP($A5,Selected_constraint_UC!$A:$A,Selected_constraint_UC!$B:$B) -> COMELC | F5: =SUBSTITUTE(_xlfn.XLOOKUP($A5,Selected_constraint_UC!$A:$A,Selected_constraint_UC!$C:$C),"Old","New") -> COMHOTNewSHEUE | G5: =F5 -> COMHOTNewSHEUE | H5: 2019 | I5: LO | J5: 1 | K5: =UC!K5 -> -0.08428 | L5: 0 | M5: 5 | Q5: =SUBSTITUTE(UC!Q5,"Old","New") -> UC_MarketShare_COMHOTNewSH_ELC_MAX | S5: =E5 -> COMELC | T5: =F5 -> COMHOTNewSHEUE | U5: =G5 -> COMHOTNewSHEUE | V5: =H5 -> 2019 | W5: UP | X5: 1 | Y5: =UC!Y5 -> -0.089 | Z5: 0 | AA5: 5
A6: =A5 -> 1 | C6: =SUBSTITUTE(UC!C6,"Old","New") | E6: =E5 -> COMELC | F6: =F5 -> COMHOTNewSHEUE | G6: =G5 -> COMHOTNewSHEUE | H6: 2025 | I6: =I5 -> LO | K6: =UC!K6 -> -0.0688 | Q6: =SUBSTITUTE(UC!Q6,"Old","New") | S6: =E6 -> COMELC | T6: =F6 -> COMHOTNewSHEUE | U6: =G6 -> COMHOTNewSHEUE | V6: 2025 | W6: =W5 -> UP | Y6: =UC!Y6 -> -0.25
A7: =A6 -> 1 | C7: =SUBSTITUTE(UC!C7,"Old","New") | E7: =E6 -> COMELC | F7: =F6 -> COMHOTNewSHEUE | G7: =G6 -> COMHOTNewSHEUE | H7: 2030 | I7: =I6 -> LO | K7: =UC!K7 -> -0.0645 | Q7: =SUBSTITUTE(UC!Q7,"Old","New") | S7: =E7 -> COMELC | T7: =F7 -> COMHOTNewSHEUE | U7: =G7 -> COMHOTNewSHEUE | V7: 2030 | W7: =W6 -> UP | Y7: =UC!Y7 -> -0.5
A8: =A7 -> 1 | C8: =SUBSTITUTE(UC!C8,"Old","New") | E8: =E7 -> COMELC | F8: =F7 -> COMHOTNewSHEUE | G8: =G7 -> COMHOTNewSHEUE | H8: 2050 | I8: =I7 -> LO | K8: =UC!K8 -> -0.0645 | Q8: =SUBSTITUTE(UC!Q8,"Old","New") | S8: =E8 -> COMELC | T8: =F8 -> COMHOTNewSHEUE | U8: =G8 -> COMHOTNewSHEUE | V8: 2050 | W8: =W7 -> UP | Y8: =UC!Y8 -> -1
A9: =A5+1 -> 2 | C9: =SUBSTITUTE(UC!C9,"Old","New") -> UC_MarketShare_COMHOTNewSH_NGA_MIN | E9: =_xlfn.XLOOKUP($A9,Selected_constraint_UC!$A:$A,Selected_constraint_UC!$B:$B) -> COMNGA | F9: =SUBSTITUTE(_xlfn.XLOOKUP($A9,Selected_constraint_UC!$A:$A,Selected_constraint_UC!$C:$C),"Old","New") -> COMHOTNewSHEUE | G9: =F9 -> COMHOTNewSHEUE | H9: 2019 | I9: LO | J9: 1 | K9: =UC!K9 -> -0.78596 | L9: 0 | M9: 5 | Q9: =SUBSTITUTE(UC!Q9,"Old","New") -> UC_MarketShare_COMHOTNewSH_NGA_MAX | S9: =E9 -> COMNGA | T9: =F9 -> COMHOTNewSHEUE | U9: =G9 -> COMHOTNewSHEUE | V9: =H9 -> 2019 | W9: UP | X9: 1 | Y9: =UC!Y9 -> -0.819 | Z9: 0 | AA9: 5
A10: =A9 -> 2 | C10: =SUBSTITUTE(UC!C10,"Old","New") | E10: =E9 -> COMNGA | F10: =F9 -> COMHOTNewSHEUE | G10: =G9 -> COMHOTNewSHEUE | H10: 2025 | I10: =I9 -> LO | K10: =UC!K10 -> -0.6416 | Q10: =SUBSTITUTE(UC!Q10,"Old","New") | S10: =E10 -> COMNGA | T10: =F10 -> COMHOTNewSHEUE | U10: =G10 -> COMHOTNewSHEUE | V10: 2025 | W10: =W9 -> UP | Y10: =UC!Y10 -> -0.963
A11: =A10 -> 2 | C11: =SUBSTITUTE(UC!C11,"Old","New") | E11: =E10 -> COMNGA | F11: =F10 -> COMHOTNewSHEUE | G11: =G10 -> COMHOTNewSHEUE | H11: 2030 | I11: =I10 -> LO | K11: =UC!K11 -> -0.1604 | Q11: =SUBSTITUTE(UC!Q11,"Old","New") | S11: =E11 -> COMNGA | T11: =F11 -> COMHOTNewSHEUE | U11: =G11 -> COMHOTNewSHEUE | V11: 2030 | W11: =W10 -> UP | Y11: =UC!Y11 -> -1
A12: =A11 -> 2 | C12: =SUBSTITUTE(UC!C12,"Old","New") | E12: =E11 -> COMNGA | F12: =F11 -> COMHOTNewSHEUE | G12: =G11 -> COMHOTNewSHEUE | H12: 2050 | I12: =I11 -> LO | K12: =UC!K12 -> 0 | Q12: =SUBSTITUTE(UC!Q12,"Old","New") | S12: =E12 -> COMNGA | T12: =F12 -> COMHOTNewSHEUE | U12: =G12 -> COMHOTNewSHEUE | V12: 2050 | W12: =W11 -> UP | Y12: =UC!Y12 -> -1
A13: =A9+1 -> 3 | C13: =SUBSTITUTE(UC!C13,"Old","New") -> UC_MarketShare_COMHOTNewSH_FOI_MIN | E13: =_xlfn.XLOOKUP($A13,Selected_constraint_UC!$A:$A,Selected_constraint_UC!$B:$B) -> COMFOI | F13: =SUBSTITUTE(_xlfn.XLOOKUP($A13,Selected_constraint_UC!$A:$A,Selected_constraint_UC!$C:$C),"Old","New") -> COMHOTNewSHEUE | G13: =F13 -> COMHOTNewSHEUE | H13: 2019 | I13: LO | J13: 1 | K13: =UC!K13 -> -0.06762 | L13: 0 | M13: 5 | Q13: =SUBSTITUTE(UC!Q13,"Old","New") -> UC_MarketShare_COMHOTNewSH_FOI_MAX | S13: =E13 -> COMFOI | T13: =F13 -> COMHOTNewSHEUE | U13: =G13 -> COMHOTNewSHEUE | V13: =H13 -> 2019 | W13: UP | X13: 1 | Y13: =UC!Y13 -> -0.071 | Z13: 0 | AA13: 5
A14: =A13 -> 3 | C14: =SUBSTITUTE(UC!C14,"Old","New") | E14: =E13 -> COMFOI | F14: =F13 -> COMHOTNewSHEUE | G14: =G13 -> COMHOTNewSHEUE | H14: 2025 | I14: =I13 -> LO | K14: =UC!K14 -> -0.0552 | Q14: =SUBSTITUTE(UC!Q14,"Old","New") | S14: =E14 -> COMFOI | T14: =F14 -> COMHOTNewSHEUE | U14: =G14 -> COMHOTNewSHEUE | V14: 2025 | W14: =W13 -> UP | Y14: =UC!Y14 -> -0.084
A15: =A14 -> 3 | C15: =SUBSTITUTE(UC!C15,"Old","New") | E15: =E14 -> COMFOI | F15: =F14 -> COMHOTNewSHEUE | G15: =G14 -> COMHOTNewSHEUE | H15: 2030 | I15: =I14 -> LO | K15: =UC!K15 -> -0.0138 | Q15: =SUBSTITUTE(UC!Q15,"Old","New") | S15: =E15 -> COMFOI | T15: =F15 -> COMHOTNewSHEUE | U15: =G15 -> COMHOTNewSHEUE | V15: 2030 | W15: =W14 -> UP | Y15: =UC!Y15 -> -0.105
A16: =A15 -> 3 | C16: =SUBSTITUTE(UC!C16,"Old","New") | E16: =E15 -> COMFOI | F16: =F15 -> COMHOTNewSHEUE | G16: =G15 -> COMHOTNewSHEUE | H16: 2050 | I16: =I15 -> LO | K16: =UC!K16 -> 0 | Q16: =SUBSTITUTE(UC!Q16,"Old","New") | S16: =E16 -> COMFOI | T16: =F16 -> COMHOTNewSHEUE | U16: =G16 -> COMHOTNewSHEUE | V16: 2050 | W16: =W15 -> UP | Y16: =UC!Y16 -> -0.209
A17: =A13+1 -> 4 | C17: =SUBSTITUTE(UC!C17,"Old","New") -> * | E17: =_xlfn.XLOOKUP($A17,Selected_constraint_UC!$A:$A,Selected_constraint_UC!$B:$B) -> COMLPG | F17: =SUBSTITUTE(_xlfn.XLOOKUP($A17,Selected_constraint_UC!$A:$A,Selected_constraint_UC!$C:$C),"Old","New") -> COMHOTNewSHEUE | G17: =F17 -> COMHOTNewSHEUE | H17: 2019 | I17: LO | J17: 1 | K17: =UC!K17 -> 0 | L17: 0 | M17: 5 | Q17: =SUBSTITUTE(UC!Q17,"Old","New") -> * | S17: =E17 -> COMLPG | T17: =F17 -> COMHOTNewSHEUE | U17: =G17 -> COMHOTNewSHEUE | V17: =H17 -> 2019 | W17: UP | X17: 1 | Y17: =UC!Y17 -> 0 | Z17: 0 | AA17: 5
A18: =A17 -> 4 | C18: =SUBSTITUTE(UC!C18,"Old","New") -> * | E18: =E17 -> COMLPG | F18: =F17 -> COMHOTNewSHEUE | G18: =G17 -> COMHOTNewSHEUE | H18: 2025 | I18: =I17 -> LO | K18: =UC!K18 -> 0 | Q18: =SUBSTITUTE(UC!Q18,"Old","New") -> * | S18: =E18 -> COMLPG | T18: =F18 -> COMHOTNewSHEUE | U18: =G18 -> COMHOTNewSHEUE | V18: 2025 | W18: =W17 -> UP | Y18: =UC!Y18 -> 0
A19: =A18 -> 4 | C19: =SUBSTITUTE(UC!C19,"Old","New") -> * | E19: =E18 -> COMLPG | F19: =F18 -> COMHOTNewSHEUE | G19: =G18 -> COMHOTNewSHEUE | H19: 2030 | I19: =I18 -> LO | K19: =UC!K19 -> 0 | Q19: =SUBSTITUTE(UC!Q19,"Old","New") -> * | S19: =E19 -> COMLPG | T19: =F19 -> COMHOTNewSHEUE | U19: =G19 -> COMHOTNewSHEUE | V19: 2030 | W19: =W18 -> UP | Y19: =UC!Y19 -> 0
A20: =A19 -> 4 | C20: =SUBSTITUTE(UC!C20,"Old","New") -> * | E20: =E19 -> COMLPG | F20: =F19 -> COMHOTNewSHEUE | G20: =G19 -> COMHOTNewSHEUE | H20: 2050 | I20: =I19 -> LO | K20: =UC!K20 -> 0 | Q20: =SUBSTITUTE(UC!Q20,"Old","New") -> * | S20: =E20 -> COMLPG | T20: =F20 -> COMHOTNewSHEUE | U20: =G20 -> COMHOTNewSHEUE | V20: 2050 | W20: =W19 -> UP | Y20: =UC!Y20 -> 0
A21: =A17+1 -> 5 | C21: =SUBSTITUTE(UC!C21,"Old","New") -> * | E21: =_xlfn.XLOOKUP($A21,Selected_constraint_UC!$A:$A,Selected_constraint_UC!$B:$B) -> COMSTM | F21: =SUBSTITUTE(_xlfn.XLOOKUP($A21,Selected_constraint_UC!$A:$A,Selected_constraint_UC!$C:$C),"Old","New") -> COMHOTNewSHEUE | G21: =F21 -> COMHOTNewSHEUE | H21: 2019 | I21: LO | J21: 1 | K21: =UC!K21 -> -0.04018 | L21: 0 | M21: 5 | Q21: =SUBSTITUTE(UC!Q21,"Old","New") -> * | S21: =E21 -> COMSTM | T21: =F21 -> COMHOTNewSHEUE | U21: =G21 -> COMHOTNewSHEUE | V21: =H21 -> 2019 | W21: UP | X21: 1 | Y21: =UC!Y21 -> -0.043 | Z21: 0 | AA21: 5
A22: =A21 -> 5 | C22: =SUBSTITUTE(UC!C22,"Old","New") -> * | E22: =E21 -> COMSTM | F22: =F21 -> COMHOTNewSHEUE | G22: =G21 -> COMHOTNewSHEUE | H22: 2025 | I22: =I21 -> LO | K22: =UC!K22 -> -0.0328 | Q22: =SUBSTITUTE(UC!Q22,"Old","New") -> * | S22: =E22 -> COMSTM | T22: =F22 -> COMHOTNewSHEUE | U22: =G22 -> COMHOTNewSHEUE | V22: 2025 | W22: =W21 -> UP | Y22: =UC!Y22 -> -0.05
A23: =A22 -> 5 | C23: =SUBSTITUTE(UC!C23,"Old","New") -> * | E23: =E22 -> COMSTM | F23: =F22 -> COMHOTNewSHEUE | G23: =G22 -> COMHOTNewSHEUE | H23: 2030 | I23: =I22 -> LO | K23: =UC!K23 -> -0.0082 | Q23: =SUBSTITUTE(UC!Q23,"Old","New") -> * | S23: =E23 -> COMSTM | T23: =F23 -> COMHOTNewSHEUE | U23: =G23 -> COMHOTNewSHEUE | V23: 2030 | W23: =W22 -> UP | Y23: =UC!Y23 -> -0.063
A24: =A23 -> 5 | C24: =SUBSTITUTE(UC!C24,"Old","New") -> * | E24: =E23 -> COMSTM | F24: =F23 -> COMHOTNewSHEUE | G24: =G23 -> COMHOTNewSHEUE | H24: 2050 | I24: =I23 -> LO | K24: =UC!K24 -> 0 | Q24: =SUBSTITUTE(UC!Q24,"Old","New") -> * | S24: =E24 -> COMSTM | T24: =F24 -> COMHOTNewSHEUE | U24: =G24 -> COMHOTNewSHEUE | V24: 2050 | W24: =W23 -> UP | Y24: =UC!Y24 -> -0.125
A25: =A21+1 -> 6 | C25: =SUBSTITUTE(UC!C25,"Old","New") -> UC_MarketShare_COMHOTNewSC_ELC_MIN | E25: =_xlfn.XLOOKUP($A25,Selected_constraint_UC!$A:$A,Selected_constraint_UC!$B:$B) -> COMELC | F25: =SUBSTITUTE(_xlfn.XLOOKUP($A25,Selected_constraint_UC!$A:$A,Selected_constraint_UC!$C:$C),"Old","New") -> COMHOTNewSCEUE | G25: =F25 -> COMHOTNewSCEUE | H25: 2019 | I25: LO | J25: 1 | K25: =UC!K25 -> -0.98 | L25: 0 | M25: 5 | Q25: =SUBSTITUTE(UC!Q25,"Old","New") -> UC_MarketShare_COMHOTNewSC_ELC_MAX | S25: =E25 -> COMELC | T25: =F25 -> COMHOTNewSCEUE | U25: =G25 -> COMHOTNewSCEUE | V25: =H25 -> 2019 | W25: UP | X25: 1 | Y25: =UC!Y25 -> -1 | Z25: 0 | AA25: 5
A26: =A25 -> 6 | C26: =SUBSTITUTE(UC!C26,"Old","New") | E26: =E25 -> COMELC | F26: =F25 -> COMHOTNewSCEUE | G26: =G25 -> COMHOTNewSCEUE | H26: 2025 | I26: =I25 -> LO | K26: =UC!K26 -> -0.8 | Q26: =SUBSTITUTE(UC!Q26,"Old","New") | S26: =E26 -> COMELC | T26: =F26 -> COMHOTNewSCEUE | U26: =G26 -> COMHOTNewSCEUE | V26: 2025 | W26: =W25 -> UP | Y26: =UC!Y26 -> -1
A27: =A26 -> 6 | C27: =SUBSTITUTE(UC!C27,"Old","New") | E27: =E26 -> COMELC | F27: =F26 -> COMHOTNewSCEUE | G27: =G26 -> COMHOTNewSCEUE | H27: 2030 | I27: =I26 -> LO | K27: =UC!K27 -> -0.75 | Q27: =SUBSTITUTE(UC!Q27,"Old","New") | S27: =E27 -> COMELC | T27: =F27 -> COMHOTNewSCEUE | U27: =G27 -> COMHOTNewSCEUE | V27: 2030 | W27: =W26 -> UP | Y27: =UC!Y27 -> -1
A28: =A27 -> 6 | C28: =SUBSTITUTE(UC!C28,"Old","New") | E28: =E27 -> COMELC | F28: =F27 -> COMHOTNewSCEUE | G28: =G27 -> COMHOTNewSCEUE | H28: 2050 | I28: =I27 -> LO | K28: =UC!K28 -> -0.75 | Q28: =SUBSTITUTE(UC!Q28,"Old","New") | S28: =E28 -> COMELC | T28: =F28 -> COMHOTNewSCEUE | U28: =G28 -> COMHOTNewSCEUE | V28: 2050 | W28: =W27 -> UP | Y28: =UC!Y28 -> -1
A29: =A25+1 -> 7 | C29: =SUBSTITUTE(UC!C29,"Old","New") -> * | E29: =_xlfn.XLOOKUP($A29,Selected_constraint_UC!$A:$A,Selected_constraint_UC!$B:$B) -> COMELC | F29: =SUBSTITUTE(_xlfn.XLOOKUP($A29,Selected_constraint_UC!$A:$A,Selected_constraint_UC!$C:$C),"Old","New") -> COMHOTNewVTEUE | G29: =F29 -> COMHOTNewVTEUE | H29: 2019 | I29: LO | J29: 1 | K29: =UC!K29 -> -0.98 | L29: 0 | M29: 5 | Q29: =SUBSTITUTE(UC!Q29,"Old","New") -> * | S29: =E29 -> COMELC | T29: =F29 -> COMHOTNewVTEUE | U29: =G29 -> COMHOTNewVTEUE | V29: =H29 -> 2019 | W29: UP | X29: 1 | Y29: =UC!Y29 -> -1 | Z29: 0 | AA29: 5
A30: =A29 -> 7 | C30: =SUBSTITUTE(UC!C30,"Old","New") -> * | E30: =E29 -> COMELC | F30: =F29 -> COMHOTNewVTEUE | G30: =G29 -> COMHOTNewVTEUE | H30: 2025 | I30: =I29 -> LO | K30: =UC!K30 -> -0.8 | Q30: =SUBSTITUTE(UC!Q30,"Old","New") -> * | S30: =E30 -> COMELC | T30: =F30 -> COMHOTNewVTEUE | U30: =G30 -> COMHOTNewVTEUE | V30: 2025 | W30: =W29 -> UP | Y30: =UC!Y30 -> -1
A31: =A30 -> 7 | C31: =SUBSTITUTE(UC!C31,"Old","New") -> * | E31: =E30 -> COMELC | F31: =F30 -> COMHOTNewVTEUE | G31: =G30 -> COMHOTNewVTEUE | H31: 2030 | I31: =I30 -> LO | K31: =UC!K31 -> -0.2 | Q31: =SUBSTITUTE(UC!Q31,"Old","New") -> * | S31: =E31 -> COMELC | T31: =F31 -> COMHOTNewVTEUE | U31: =G31 -> COMHOTNewVTEUE | V31: 2030 | W31: =W30 -> UP | Y31: =UC!Y31 -> -1
A32: =A31 -> 7 | C32: =SUBSTITUTE(UC!C32,"Old","New") -> * | E32: =E31 -> COMELC | F32: =F31 -> COMHOTNewVTEUE | G32: =G31 -> COMHOTNewVTEUE | H32: 2050 | I32: =I31 -> LO | K32: =UC!K32 -> 0 | Q32: =SUBSTITUTE(UC!Q32,"Old","New") -> * | S32: =E32 -> COMELC | T32: =F32 -> COMHOTNewVTEUE | U32: =G32 -> COMHOTNewVTEUE | V32: 2050 | W32: =W31 -> UP | Y32: =UC!Y32 -> -1
A33: =A29+1 -> 8 | C33: =SUBSTITUTE(UC!C33,"Old","New") -> UC_MarketShare_COMHOTNewWH_FOI_MIN | E33: =_xlfn.XLOOKUP($A33,Selected_constraint_UC!$A:$A,Selected_constraint_UC!$B:$B) -> COMFOI | F33: =SUBSTITUTE(_xlfn.XLOOKUP($A33,Selected_constraint_UC!$A:$A,Selected_constraint_UC!$C:$C),"Old","New") -> COMHOTNewWHEUE | G33: =F33 -> COMHOTNewWHEUE | H33: 2019 | I33: LO | J33: 1 | K33: =UC!K33 -> -0.11074 | L33: 0 | M33: 5 | Q33: =SUBSTITUTE(UC!Q33,"Old","New") -> UC_MarketShare_COMHOTNewWH_FOI_MAX | S33: =E33 -> COMFOI | T33: =F33 -> COMHOTNewWHEUE | U33: =G33 -> COMHOTNewWHEUE | V33: =H33 -> 2019 | W33: UP | X33: 1 | Y33: =UC!Y33 -> -0.116 | Z33: 0 | AA33: 5
A34: =A33 -> 8 | C34: =SUBSTITUTE(UC!C34,"Old","New") | E34: =E33 -> COMFOI | F34: =F33 -> COMHOTNewWHEUE | G34: =G33 -> COMHOTNewWHEUE | H34: 2025 | I34: =I33 -> LO | K34: =UC!K34 -> -0.0904 | Q34: =SUBSTITUTE(UC!Q34,"Old","New") | S34: =E34 -> COMFOI | T34: =F34 -> COMHOTNewWHEUE | U34: =G34 -> COMHOTNewWHEUE | V34: 2025 | W34: =W33 -> UP | Y34: =UC!Y34 -> -0.114
A35: =A34 -> 8 | C35: =SUBSTITUTE(UC!C35,"Old","New") | E35: =E34 -> COMFOI | F35: =F34 -> COMHOTNewWHEUE | G35: =G34 -> COMHOTNewWHEUE | H35: 2030 | I35: =I34 -> LO | K35: =UC!K35 -> -0.0226 | Q35: =SUBSTITUTE(UC!Q35,"Old","New") | S35: =E35 -> COMFOI | T35: =F35 -> COMHOTNewWHEUE | U35: =G35 -> COMHOTNewWHEUE | V35: 2030 | W35: =W34 -> UP | Y35: =UC!Y35 -> -0.103
A36: =A35 -> 8 | C36: =SUBSTITUTE(UC!C36,"Old","New") | E36: =E35 -> COMFOI | F36: =F35 -> COMHOTNewWHEUE | G36: =G35 -> COMHOTNewWHEUE | H36: 2050 | I36: =I35 -> LO | K36: =UC!K36 -> 0 | Q36: =SUBSTITUTE(UC!Q36,"Old","New") | S36: =E36 -> COMFOI | T36: =F36 -> COMHOTNewWHEUE | U36: =G36 -> COMHOTNewWHEUE | V36: 2050 | W36: =W35 -> UP | Y36: =UC!Y36 -> -0.086
A37: =A33+1 -> 9 | C37: =SUBSTITUTE(UC!C37,"Old","New") -> UC_MarketShare_COMHOTNewWH_NGA_MIN | E37: =_xlfn.XLOOKUP($A37,Selected_constraint_UC!$A:$A,Selected_constraint_UC!$B:$B) -> COMNGA | F37: =SUBSTITUTE(_xlfn.XLOOKUP($A37,Selected_constraint_UC!$A:$A,Selected_constraint_UC!$C:$C),"Old","New") -> COMHOTNewWHEUE | G37: =F37 -> COMHOTNewWHEUE | H37: 2019 | I37: LO | J37: 1 | K37: =UC!K37 -> -0.7644 | L37: 0 | M37: 5 | Q37: =SUBSTITUTE(UC!Q37,"Old","New") -> UC_MarketShare_COMHOTNewWH_NGA_MAX | S37: =E37 -> COMNGA | T37: =F37 -> COMHOTNewWHEUE | U37: =G37 -> COMHOTNewWHEUE | V37: =H37 -> 2019 | W37: UP | X37: 1 | Y37: =UC!Y37 -> -0.797 | Z37: 0 | AA37: 5
A38: =A37 -> 9 | C38: =SUBSTITUTE(UC!C38,"Old","New") | E38: =E37 -> COMNGA | F38: =F37 -> COMHOTNewWHEUE | G38: =G37 -> COMHOTNewWHEUE | H38: 2025 | I38: =I37 -> LO | K38: =UC!K38 -> -0.624 | Q38: =SUBSTITUTE(UC!Q38,"Old","New") | S38: =E38 -> COMNGA | T38: =F38 -> COMHOTNewWHEUE | U38: =G38 -> COMHOTNewWHEUE | V38: 2025 | W38: =W37 -> UP | Y38: =UC!Y38 -> -0.781
A39: =A38 -> 9 | C39: =SUBSTITUTE(UC!C39,"Old","New") | E39: =E38 -> COMNGA | F39: =F38 -> COMHOTNewWHEUE | G39: =G38 -> COMHOTNewWHEUE | H39: 2030 | I39: =I38 -> LO | K39: =UC!K39 -> -0.156 | Q39: =SUBSTITUTE(UC!Q39,"Old","New") | S39: =E39 -> COMNGA | T39: =F39 -> COMHOTNewWHEUE | U39: =G39 -> COMHOTNewWHEUE | V39: 2030 | W39: =W38 -> UP | Y39: =UC!Y39 -> -0.703
A40: =A39 -> 9 | C40: =SUBSTITUTE(UC!C40,"Old","New") | E40: =E39 -> COMNGA | F40: =F39 -> COMHOTNewWHEUE | G40: =G39 -> COMHOTNewWHEUE | H40: 2050 | I40: =I39 -> LO | K40: =UC!K40 -> 0 | Q40: =SUBSTITUTE(UC!Q40,"Old","New") | S40: =E40 -> COMNGA | T40: =F40 -> COMHOTNewWHEUE | U40: =G40 -> COMHOTNewWHEUE | V40: 2050 | W40: =W39 -> UP | Y40: =UC!Y40 -> -0.586
A41: =A37+1 -> 10 | C41: =SUBSTITUTE(UC!C41,"Old","New") -> * | E41: =_xlfn.XLOOKUP($A41,Selected_constraint_UC!$A:$A,Selected_constraint_UC!$B:$B) -> COMSTM | F41: =SUBSTITUTE(_xlfn.XLOOKUP($A41,Selected_constraint_UC!$A:$A,Selected_constraint_UC!$C:$C),"Old","New") -> COMHOTNewWHEUE | G41: =F41 -> COMHOTNewWHEUE | H41: 2019 | I41: LO | J41: 1 | K41: =UC!K41 -> -0.03332 | L41: 0 | M41: 5 | Q41: =SUBSTITUTE(UC!Q41,"Old","New") -> * | S41: =E41 -> COMSTM | T41: =F41 -> COMHOTNewWHEUE | U41: =G41 -> COMHOTNewWHEUE | V41: =H41 -> 2019 | W41: UP | X41: 1 | Y41: =UC!Y41 -> -0.036 | Z41: 0 | AA41: 5
A42: =A41 -> 10 | C42: =SUBSTITUTE(UC!C42,"Old","New") -> * | E42: =E41 -> COMSTM | F42: =F41 -> COMHOTNewWHEUE | G42: =G41 -> COMHOTNewWHEUE | H42: 2025 | I42: =I41 -> LO | K42: =UC!K42 -> -0.0272 | Q42: =SUBSTITUTE(UC!Q42,"Old","New") -> * | S42: =E42 -> COMSTM | T42: =F42 -> COMHOTNewWHEUE | U42: =G42 -> COMHOTNewWHEUE | V42: 2025 | W42: =W41 -> UP | Y42: =UC!Y42 -> -0.042
A43: =A42 -> 10 | C43: =SUBSTITUTE(UC!C43,"Old","New") -> * | E43: =E42 -> COMSTM | F43: =F42 -> COMHOTNewWHEUE | G43: =G42 -> COMHOTNewWHEUE | H43: 2030 | I43: =I42 -> LO | K43: =UC!K43 -> -0.0068 | Q43: =SUBSTITUTE(UC!Q43,"Old","New") -> * | S43: =E43 -> COMSTM | T43: =F43 -> COMHOTNewWHEUE | U43: =G43 -> COMHOTNewWHEUE | V43: 2030 | W43: =W42 -> UP | Y43: =UC!Y43 -> -0.053
A44: =A43 -> 10 | C44: =SUBSTITUTE(UC!C44,"Old","New") -> * | E44: =E43 -> COMSTM | F44: =F43 -> COMHOTNewWHEUE | G44: =G43 -> COMHOTNewWHEUE | H44: 2050 | I44: =I43 -> LO | K44: =UC!K44 -> 0 | Q44: =SUBSTITUTE(UC!Q44,"Old","New") -> * | S44: =E44 -> COMSTM | T44: =F44 -> COMHOTNewWHEUE | U44: =G44 -> COMHOTNewWHEUE | V44: 2050 | W44: =W43 -> UP | Y44: =UC!Y44 -> -0.105
A45: =A41+1 -> 11 | C45: =SUBSTITUTE(UC!C45,"Old","New") -> UC_MarketShare_COMHOTNewWH_ELC_MIN | E45: =_xlfn.XLOOKUP($A45,Selected_constraint_UC!$A:$A,Selected_constraint_UC!$B:$B) -> COMELC | F45: =SUBSTITUTE(_xlfn.XLOOKUP($A45,Selected_constraint_UC!$A:$A,Selected_constraint_UC!$C:$C),"Old","New") -> COMHOTNewWHEUE | G45: =F45 -> COMHOTNewWHEUE | H45: 2019 | I45: LO | J45: 1 | K45: =UC!K45 -> -0.06958 | L45: 0 | M45: 5 | Q45: =SUBSTITUTE(UC!Q45,"Old","New") -> UC_MarketShare_COMHOTNewWH_ELC_MAX | S45: =E45 -> COMELC | T45: =F45 -> COMHOTNewWHEUE | U45: =G45 -> COMHOTNewWHEUE | V45: =H45 -> 2019 | W45: UP | X45: 1 | Y45: =UC!Y45 -> -0.073 | Z45: 0 | AA45: 5
A46: =A45 -> 11 | C46: =SUBSTITUTE(UC!C46,"Old","New") | E46: =E45 -> COMELC | F46: =F45 -> COMHOTNewWHEUE | G46: =G45 -> COMHOTNewWHEUE | H46: 2025 | I46: =I45 -> LO | K46: =UC!K46 -> -0.0568 | Q46: =SUBSTITUTE(UC!Q46,"Old","New") | S46: =E46 -> COMELC | T46: =F46 -> COMHOTNewWHEUE | U46: =G46 -> COMHOTNewWHEUE | V46: 2025 | W46: =W45 -> UP | Y46: =UC!Y46 -> -0.25
A47: =A46 -> 11 | C47: =SUBSTITUTE(UC!C47,"Old","New") | E47: =E46 -> COMELC | F47: =F46 -> COMHOTNewWHEUE | G47: =G46 -> COMHOTNewWHEUE | H47: 2030 | I47: =I46 -> LO | K47: =UC!K47 -> -0.05325 | Q47: =SUBSTITUTE(UC!Q47,"Old","New") | S47: =E47 -> COMELC | T47: =F47 -> COMHOTNewWHEUE | U47: =G47 -> COMHOTNewWHEUE | V47: 2030 | W47: =W46 -> UP | Y47: =UC!Y47 -> -0.5
A48: =A47 -> 11 | C48: =SUBSTITUTE(UC!C48,"Old","New") | E48: =E47 -> COMELC | F48: =F47 -> COMHOTNewWHEUE | G48: =G47 -> COMHOTNewWHEUE | H48: 2050 | I48: =I47 -> LO | K48: =UC!K48 -> -0.05325 | Q48: =SUBSTITUTE(UC!Q48,"Old","New") | S48: =E48 -> COMELC | T48: =F48 -> COMHOTNewWHEUE | U48: =G48 -> COMHOTNewWHEUE | V48: 2050 | W48: =W47 -> UP | Y48: =UC!Y48 -> -1
A49: =A45+1 -> 12 | C49: =SUBSTITUTE(UC!C49,"Old","New") -> * | E49: =_xlfn.XLOOKUP($A49,Selected_constraint_UC!$A:$A,Selected_constraint_UC!$B:$B) -> COMELC | F49: =SUBSTITUTE(_xlfn.XLOOKUP($A49,Selected_constraint_UC!$A:$A,Selected_constraint_UC!$C:$C),"Old","New") -> COMHOTNewLTEUE | G49: =F49 -> COMHOTNewLTEUE | H49: 2019 | I49: LO | J49: 1 | K49: =UC!K49 -> -0.98 | L49: 0 | M49: 5 | Q49: =SUBSTITUTE(UC!Q49,"Old","New") -> * | S49: =E49 -> COMELC | T49: =F49 -> COMHOTNewLTEUE | U49: =G49 -> COMHOTNewLTEUE | V49: =H49 -> 2019 | W49: UP | X49: 1 | Y49: =UC!Y49 -> -1 | Z49: 0 | AA49: 5
A50: =A49 -> 12 | C50: =SUBSTITUTE(UC!C50,"Old","New") -> * | E50: =E49 -> COMELC | F50: =F49 -> COMHOTNewLTEUE | G50: =G49 -> COMHOTNewLTEUE | H50: 2025 | I50: =I49 -> LO | K50: =UC!K50 -> -0.8 | Q50: =SUBSTITUTE(UC!Q50,"Old","New") -> * | S50: =E50 -> COMELC | T50: =F50 -> COMHOTNewLTEUE | U50: =G50 -> COMHOTNewLTEUE | V50: 2025 | W50: =W49 -> UP | Y50: =UC!Y50 -> -1
A51: =A50 -> 12 | C51: =SUBSTITUTE(UC!C51,"Old","New") -> * | E51: =E50 -> COMELC | F51: =F50 -> COMHOTNewLTEUE | G51: =G50 -> COMHOTNewLTEUE | H51: 2030 | I51: =I50 -> LO | K51: =UC!K51 -> -0.2 | Q51: =SUBSTITUTE(UC!Q51,"Old","New") -> * | S51: =E51 -> COMELC | T51: =F51 -> COMHOTNewLTEUE | U51: =G51 -> COMHOTNewLTEUE | V51: 2030 | W51: =W50 -> UP | Y51: =UC!Y51 -> -1
A52: =A51 -> 12 | C52: =SUBSTITUTE(UC!C52,"Old","New") -> * | E52: =E51 -> COMELC | F52: =F51 -> COMHOTNewLTEUE | G52: =G51 -> COMHOTNewLTEUE | H52: 2050 | I52: =I51 -> LO | K52: =UC!K52 -> 0 | Q52: =SUBSTITUTE(UC!Q52,"Old","New") -> * | S52: =E52 -> COMELC | T52: =F52 -> COMHOTNewLTEUE | U52: =G52 -> COMHOTNewLTEUE | V52: 2050 | W52: =W51 -> UP | Y52: =UC!Y52 -> -1
A53: =A49+1 -> 13 | C53: =SUBSTITUTE(UC!C53,"Old","New") -> * | E53: =_xlfn.XLOOKUP($A53,Selected_constraint_UC!$A:$A,Selected_constraint_UC!$B:$B) -> COMFOI | F53: =SUBSTITUTE(_xlfn.XLOOKUP($A53,Selected_constraint_UC!$A:$A,Selected_constraint_UC!$C:$C),"Old","New") -> COMHOTNewCKEUE | G53: =F53 -> COMHOTNewCKEUE | H53: 2019 | I53: LO | J53: 1 | K53: =UC!K53 -> 0 | L53: 0 | M53: 5 | Q53: =SUBSTITUTE(UC!Q53,"Old","New") -> * | S53: =E53 -> COMFOI | T53: =F53 -> COMHOTNewCKEUE | U53: =G53 -> COMHOTNewCKEUE | V53: =H53 -> 2019 | W53: UP | X53: 1 | Y53: =UC!Y53 -> 0 | Z53: 0 | AA53: 5
A54: =A53 -> 13 | C54: =SUBSTITUTE(UC!C54,"Old","New") -> * | E54: =E53 -> COMFOI | F54: =F53 -> COMHOTNewCKEUE | G54: =G53 -> COMHOTNewCKEUE | H54: 2025 | I54: =I53 -> LO | K54: =UC!K54 -> 0 | Q54: =SUBSTITUTE(UC!Q54,"Old","New") -> * | S54: =E54 -> COMFOI | T54: =F54 -> COMHOTNewCKEUE | U54: =G54 -> COMHOTNewCKEUE | V54: 2025 | W54: =W53 -> UP | Y54: =UC!Y54 -> 0
A55: =A54 -> 13 | C55: =SUBSTITUTE(UC!C55,"Old","New") -> * | E55: =E54 -> COMFOI | F55: =F54 -> COMHOTNewCKEUE | G55: =G54 -> COMHOTNewCKEUE | H55: 2030 | I55: =I54 -> LO | K55: =UC!K55 -> 0 | Q55: =SUBSTITUTE(UC!Q55,"Old","New") -> * | S55: =E55 -> COMFOI | T55: =F55 -> COMHOTNewCKEUE | U55: =G55 -> COMHOTNewCKEUE | V55: 2030 | W55: =W54 -> UP | Y55: =UC!Y55 -> 0
A56: =A55 -> 13 | C56: =SUBSTITUTE(UC!C56,"Old","New") -> * | E56: =E55 -> COMFOI | F56: =F55 -> COMHOTNewCKEUE | G56: =G55 -> COMHOTNewCKEUE | H56: 2050 | I56: =I55 -> LO | K56: =UC!K56 -> 0 | Q56: =SUBSTITUTE(UC!Q56,"Old","New") -> * | S56: =E56 -> COMFOI | T56: =F56 -> COMHOTNewCKEUE | U56: =G56 -> COMHOTNewCKEUE | V56: 2050 | W56: =W55 -> UP | Y56: =UC!Y56 -> 0
A57: =A53+1 -> 14 | C57: =SUBSTITUTE(UC!C57,"Old","New") -> * | E57: =_xlfn.XLOOKUP($A57,Selected_constraint_UC!$A:$A,Selected_constraint_UC!$B:$B) -> COMNGA | F57: =SUBSTITUTE(_xlfn.XLOOKUP($A57,Selected_constraint_UC!$A:$A,Selected_constraint_UC!$C:$C),"Old","New") -> COMHOTNewCKEUE | G57: =F57 -> COMHOTNewCKEUE | H57: 2019 | I57: LO | J57: 1 | K57: =UC!K57 -> -0.84868 | L57: 0 | M57: 5 | Q57: =SUBSTITUTE(UC!Q57,"Old","New") -> * | S57: =E57 -> COMNGA | T57: =F57 -> COMHOTNewCKEUE | U57: =G57 -> COMHOTNewCKEUE | V57: =H57 -> 2019 | W57: UP | X57: 1 | Y57: =UC!Y57 -> -0.885 | Z57: 0 | AA57: 5
A58: =A57 -> 14 | C58: =SUBSTITUTE(UC!C58,"Old","New") -> * | E58: =E57 -> COMNGA | F58: =F57 -> COMHOTNewCKEUE | G58: =G57 -> COMHOTNewCKEUE | H58: 2025 | I58: =I57 -> LO | K58: =UC!K58 -> -0.6928 | Q58: =SUBSTITUTE(UC!Q58,"Old","New") -> * | S58: =E58 -> COMNGA | T58: =F58 -> COMHOTNewCKEUE | U58: =G58 -> COMHOTNewCKEUE | V58: 2025 | W58: =W57 -> UP | Y58: =UC!Y58 -> -1
A59: =A58 -> 14 | C59: =SUBSTITUTE(UC!C59,"Old","New") -> * | E59: =E58 -> COMNGA | F59: =F58 -> COMHOTNewCKEUE | G59: =G58 -> COMHOTNewCKEUE | H59: 2030 | I59: =I58 -> LO | K59: =UC!K59 -> -0.1732 | Q59: =SUBSTITUTE(UC!Q59,"Old","New") -> * | S59: =E59 -> COMNGA | T59: =F59 -> COMHOTNewCKEUE | U59: =G59 -> COMHOTNewCKEUE | V59: 2030 | W59: =W58 -> UP | Y59: =UC!Y59 -> -1
A60: =A59 -> 14 | C60: =SUBSTITUTE(UC!C60,"Old","New") -> * | E60: =E59 -> COMNGA | F60: =F59 -> COMHOTNewCKEUE | G60: =G59 -> COMHOTNewCKEUE | H60: 2050 | I60: =I59 -> LO | K60: =UC!K60 -> 0 | Q60: =SUBSTITUTE(UC!Q60,"Old","New") -> * | S60: =E60 -> COMNGA | T60: =F60 -> COMHOTNewCKEUE | U60: =G60 -> COMHOTNewCKEUE | V60: 2050 | W60: =W59 -> UP | Y60: =UC!Y60 -> -1
A61: =A57+1 -> 15 | C61: =SUBSTITUTE(UC!C61,"Old","New") -> * | E61: =_xlfn.XLOOKUP($A61,Selected_constraint_UC!$A:$A,Selected_constraint_UC!$B:$B) -> COMSTM | F61: =SUBSTITUTE(_xlfn.XLOOKUP($A61,Selected_constraint_UC!$A:$A,Selected_constraint_UC!$C:$C),"Old","New") -> COMHOTNewCKEUE | G61: =F61 -> COMHOTNewCKEUE | H61: 2019 | I61: LO | J61: 1 | K61: =UC!K61 -> -0.00098 | L61: 0 | M61: 5 | Q61: =SUBSTITUTE(UC!Q61,"Old","New") -> * | S61: =E61 -> COMSTM | T61: =F61 -> COMHOTNewCKEUE | U61: =G61 -> COMHOTNewCKEUE | V61: =H61 -> 2019 | W61: UP | X61: 1 | Y61: =UC!Y61 -> -0.002 | Z61: 0 | AA61: 5
A62: =A61 -> 15 | C62: =SUBSTITUTE(UC!C62,"Old","New") -> * | E62: =E61 -> COMSTM | F62: =F61 -> COMHOTNewCKEUE | G62: =G61 -> COMHOTNewCKEUE | H62: 2025 | I62: =I61 -> LO | K62: =UC!K62 -> -0.0008 | Q62: =SUBSTITUTE(UC!Q62,"Old","New") -> * | S62: =E62 -> COMSTM | T62: =F62 -> COMHOTNewCKEUE | U62: =G62 -> COMHOTNewCKEUE | V62: 2025 | W62: =W61 -> UP | Y62: =UC!Y62 -> -0.002
A63: =A62 -> 15 | C63: =SUBSTITUTE(UC!C63,"Old","New") -> * | E63: =E62 -> COMSTM | F63: =F62 -> COMHOTNewCKEUE | G63: =G62 -> COMHOTNewCKEUE | H63: 2030 | I63: =I62 -> LO | K63: =UC!K63 -> -0.0002 | Q63: =SUBSTITUTE(UC!Q63,"Old","New") -> * | S63: =E63 -> COMSTM | T63: =F63 -> COMHOTNewCKEUE | U63: =G63 -> COMHOTNewCKEUE | V63: 2030 | W63: =W62 -> UP | Y63: =UC!Y63 -> -0.002
A64: =A63 -> 15 | C64: =SUBSTITUTE(UC!C64,"Old","New") -> * | E64: =E63 -> COMSTM | F64: =F63 -> COMHOTNewCKEUE | G64: =G63 -> COMHOTNewCKEUE | H64: 2050 | I64: =I63 -> LO | K64: =UC!K64 -> 0 | Q64: =SUBSTITUTE(UC!Q64,"Old","New") -> * | S64: =E64 -> COMSTM | T64: =F64 -> COMHOTNewCKEUE | U64: =G64 -> COMHOTNewCKEUE | V64: 2050 | W64: =W63 -> UP | Y64: =UC!Y64 -> -0.004
A65: =A61+1 -> 16 | C65: =SUBSTITUTE(UC!C65,"Old","New") -> * | E65: =_xlfn.XLOOKUP($A65,Selected_constraint_UC!$A:$A,Selected_constraint_UC!$B:$B) -> COMELC | F65: =SUBSTITUTE(_xlfn.XLOOKUP($A65,Selected_constraint_UC!$A:$A,Selected_constraint_UC!$C:$C),"Old","New") -> COMHOTNewCKEUE | G65: =F65 -> COMHOTNewCKEUE | H65: 2019 | I65: LO | J65: 1 | K65: =UC!K65 -> -0.12936 | L65: 0 | M65: 5 | Q65: =SUBSTITUTE(UC!Q65,"Old","New") -> * | S65: =E65 -> COMELC | T65: =F65 -> COMHOTNewCKEUE | U65: =G65 -> COMHOTNewCKEUE | V65: =H65 -> 2019 | W65: UP | X65: 1 | Y65: =UC!Y65 -> -0.135 | Z65: 0 | AA65: 5
A66: =A65 -> 16 | C66: =SUBSTITUTE(UC!C66,"Old","New") -> * | E66: =E65 -> COMELC | F66: =F65 -> COMHOTNewCKEUE | G66: =G65 -> COMHOTNewCKEUE | H66: 2025 | I66: =I65 -> LO | K66: =UC!K66 -> -0.1056 | Q66: =SUBSTITUTE(UC!Q66,"Old","New") -> * | S66: =E66 -> COMELC | T66: =F66 -> COMHOTNewCKEUE | U66: =G66 -> COMHOTNewCKEUE | V66: 2025 | W66: =W65 -> UP | Y66: =UC!Y66 -> -0.25
A67: =A66 -> 16 | C67: =SUBSTITUTE(UC!C67,"Old","New") -> * | E67: =E66 -> COMELC | F67: =F66 -> COMHOTNewCKEUE | G67: =G66 -> COMHOTNewCKEUE | H67: 2030 | I67: =I66 -> LO | K67: =UC!K67 -> -0.0264 | Q67: =SUBSTITUTE(UC!Q67,"Old","New") -> * | S67: =E67 -> COMELC | T67: =F67 -> COMHOTNewCKEUE | U67: =G67 -> COMHOTNewCKEUE | V67: 2030 | W67: =W66 -> UP | Y67: =UC!Y67 -> -0.5
A68: =A67 -> 16 | C68: =SUBSTITUTE(UC!C68,"Old","New") -> * | E68: =E67 -> COMELC | F68: =F67 -> COMHOTNewCKEUE | G68: =G67 -> COMHOTNewCKEUE | H68: 2050 | I68: =I67 -> LO | K68: =UC!K68 -> 0 | Q68: =SUBSTITUTE(UC!Q68,"Old","New") -> * | S68: =E68 -> COMELC | T68: =F68 -> COMHOTNewCKEUE | U68: =G68 -> COMHOTNewCKEUE | V68: 2050 | W68: =W67 -> UP | Y68: =UC!Y68 -> -1
A69: =A65+1 -> 17 | C69: =SUBSTITUTE(UC!C69,"Old","New") -> * | E69: =_xlfn.XLOOKUP($A69,Selected_constraint_UC!$A:$A,Selected_constraint_UC!$B:$B) -> COMELC | F69: =SUBSTITUTE(_xlfn.XLOOKUP($A69,Selected_constraint_UC!$A:$A,Selected_constraint_UC!$C:$C),"Old","New") -> COMHOTNewREEUE | G69: =F69 -> COMHOTNewREEUE | H69: 2019 | I69: LO | J69: 1 | K69: =UC!K69 -> -0.98 | L69: 0 | M69: 5 | Q69: =SUBSTITUTE(UC!Q69,"Old","New") -> * | S69: =E69 -> COMELC | T69: =F69 -> COMHOTNewREEUE | U69: =G69 -> COMHOTNewREEUE | V69: =H69 -> 2019 | W69: UP | X69: 1 | Y69: =UC!Y69 -> -1 | Z69: 0 | AA69: 5
A70: =A69 -> 17 | C70: =SUBSTITUTE(UC!C70,"Old","New") -> * | E70: =E69 -> COMELC | F70: =F69 -> COMHOTNewREEUE | G70: =G69 -> COMHOTNewREEUE | H70: 2025 | I70: =I69 -> LO | K70: =UC!K70 -> -0.8 | Q70: =SUBSTITUTE(UC!Q70,"Old","New") -> * | S70: =E70 -> COMELC | T70: =F70 -> COMHOTNewREEUE | U70: =G70 -> COMHOTNewREEUE | V70: 2025 | W70: =W69 -> UP | Y70: =UC!Y70 -> -1
A71: =A70 -> 17 | C71: =SUBSTITUTE(UC!C71,"Old","New") -> * | E71: =E70 -> COMELC | F71: =F70 -> COMHOTNewREEUE | G71: =G70 -> COMHOTNewREEUE | H71: 2030 | I71: =I70 -> LO | K71: =UC!K71 -> -0.2 | Q71: =SUBSTITUTE(UC!Q71,"Old","New") -> * | S71: =E71 -> COMELC | T71: =F71 -> COMHOTNewREEUE | U71: =G71 -> COMHOTNewREEUE | V71: 2030 | W71: =W70 -> UP | Y71: =UC!Y71 -> -1
A72: =A71 -> 17 | C72: =SUBSTITUTE(UC!C72,"Old","New") -> * | E72: =E71 -> COMELC | F72: =F71 -> COMHOTNewREEUE | G72: =G71 -> COMHOTNewREEUE | H72: 2050 | I72: =I71 -> LO | K72: =UC!K72 -> 0 | Q72: =SUBSTITUTE(UC!Q72,"Old","New") -> * | S72: =E72 -> COMELC | T72: =F72 -> COMHOTNewREEUE | U72: =G72 -> COMHOTNewREEUE | V72: 2050 | W72: =W71 -> UP | Y72: =UC!Y72 -> -1
A73: =A69+1 -> 18 | C73: =SUBSTITUTE(UC!C73,"Old","New") -> * | E73: =_xlfn.XLOOKUP($A73,Selected_constraint_UC!$A:$A,Selected_constraint_UC!$B:$B) -> COMFOI | F73: =SUBSTITUTE(_xlfn.XLOOKUP($A73,Selected_constraint_UC!$A:$A,Selected_constraint_UC!$C:$C),"Old","New") -> COMHOTNewOEEUE | G73: =F73 -> COMHOTNewOEEUE | H73: 2019 | I73: LO | J73: 1 | K73: =UC!K73 -> -0.06958 | L73: 0 | M73: 5 | Q73: =SUBSTITUTE(UC!Q73,"Old","New") -> * | S73: =E73 -> COMFOI | T73: =F73 -> COMHOTNewOEEUE | U73: =G73 -> COMHOTNewOEEUE | V73: =H73 -> 2019 | W73: UP | X73: 1 | Y73: =UC!Y73 -> -0.073 | Z73: 0 | AA73: 5
A74: =A73 -> 18 | C74: =SUBSTITUTE(UC!C74,"Old","New") -> * | E74: =E73 -> COMFOI | F74: =F73 -> COMHOTNewOEEUE | G74: =G73 -> COMHOTNewOEEUE | H74: 2025 | I74: =I73 -> LO | K74: =UC!K74 -> -0.0568 | Q74: =SUBSTITUTE(UC!Q74,"Old","New") -> * | S74: =E74 -> COMFOI | T74: =F74 -> COMHOTNewOEEUE | U74: =G74 -> COMHOTNewOEEUE | V74: 2025 | W74: =W73 -> UP | Y74: =UC!Y74 -> -0.086
A75: =A74 -> 18 | C75: =SUBSTITUTE(UC!C75,"Old","New") -> * | E75: =E74 -> COMFOI | F75: =F74 -> COMHOTNewOEEUE | G75: =G74 -> COMHOTNewOEEUE | H75: 2030 | I75: =I74 -> LO | K75: =UC!K75 -> -0.0142 | Q75: =SUBSTITUTE(UC!Q75,"Old","New") -> * | S75: =E75 -> COMFOI | T75: =F75 -> COMHOTNewOEEUE | U75: =G75 -> COMHOTNewOEEUE | V75: 2030 | W75: =W74 -> UP | Y75: =UC!Y75 -> -0.108
A76: =A75 -> 18 | C76: =SUBSTITUTE(UC!C76,"Old","New") -> * | E76: =E75 -> COMFOI | F76: =F75 -> COMHOTNewOEEUE | G76: =G75 -> COMHOTNewOEEUE | H76: 2050 | I76: =I75 -> LO | K76: =UC!K76 -> 0 | Q76: =SUBSTITUTE(UC!Q76,"Old","New") -> * | S76: =E76 -> COMFOI | T76: =F76 -> COMHOTNewOEEUE | U76: =G76 -> COMHOTNewOEEUE | V76: 2050 | W76: =W75 -> UP | Y76: =UC!Y76 -> -0.215
A77: =A73+1 -> 19 | C77: =SUBSTITUTE(UC!C77,"Old","New") -> UC_MarketShare_COMHOTNewOE_NGA_MIN | E77: =_xlfn.XLOOKUP($A77,Selected_constraint_UC!$A:$A,Selected_constraint_UC!$B:$B) -> COMNGA | F77: =SUBSTITUTE(_xlfn.XLOOKUP($A77,Selected_constraint_UC!$A:$A,Selected_constraint_UC!$C:$C),"Old","New") -> COMHOTNewOEEUE | G77: =F77 -> COMHOTNewOEEUE | H77: 2019 | I77: LO | J77: 1 | K77: =UC!K77 -> -0.40376 | L77: 0 | M77: 5 | Q77: =SUBSTITUTE(UC!Q77,"Old","New") -> UC_MarketShare_COMHOTNewOE_NGA_MAX | S77: =E77 -> COMNGA | T77: =F77 -> COMHOTNewOEEUE | U77: =G77 -> COMHOTNewOEEUE | V77: =H77 -> 2019 | W77: UP | X77: 1 | Y77: =UC!Y77 -> -0.422 | Z77: 0 | AA77: 5
A78: =A77 -> 19 | C78: =SUBSTITUTE(UC!C78,"Old","New") | E78: =E77 -> COMNGA | F78: =F77 -> COMHOTNewOEEUE | G78: =G77 -> COMHOTNewOEEUE | H78: 2025 | I78: =I77 -> LO | K78: =UC!K78 -> -0.3296 | Q78: =SUBSTITUTE(UC!Q78,"Old","New") | S78: =E78 -> COMNGA | T78: =F78 -> COMHOTNewOEEUE | U78: =G78 -> COMHOTNewOEEUE | V78: 2025 | W78: =W77 -> UP | Y78: =UC!Y78 -> -0.496
A79: =A78 -> 19 | C79: =SUBSTITUTE(UC!C79,"Old","New") | E79: =E78 -> COMNGA | F79: =F78 -> COMHOTNewOEEUE | G79: =G78 -> COMHOTNewOEEUE | H79: 2030 | I79: =I78 -> LO | K79: =UC!K79 -> -0.0824 | Q79: =SUBSTITUTE(UC!Q79,"Old","New") | S79: =E79 -> COMNGA | T79: =F79 -> COMHOTNewOEEUE | U79: =G79 -> COMHOTNewOEEUE | V79: 2030 | W79: =W78 -> UP | Y79: =UC!Y79 -> -0.62
A80: =A79 -> 19 | C80: =SUBSTITUTE(UC!C80,"Old","New") | E80: =E79 -> COMNGA | F80: =F79 -> COMHOTNewOEEUE | G80: =G79 -> COMHOTNewOEEUE | H80: 2050 | I80: =I79 -> LO | K80: =UC!K80 -> 0 | Q80: =SUBSTITUTE(UC!Q80,"Old","New") | S80: =E80 -> COMNGA | T80: =F80 -> COMHOTNewOEEUE | U80: =G80 -> COMHOTNewOEEUE | V80: 2050 | W80: =W79 -> UP | Y80: =UC!Y80 -> -1
A81: =A77+1 -> 20 | C81: =SUBSTITUTE(UC!C81,"Old","New") -> * | E81: =_xlfn.XLOOKUP($A81,Selected_constraint_UC!$A:$A,Selected_constraint_UC!$B:$B) -> COMSTM | F81: =SUBSTITUTE(_xlfn.XLOOKUP($A81,Selected_constraint_UC!$A:$A,Selected_constraint_UC!$C:$C),"Old","New") -> COMHOTNewOEEUE | G81: =F81 -> COMHOTNewOEEUE | H81: 2019 | I81: LO | J81: 1 | K81: =UC!K81 -> 0 | L81: 0 | M81: 5 | Q81: =SUBSTITUTE(UC!Q81,"Old","New") -> * | S81: =E81 -> COMSTM | T81: =F81 -> COMHOTNewOEEUE | U81: =G81 -> COMHOTNewOEEUE | V81: =H81 -> 2019 | W81: UP | X81: 1 | Y81: =UC!Y81 -> 0 | Z81: 0 | AA81: 5
A82: =A81 -> 20 | C82: =SUBSTITUTE(UC!C82,"Old","New") -> * | E82: =E81 -> COMSTM | F82: =F81 -> COMHOTNewOEEUE | G82: =G81 -> COMHOTNewOEEUE | H82: 2025 | I82: =I81 -> LO | K82: =UC!K82 -> 0 | Q82: =SUBSTITUTE(UC!Q82,"Old","New") -> * | S82: =E82 -> COMSTM | T82: =F82 -> COMHOTNewOEEUE | U82: =G82 -> COMHOTNewOEEUE | V82: 2025 | W82: =W81 -> UP | Y82: =UC!Y82 -> 0
A83: =A82 -> 20 | C83: =SUBSTITUTE(UC!C83,"Old","New") -> * | E83: =E82 -> COMSTM | F83: =F82 -> COMHOTNewOEEUE | G83: =G82 -> COMHOTNewOEEUE | H83: 2030 | I83: =I82 -> LO | K83: =UC!K83 -> 0 | Q83: =SUBSTITUTE(UC!Q83,"Old","New") -> * | S83: =E83 -> COMSTM | T83: =F83 -> COMHOTNewOEEUE | U83: =G83 -> COMHOTNewOEEUE | V83: 2030 | W83: =W82 -> UP | Y83: =UC!Y83 -> 0
A84: =A83 -> 20 | C84: =SUBSTITUTE(UC!C84,"Old","New") -> * | E84: =E83 -> COMSTM | F84: =F83 -> COMHOTNewOEEUE | G84: =G83 -> COMHOTNewOEEUE | H84: 2050 | I84: =I83 -> LO | K84: =UC!K84 -> 0 | Q84: =SUBSTITUTE(UC!Q84,"Old","New") -> * | S84: =E84 -> COMSTM | T84: =F84 -> COMHOTNewOEEUE | U84: =G84 -> COMHOTNewOEEUE | V84: 2050 | W84: =W83 -> UP | Y84: =UC!Y84 -> 0
A85: =A81+1 -> 21 | C85: =SUBSTITUTE(UC!C85,"Old","New") -> UC_MarketShare_COMHOTNewOE_ELC_MIN | E85: =_xlfn.XLOOKUP($A85,Selected_constraint_UC!$A:$A,Selected_constraint_UC!$B:$B) -> COMELC | F85: =SUBSTITUTE(_xlfn.XLOOKUP($A85,Selected_constraint_UC!$A:$A,Selected_constraint_UC!$C:$C),"Old","New") -> COMHOTNewOEEUE | G85: =F85 -> COMHOTNewOEEUE | H85: 2019 | I85: LO | J85: 1 | K85: =UC!K85 -> -0.5047 | L85: 0 | M85: 5 | Q85: =SUBSTITUTE(UC!Q85,"Old","New") -> UC_MarketShare_COMHOTNewOE_ELC_MAX | S85: =E85 -> COMELC | T85: =F85 -> COMHOTNewOEEUE | U85: =G85 -> COMHOTNewOEEUE | V85: =H85 -> 2019 | W85: UP | X85: 1 | Y85: =UC!Y85 -> -0.527 | Z85: 0 | AA85: 5
A86: =A85 -> 21 | C86: =SUBSTITUTE(UC!C86,"Old","New") | E86: =E85 -> COMELC | F86: =F85 -> COMHOTNewOEEUE | G86: =G85 -> COMHOTNewOEEUE | H86: 2025 | I86: =I85 -> LO | K86: =UC!K86 -> -0.412 | Q86: =SUBSTITUTE(UC!Q86,"Old","New") | S86: =E86 -> COMELC | T86: =F86 -> COMHOTNewOEEUE | U86: =G86 -> COMHOTNewOEEUE | V86: 2025 | W86: =W85 -> UP | Y86: =UC!Y86 -> -0.619
A87: =A86 -> 21 | C87: =SUBSTITUTE(UC!C87,"Old","New") | E87: =E86 -> COMELC | F87: =F86 -> COMHOTNewOEEUE | G87: =G86 -> COMHOTNewOEEUE | H87: 2030 | I87: =I86 -> LO | K87: =UC!K87 -> -0.103 | Q87: =SUBSTITUTE(UC!Q87,"Old","New") | S87: =E87 -> COMELC | T87: =F87 -> COMHOTNewOEEUE | U87: =G87 -> COMHOTNewOEEUE | V87: 2030 | W87: =W86 -> UP | Y87: =UC!Y87 -> -0.774
A88: =A87 -> 21 | C88: =SUBSTITUTE(UC!C88,"Old","New") | E88: =E87 -> COMELC | F88: =F87 -> COMHOTNewOEEUE | G88: =G87 -> COMHOTNewOEEUE | H88: 2050 | I88: =I87 -> LO | K88: =UC!K88 -> 0 | Q88: =SUBSTITUTE(UC!Q88,"Old","New") | S88: =E88 -> COMELC | T88: =F88 -> COMHOTNewOEEUE | U88: =G88 -> COMHOTNewOEEUE | V88: 2050 | W88: =W87 -> UP | Y88: =UC!Y88 -> -1
A89: =A85+1 -> 22 | C89: =SUBSTITUTE(UC!C89,"Old","New") -> UC_MarketShare_COMRETNewSH_ELC_MIN | E89: =_xlfn.XLOOKUP($A89,Selected_constraint_UC!$A:$A,Selected_constraint_UC!$B:$B) -> COMELC | F89: =SUBSTITUTE(_xlfn.XLOOKUP($A89,Selected_constraint_UC!$A:$A,Selected_constraint_UC!$C:$C),"Old","New") -> COMRETNewSHEUE | G89: =F89 -> COMRETNewSHEUE | H89: 2019 | I89: LO | J89: 1 | K89: =UC!K89 -> -0.11466 | L89: 0 | M89: 5 | Q89: =SUBSTITUTE(UC!Q89,"Old","New") -> UC_MarketShare_COMRETNewSH_ELC_MAX | S89: =E89 -> COMELC | T89: =F89 -> COMRETNewSHEUE | U89: =G89 -> COMRETNewSHEUE | V89: =H89 -> 2019 | W89: UP | X89: 1 | Y89: =UC!Y89 -> -0.12 | Z89: 0 | AA89: 5
A90: =A89 -> 22 | C90: =SUBSTITUTE(UC!C90,"Old","New") | E90: =E89 -> COMELC | F90: =F89 -> COMRETNewSHEUE | G90: =G89 -> COMRETNewSHEUE | H90: 2025 | I90: =I89 -> LO | K90: =UC!K90 -> -0.0936 | Q90: =SUBSTITUTE(UC!Q90,"Old","New") | S90: =E90 -> COMELC | T90: =F90 -> COMRETNewSHEUE | U90: =G90 -> COMRETNewSHEUE | V90: 2025 | W90: =W89 -> UP | Y90: =UC!Y90 -> -0.25
A91: =A90 -> 22 | C91: =SUBSTITUTE(UC!C91,"Old","New") | E91: =E90 -> COMELC | F91: =F90 -> COMRETNewSHEUE | G91: =G90 -> COMRETNewSHEUE | H91: 2030 | I91: =I90 -> LO | K91: =UC!K91 -> -0.08775 | Q91: =SUBSTITUTE(UC!Q91,"Old","New") | S91: =E91 -> COMELC | T91: =F91 -> COMRETNewSHEUE | U91: =G91 -> COMRETNewSHEUE | V91: 2030 | W91: =W90 -> UP | Y91: =UC!Y91 -> -0.5
A92: =A91 -> 22 | C92: =SUBSTITUTE(UC!C92,"Old","New") | E92: =E91 -> COMELC | F92: =F91 -> COMRETNewSHEUE | G92: =G91 -> COMRETNewSHEUE | H92: 2050 | I92: =I91 -> LO | K92: =UC!K92 -> -0.08775 | Q92: =SUBSTITUTE(UC!Q92,"Old","New") | S92: =E92 -> COMELC | T92: =F92 -> COMRETNewSHEUE | U92: =G92 -> COMRETNewSHEUE | V92: 2050 | W92: =W91 -> UP | Y92: =UC!Y92 -> -1
A93: =A89+1 -> 23 | C93: =SUBSTITUTE(UC!C93,"Old","New") -> UC_MarketShare_COMRETNewSH_NGA_MIN | E93: =_xlfn.XLOOKUP($A93,Selected_constraint_UC!$A:$A,Selected_constraint_UC!$B:$B) -> COMNGA | F93: =SUBSTITUTE(_xlfn.XLOOKUP($A93,Selected_constraint_UC!$A:$A,Selected_constraint_UC!$C:$C),"Old","New") -> COMRETNewSHEUE | G93: =F93 -> COMRETNewSHEUE | H93: 2019 | I93: LO | J93: 1 | K93: =UC!K93 -> -0.74186 | L93: 0 | M93: 5 | Q93: =SUBSTITUTE(UC!Q93,"Old","New") -> UC_MarketShare_COMRETNewSH_NGA_MAX | S93: =E93 -> COMNGA | T93: =F93 -> COMRETNewSHEUE | U93: =G93 -> COMRETNewSHEUE | V93: =H93 -> 2019 | W93: UP | X93: 1 | Y93: =UC!Y93 -> -0.773 | Z93: 0 | AA93: 5
A94: =A93 -> 23 | C94: =SUBSTITUTE(UC!C94,"Old","New") | E94: =E93 -> COMNGA | F94: =F93 -> COMRETNewSHEUE | G94: =G93 -> COMRETNewSHEUE | H94: 2025 | I94: =I93 -> LO | K94: =UC!K94 -> -0.6056 | Q94: =SUBSTITUTE(UC!Q94,"Old","New") | S94: =E94 -> COMNGA | T94: =F94 -> COMRETNewSHEUE | U94: =G94 -> COMRETNewSHEUE | V94: 2025 | W94: =W93 -> UP | Y94: =UC!Y94 -> -0.909
