Workbook
Name __HDV50: #REF!
Name __LDV50: #REF!
Name _1995_Implicit_GDP_Deflator: #REF!
Name _2001_Implicit_GDP_Deflator: #REF!
Name _HDV50: #REF!
Name _LDV50: #REF!
Name Age_of_car: #REF!
Name AnswerData: #REF!
Name avg_water_heater_PJ: #REF!
Name bprint: #REF!
Name btu_per_watthr: #REF!
Name CAPCST: #REF!
Name CMM_SUPPLY_CRV_TABLE: #REF!
Name conv: #REF!
Name cprint: #REF!
Name CRI: #REF!
Name days_per_year: #REF!
Name Diesel_Car_CO: #REF!
Name Diesel_Car_Nox: #REF!
Name Diesel_Car_PM: #REF!
Name Diesel_Car_VOCs: #REF!
Name Diesel_HDT_CO: #REF!
Name Diesel_HDT_NOx: #REF!
Name Diesel_HDT_PM: #REF!
Name Diesel_HDT_SO2: #REF!
Name Diesel_HDT_VOCs: #REF!
Name Diesel_LDT_CO: #REF!
Name Diesel_LDT_Nox: #REF!
Name Diesel_LDT_PM: #REF!
Name Diesel_LDT_VOCs: #REF!
Name dollar____per__m: #REF!
Name EFFICIENCY: #REF!
Name exch_rate: #REF!
Name fitfile: #REF!
Name FUEL: #REF!
Name Gas_Car_CO: #REF!
Name Gas_Car_Nox: #REF!
Name Gas_Car_PM: #REF!
Name Gas_Car_VOC: #REF!
Name Gas_HDT_CO: #REF!
Name Gas_HDT_NOx: #REF!
Name Gas_HDT_PM: #REF!
Name Gas_HDT_SO2: #REF!
Name Gas_HDT_VOCs: #REF!
Name Gas_LDT_CO: #REF!
Name Gas_LDT_NOx: #REF!
Name Gas_LDT_PM: #REF!
Name Gas_LDT_VOCs: #REF!
Name hours_per_day: #REF!
Name INF: #REF!
Name j_per_btu: #REF!
Name j_per_pj: #REF!
Name joules_per_btu: #REF!
Name kwhr_per_j: #REF!
Name LIFE: #REF!
Name lumens_per_billion_lumens: #REF!
Name MAINTCST: #REF!
Name MAXREC: #REF!
Name million_short_tons_to_short_ton: #REF!
Name MMBTU_to_PJ: #REF!

Sheet ReadMe
A1: Generic Comet (GC) TIMES Supply
B3: Sheet color
C4: Raw Data and Parameters
C6: City Specific Data
C8: Post processing for TIMES
C10: Table formatted for TIMES

Sheet >> City Data

Sheet City characteristics
B2: City Basic Data
B4: Calibration methodology | C4: GHG Inventory
B6: A. City Characteristics
B7: Data Item | C7: Value | D7: Units
B8: City Name | C8: New York
B9: Latitude | C9: 40.5
B10: Longitude | C10: -75
B11: County | C11: New York County
B12: State | C12: New York
B13: Census Division | C13: Middle Atlantic
B14: Climate Division | C14: Northeast
B15: Egrid Region | C15: NPCC NYC/Westchester
B16: Area of city (excluding water, natural and agricultural areas) | C16: 778 | D16: square kilometers
B17: * Division and Region Map can be found in the Maps sheet.
B18: B. Planning Base Year and Target Years
B19: Year | C19: Value | D19: Units
B20: Base Year | C20: 2019 | D20: Acceptable range [2018,2021]
B21: End Year | C21: 2050
B23: C. City Population and GDP
B24: Data Item | C24: Value | D24: Units
B25: Population in Base Year | C25: 8337 | D25: Thousand of people
B26: Annual population growth (Base Year - End Year) | C26: 0.5 | D26: % people
B27: GDP in Base Year | C27: 1206000 | D27: Million US$
B28: Annual GDP growth rate | C28: 2 | D28: % US$
B29: Share of manufacturing GDP | C29: 5 | D29: % US$
B30: Share of State population | C30: 0.42835123
B31: Share of State GDP | C31: 0.67251772
B32: Adjustment from state manufacturing GDP | C32: 1.0638298
B34: D. Climate Data
B35: Data Item | C35: 2000 | D35: 2050 | E35: 2100 | F35: Units
B36: Heating degree days (HDD) | C36: 4473.4625 | D36: 4066.4182 | E36: 3763.8582 | F36: F
B37: Cooling degree days (CDD) | C37: 1020.7333 | D37: 1224.2555 | E37: 1375.5355 | F37: F
B39: Data Item | C39: Value | D39: Units
B40: Correction from State HDD | C40: 0.72727402
B41: Correction from State CDD | C41: 1.5583715
B42: Annual precipitation | C42: 762 | D42: mm / year
B43: Climate change scenario | C43: RCP4.5
B44: Average temperature increase in 1980-2020 | C44: 1.4617857 | D44: F
B45: Forecasted average temperature increase in 2035-2065 | C45: 3.13 | D45: F
B46: Forecasted average temperature increase in 2070-2100 | C46: 4.37 | D46: F
B47: *Climate change scenario description can be found in the Lists sheet.
B48: E. Energy scenario
B49: Data Item | C49: Value | D49: Units
B50: AEO energy scenario | C50: lowmachighZTC
B51: Electricity technology scenario | C51: Moderate
B52: Transport technology scenario | C52: Mid
B53: District energy | C53: Yes
B54: * Energy scenario description can be foundin the Lists sheet.

Sheet >> EPAUS9R

Sheet RES_Pollutants
B4: CommName | C4: RESDSL | D4: RESKER | E4: RESLPG | F4: RESNGA
B5: * Units | C5: Kt/PJ | D5: Kt/PJ | E5: Kt/PJ | F5: Kt/PJ
B6: RESSO2 | C6: 0.1320615 | D6: 0.13567165 | E6: 0.00028147728 | F6: 0.00025069701
B7: RESNOX | C7: 0.055800636 | D7: 0.05732605 | E7: 0.062863259 | F7: 0.039275865
B8: RESPM10 | C8: 0.077180565 | D8: 0.076294281 | E8: 0.065711628 | F8: 0.055983606
B9: RESPM25 | C9: 0.0066030752 | D9: 0.0065288001 | E9: 0.00018765152 | F9: 0.00017966619

Sheet IND_Pollutants
B4: CommName | C4: INDCOA | D4: INDDSL | E4: INDLPG | F4: INDMET | G4: INDNGA | H4: INDPTC | I4: INDRFL | J4: INDKER
B5: * Units | C5: Kt/PJ | D5: Kt/PJ | E5: Kt/PJ | F5: Kt/PJ | G5: Kt/PJ | H5: Kt/PJ | I5: Kt/PJ | J5: Kt/PJ
B6: INDNOX | C6: 0.24981209 | D6: 0.24815832 | E6: 0.38225412 | F6: 0.3219 | G6: 0.1302863 | H6: 0.7309 | I6: 0.18976807 | J6: 0.093778378
B7: INDSO2 | C7: 0.37430996 | D7: 0.029100705 | E7: 0.023822316 | F7: 0.85683708 | G7: 0.003376146 | H7: 0.7823043 | I7: 0.21970918 | J7: 0.093828105
B8: INDPM10 | C8: 0.062301616 | D8: 0.034232243 | E8: 0.028042914 | F8: 0.16470751 | G8: 0.0062704735 | H8: 0.16470751 | I8: 0.024921326 | J8: 0.093813563
B9: INDPM25 | C9: 0.029558468 | D9: 0.030723954 | E9: 0.028055577 | F9: 0.063126274 | G9: 0.0062893796 | H9: 0.063126274 | I9: 0.018765653 | J9: 0.093813132

Sheet COM_Pollutants
B4: CommName | C4: COMDSL | D4: COMKER | E4: COMLPG | F4: COMNGA | G4: COMRFL
B5: * Units | C5: Kt/PJ | D5: Kt/PJ | E5: Kt/PJ | F5: Kt/PJ | G5: Kt/PJ
B6: COMSO2 | C6: 0.13282188 | D6: 0.13567165 | E6: 0.0067703971 | F6: 0.00025069701 | G6: 1.014615
B7: COMNOX | C7: 0.047059231 | D7: 0.061466265 | E7: 0.066733568 | F7: 0.041782835 | G7: 0.15360397
B8: COMPM10 | C8: 0.0073780841 | D8: 0.0074523865 | E8: =D8 -> 0.0074523865 | F8: 0.0036351067 | G8: 0.018131316
B9: COMPM25 | C9: 0.0066030752 | D9: 0.0066880392 | E9: 0.00046605731 | F9: 0.0031754648 | G9: 0.0094449205

Sheet ELC_Pollutants
B2: TechName | C2: TechDesc | D2: Comm-IN | E2: Comm-OUT | F2: ENV_ACT~ELCNOX~2015 | G2: ENV_ACT~ELCNOX~2020 | H2: ENV_ACT~ELCNOX~2025 | I2: ENV_ACT~ELCNOX~2030 | J2: ENV_ACT~ELCNOX~2055 | K2: ENV_ACT~ELCPM10~2010 | L2: ENV_ACT~ELCPM10~2015 | M2: ENV_ACT~ELCPM10~2020 | N2: ENV_ACT~ELCPM10~2025 | O2: ENV_ACT~ELCPM10~2030 | P2: ENV_ACT~ELCPM10~2055 | Q2: ENV_ACT~ELCPM25~2015 | R2: ENV_ACT~ELCPM25~2020 | S2: ENV_ACT~ELCPM25~2025 | T2: ENV_ACT~ELCPM25~2030 | U2: ENV_ACT~ELCPM25~2055 | V2: ENV_ACT~ELCSO2~2015 | W2: ENV_ACT~ELCSO2~2020 | X2: ENV_ACT~ELCSO2~2025 | Y2: ENV_ACT~ELCSO2~2030 | Z2: ENV_ACT~ELCSO2~2055
B3: *Technology Name | C3: Technology Description | D3: Input Commodity | E3: Output Commodity | F3: Activity based emissions | G3: Activity based emissions | H3: Activity based emissions | I3: Activity based emissions | J3: Activity based emissions | K3: Activity based emissions | L3: Activity based emissions | M3: Activity based emissions | N3: Activity based emissions | O3: Activity based emissions | P3: Activity based emissions | Q3: Activity based emissions | R3: Activity based emissions | S3: Activity based emissions | T3: Activity based emissions | U3: Activity based emissions | V3: Activity based emissions | W3: Activity based emissions | X3: Activity based emissions | Y3: Activity based emissions | Z3: Activity based emissions
B4: *Units | C4: *Description | E4: \l:
B5: SEELCDSL | C5: Emissions: DSL to ELC | D5: ELCDSL | E5: ELCDSLEA | F5: 0.23 | G5: 0.199 | H5: 0.217 | I5: 0.196 | J5: 0.196 | K5: 0.034 | L5: 0.015 | M5: 0.014 | N5: 0.015 | O5: 0.014 | P5: 0.014 | Q5: 0.006 | R5: 0.005 | S5: 0.006 | T5: 0.005 | U5: 0.005 | V5: 0.044 | W5: 0.034 | X5: 0.032 | Y5: 0.025 | Z5: 0.025
B6: SEELCNGT | C6: Emissions: NGA to ELC (Turbine) | D6: ELCNGA | E6: ELCNGAEA | F6: 0.031 | G6: 0.031 | H6: 0.031 | I6: 0.031 | J6: 0.031 | K6: 0.003 | L6: 0.003 | M6: 0.003 | N6: 0.003 | O6: 0.003 | P6: 0.003 | Q6: 0.003 | R6: 0.003 | S6: 0.003 | T6: 0.003 | U6: 0.003 | V6: 0.001 | W6: 0.001 | X6: 0.001 | Y6: 0.001 | Z6: 0.001
B7: SEELCNGC | C7: Emissions: NGA to ELC (Combined Cycle) | D7: ELCNGA | E7: ELCNGCEA | F7: 0.009 | G7: 0.009 | H7: 0.009 | I7: 0.009 | J7: 0.009
B8: SEELCNGS | C8: Emissions: NGA to ELC (Steam) | D8: ELCNGA | E8: ELCNGSEA | F8: 0.067 | G8: 0.06 | H8: 0.054 | I8: 0.047 | J8: 0.047 | K8: 0.003 | L8: 0.003 | M8: 0.003 | N8: 0.003 | O8: 0.003 | P8: 0.003 | Q8: 0.003 | R8: 0.003 | S8: 0.003 | T8: 0.003 | U8: 0.003
B9: SEELCRFL | C9: Emissions: RFL to ELC | D9: ELCRFL | E9: ELCRFLEA
B10: SEELCRFH | C10: Emissions: RFH to ELC | D10: ELCRFH | E10: ELCRFHPS | F10: 0.112 | G10: 0.097 | H10: 0.087 | I10: 0.077 | J10: 0.077 | K10: 0.012 | L10: 0.012 | M10: 0.01 | N10: 0.009 | O10: 0.008 | P10: 0.008 | Q10: 0.01 | R10: 0.009 | S10: 0.008 | T10: 0.007 | U10: 0.007 | V10: 0.273 | W10: 0.232 | X10: 0.204 | Y10: 0.176 | Z10: 0.176
B11: SEELCRFL | C11: Emissions: RFL to ELC | D11: ELCRFL | E11: ELCRFLPS | F11: 0.112 | G11: 0.097 | H11: 0.087 | I11: 0.077 | J11: 0.077 | K11: 0.012 | L11: 0.012 | M11: 0.01 | N11: 0.009 | O11: 0.008 | P11: 0.008 | Q11: 0.01 | R11: 0.009 | S11: 0.008 | T11: 0.007 | U11: 0.007 | V11: 0.273 | W11: 0.232 | X11: 0.204 | Y11: 0.176 | Z11: 0.176
B12: SEELCBIGCC | C12: Emissions: Biomass to ELC (IGCC) | D12: ELCBIO | E12: ELCBIGCCEA | F12: 0.059 | G12: 0.059 | H12: 0.059 | I12: 0.059 | J12: 0.059 | K12: 0.008 | L12: 0.008 | M12: 0.008 | N12: 0.008 | O12: 0.008 | P12: 0.008 | Q12: 0.008 | R12: 0.008 | S12: 0.008 | T12: 0.008 | U12: 0.008 | V12: 0.01 | W12: 0.01 | X12: 0.01 | Y12: 0.01 | Z12: 0.01
B13: SEELCBIBHO | C13: Biomass cofiring | D13: ELCBSTMEA | E13: CSTMBHCCO | F13: 0.086 | G13: 0.086 | H13: 0.086 | I13: 0.086 | J13: 0.086 | K13: 0.151 | L13: 0.024 | M13: 0.01 | N13: 0.01 | O13: 0.01 | P13: 0.01 | Q13: 0.021 | R13: 0.009 | S13: 0.009 | T13: 0.008 | U13: 0.008 | V13: 0.01 | W13: 0.01 | X13: 0.01 | Y13: 0.01 | Z13: 0.01
B14: SEELCWTE | C14: Emissions: Waste to Energy to ELC | D14: ELCMSW | E14: ELCMSWEA | F14: 0.155 | G14: 0.155 | H14: 0.155 | I14: 0.155 | J14: 0.155 | K14: 0.012 | L14: 0.012 | M14: 0.012 | N14: 0.012 | O14: 0.012 | P14: 0.012 | Q14: 0.006 | R14: 0.006 | S14: 0.006 | T14: 0.006 | U14: 0.006 | V14: 0.15 | W14: 0.15 | X14: 0.15 | Y14: 0.15 | Z14: 0.15
B15: SELFGICE | C15: Emissions: Landfill gas to energy | D15: LFG | E15: LFGICEEA | F15: 0.039 | G15: 0.039 | H15: 0.039 | I15: 0.039 | J15: 0.039 | K15: 0.009 | L15: 0.009 | M15: 0.009 | N15: 0.009 | O15: 0.009 | P15: 0.009 | Q15: 0.009 | R15: 0.009 | S15: 0.009 | T15: 0.009 | U15: 0.009
B16: SECIGCCBH | C16: Emissions: Coal to IGCC | D16: ELCCOABH | E16: COALIGCC | F16: 0.011 | G16: 0.012 | H16: 0.012 | I16: 0.012 | J16: 0.012 | K16: 0.003 | L16: 0.002 | M16: 0.002 | N16: 0.002 | O16: 0.002 | P16: 0.002 | V16: 0.004 | W16: 0.004 | X16: 0.004 | Y16: 0.004 | Z16: 0.004
B17: SECSTMBH | C17: Emissions: Coal to New Steam Electric | D17: ELCCOABH | E17: COALSTMN | F17: 0.172 | G17: 0.172 | H17: 0.172 | I17: 0.172 | J17: 0.172 | K17: 0.013 | L17: 0.013 | M17: 0.013 | N17: 0.013 | O17: 0.013 | P17: 0.013 | Q17: 0.01 | R17: 0.01 | S17: 0.01 | T17: 0.01 | U17: 0.01 | V17: 0.051 | W17: 0.051 | X17: 0.051 | Y17: 0.051 | Z17: 0.051
B18: SECSTMRBH | C18: Emissions: Coal to Residual Steam Electric | D18: ELCCOABH | E18: CSTMBH | F18: 0.346 | G18: 0.346 | H18: 0.346 | I18: 0.346 | J18: 0.346 | K18: 0.013 | L18: 0.013 | M18: 0.013 | N18: 0.013 | O18: 0.013 | P18: 0.013 | Q18: 0.01 | R18: 0.01 | S18: 0.01 | T18: 0.01 | U18: 0.01 | V18: 1.186 | W18: 1.186 | X18: 1.186 | Y18: 1.186 | Z18: 1.186

Sheet TRA_Pollutants
B2: TechName | C2: TechDesc | D2: CEFF-I~2015 | E2: CEFF-I~2020 | F2: CEFF-I~2025 | G2: CEFF-I~2030 | H2: CEFF-I~2035 | I2: CEFF-I~2040 | J2: CEFF-I~2050 | K2: ENV_ACT~TRNNOX~2015 | L2: ENV_ACT~TRNNOX~2020 | M2: ENV_ACT~TRNNOX~2025 | N2: ENV_ACT~TRNNOX~2030 | O2: ENV_ACT~TRNNOX~2035 | P2: ENV_ACT~TRNNOX~2040 | Q2: ENV_ACT~TRNNOX~2045 | R2: ENV_ACT~TRNNOX~2050 | S2: ENV_ACT~TRNNOX~2055 | T2: ENV_ACT~TRNSO2~2015 | U2: ENV_ACT~TRNSO2~2020 | V2: ENV_ACT~TRNSO2~2025 | W2: ENV_ACT~TRNSO2~2030 | X2: ENV_ACT~TRNSO2~2035 | Y2: ENV_ACT~TRNSO2~2040 | Z2: ENV_ACT~TRNSO2~2045 | AA2: ENV_ACT~TRNSO2~2050 | AB2: ENV_ACT~TRNSO2~2055 | AC2: ENV_ACT~TRNPM10~2015 | AD2: ENV_ACT~TRNPM10~2020 | AE2: ENV_ACT~TRNPM10~2025 | AF2: ENV_ACT~TRNPM10~2030 | AG2: ENV_ACT~TRNPM10~2035 | AH2: ENV_ACT~TRNPM10~2040 | AI2: ENV_ACT~TRNPM10~2045 | AJ2: ENV_ACT~TRNPM10~2050 | AK2: ENV_ACT~TRNPM10~2055 | AL2: ENV_ACT~TRNPM25~2015 | AM2: ENV_ACT~TRNPM25~2020 | AN2: ENV_ACT~TRNPM25~2025 | AO2: ENV_ACT~TRNPM25~2030 | AP2: ENV_ACT~TRNPM25~2035 | AQ2: ENV_ACT~TRNPM25~2040 | AR2: ENV_ACT~TRNPM25~2045 | AS2: ENV_ACT~TRNPM25~2050 | AT2: ENV_ACT~TRNPM25~2055
B3: *Technology Name | C3: Technology Description | D3: Efficiency | E3: Efficiency | F3: Efficiency | G3: Efficiency | H3: Efficiency | I3: Efficiency | J3: Efficiency | K3: Activity based emissions | L3: Activity based emissions | M3: Activity based emissions | N3: Activity based emissions | O3: Activity based emissions | P3: Activity based emissions | Q3: Activity based emissions | R3: Activity based emissions | S3: Activity based emissions | T3: Activity based emissions | U3: Activity based emissions | V3: Activity based emissions | W3: Activity based emissions | X3: Activity based emissions | Y3: Activity based emissions | Z3: Activity based emissions | AA3: Activity based emissions | AB3: Activity based emissions | AC3: Activity based emissions | AD3: Activity based emissions | AE3: Activity based emissions | AF3: Activity based emissions | AG3: Activity based emissions | AH3: Activity based emissions | AI3: Activity based emissions | AJ3: Activity based emissions | AK3: Activity based emissions | AL3: Activity based emissions | AM3: Activity based emissions | AN3: Activity based emissions | AO3: Activity based emissions | AP3: Activity based emissions | AQ3: Activity based emissions | AR3: Activity based emissions | AS3: Activity based emissions | AT3: Activity based emissions
B4: *Units | C4: *Description | D4: bn-vmt/PJ | E4: bn-vmt/PJ | F4: bn-vmt/PJ | G4: bn-vmt/PJ | H4: bn-vmt/PJ | I4: bn-vmt/PJ | J4: bn-vmt/PJ
B5: TLEMCGSL | C5: TL.GSL.MC.Existing fleet | D5: 0.1477 | E5: 0.1477 | F5: 0.1477 | G5: 0.1477 | H5: 0.1477 | I5: 0.1477 | J5: 0.1477 | K5: 0.32208771 | L5: 0.14762243 | M5: 0.11012303 | N5: 0.079185885 | O5: 0.061480985 | P5: 0.056146365 | Q5: 0.055613052 | R5: 0.055587066 | S5: 0.055587066 | T5: 0.0065842526 | U5: 0.0021407767 | V5: 0.0018057388 | W5: 0.0015104916 | X5: 0.0013524278 | Y5: 0.0013087542 | Z5: 0.0013048051 | AA5: 0.0013041984 | AB5: 0.0013041984 | AC5: 0.038322364 | AD5: 0.036473825 | AE5: 0.035255419 | AF5: 0.033925553 | AG5: 0.033089959 | AH5: 0.032963258 | AI5: 0.032943129 | AJ5: 0.032948539 | AK5: 0.032948539 | AL5: 0.011356392 | AM5: 0.0097211379 | AN5: 0.0086433132 | AO5: 0.0074668917 | AP5: 0.0067277113 | AQ5: 0.0066156339 | AR5: 0.0065978296 | AS5: 0.0066026126 | AT5: 0.0066026126
B6: TLECGSL | C6: TL.GSL.C.Existing fleet | D6: 0.187 | E6: 0.187 | F6: 0.187 | G6: 0.187 | H6: 0.187 | I6: 0.187 | J6: 0.187 | K6: 0.32208771 | L6: 0.14762243 | M6: 0.11012303 | N6: 0.079185885 | O6: 0.061480985 | P6: 0.056146365 | Q6: 0.055613052 | R6: 0.055587066 | S6: 0.055587066 | T6: 0.0065842526 | U6: 0.0021407767 | V6: 0.0018057388 | W6: 0.0015104916 | X6: 0.0013524278 | Y6: 0.0013087542 | Z6: 0.0013048051 | AA6: 0.0013041984 | AB6: 0.0013041984 | AC6: 0.038322364 | AD6: 0.036473825 | AE6: 0.035255419 | AF6: 0.033925553 | AG6: 0.033089959 | AH6: 0.032963258 | AI6: 0.032943129 | AJ6: 0.032948539 | AK6: 0.032948539 | AL6: 0.011356392 | AM6: 0.0097211379 | AN6: 0.0086433132 | AO6: 0.0074668917 | AP6: 0.0067277113 | AQ6: 0.0066156339 | AR6: 0.0065978296 | AS6: 0.0066026126 | AT6: 0.0066026126
B7: TLEFDSL | C7: TL.DSL.F.Existing fleet | D7: 0.18 | E7: 0.18 | F7: 0.18 | G7: 0.18 | H7: 0.18 | I7: 0.18 | J7: 0.18 | K7: 0.33479805 | L7: 0.17279825 | M7: 0.12317848 | N7: 0.071764395 | O7: 0.04864317 | P7: 0.042515328 | Q7: 0.041768431 | R7: 0.041644852 | S7: 0.041644852 | T7: 0.0034397378 | U7: 0.002942135 | V7: 0.0023420273 | W7: 0.0019329267 | X7: 0.0017285728 | Y7: 0.0016724434 | Z7: 0.0016673504 | AA7: 0.0016665714 | AB7: 0.0016665714 | AC7: 0.035768981 | AD7: 0.035224302 | AE7: 0.034739303 | AF7: 0.033661351 | AG7: 0.03292756 | AH7: 0.032835659 | AI7: 0.032811813 | AJ7: 0.032808645 | AK7: 0.032808645 | AL7: 0.0093030959 | AM7: 0.0088020003 | AN7: 0.0083558183 | AO7: 0.0073641054 | AP7: 0.0066890192 | AQ7: 0.0066044725 | AR7: 0.0065825303 | AS7: 0.0065796177 | AT7: 0.0065796177
B8: TLEFGSL | C8: TL.GSL.F.Existing fleet | D8: 0.166 | E8: 0.166 | F8: 0.166 | G8: 0.166 | H8: 0.166 | I8: 0.166 | J8: 0.166 | K8: 0.32208771 | L8: 0.14762243 | M8: 0.11012303 | N8: 0.079185885 | O8: 0.061480985 | P8: 0.056146365 | Q8: 0.055613052 | R8: 0.055587066 | S8: 0.055587066 | T8: 0.0065842526 | U8: 0.0021407767 | V8: 0.0018057388 | W8: 0.0015104916 | X8: 0.0013524278 | Y8: 0.0013087542 | Z8: 0.0013048051 | AA8: 0.0013041984 | AB8: 0.0013041984 | AC8: 0.038322364 | AD8: 0.036473825 | AE8: 0.035255419 | AF8: 0.033925553 | AG8: 0.033089959 | AH8: 0.032963258 | AI8: 0.032943129 | AJ8: 0.032948539 | AK8: 0.032948539 | AL8: 0.011356392 | AM8: 0.0097211379 | AN8: 0.0086433132 | AO8: 0.0074668917 | AP8: 0.0067277113 | AQ8: 0.0066156339 | AR8: 0.0065978296 | AS8: 0.0066026126 | AT8: 0.0066026126
B9: TLESSGSL | C9: TL.GSL.SS.Existing fleet | D9: 0.158 | E9: 0.158 | F9: 0.158 | G9: 0.158 | H9: 0.158 | I9: 0.158 | J9: 0.158 | K9: 0.65533465 | L9: 0.23747314 | M9: 0.17135868 | N9: 0.11450547 | O9: 0.073896721 | P9: 0.063977663 | Q9: 0.062506206 | R9: 0.061988465 | S9: 0.061988465 | T9: 0.0088534928 | U9: 0.0028012255 | V9: 0.0023356257 | W9: 0.0020132364 | X9: 0.0018135501 | Y9: 0.0017535054 | Z9: 0.0017465986 | AA9: 0.0017442083 | AB9: 0.0017442083 | AC9: 0.054362379 | AD9: 0.052133188 | AE9: 0.050746207 | AF9: 0.049017581 | AG9: 0.047843144 | AH9: 0.047688453 | AI9: 0.047638518 | AJ9: 0.047629366 | AK9: 0.047629366 | AL9: 0.015433623 | AM9: 0.013462581 | AN9: 0.012236203 | AO9: 0.010706947 | AP9: 0.0096679405 | AQ9: 0.0095311126 | AR9: 0.0094869775 | AS9: 0.009478915 | AT9: 0.009478915
B10: TLELSGSL | C10: TL.GSL.LS.Existing fleet | D10: 0.129 | E10: 0.129 | F10: 0.129 | G10: 0.129 | H10: 0.129 | I10: 0.129 | J10: 0.129 | K10: 0.65533465 | L10: 0.23747314 | M10: 0.17135868 | N10: 0.11450547 | O10: 0.073896721 | P10: 0.063977663 | Q10: 0.062506206 | R10: 0.061988465 | S10: 0.061988465 | T10: 0.0088534928 | U10: 0.0028012255 | V10: 0.0023356257 | W10: 0.0020132364 | X10: 0.0018135501 | Y10: 0.0017535054 | Z10: 0.0017465986 | AA10: 0.0017442083 | AB10: 0.0017442083 | AC10: 0.054362379 | AD10: 0.052133188 | AE10: 0.050746207 | AF10: 0.049017581 | AG10: 0.047843144 | AH10: 0.047688453 | AI10: 0.047638518 | AJ10: 0.047629366 | AK10: 0.047629366 | AL10: 0.015433623 | AM10: 0.013462581 | AN10: 0.012236203 | AO10: 0.010706947 | AP10: 0.0096679405 | AQ10: 0.0095311126 | AR10: 0.0094869775 | AS10: 0.009478915 | AT10: 0.009478915
B11: TLEMGSL | C11: TL.GSL.M.Existing Fleet | D11: 0.16 | E11: 0.16 | F11: 0.16 | G11: 0.16 | H11: 0.16 | I11: 0.16 | J11: 0.16 | K11: 0.65533465 | L11: 0.23747314 | M11: 0.17135868 | N11: 0.11450547 | O11: 0.073896721 | P11: 0.063977663 | Q11: 0.062506206 | R11: 0.061988465 | S11: 0.061988465 | T11: 0.0088534928 | U11: 0.0028012255 | V11: 0.0023356257 | W11: 0.0020132364 | X11: 0.0018135501 | Y11: 0.0017535054 | Z11: 0.0017465986 | AA11: 0.0017442083 | AB11: 0.0017442083 | AC11: 0.054362379 | AD11: 0.052133188 | AE11: 0.050746207 | AF11: 0.049017581 | AG11: 0.047843144 | AH11: 0.047688453 | AI11: 0.047638518 | AJ11: 0.047629366 | AK11: 0.047629366 | AL11: 0.015433623 | AM11: 0.013462581 | AN11: 0.012236203 | AO11: 0.010706947 | AP11: 0.0096679405 | AQ11: 0.0095311126 | AR11: 0.0094869775 | AS11: 0.009478915 | AT11: 0.009478915
B12: TLEPGSL | C12: TL.GSL.P.Existing Fleet | D12: 0.132 | E12: 0.132 | F12: 0.132 | G12: 0.132 | H12: 0.132 | I12: 0.132 | J12: 0.132 | K12: 0.65533465 | L12: 0.23747314 | M12: 0.17135868 | N12: 0.11450547 | O12: 0.073896721 | P12: 0.063977663 | Q12: 0.062506206 | R12: 0.061988465 | S12: 0.061988465 | T12: 0.0088534928 | U12: 0.0028012255 | V12: 0.0023356257 | W12: 0.0020132364 | X12: 0.0018135501 | Y12: 0.0017535054 | Z12: 0.0017465986 | AA12: 0.0017442083 | AB12: 0.0017442083 | AC12: 0.054362379 | AD12: 0.052133188 | AE12: 0.050746207 | AF12: 0.049017581 | AG12: 0.047843144 | AH12: 0.047688453 | AI12: 0.047638518 | AJ12: 0.047629366 | AK12: 0.047629366 | AL12: 0.015433623 | AM12: 0.013462581 | AN12: 0.012236203 | AO12: 0.010706947 | AP12: 0.0096679405 | AQ12: 0.0095311126 | AR12: 0.0094869775 | AS12: 0.009478915 | AT12: 0.009478915
B13: TLEPDSL | C13: TL.DSL.P.Existing fleet | D13: 0.154 | E13: 0.154 | F13: 0.154 | G13: 0.154 | H13: 0.154 | I13: 0.154 | J13: 0.154 | K13: 1.986294 | L13: 1.0994421 | M13: 0.63113185 | N13: 0.43497463 | O13: 0.33067837 | P13: 0.31652765 | Q13: 0.31367857 | R13: 0.31264891 | S13: 0.31264891 | T13: 0.0060836625 | U13: 0.0054059153 | V13: 0.0047949015 | W13: 0.0044295223 | X13: 0.0042828785 | Y13: 0.004246944 | Z13: 0.0042418286 | AA13: 0.0042403248 | AB13: 0.0042403248 | AC13: 0.13747807 | AD13: 0.075855112 | AE13: 0.057063979 | AF13: 0.05405557 | AG13: 0.05302877 | AH13: 0.052861755 | AI13: 0.052841711 | AJ13: 0.052834709 | AK13: 0.052834709 | AL13: 0.092111167 | AM13: 0.035422378 | AN13: 0.018134386 | AO13: 0.015366521 | AP13: 0.014421802 | AQ13: 0.014268148 | AR13: 0.014249715 | AS13: 0.014243276 | AT13: 0.014243276
B14: TLEFETHX | C14: TL.E85X.F.Existing fleet | D14: 0.1596 | E14: 0.1596 | F14: 0.1596 | G14: 0.1596 | H14: 0.1596 | I14: 0.1596 | J14: 0.1596 | K14: 0.33115654 | L14: 0.14166503 | M14: 0.11043 | N14: 0.081508084 | O14: 0.06353378 | P14: 0.058075379 | Q14: 0.057430436 | R14: 0.057317909 | S14: 0.057317909 | T14: 0.010766176 | U14: 0.0032446468 | V14: 0.0027403184 | W14: 0.0022831641 | X14: 0.0020449586 | Y14: 0.0019783937 | Z14: 0.0019723148 | AA14: 0.0019713853 | AB14: 0.0019713853 | AC14: 0.038648196 | AD14: 0.036757622 | AE14: 0.035714587 | AF14: 0.034334014 | AG14: 0.033438917 | AH14: 0.033316304 | AI14: 0.033283145 | AJ14: 0.033278807 | AK14: 0.033278807 | AL14: 0.0116387 | AM14: 0.0099722046 | AN14: 0.0090495231 | AO14: 0.0078282459 | AP14: 0.0070364198 | AQ14: 0.006927961 | AR14: 0.0068986412 | AS14: 0.0068948155 | AT14: 0.0068948155
B15: TLEFCNG | C15: TL.CNG.F.Existing fleet | D15: 0.1712 | E15: 0.1712 | F15: 0.1712 | G15: 0.1712 | H15: 0.1712 | I15: 0.1712 | J15: 0.1712 | K15: 0.32208771 | L15: 0.14762243 | M15: 0.11012303 | N15: 0.079185885 | O15: 0.061480985 | P15: 0.056146365 | Q15: 0.055613052 | R15: 0.055587066 | S15: 0.055587066 | T15: 0.0065842526 | U15: 0.0021407767 | V15: 0.0018057388 | W15: 0.0015104916 | X15: 0.0013524278 | Y15: 0.0013087542 | Z15: 0.0013048051 | AA15: 0.0013041984 | AB15: 0.0013041984 | AC15: 0.038322364 | AD15: 0.036473825 | AE15: 0.035255419 | AF15: 0.033925553 | AG15: 0.033089959 | AH15: 0.032963258 | AI15: 0.032943129 | AJ15: 0.032948539 | AK15: 0.032948539 | AL15: 0.011356392 | AM15: 0.0097211379 | AN15: 0.0086433132 | AO15: 0.0074668917 | AP15: 0.0067277113 | AQ15: 0.0066156339 | AR15: 0.0065978296 | AS15: 0.0066026126 | AT15: 0.0066026126
B16: TLEFLPG | C16: TL.LPG.F.Existing fleet | D16: 0.1703 | E16: 0.1703 | F16: 0.1703 | G16: 0.1703 | H16: 0.1703 | I16: 0.1703 | J16: 0.1703 | K16: 0.32208771 | L16: 0.14762243 | M16: 0.11012303 | N16: 0.079185885 | O16: 0.061480985 | P16: 0.056146365 | Q16: 0.055613052 | R16: 0.055587066 | S16: 0.055587066 | T16: 0.0065842526 | U16: 0.0021407767 | V16: 0.0018057388 | W16: 0.0015104916 | X16: 0.0013524278 | Y16: 0.0013087542 | Z16: 0.0013048051 | AA16: 0.0013041984 | AB16: 0.0013041984 | AC16: 0.038322364 | AD16: 0.036473825 | AE16: 0.035255419 | AF16: 0.033925553 | AG16: 0.033089959 | AH16: 0.032963258 | AI16: 0.032943129 | AJ16: 0.032948539 | AK16: 0.032948539 | AL16: 0.011356392 | AM16: 0.0097211379 | AN16: 0.0086433132 | AO16: 0.0074668917 | AP16: 0.0067277113 | AQ16: 0.0066156339 | AR16: 0.0065978296 | AS16: 0.0066026126 | AT16: 0.0066026126
B17: TLEFELC | C17: TL.ELC.F.Existing fleet | D17: 0.7225 | E17: 0.7225 | F17: 0.7225 | G17: 0.7225 | H17: 0.7225 | I17: 0.7225 | J17: 0.7225 | AC17: 0.032574009 | AD17: 0.031002751 | AE17: 0.029967106 | AF17: 0.02883672 | AG17: 0.028126465 | AH17: 0.028018769 | AI17: 0.02800166 | AJ17: 0.028006258 | AK17: 0.028006258 | AL17: 0.0056781959 | AM17: 0.004860569 | AN17: 0.0043216566 | AO17: 0.0037334458 | AP17: 0.0033638556 | AQ17: 0.0033078169 | AR17: 0.0032989148 | AS17: 0.0033013063 | AT17: 0.0033013063
B18: TLMCCONV | C18: TL.GSL.MC.CONV | D18: 0.17026032 | E18: 0.20962535 | F18: 0.25470361 | G18: 0.25572741 | H18: 0.25571251 | I18: 0.25565792 | J18: 0.25565792 | K18: 0.32208771 | L18: 0.14762243 | M18: 0.11012303 | N18: 0.079185885 | O18: 0.061480985 | P18: 0.056146365 | Q18: 0.055613052 | R18: 0.055587066 | S18: 0.055587066 | T18: 0.0065842526 | U18: 0.0021407767 | V18: 0.0018057388 | W18: 0.0015104916 | X18: 0.0013524278 | Y18: 0.0013087542 | Z18: 0.0013048051 | AA18: 0.0013041984 | AB18: 0.0013041984 | AC18: 0.038322364 | AD18: 0.036473825 | AE18: 0.035255419 | AF18: 0.033925553 | AG18: 0.033089959 | AH18: 0.032963258 | AI18: 0.032943129 | AJ18: 0.032948539 | AK18: 0.032948539 | AL18: 0.011356392 | AM18: 0.0097211379 | AN18: 0.0086433132 | AO18: 0.0074668917 | AP18: 0.0067277113 | AQ18: 0.0066156339 | AR18: 0.0065978296 | AS18: 0.0066026126 | AT18: 0.0066026126
B19: TLCCONV | C19: TL.GSL.C.CONV | D19: 0.21859957 | E19: 0.27090368 | F19: 0.32797964 | G19: 0.33183968 | H19: 0.33121378 | I19: 0.33060645 | J19: 0.33060645 | K19: 0.32208771 | L19: 0.14762243 | M19: 0.11012303 | N19: 0.079185885 | O19: 0.061480985 | P19: 0.056146365 | Q19: 0.055613052 | R19: 0.055587066 | S19: 0.055587066 | T19: 0.0065842526 | U19: 0.0021407767 | V19: 0.0018057388 | W19: 0.0015104916 | X19: 0.0013524278 | Y19: 0.0013087542 | Z19: 0.0013048051 | AA19: 0.0013041984 | AB19: 0.0013041984 | AC19: 0.038322364 | AD19: 0.036473825 | AE19: 0.035255419 | AF19: 0.033925553 | AG19: 0.033089959 | AH19: 0.032963258 | AI19: 0.032943129 | AJ19: 0.032948539 | AK19: 0.032948539 | AL19: 0.011356392 | AM19: 0.0097211379 | AN19: 0.0086433132 | AO19: 0.0074668917 | AP19: 0.0067277113 | AQ19: 0.0066156339 | AR19: 0.0065978296 | AS19: 0.0066026126 | AT19: 0.0066026126
B20: TLCDSL | C20: TL.DSL.C.DSL | D20: 0.27327343 | E20: 0.31132764 | F20: 0.35134028 | G20: 0.35492746 | H20: 0.35430564 | I20: 0.35357546 | J20: 0.35357546 | K20: 0.33479805 | L20: 0.17279825 | M20: 0.12317848 | N20: 0.071764395 | O20: 0.04864317 | P20: 0.042515328 | Q20: 0.041768431 | R20: 0.041644852 | S20: 0.041644852 | T20: 0.0034397378 | U20: 0.002942135 | V20: 0.0023420273 | W20: 0.0019329267 | X20: 0.0017285728 | Y20: 0.0016724434 | Z20: 0.0016673504 | AA20: 0.0016665714 | AB20: 0.0016665714 | AC20: 0.035768981 | AD20: 0.035224302 | AE20: 0.034739303 | AF20: 0.033661351 | AG20: 0.03292756 | AH20: 0.032835659 | AI20: 0.032811813 | AJ20: 0.032808645 | AK20: 0.032808645 | AL20: 0.0093030959 | AM20: 0.0088020003 | AN20: 0.0083558183 | AO20: 0.0073641054 | AP20: 0.0066890192 | AQ20: 0.0066044725 | AR20: 0.0065825303 | AS20: 0.0065796177 | AT20: 0.0065796177
B21: TLCDHEV | C21: TL.DSL.C.DHEV | D21: 0.40570059 | E21: 0.40570059 | F21: 0.43935579 | G21: 0.44420424 | H21: 0.44341658 | I21: 0.44311741 | J21: 0.44311741 | K21: 0.33479805 | L21: 0.17279825 | M21: 0.12317848 | N21: 0.071764395 | O21: 0.04864317 | P21: 0.042515328 | Q21: 0.041768431 | R21: 0.041644852 | S21: 0.041644852 | T21: 0.0034397378 | U21: 0.002942135 | V21: 0.0023420273 | W21: 0.0019329267 | X21: 0.0017285728 | Y21: 0.0016724434 | Z21: 0.0016673504 | AA21: 0.0016665714 | AB21: 0.0016665714 | AC21: 0.035768981 | AD21: 0.035224302 | AE21: 0.034739303 | AF21: 0.033661351 | AG21: 0.03292756 | AH21: 0.032835659 | AI21: 0.032811813 | AJ21: 0.032808645 | AK21: 0.032808645 | AL21: 0.0093030959 | AM21: 0.0088020003 | AN21: 0.0083558183 | AO21: 0.0073641054 | AP21: 0.0066890192 | AQ21: 0.0066044725 | AR21: 0.0065825303 | AS21: 0.0065796177 | AT21: 0.0065796177
B22: TLCETHX | C22: TL.E85X.C.ETHX | D22: 0.21859957 | E22: 0.27090368 | F22: 0.32797964 | G22: 0.33183968 | H22: 0.33121378 | I22: 0.33060645 | J22: 0.33060645 | K22: 0.33115654 | L22: 0.14166503 | M22: 0.11043 | N22: 0.081508084 | O22: 0.06353378 | P22: 0.058075379 | Q22: 0.057430436 | R22: 0.057317909 | S22: 0.057317909 | T22: 0.010766176 | U22: 0.0032446468 | V22: 0.0027403184 | W22: 0.0022831641 | X22: 0.0020449586 | Y22: 0.0019783937 | Z22: 0.0019723148 | AA22: 0.0019713853 | AB22: 0.0019713853 | AC22: 0.038648196 | AD22: 0.036757622 | AE22: 0.035714587 | AF22: 0.034334014 | AG22: 0.033438917 | AH22: 0.033316304 | AI22: 0.033283145 | AJ22: 0.033278807 | AK22: 0.033278807 | AL22: 0.0116387 | AM22: 0.0099722046 | AN22: 0.0090495231 | AO22: 0.0078282459 | AP22: 0.0070364198 | AQ22: 0.006927961 | AR22: 0.0068986412 | AS22: 0.0068948155 | AT22: 0.0068948155
B23: TLCHEV | C23: TL.GSL.C.HEV | D23: 0.31526727 | E23: 0.37685368 | F23: 0.43786173 | G23: 0.44380134 | H23: 0.44317887 | I23: 0.44283487 | J23: 0.44283487 | K23: 0.32208771 | L23: 0.14762243 | M23: 0.11012303 | N23: 0.079185885 | O23: 0.061480985 | P23: 0.056146365 | Q23: 0.055613052 | R23: 0.055587066 | S23: 0.055587066 | T23: 0.0065842526 | U23: 0.0021407767 | V23: 0.0018057388 | W23: 0.0015104916 | X23: 0.0013524278 | Y23: 0.0013087542 | Z23: 0.0013048051 | AA23: 0.0013041984 | AB23: 0.0013041984 | AC23: 0.038322364 | AD23: 0.036473825 | AE23: 0.035255419 | AF23: 0.033925553 | AG23: 0.033089959 | AH23: 0.032963258 | AI23: 0.032943129 | AJ23: 0.032948539 | AK23: 0.032948539 | AL23: 0.011356392 | AM23: 0.0097211379 | AN23: 0.0086433132 | AO23: 0.0074668917 | AP23: 0.0067277113 | AQ23: 0.0066156339 | AR23: 0.0065978296 | AS23: 0.0066026126 | AT23: 0.0066026126
B24: TLFCONV | C24: TL.GSL.F.CONV | D24: 0.21371318 | E24: 0.26327044 | F24: 0.32311395 | G24: 0.3263575 | H24: 0.32637332 | I24: 0.32603926 | J24: 0.32603926 | K24: 0.32208771 | L24: 0.14762243 | M24: 0.11012303 | N24: 0.079185885 | O24: 0.061480985 | P24: 0.056146365 | Q24: 0.055613052 | R24: 0.055587066 | S24: 0.055587066 | T24: 0.0065842526 | U24: 0.0021407767 | V24: 0.0018057388 | W24: 0.0015104916 | X24: 0.0013524278 | Y24: 0.0013087542 | Z24: 0.0013048051 | AA24: 0.0013041984 | AB24: 0.0013041984 | AC24: 0.038322364 | AD24: 0.036473825 | AE24: 0.035255419 | AF24: 0.033925553 | AG24: 0.033089959 | AH24: 0.032963258 | AI24: 0.032943129 | AJ24: 0.032948539 | AK24: 0.032948539 | AL24: 0.011356392 | AM24: 0.0097211379 | AN24: 0.0086433132 | AO24: 0.0074668917 | AP24: 0.0067277113 | AQ24: 0.0066156339 | AR24: 0.0065978296 | AS24: 0.0066026126 | AT24: 0.0066026126
B25: TLFDHEV | C25: TL.DSL.F.DHEV | D25: 0.46429545 | E25: 0.46429545 | F25: 0.46429545 | G25: 0.46929576 | H25: 0.46863627 | I25: 0.46809402 | J25: 0.46809402 | K25: 0.33479805 | L25: 0.17279825 | M25: 0.12317848 | N25: 0.071764395 | O25: 0.04864317 | P25: 0.042515328 | Q25: 0.041768431 | R25: 0.041644852 | S25: 0.041644852 | T25: 0.0034397378 | U25: 0.002942135 | V25: 0.0023420273 | W25: 0.0019329267 | X25: 0.0017285728 | Y25: 0.0016724434 | Z25: 0.0016673504 | AA25: 0.0016665714 | AB25: 0.0016665714 | AC25: 0.035768981 | AD25: 0.035224302 | AE25: 0.034739303 | AF25: 0.033661351 | AG25: 0.03292756 | AH25: 0.032835659 | AI25: 0.032811813 | AJ25: 0.032808645 | AK25: 0.032808645 | AL25: 0.0093030959 | AM25: 0.0088020003 | AN25: 0.0083558183 | AO25: 0.0073641054 | AP25: 0.0066890192 | AQ25: 0.0066044725 | AR25: 0.0065825303 | AS25: 0.0065796177 | AT25: 0.0065796177
B26: TLFDSL | C26: TL.DSL.F.DSL | D26: 0.26685167 | E26: 0.2962221 | F26: 0.33631882 | G26: 0.33943833 | H26: 0.3394504 | I26: 0.33914415 | J26: 0.33914415 | K26: 0.33479805 | L26: 0.17279825 | M26: 0.12317848 | N26: 0.071764395 | O26: 0.04864317 | P26: 0.042515328 | Q26: 0.041768431 | R26: 0.041644852 | S26: 0.041644852 | T26: 0.0034397378 | U26: 0.002942135 | V26: 0.0023420273 | W26: 0.0019329267 | X26: 0.0017285728 | Y26: 0.0016724434 | Z26: 0.0016673504 | AA26: 0.0016665714 | AB26: 0.0016665714 | AC26: 0.035768981 | AD26: 0.035224302 | AE26: 0.034739303 | AF26: 0.033661351 | AG26: 0.03292756 | AH26: 0.032835659 | AI26: 0.032811813 | AJ26: 0.032808645 | AK26: 0.032808645 | AL26: 0.0093030959 | AM26: 0.0088020003 | AN26: 0.0083558183 | AO26: 0.0073641054 | AP26: 0.0066890192 | AQ26: 0.0066044725 | AR26: 0.0065825303 | AS26: 0.0065796177 | AT26: 0.0065796177
B27: TLFETHX | C27: TL.E85X.F.ETHX | D27: 0.21371318 | E27: 0.26327044 | F27: 0.32311395 | G27: 0.3263575 | H27: 0.32637332 | I27: 0.32603926 | J27: 0.32603926 | K27: 0.33115654 | L27: 0.14166503 | M27: 0.11043 | N27: 0.081508084 | O27: 0.06353378 | P27: 0.058075379 | Q27: 0.057430436 | R27: 0.057317909 | S27: 0.057317909 | T27: 0.010766176 | U27: 0.0032446468 | V27: 0.0027403184 | W27: 0.0022831641 | X27: 0.0020449586 | Y27: 0.0019783937 | Z27: 0.0019723148 | AA27: 0.0019713853 | AB27: 0.0019713853 | AC27: 0.038648196 | AD27: 0.036757622 | AE27: 0.035714587 | AF27: 0.034334014 | AG27: 0.033438917 | AH27: 0.033316304 | AI27: 0.033283145 | AJ27: 0.033278807 | AK27: 0.033278807 | AL27: 0.0116387 | AM27: 0.0099722046 | AN27: 0.0090495231 | AO27: 0.0078282459 | AP27: 0.0070364198 | AQ27: 0.006927961 | AR27: 0.0068986412 | AS27: 0.0068948155 | AT27: 0.0068948155
B28: TLFHEV | C28: TL.GSL.F.HEV | D28: 0.30408689 | E28: 0.36346079 | F28: 0.4294685 | G28: 0.43448027 | H28: 0.43403897 | I28: 0.433946 | J28: 0.433946 | K28: 0.32208771 | L28: 0.14762243 | M28: 0.11012303 | N28: 0.079185885 | O28: 0.061480985 | P28: 0.056146365 | Q28: 0.055613052 | R28: 0.055587066 | S28: 0.055587066 | T28: 0.0065842526 | U28: 0.0021407767 | V28: 0.0018057388 | W28: 0.0015104916 | X28: 0.0013524278 | Y28: 0.0013087542 | Z28: 0.0013048051 | AA28: 0.0013041984 | AB28: 0.0013041984 | AC28: 0.038322364 | AD28: 0.036473825 | AE28: 0.035255419 | AF28: 0.033925553 | AG28: 0.033089959 | AH28: 0.032963258 | AI28: 0.032943129 | AJ28: 0.032948539 | AK28: 0.032948539 | AL28: 0.011356392 | AM28: 0.0097211379 | AN28: 0.0086433132 | AO28: 0.0074668917 | AP28: 0.0067277113 | AQ28: 0.0066156339 | AR28: 0.0065978296 | AS28: 0.0066026126 | AT28: 0.0066026126
B29: TLMCONV | C29: TL.GSL.M.CONV | D29: 0.16516582 | E29: 0.19376696 | F29: 0.26130562 | G29: 0.26383883 | H29: 0.2650537 | I29: 0.26474318 | J29: 0.26474318 | K29: 0.65533465 | L29: 0.23747314 | M29: 0.17135868 | N29: 0.11450547 | O29: 0.073896721 | P29: 0.063977663 | Q29: 0.062506206 | R29: 0.061988465 | S29: 0.061988465 | T29: 0.0088534928 | U29: 0.0028012255 | V29: 0.0023356257 | W29: 0.0020132364 | X29: 0.0018135501 | Y29: 0.0017535054 | Z29: 0.0017465986 | AA29: 0.0017442083 | AB29: 0.0017442083 | AC29: 0.054362379 | AD29: 0.052133188 | AE29: 0.050746207 | AF29: 0.049017581 | AG29: 0.047843144 | AH29: 0.047688453 | AI29: 0.047638518 | AJ29: 0.047629366 | AK29: 0.047629366 | AL29: 0.015433623 | AM29: 0.013462581 | AN29: 0.012236203 | AO29: 0.010706947 | AP29: 0.0096679405 | AQ29: 0.0095311126 | AR29: 0.0094869775 | AS29: 0.009478915 | AT29: 0.009478915
... B70: TLCCNG | C70: TL.CNG.C.CNG | D70: 0.23710417 | E70: 0.29538801 | F70: 0.3621337 | G70: 0.36636751 | H70: 0.36572322 | I70: 0.36493225 | J70: 0.36493225 | K70: 0.32208771 | L70: 0.14762243 | M70: 0.11012303 | N70: 0.079185885 | O70: 0.061480985 | P70: 0.056146365 | Q70: 0.055613052 | R70: 0.055587066 | S70: 0.055587066 | T70: 0.0065842526 | U70: 0.0021407767 | V70: 0.0018057388 | W70: 0.0015104916 | X70: 0.0013524278 | Y70: 0.0013087542 | Z70: 0.0013048051 | AA70: 0.0013041984 | AB70: 0.0013041984 | AC70: 0.038322364 | AD70: 0.036473825 | AE70: 0.035255419 | AF70: 0.033925553 | AG70: 0.033089959 | AH70: 0.032963258 | AI70: 0.032943129 | AJ70: 0.032948539 | AK70: 0.032948539 | AL70: 0.011356392 | AM70: 0.0097211379 | AN70: 0.0086433132 | AO70: 0.0074668917 | AP70: 0.0067277113 | AQ70: 0.0066156339 | AR70: 0.0065978296 | AS70: 0.0066026126 | AT70: 0.0066026126
A71: * | B71: TLCCNGX | C71: TL.CNGX.C.CNGX | D71: 0.21959781 | E71: 0.27352499 | F71: 0.33518895 | G71: 0.33909317 | H71: 0.33833308 | I71: 0.33757918 | J71: 0.33757918 | K71: 0.32208771 | L71: 0.14762243 | M71: 0.11012303 | N71: 0.079185885 | O71: 0.061480985 | P71: 0.056146365 | Q71: 0.055613052 | R71: 0.055587066 | S71: 0.055587066 | T71: 0.0065842526 | U71: 0.0021407767 | V71: 0.0018057388 | W71: 0.0015104916 | X71: 0.0013524278 | Y71: 0.0013087542 | Z71: 0.0013048051 | AA71: 0.0013041984 | AB71: 0.0013041984 | AC71: 0.038322364 | AD71: 0.036473825 | AE71: 0.035255419 | AF71: 0.033925553 | AG71: 0.033089959 | AH71: 0.032963258 | AI71: 0.032943129 | AJ71: 0.032948539 | AK71: 0.032948539 | AL71: 0.011356392 | AM71: 0.0097211379 | AN71: 0.0086433132 | AO71: 0.0074668917 | AP71: 0.0067277113 | AQ71: 0.0066156339 | AR71: 0.0065978296 | AS71: 0.0066026126 | AT71: 0.0066026126
B72: TLFCNG | C72: TL.CNG.F.CNG | D72: 0.20585098 | E72: 0.26810122 | F72: 0.3342709 | G72: 0.33891059 | H72: 0.34007257 | I72: 0.34079271 | J72: 0.34079271 | K72: 0.32208771 | L72: 0.14762243 | M72: 0.11012303 | N72: 0.079185885 | O72: 0.061480985 | P72: 0.056146365 | Q72: 0.055613052 | R72: 0.055587066 | S72: 0.055587066 | T72: 0.0065842526 | U72: 0.0021407767 | V72: 0.0018057388 | W72: 0.0015104916 | X72: 0.0013524278 | Y72: 0.0013087542 | Z72: 0.0013048051 | AA72: 0.0013041984 | AB72: 0.0013041984 | AC72: 0.038322364 | AD72: 0.036473825 | AE72: 0.035255419 | AF72: 0.033925553 | AG72: 0.033089959 | AH72: 0.032963258 | AI72: 0.032943129 | AJ72: 0.032948539 | AK72: 0.032948539 | AL72: 0.011356392 | AM72: 0.0097211379 | AN72: 0.0086433132 | AO72: 0.0074668917 | AP72: 0.0067277113 | AQ72: 0.0066156339 | AR72: 0.0065978296 | AS72: 0.0066026126 | AT72: 0.0066026126
A73: * | B73: TLFCNGX | C73: TL.CNGX.F.CNGX | D73: 0.19074635 | E73: 0.2492436 | F73: 0.31124807 | G73: 0.31581276 | H73: 0.31724315 | I73: 0.31797114 | J73: 0.31797114 | K73: 0.32208771 | L73: 0.14762243 | M73: 0.11012303 | N73: 0.079185885 | O73: 0.061480985 | P73: 0.056146365 | Q73: 0.055613052 | R73: 0.055587066 | S73: 0.055587066 | T73: 0.0065842526 | U73: 0.0021407767 | V73: 0.0018057388 | W73: 0.0015104916 | X73: 0.0013524278 | Y73: 0.0013087542 | Z73: 0.0013048051 | AA73: 0.0013041984 | AB73: 0.0013041984 | AC73: 0.038322364 | AD73: 0.036473825 | AE73: 0.035255419 | AF73: 0.033925553 | AG73: 0.033089959 | AH73: 0.032963258 | AI73: 0.032943129 | AJ73: 0.032948539 | AK73: 0.032948539 | AL73: 0.011356392 | AM73: 0.0097211379 | AN73: 0.0086433132 | AO73: 0.0074668917 | AP73: 0.0067277113 | AQ73: 0.0066156339 | AR73: 0.0065978296 | AS73: 0.0066026126 | AT73: 0.0066026126
B74: TLMCNG | C74: TL.CNG.M.CNG | D74: 0.1784285 | E74: 0.20690191 | F74: 0.27683065 | G74: 0.27972055 | H74: 0.28122321 | I74: 0.28149304 | J74: 0.28149304 | K74: 0.65533465 | L74: 0.23747314 | M74: 0.17135868 | N74: 0.11450547 | O74: 0.073896721 | P74: 0.063977663 | Q74: 0.062506206 | R74: 0.061988465 | S74: 0.061988465 | T74: 0.0088534928 | U74: 0.0028012255 | V74: 0.0023356257 | W74: 0.0020132364 | X74: 0.0018135501 | Y74: 0.0017535054 | Z74: 0.0017465986 | AA74: 0.0017442083 | AB74: 0.0017442083 | AC74: 0.054362379 | AD74: 0.052133188 | AE74: 0.050746207 | AF74: 0.049017581 | AG74: 0.047843144 | AH74: 0.047688453 | AI74: 0.047638518 | AJ74: 0.047629366 | AK74: 0.047629366 | AL74: 0.015433623 | AM74: 0.013462581 | AN74: 0.012236203 | AO74: 0.010706947 | AP74: 0.0096679405 | AQ74: 0.0095311126 | AR74: 0.0094869775 | AS74: 0.009478915 | AT74: 0.009478915
A75: * | B75: TLMCNGX | C75: TL.CNGX.M.CNGX | D75: 0.16499091 | E75: 0.19343883 | F75: 0.25822098 | G75: 0.26114589 | H75: 0.26266237 | I75: 0.26253935 | J75: 0.26253935 | K75: 0.65533465 | L75: 0.23747314 | M75: 0.17135868 | N75: 0.11450547 | O75: 0.073896721 | P75: 0.063977663 | Q75: 0.062506206 | R75: 0.061988465 | S75: 0.061988465 | T75: 0.0088534928 | U75: 0.0028012255 | V75: 0.0023356257 | W75: 0.0020132364 | X75: 0.0018135501 | Y75: 0.0017535054 | Z75: 0.0017465986 | AA75: 0.0017442083 | AB75: 0.0017442083 | AC75: 0.054362379 | AD75: 0.052133188 | AE75: 0.050746207 | AF75: 0.049017581 | AG75: 0.047843144 | AH75: 0.047688453 | AI75: 0.047638518 | AJ75: 0.047629366 | AK75: 0.047629366 | AL75: 0.015433623 | AM75: 0.013462581 | AN75: 0.012236203 | AO75: 0.010706947 | AP75: 0.0096679405 | AQ75: 0.0095311126 | AR75: 0.0094869775 | AS75: 0.009478915 | AT75: 0.009478915
B76: TLPCNG | C76: TL.CNG.P.CNG | D76: 0.17714883 | E76: 0.19722086 | F76: 0.24250019 | G76: 0.24499686 | H76: 0.24675509 | I76: 0.24650936 | J76: 0.24650936 | K76: 0.65533465 | L76: 0.23747314 | M76: 0.17135868 | N76: 0.11450547 | O76: 0.073896721 | P76: 0.063977663 | Q76: 0.062506206 | R76: 0.061988465 | S76: 0.061988465 | T76: 0.0088534928 | U76: 0.0028012255 | V76: 0.0023356257 | W76: 0.0020132364 | X76: 0.0018135501 | Y76: 0.0017535054 | Z76: 0.0017465986 | AA76: 0.0017442083 | AB76: 0.0017442083 | AC76: 0.054362379 | AD76: 0.052133188 | AE76: 0.050746207 | AF76: 0.049017581 | AG76: 0.047843144 | AH76: 0.047688453 | AI76: 0.047638518 | AJ76: 0.047629366 | AK76: 0.047629366 | AL76: 0.015433623 | AM76: 0.013462581 | AN76: 0.012236203 | AO76: 0.010706947 | AP76: 0.0096679405 | AQ76: 0.0095311126 | AR76: 0.0094869775 | AS76: 0.009478915 | AT76: 0.009478915
A77: * | B77: TLPCNGX | C77: TL.CNGX.P.CNGX | D77: 0.16388628 | E77: 0.18398156 | F77: 0.22683177 | G77: 0.229359 | H77: 0.23090351 | I77: 0.23063886 | J77: 0.23063886 | K77: 0.65533465 | L77: 0.23747314 | M77: 0.17135868 | N77: 0.11450547 | O77: 0.073896721 | P77: 0.063977663 | Q77: 0.062506206 | R77: 0.061988465 | S77: 0.061988465 | T77: 0.0088534928 | U77: 0.0028012255 | V77: 0.0023356257 | W77: 0.0020132364 | X77: 0.0018135501 | Y77: 0.0017535054 | Z77: 0.0017465986 | AA77: 0.0017442083 | AB77: 0.0017442083 | AC77: 0.054362379 | AD77: 0.052133188 | AE77: 0.050746207 | AF77: 0.049017581 | AG77: 0.047843144 | AH77: 0.047688453 | AI77: 0.047638518 | AJ77: 0.047629366 | AK77: 0.047629366 | AL77: 0.015433623 | AM77: 0.013462581 | AN77: 0.012236203 | AO77: 0.010706947 | AP77: 0.0096679405 | AQ77: 0.0095311126 | AR77: 0.0094869775 | AS77: 0.009478915 | AT77: 0.009478915
B78: TLCLPG | C78: TL.LPG.C.LPG | D78: 0.21960157 | E78: 0.27353849 | F78: 0.33523297 | G78: 0.33920699 | H78: 0.33848529 | I78: 0.33777918 | J78: 0.33777918 | K78: 0.32208771 | L78: 0.14762243 | M78: 0.11012303 | N78: 0.079185885 | O78: 0.061480985 | P78: 0.056146365 | Q78: 0.055613052 | R78: 0.055587066 | S78: 0.055587066 | T78: 0.0065842526 | U78: 0.0021407767 | V78: 0.0018057388 | W78: 0.0015104916 | X78: 0.0013524278 | Y78: 0.0013087542 | Z78: 0.0013048051 | AA78: 0.0013041984 | AB78: 0.0013041984 | AC78: 0.038322364 | AD78: 0.036473825 | AE78: 0.035255419 | AF78: 0.033925553 | AG78: 0.033089959 | AH78: 0.032963258 | AI78: 0.032943129 | AJ78: 0.032948539 | AK78: 0.032948539 | AL78: 0.011356392 | AM78: 0.0097211379 | AN78: 0.0086433132 | AO78: 0.0074668917 | AP78: 0.0067277113 | AQ78: 0.0066156339 | AR78: 0.0065978296 | AS78: 0.0066026126 | AT78: 0.0066026126
B79: TLFLPG | C79: TL.LPG.F.LPG | D79: 0.2111553 | E79: 0.26138222 | F79: 0.32150523 | G79: 0.32490755 | H79: 0.32507252 | I79: 0.32482556 | J79: 0.32482556 | K79: 0.32208771 | L79: 0.14762243 | M79: 0.11012303 | N79: 0.079185885 | O79: 0.061480985 | P79: 0.056146365 | Q79: 0.055613052 | R79: 0.055587066 | S79: 0.055587066 | T79: 0.0065842526 | U79: 0.0021407767 | V79: 0.0018057388 | W79: 0.0015104916 | X79: 0.0013524278 | Y79: 0.0013087542 | Z79: 0.0013048051 | AA79: 0.0013041984 | AB79: 0.0013041984 | AC79: 0.038322364 | AD79: 0.036473825 | AE79: 0.035255419 | AF79: 0.033925553 | AG79: 0.033089959 | AH79: 0.032963258 | AI79: 0.032943129 | AJ79: 0.032948539 | AK79: 0.032948539 | AL79: 0.011356392 | AM79: 0.0097211379 | AN79: 0.0086433132 | AO79: 0.0074668917 | AP79: 0.0067277113 | AQ79: 0.0066156339 | AR79: 0.0065978296 | AS79: 0.0066026126 | AT79: 0.0066026126
A80: * | B80: TLMLPG | C80: TL.LPG.M.LPG | D80: 0.17174095 | E80: 0.20040423 | F80: 0.26814428 | G80: 0.27096807 | H80: 0.27235137 | I80: 0.27229866 | J80: 0.27229866 | K80: 0.65533465 | L80: 0.23747314 | M80: 0.17135868 | N80: 0.11450547 | O80: 0.073896721 | P80: 0.063977663 | Q80: 0.062506206 | R80: 0.061988465 | S80: 0.061988465 | T80: 0.0088534928 | U80: 0.0028012255 | V80: 0.0023356257 | W80: 0.0020132364 | X80: 0.0018135501 | Y80: 0.0017535054 | Z80: 0.0017465986 | AA80: 0.0017442083 | AB80: 0.0017442083 | AC80: 0.054362379 | AD80: 0.052133188 | AE80: 0.050746207 | AF80: 0.049017581 | AG80: 0.047843144 | AH80: 0.047688453 | AI80: 0.047638518 | AJ80: 0.047629366 | AK80: 0.047629366 | AL80: 0.015433623 | AM80: 0.013462581 | AN80: 0.012236203 | AO80: 0.010706947 | AP80: 0.0096679405 | AQ80: 0.0095311126 | AR80: 0.0094869775 | AS80: 0.009478915 | AT80: 0.009478915
B81: TLMLPG | C81: TL.LPG.M.LPG | D81: 0.17174095 | E81: 0.20040423 | F81: 0.26814428 | G81: 0.27096807 | H81: 0.27235137 | I81: 0.27229866 | J81: 0.27229866 | K81: 0.65533465 | L81: 0.23747314 | M81: 0.17135868 | N81: 0.11450547 | O81: 0.073896721 | P81: 0.063977663 | Q81: 0.062506206 | R81: 0.061988465 | S81: 0.061988465 | T81: 0.0088534928 | U81: 0.0028012255 | V81: 0.0023356257 | W81: 0.0020132364 | X81: 0.0018135501 | Y81: 0.0017535054 | Z81: 0.0017465986 | AA81: 0.0017442083 | AB81: 0.0017442083 | AC81: 0.054362379 | AD81: 0.052133188 | AE81: 0.050746207 | AF81: 0.049017581 | AG81: 0.047843144 | AH81: 0.047688453 | AI81: 0.047638518 | AJ81: 0.047629366 | AK81: 0.047629366 | AL81: 0.015433623 | AM81: 0.013462581 | AN81: 0.012236203 | AO81: 0.010706947 | AP81: 0.0096679405 | AQ81: 0.0095311126 | AR81: 0.0094869775 | AS81: 0.009478915 | AT81: 0.009478915
B82: TLPLPG | C82: TL.LPG.P.LPG | D82: 0.17055003 | E82: 0.19089182 | F82: 0.23520777 | G82: 0.23770685 | H82: 0.23932224 | I82: 0.23906837 | J82: 0.23906837 | K82: 0.65533465 | L82: 0.23747314 | M82: 0.17135868 | N82: 0.11450547 | O82: 0.073896721 | P82: 0.063977663 | Q82: 0.062506206 | R82: 0.061988465 | S82: 0.061988465 | T82: 0.0088534928 | U82: 0.0028012255 | V82: 0.0023356257 | W82: 0.0020132364 | X82: 0.0018135501 | Y82: 0.0017535054 | Z82: 0.0017465986 | AA82: 0.0017442083 | AB82: 0.0017442083 | AC82: 0.054362379 | AD82: 0.052133188 | AE82: 0.050746207 | AF82: 0.049017581 | AG82: 0.047843144 | AH82: 0.047688453 | AI82: 0.047638518 | AJ82: 0.047629366 | AK82: 0.047629366 | AL82: 0.015433623 | AM82: 0.013462581 | AN82: 0.012236203 | AO82: 0.010706947 | AP82: 0.0096679405 | AQ82: 0.0095311126 | AR82: 0.0094869775 | AS82: 0.009478915 | AT82: 0.009478915
A83: * | B83: TLPLPG | C83: TL.LPG.P.LPG | D83: 0.17055003 | E83: 0.19089182 | F83: 0.23520777 | G83: 0.23770685 | H83: 0.23932224 | I83: 0.23906837 | J83: 0.23906837 | K83: 0.65533465 | L83: 0.23747314 | M83: 0.17135868 | N83: 0.11450547 | O83: 0.073896721 | P83: 0.063977663 | Q83: 0.062506206 | R83: 0.061988465 | S83: 0.061988465 | T83: 0.0088534928 | U83: 0.0028012255 | V83: 0.0023356257 | W83: 0.0020132364 | X83: 0.0018135501 | Y83: 0.0017535054 | Z83: 0.0017465986 | AA83: 0.0017442083 | AB83: 0.0017442083 | AC83: 0.054362379 | AD83: 0.052133188 | AE83: 0.050746207 | AF83: 0.049017581 | AG83: 0.047843144 | AH83: 0.047688453 | AI83: 0.047638518 | AJ83: 0.047629366 | AK83: 0.047629366 | AL83: 0.015433623 | AM83: 0.013462581 | AN83: 0.012236203 | AO83: 0.010706947 | AP83: 0.0096679405 | AQ83: 0.0095311126 | AR83: 0.0094869775 | AS83: 0.009478915 | AT83: 0.009478915
B84: TLCFCH | C84: TL.H2.C.FCH | D84: 0 | E84: 0 | F84: 0.38398553 | G84: 0.38642767 | H84: 0.38643187 | I84: 0.38643612 | J84: 0.38643612 | AC84: 0.027687908 | AD84: 0.026352338 | AE84: 0.02547204 | AF84: 0.024511212 | AG84: 0.023907495 | AH84: 0.023815954 | AI84: 0.023801411 | AJ84: 0.023805319 | AK84: 0.023805319 | AL84: 0.002839098 | AM84: 0.0024302845 | AN84: 0.0021608283 | AO84: 0.0018667229 | AP84: 0.0016819278 | AQ84: 0.0016539085 | AR84: 0.0016494574 | AS84: 0.0016506532 | AT84: 0.0016506532
B85: TLFFCH | C85: TL.H2.F.FCH | D85: 0 | E85: 0 | F85: 0 | G85: 0.34510958 | H85: 0.3451104 | I85: 0.34511073 | J85: 0.34511073 | AC85: 0.027687908 | AD85: 0.026352338 | AE85: 0.02547204 | AF85: 0.024511212 | AG85: 0.023907495 | AH85: 0.023815954 | AI85: 0.023801411 | AJ85: 0.023805319 | AK85: 0.023805319 | AL85: 0.002839098 | AM85: 0.0024302845 | AN85: 0.0021608283 | AO85: 0.0018667229 | AP85: 0.0016819278 | AQ85: 0.0016539085 | AR85: 0.0016494574 | AS85: 0.0016506532 | AT85: 0.0016506532
B86: TLMFCH | C86: TL.H2.M.FCH | D86: 0 | E86: 0 | F86: 0 | G86: 0.31008619 | H86: 0.31008631 | I86: 0.3100864 | J86: 0.3100864 | AC86: 0.027687908 | AD86: 0.026352338 | AE86: 0.02547204 | AF86: 0.024511212 | AG86: 0.023907495 | AH86: 0.023815954 | AI86: 0.023801411 | AJ86: 0.023805319 | AK86: 0.023805319 | AL86: 0.002839098 | AM86: 0.0024302845 | AN86: 0.0021608283 | AO86: 0.0018667229 | AP86: 0.0016819278 | AQ86: 0.0016539085 | AR86: 0.0016494574 | AS86: 0.0016506532 | AT86: 0.0016506532
B87: TLSSFCH | C87: TL.H2.SS.FCH | D87: 0 | E87: 0 | F87: 0 | G87: 0.33133298 | H87: 0.33137206 | I87: 0.33145026 | J87: 0.33145026 | AC87: 0.027687908 | AD87: 0.026352338 | AE87: 0.02547204 | AF87: 0.024511212 | AG87: 0.023907495 | AH87: 0.023815954 | AI87: 0.023801411 | AJ87: 0.023805319 | AK87: 0.023805319 | AL87: 0.002839098 | AM87: 0.0024302845 | AN87: 0.0021608283 | AO87: 0.0018667229 | AP87: 0.0016819278 | AQ87: 0.0016539085 | AR87: 0.0016494574 | AS87: 0.0016506532 | AT87: 0.0016506532
B88: TLLSFCH | C88: TL.H2.LS.FCH | D88: 0 | E88: 0 | F88: 0 | G88: 0.2481837 | H88: 0.24823088 | I88: 0.24832273 | J88: 0.24832273 | AC88: 0.027687908 | AD88: 0.026352338 | AE88: 0.02547204 | AF88: 0.024511212 | AG88: 0.023907495 | AH88: 0.023815954 | AI88: 0.023801411 | AJ88: 0.023805319 | AK88: 0.023805319 | AL88: 0.002839098 | AM88: 0.0024302845 | AN88: 0.0021608283 | AO88: 0.0018667229 | AP88: 0.0016819278 | AQ88: 0.0016539085 | AR88: 0.0016494574 | AS88: 0.0016506532 | AT88: 0.0016506532
B89: TLMCELC | C89: Electric minicar w/100 mi range | D89: 0.84370002 | E89: 0.86744728 | F89: 0.87853799 | G89: 0.88454308 | H89: 0.88454308 | I89: 0.88454603 | J89: 0.88454603 | AC89: 0.027687908 | AD89: 0.026352338 | AE89: 0.02547204 | AF89: 0.024511212 | AG89: 0.023907495 | AH89: 0.023815954 | AI89: 0.023801411 | AJ89: 0.023805319 | AK89: 0.023805319 | AL89: 0.002839098 | AM89: 0.0024302845 | AN89: 0.0021608283 | AO89: 0.0018667229 | AP89: 0.0016819278 | AQ89: 0.0016539085 | AR89: 0.0016494574 | AS89: 0.0016506532 | AT89: 0.0016506532
B90: TLMCELCB | C90: Electric minicar w/200 mi range | D90: 0.94823304 | E90: 0.97465412 | F90: 0.98734264 | G90: 0.99410831 | H90: 0.99410831 | I90: 0.9941118 | J90: 0.9941118 | AC90: 0.027687908 | AD90: 0.026352338 | AE90: 0.02547204 | AF90: 0.024511212 | AG90: 0.023907495 | AH90: 0.023815954 | AI90: 0.023801411 | AJ90: 0.023805319 | AK90: 0.023805319 | AL90: 0.002839098 | AM90: 0.0024302845 | AN90: 0.0021608283 | AO90: 0.0018667229 | AP90: 0.0016819278 | AQ90: 0.0016539085 | AR90: 0.0016494574 | AS90: 0.0016506532 | AT90: 0.0016506532
B91: TLCELC | C91: Electric compact car w/100 mi range | D91: 0.86868482 | E91: 0.89274606 | F91: 0.91035433 | G91: 0.91608457 | H91: 0.91609382 | I91: 0.91610232 | J91: 0.91610232 | AC91: 0.027687908 | AD91: 0.026352338 | AE91: 0.02547204 | AF91: 0.024511212 | AG91: 0.023907495 | AH91: 0.023815954 | AI91: 0.023801411 | AJ91: 0.023805319 | AK91: 0.023805319 | AL91: 0.002839098 | AM91: 0.0024302845 | AN91: 0.0021608283 | AO91: 0.0018667229 | AP91: 0.0016819278 | AQ91: 0.0016539085 | AR91: 0.0016494574 | AS91: 0.0016506532 | AT91: 0.0016506532
B92: TLCELCB | C92: Electric compact car w/200 mi range | D92: 0 | E92: 1.01913 | F92: 1.024602 | G92: 1.0310515 | H92: 1.0310617 | I92: 1.0310713 | J92: 1.0310713 | AC92: 0.027687908 | AD92: 0.026352338 | AE92: 0.02547204 | AF92: 0.024511212 | AG92: 0.023907495 | AH92: 0.023815954 | AI92: 0.023801411 | AJ92: 0.023805319 | AK92: 0.023805319 | AL92: 0.002839098 | AM92: 0.0024302845 | AN92: 0.0021608283 | AO92: 0.0018667229 | AP92: 0.0016819278 | AQ92: 0.0016539085 | AR92: 0.0016494574 | AS92: 0.0016506532 | AT92: 0.0016506532
B93: TLFELC | C93: Electric fullsize car w/100 mi range | D93: 0.78291215 | E93: 0.80486612 | F93: 0.82252672 | G93: 0.8280342 | H93: 0.8280342 | I93: 0.8280342 | J93: 0.8280342 | AC93: 0.027687908 | AD93: 0.026352338 | AE93: 0.02547204 | AF93: 0.024511212 | AG93: 0.023907495 | AH93: 0.023815954 | AI93: 0.023801411 | AJ93: 0.023805319 | AK93: 0.023805319 | AL93: 0.002839098 | AM93: 0.0024302845 | AN93: 0.0021608283 | AO93: 0.0018667229 | AP93: 0.0016819278 | AQ93: 0.0016539085 | AR93: 0.0016494574 | AS93: 0.0016506532 | AT93: 0.0016506532
B94: TLFELCB | C94: Electric fullsize car w/200 mi range | D94: 0.78090545 | E94: 0.88897873 | F94: 0.91348381 | G94: 0.91929992 | H94: 0.91930212 | I94: 0.91930301 | J94: 0.91930301 | AC94: 0.027687908 | AD94: 0.026352338 | AE94: 0.02547204 | AF94: 0.024511212 | AG94: 0.023907495 | AH94: 0.023815954 | AI94: 0.023801411 | AJ94: 0.023805319 | AK94: 0.023805319 | AL94: 0.002839098 | AM94: 0.0024302845 | AN94: 0.0021608283 | AO94: 0.0018667229 | AP94: 0.0016819278 | AQ94: 0.0016539085 | AR94: 0.0016494574 | AS94: 0.0016506532 | AT94: 0.0016506532
B95: TLMELC | C95: Electric minivan w/100 mi range | D95: 0 | E95: 0.64316672 | F95: 0.73384878 | G95: 0.73390179 | H95: 0.73390203 | I95: 0.73390218 | J95: 0.73390218 | AC95: 0.027687908 | AD95: 0.026352338 | AE95: 0.02547204 | AF95: 0.024511212 | AG95: 0.023907495 | AH95: 0.023815954 | AI95: 0.023801411 | AJ95: 0.023805319 | AK95: 0.023805319 | AL95: 0.002839098 | AM95: 0.0024302845 | AN95: 0.0021608283 | AO95: 0.0018667229 | AP95: 0.0016819278 | AQ95: 0.0016539085 | AR95: 0.0016494574 | AS95: 0.0016506532 | AT95: 0.0016506532
... B98: TLSSELCB | C98: Electric small SUV w/200 mi range | D98: 0 | E98: 0.80868619 | F98: 0.88215253 | G98: 0.88260182 | H98: 0.88270608 | I98: 0.88291441 | J98: 0.88291441 | AC98: 0.027687908 | AD98: 0.026352338 | AE98: 0.02547204 | AF98: 0.024511212 | AG98: 0.023907495 | AH98: 0.023815954 | AI98: 0.023801411 | AJ98: 0.023805319 | AK98: 0.023805319 | AL98: 0.002839098 | AM98: 0.0024302845 | AN98: 0.0021608283 | AO98: 0.0018667229 | AP98: 0.0016819278 | AQ98: 0.0016539085 | AR98: 0.0016494574 | AS98: 0.0016506532 | AT98: 0.0016506532
B99: TBDSLE | C99: Bus, Exisiting Diesel | D99: 0.034970963 | E99: 0.034970963 | F99: 0.034970963 | G99: 0.034970963 | H99: 0.034970963 | I99: 0.034970963 | J99: 0.034970963 | K99: 3.6696197 | L99: 1.6253452 | M99: 0.92619834 | N99: 0.90568584 | O99: 0.9021836 | P99: 0.9021836 | Q99: 0.9021836 | R99: 0.9021836 | S99: 0.9021836 | T99: 0.010177036 | U99: 0.0096189443 | V99: 0.0096189443 | W99: 0.0096189443 | X99: 0.0096189443 | Y99: 0.0096189443 | Z99: 0.0096189443 | AA99: 0.0096189443 | AB99: 0.0096189443 | AC99: 0.29463624 | AD99: 0.13986391 | AE99: 0.10983076 | AF99: 0.10983076 | AG99: 0.10983076 | AH99: 0.10983076 | AI99: 0.10983076 | AJ99: 0.10983076 | AK99: 0.10983076 | AL99: 0.19805961 | AM99: 0.05574294 | AN99: 0.028082697 | AO99: 0.028082697 | AP99: 0.028082697 | AQ99: 0.028082697 | AR99: 0.028082697 | AS99: 0.028082697 | AT99: 0.028082697
B100: TBGSLE | C100: Bus, Exisiting Gasoline | D100: 0.03776864 | E100: 0.03776864 | F100: 0.03776864 | G100: 0.03776864 | H100: 0.03776864 | I100: 0.03776864 | J100: 0.03776864 | K100: 2.0202982 | L100: 0.59996028 | M100: 0.47030976 | N100: 0.46863136 | O100: 0.4682911 | P100: 0.4682911 | Q100: 0.4682911 | R100: 0.4682911 | S100: 0.4682911 | T100: 0.021234495 | U100: 0.0072444708 | V100: 0.0072444708 | W100: 0.0072444708 | X100: 0.0072444708 | Y100: 0.0072444708 | Z100: 0.0072444708 | AA100: 0.0072444708 | AB100: 0.0072444708 | AC100: 0.12651126 | AD100: 0.12424633 | AE100: 0.12551945 | AF100: 0.12551945 | AG100: 0.12551945 | AH100: 0.12551945 | AI100: 0.12551945 | AJ100: 0.12551945 | AK100: 0.12551945 | AL100: 0.03447048 | AM100: 0.03061847 | AN100: 0.030867703 | AO100: 0.030867703 | AP100: 0.030867703 | AQ100: 0.030867703 | AR100: 0.030867703 | AS100: 0.030867703 | AT100: 0.030867703
B101: TBCNGE | C101: Bus, Exisiting CNG | D101: 0.029733766 | E101: 0.029733766 | F101: 0.029733766 | G101: 0.029733766 | H101: 0.029733766 | I101: 0.029733766 | J101: 0.029733766 | K101: 3.2050741 | L101: 1.6010804 | M101: 1.4246248 | N101: 1.4232602 | O101: 1.4234844 | P101: 1.4234844 | Q101: 1.4234844 | R101: 1.4234844 | S101: 1.4234844 | T101: 0.006837702 | U101: 0.0067699345 | V101: 0.0067699345 | W101: 0.0067699345 | X101: 0.0067699345 | Y101: 0.0067699345 | Z101: 0.0067699345 | AA101: 0.0067699345 | AB101: 0.0067699345 | AC101: 0.093185486 | AD101: 0.083757768 | AE101: 0.083544743 | AF101: 0.083544743 | AG101: 0.083544743 | AH101: 0.083544743 | AI101: 0.083544743 | AJ101: 0.083544743 | AK101: 0.083544743 | AL101: 0.021192397 | AM101: 0.013006537 | AN101: 0.012818094 | AO101: 0.012818094 | AP101: 0.012818094 | AQ101: 0.012818094 | AR101: 0.012818094 | AS101: 0.012818094 | AT101: 0.012818094
B102: TCGSLE | C102: Truck, Commerical, Exisiting Gasoline | D102: 0.0971537 | E102: 0.0971537 | F102: 0.0971537 | G102: 0.0971537 | H102: 0.0971537 | I102: 0.0971537 | J102: 0.0971537 | K102: 2.0259159 | L102: 0.66734525 | M102: 0.36217079 | N102: 0.251147 | O102: 0.16536906 | P102: 0.16536906 | Q102: 0.16536906 | R102: 0.16536906 | S102: 0.16536906 | T102: 0.012607766 | U102: 0.004299541 | V102: 0.004299541 | W102: 0.004299541 | X102: 0.004299541 | Y102: 0.004299541 | Z102: 0.004299541 | AA102: 0.004299541 | AB102: 0.004299541 | AC102: 0.058771327 | AD102: 0.056522643 | AE102: 0.056362719 | AF102: 0.056362719 | AG102: 0.056362719 | AH102: 0.056362719 | AI102: 0.056362719 | AJ102: 0.056362719 | AK102: 0.056362719 | AL102: 0.019594133 | AM102: 0.017509992 | AN102: 0.017310525 | AO102: 0.017310525 | AP102: 0.017310525 | AQ102: 0.017310525 | AR102: 0.017310525 | AS102: 0.017310525 | AT102: 0.017310525
B103: TCDSLE | C103: Truck, Commerical, Existing Diesel | D103: 0.11740134 | E103: 0.11740134 | F103: 0.11740134 | G103: 0.11740134 | H103: 0.11740134 | I103: 0.11740134 | J103: 0.11740134 | K103: 2.7512018 | L103: 1.4168975 | M103: 0.70145313 | N103: 0.50742778 | O103: 0.41920636 | P103: 0.41920636 | Q103: 0.41920636 | R103: 0.41920636 | S103: 0.41920636 | T103: 0.0076094357 | U103: 0.0072454271 | V103: 0.0072454271 | W103: 0.0072454271 | X103: 0.0072454271 | Y103: 0.0072454271 | Z103: 0.0072454271 | AA103: 0.0072454271 | AB103: 0.0072454271 | AC103: 0.18975458 | AD103: 0.082885317 | AE103: 0.057116967 | AF103: 0.057116967 | AG103: 0.057116967 | AH103: 0.057116967 | AI103: 0.057116967 | AJ103: 0.057116967 | AK103: 0.057116967 | AL103: 0.14004219 | AM103: 0.041625851 | AN103: 0.017845431 | AO103: 0.017845431 | AP103: 0.017845431 | AQ103: 0.017845431 | AR103: 0.017845431 | AS103: 0.017845431 | AT103: 0.017845431
B104: TMGSLE | C104: Medium Duty Truck, Existing Gasoline | D104: 0.059575137 | E104: 0.059575137 | F104: 0.059575137 | G104: 0.059575137 | H104: 0.059575137 | I104: 0.059575137 | J104: 0.059575137 | K104: 2.1596023 | L104: 0.62505215 | M104: 0.40404331 | N104: 0.34788628 | O104: 0.32064176 | P104: 0.32064176 | Q104: 0.32064176 | R104: 0.32064176 | S104: 0.32064176 | T104: 0.019040921 | U104: 0.0063702532 | V104: 0.0063702532 | W104: 0.0063702532 | X104: 0.0063702532 | Y104: 0.0063702532 | Z104: 0.0063702532 | AA104: 0.0063702532 | AB104: 0.0063702532 | AC104: 0.085090364 | AD104: 0.079754963 | AE104: 0.079423721 | AF104: 0.079423721 | AG104: 0.079423721 | AH104: 0.079423721 | AI104: 0.079423721 | AJ104: 0.079423721 | AK104: 0.079423721 | AL104: 0.02711396 | AM104: 0.022869314 | AN104: 0.022684793 | AO104: 0.022684793 | AP104: 0.022684793 | AQ104: 0.022684793 | AR104: 0.022684793 | AS104: 0.022684793 | AT104: 0.022684793
B105: TMDSLE | C105: Medium Duty Truck, Existing Diesel | D105: 0.06089011 | E105: 0.06089011 | F105: 0.06089011 | G105: 0.06089011 | H105: 0.06089011 | I105: 0.06089011 | J105: 0.06089011 | K105: 3.5595118 | L105: 1.7427874 | M105: 0.96050299 | N105: 0.90741091 | O105: 0.89025706 | P105: 0.89025706 | Q105: 0.89025706 | R105: 0.89025706 | S105: 0.89025706 | T105: 0.0099356445 | U105: 0.0093777918 | V105: 0.0093777918 | W105: 0.0093777918 | X105: 0.0093777918 | Y105: 0.0093777918 | Z105: 0.0093777918 | AA105: 0.0093777918 | AB105: 0.0093777918 | AC105: 0.26004072 | AD105: 0.11654014 | AE105: 0.085686261 | AF105: 0.085686261 | AG105: 0.085686261 | AH105: 0.085686261 | AI105: 0.085686261 | AJ105: 0.085686261 | AK105: 0.085686261 | AL105: 0.18279536 | AM105: 0.051228075 | AN105: 0.02318876 | AO105: 0.02318876 | AP105: 0.02318876 | AQ105: 0.02318876 | AR105: 0.02318876 | AS105: 0.02318876 | AT105: 0.02318876
B106: TMCNGE | C106: Medium Duty Truck, Existing CNG | D106: 0.048739794 | E106: 0.048739794 | F106: 0.048739794 | G106: 0.048739794 | H106: 0.048739794 | I106: 0.048739794 | J106: 0.048739794 | K106: 2.1596023 | L106: 0.62505215 | M106: 0.40404331 | N106: 0.34788628 | O106: 0.32064176 | P106: 0.32064176 | Q106: 0.32064176 | R106: 0.32064176 | S106: 0.32064176 | T106: 0.019040921 | U106: 0.0063702532 | V106: 0.0063702532 | W106: 0.0063702532 | X106: 0.0063702532 | Y106: 0.0063702532 | Z106: 0.0063702532 | AA106: 0.0063702532 | AB106: 0.0063702532 | AC106: 0.085090364 | AD106: 0.079754963 | AE106: 0.079423721 | AF106: 0.079423721 | AG106: 0.079423721 | AH106: 0.079423721 | AI106: 0.079423721 | AJ106: 0.079423721 | AK106: 0.079423721 | AL106: 0.02711396 | AM106: 0.022869314 | AN106: 0.022684793 | AO106: 0.022684793 | AP106: 0.022684793 | AQ106: 0.022684793 | AR106: 0.022684793 | AS106: 0.022684793 | AT106: 0.022684793
B107: TMLPGE | C107: Medium Duty Truck, Existing LPG | D107: 0.053551661 | E107: 0.053551661 | F107: 0.053551661 | G107: 0.053551661 | H107: 0.053551661 | I107: 0.053551661 | J107: 0.053551661 | K107: 2.1596023 | L107: 0.62505215 | M107: 0.40404331 | N107: 0.34788628 | O107: 0.32064176 | P107: 0.32064176 | Q107: 0.32064176 | R107: 0.32064176 | S107: 0.32064176 | T107: 0.019040921 | U107: 0.0063702532 | V107: 0.0063702532 | W107: 0.0063702532 | X107: 0.0063702532 | Y107: 0.0063702532 | Z107: 0.0063702532 | AA107: 0.0063702532 | AB107: 0.0063702532 | AC107: 0.085090364 | AD107: 0.079754963 | AE107: 0.079423721 | AF107: 0.079423721 | AG107: 0.079423721 | AH107: 0.079423721 | AI107: 0.079423721 | AJ107: 0.079423721 | AK107: 0.079423721 | AL107: 0.02711396 | AM107: 0.022869314 | AN107: 0.022684793 | AO107: 0.022684793 | AP107: 0.022684793 | AQ107: 0.022684793 | AR107: 0.022684793 | AS107: 0.022684793 | AT107: 0.022684793
B108: THSGSLE | C108: Heavy Truck, Short Haul, Gasoline exisiting | D108: 0.051210254 | E108: 0.051210254 | F108: 0.051210254 | G108: 0.051210254 | H108: 0.051210254 | I108: 0.051210254 | J108: 0.051210254 | K108: 2.1555915 | L108: 0.62337907 | M108: 0.40261084 | N108: 0.34550843 | O108: 0.31769757 | P108: 0.31769757 | Q108: 0.31769757 | R108: 0.31769757 | S108: 0.31769757 | T108: 0.018973743 | U108: 0.0063491678 | V108: 0.0063491678 | W108: 0.0063491678 | X108: 0.0063491678 | Y108: 0.0063491678 | Z108: 0.0063491678 | AA108: 0.0063491678 | AB108: 0.0063491678 | AC108: 0.084495314 | AD108: 0.079256376 | AE108: 0.078979785 | AF108: 0.078979785 | AG108: 0.078979785 | AH108: 0.078979785 | AI108: 0.078979785 | AJ108: 0.078979785 | AK108: 0.078979785 | AL108: 0.026877825 | AM108: 0.022741215 | AN108: 0.022566007 | AO108: 0.022566007 | AP108: 0.022566007 | AQ108: 0.022566007 | AR108: 0.022566007 | AS108: 0.022566007 | AT108: 0.022566007
B109: THSDSLE | C109: Heavy Truck, Short Haul, Diesel exisiting | D109: 0.039439301 | E109: 0.039439301 | F109: 0.039439301 | G109: 0.039439301 | H109: 0.039439301 | I109: 0.039439301 | J109: 0.039439301 | K109: 3.9722404 | L109: 1.8917606 | M109: 0.99506843 | N109: 0.9526615 | O109: 0.93704546 | P109: 0.93704546 | Q109: 0.93704546 | R109: 0.93704546 | S109: 0.93704546 | T109: 0.010922538 | U109: 0.010520477 | V109: 0.010520477 | W109: 0.010520477 | X109: 0.010520477 | Y109: 0.010520477 | Z109: 0.010520477 | AA109: 0.010520477 | AB109: 0.010520477 | AC109: 0.31631203 | AD109: 0.15577249 | AE109: 0.12255913 | AF109: 0.12255913 | AG109: 0.12255913 | AH109: 0.12255913 | AI109: 0.12255913 | AJ109: 0.12255913 | AK109: 0.12255913 | AL109: 0.20994745 | AM109: 0.061831889 | AN109: 0.031426255 | AO109: 0.031426255 | AP109: 0.031426255 | AQ109: 0.031426255 | AR109: 0.031426255 | AS109: 0.031426255 | AT109: 0.031426255
B110: THSCNGE | C110: Heavy Truck, Short Haul, CNG exisiting | D110: 0.039547347 | E110: 0.039547347 | F110: 0.039547347 | G110: 0.039547347 | H110: 0.039547347 | I110: 0.039547347 | J110: 0.039547347 | K110: 2.1555915 | L110: 0.62337907 | M110: 0.40261084 | N110: 0.34550843 | O110: 0.31769757 | P110: 0.31769757 | Q110: 0.31769757 | R110: 0.31769757 | S110: 0.31769757 | T110: 0.018973743 | U110: 0.0063491678 | V110: 0.0063491678 | W110: 0.0063491678 | X110: 0.0063491678 | Y110: 0.0063491678 | Z110: 0.0063491678 | AA110: 0.0063491678 | AB110: 0.0063491678 | AC110: 0.084495314 | AD110: 0.079256376 | AE110: 0.078979785 | AF110: 0.078979785 | AG110: 0.078979785 | AH110: 0.078979785 | AI110: 0.078979785 | AJ110: 0.078979785 | AK110: 0.078979785 | AL110: 0.026877825 | AM110: 0.022741215 | AN110: 0.022566007 | AO110: 0.022566007 | AP110: 0.022566007 | AQ110: 0.022566007 | AR110: 0.022566007 | AS110: 0.022566007 | AT110: 0.022566007
... B210: TSDSLE | C210: Water Shipping, Diesel exisiting | D210: 1.9172147 | E210: 1.9172147 | F210: 1.9172147 | G210: 1.9172147 | H210: 1.9172147 | I210: 1.9172147 | J210: 1.9172147 | K210: 2.0867908 | L210: 2.0867908 | M210: 2.0867908 | N210: 2.0867908 | O210: 2.0867908 | P210: 2.0867908 | Q210: 2.0867908 | R210: 2.0867908 | S210: 2.0867908 | T210: 0.16169228 | U210: 0.07176465 | V210: 0.07176465 | W210: 0.07176465 | X210: 0.07176465 | Y210: 0.07176465 | Z210: 0.07176465 | AA210: 0.07176465 | AB210: 0.07176465 | AC210: 0.087175451 | AD210: 0.087175451 | AE210: 0.087175451 | AF210: 0.087175451 | AG210: 0.087175451 | AH210: 0.087175451 | AI210: 0.087175451 | AJ210: 0.087175451 | AK210: 0.087175451 | AL210: 0.080201415 | AM210: 0.080201415 | AN210: 0.080201415 | AO210: 0.080201415 | AP210: 0.080201415 | AQ210: 0.080201415 | AR210: 0.080201415 | AS210: 0.080201415 | AT210: 0.080201415
B211: TRFDSLE | C211: Rail Freight, Diesel Existing | D211: 2.7635669 | E211: 2.7635669 | F211: 2.7635669 | G211: 2.7635669 | H211: 2.7635669 | I211: 2.7635669 | J211: 2.7635669 | K211: 0.10057184 | L211: 0.12659723 | M211: 0.12659723 | N211: 0.12659723 | O211: 0.12659723 | P211: 0.12659723 | Q211: 0.12659723 | R211: 0.12659723 | S211: 0.12659723 | AC211: 0.0029043819 | AD211: 0.0029043819 | AE211: 0.0029043819 | AF211: 0.0029043819 | AG211: 0.0029043819 | AH211: 0.0029043819 | AI211: 0.0029043819 | AJ211: 0.0029043819 | AK211: 0.0029043819 | AL211: 0.0028172504 | AM211: 0.0028172504 | AN211: 0.0028172504 | AO211: 0.0028172504 | AP211: 0.0028172504 | AQ211: 0.0028172504 | AR211: 0.0028172504 | AS211: 0.0028172504 | AT211: 0.0028172504
B212: TPDSLCR | C212: Commuter Rail, Diesel | D212: 0.63495882 | E212: 0.63495882 | F212: 0.63495882 | G212: 0.63495882 | H212: 0.63495882 | I212: 0.63495882 | J212: 0.63495882 | K212: 0.37289027 | L212: 0.37289027 | M212: 0.37289027 | N212: 0.37289027 | O212: 0.37289027 | P212: 0.37289027 | Q212: 0.37289027 | R212: 0.37289027 | S212: 0.37289027 | AC212: 0.0061854963 | AD212: 0.0061854963 | AE212: 0.0061854963 | AF212: 0.0061854963 | AG212: 0.0061854963 | AH212: 0.0061854963 | AI212: 0.0061854963 | AJ212: 0.0061854963 | AK212: 0.0061854963 | AL212: 0.0059999314 | AM212: 0.0059999314 | AN212: 0.0059999314 | AO212: 0.0059999314 | AP212: 0.0059999314 | AQ212: 0.0059999314 | AR212: 0.0059999314 | AS212: 0.0059999314 | AT212: 0.0059999314
B213: TPDSLIR | C213: Intercity Rail, Diesel | D213: 0.38846397 | E213: 0.38846397 | F213: 0.38846397 | G213: 0.38846397 | H213: 0.38846397 | I213: 0.38846397 | J213: 0.38846397 | K213: 3.7182378 | L213: 3.7182378 | M213: 3.7182378 | N213: 3.7182378 | O213: 3.7182378 | P213: 3.7182378 | Q213: 3.7182378 | R213: 3.7182378 | S213: 3.7182378 | AC213: 0.061678055 | AD213: 0.061678055 | AE213: 0.061678055 | AF213: 0.061678055 | AG213: 0.061678055 | AH213: 0.061678055 | AI213: 0.061678055 | AJ213: 0.061678055 | AK213: 0.061678055 | AL213: 0.059827713 | AM213: 0.059827713 | AN213: 0.059827713 | AO213: 0.059827713 | AP213: 0.059827713 | AQ213: 0.059827713 | AR213: 0.059827713 | AS213: 0.059827713 | AT213: 0.059827713
B214: TRFDSL | C214: Rail Freight, Diesel | D214: 3.3270258 | E214: 3.4542771 | F214: 3.6691749 | G214: 4.1802696 | H214: 4.8681252 | I214: 4.8681252 | J214: 4.8681252 | K214: 0.077053626 | L214: 0.077053626 | M214: 0.077053626 | N214: 0.077053626 | O214: 0.077053626 | P214: 0.077053626 | Q214: 0.077053626 | R214: 0.077053626 | S214: 0.077053626 | AC214: 0.001278164 | AD214: 0.001278164 | AE214: 0.001278164 | AF214: 0.001278164 | AG214: 0.001278164 | AH214: 0.001278164 | AI214: 0.001278164 | AJ214: 0.001278164 | AK214: 0.001278164 | AL214: 0.0012398191 | AM214: 0.0012398191 | AN214: 0.0012398191 | AO214: 0.0012398191 | AP214: 0.0012398191 | AQ214: 0.0012398191 | AR214: 0.0012398191 | AS214: 0.0012398191 | AT214: 0.0012398191
B215: TRF10DSL | C215: Rail Freight Diesel, 10% improvement | D215: 3.0737262 | E215: 3.0737262 | F215: 3.0737262 | G215: 3.0737262 | H215: 3.0737262 | I215: 3.0737262 | J215: 3.0737262 | K215: 0.069278404 | L215: 0.069278404 | M215: 0.069278404 | N215: 0.069278404 | O215: 0.069278404 | P215: 0.069278404 | Q215: 0.069278404 | R215: 0.069278404 | S215: 0.069278404 | AC215: 0.0011491888 | AD215: 0.0011491888 | AE215: 0.0011491888 | AF215: 0.0011491888 | AG215: 0.0011491888 | AH215: 0.0011491888 | AI215: 0.0011491888 | AJ215: 0.0011491888 | AK215: 0.0011491888 | AL215: 0.0011147131 | AM215: 0.0011147131 | AN215: 0.0011147131 | AO215: 0.0011147131 | AP215: 0.0011147131 | AQ215: 0.0011147131 | AR215: 0.0011147131 | AS215: 0.0011147131 | AT215: 0.0011147131
B216: TRF25DSL | C216: Rail Freight Dieseil, 25% improvement | D216: 3.6884715 | E216: 3.6884715 | F216: 3.6884715 | G216: 3.6884715 | H216: 3.6884715 | I216: 3.6884715 | J216: 3.6884715 | K216: 0.057732003 | L216: 0.057732003 | M216: 0.057732003 | N216: 0.057732003 | O216: 0.057732003 | P216: 0.057732003 | Q216: 0.057732003 | R216: 0.057732003 | S216: 0.057732003 | AC216: 0.00095765732 | AD216: 0.00095765732 | AE216: 0.00095765732 | AF216: 0.00095765732 | AG216: 0.00095765732 | AH216: 0.00095765732 | AI216: 0.00095765732 | AJ216: 0.00095765732 | AK216: 0.00095765732 | AL216: 0.0009289276 | AM216: 0.0009289276 | AN216: 0.0009289276 | AO216: 0.0009289276 | AP216: 0.0009289276 | AQ216: 0.0009289276 | AR216: 0.0009289276 | AS216: 0.0009289276 | AT216: 0.0009289276
B217: TRFAPU | C217: Rail Freight Diesel with APU | D217: 3.1899834 | E217: 3.1899834 | F217: 3.1899834 | G217: 3.1899834 | H217: 3.1899834 | I217: 3.1899834 | J217: 3.1899834 | K217: 0.066753591 | L217: 0.066753591 | M217: 0.066753591 | N217: 0.066753591 | O217: 0.066753591 | P217: 0.066753591 | Q217: 0.066753591 | R217: 0.066753591 | S217: 0.066753591 | AC217: 0.0011073072 | AD217: 0.0011073072 | AE217: 0.0011073072 | AF217: 0.0011073072 | AG217: 0.0011073072 | AH217: 0.0011073072 | AI217: 0.0011073072 | AJ217: 0.0011073072 | AK217: 0.0011073072 | AL217: 0.001074088 | AM217: 0.001074088 | AN217: 0.001074088 | AO217: 0.001074088 | AP217: 0.001074088 | AQ217: 0.001074088 | AR217: 0.001074088 | AS217: 0.001074088 | AT217: 0.001074088
B218: TRFB20 | C218: Rail Freight, Biodiesel | D218: 3.2940849 | E218: 3.4200764 | F218: 3.6328464 | G218: 4.1388808 | H218: 4.819926 | I218: 4.819926 | J218: 4.819926 | K218: 0.089886907 | L218: 0.089886907 | M218: 0.089886907 | N218: 0.089886907 | O218: 0.089886907 | P218: 0.089886907 | Q218: 0.089886907 | R218: 0.089886907 | S218: 0.089886907 | AC218: 0.0014910422 | AD218: 0.0014910422 | AE218: 0.0014910422 | AF218: 0.0014910422 | AG218: 0.0014910422 | AH218: 0.0014910422 | AI218: 0.0014910422 | AJ218: 0.0014910422 | AK218: 0.0014910422 | AL218: 0.001446311 | AM218: 0.001446311 | AN218: 0.001446311 | AO218: 0.001446311 | AP218: 0.001446311 | AQ218: 0.001446311 | AR218: 0.001446311 | AS218: 0.001446311 | AT218: 0.001446311
B219: TSDSH10 | C219: Water Shipping, Residual Oil, 2010 | D219: 2.7313308 | E219: 2.7313308 | F219: 2.7313308 | G219: 2.7313308 | H219: 2.7313308 | I219: 2.7313308 | J219: 2.7313308 | K219: 2.0502459 | L219: 2.0502459 | M219: 2.0502459 | N219: 2.0502459 | O219: 2.0502459 | P219: 2.0502459 | Q219: 2.0502459 | R219: 2.0502459 | S219: 2.0502459 | T219: 1.7572334 | U219: 1.7572334 | V219: 1.7572334 | W219: 1.7572334 | X219: 1.7572334 | Y219: 1.7572334 | Z219: 1.7572334 | AA219: 1.7572334 | AB219: 1.7572334 | AC219: 0.029435974 | AD219: 0.029435974 | AE219: 0.029435974 | AF219: 0.029435974 | AG219: 0.029435974 | AH219: 0.029435974 | AI219: 0.029435974 | AJ219: 0.029435974 | AK219: 0.029435974 | AL219: 0.07746309 | AM219: 0.07746309 | AN219: 0.07746309 | AO219: 0.07746309 | AP219: 0.07746309 | AQ219: 0.07746309 | AR219: 0.07746309 | AS219: 0.07746309 | AT219: 0.07746309
B220: TSDSHFI15 | C220: Water Shipping, Resid Fuel Inject, 2015 | D220: 2.7934065 | E220: 2.7934065 | F220: 2.7934065 | G220: 2.7934065 | H220: 2.7934065 | I220: 2.7934065 | J220: 2.7934065 | K220: 0.44204481 | L220: 0.44204481 | M220: 0.44204481 | N220: 0.44204481 | O220: 0.44204481 | P220: 0.44204481 | Q220: 0.44204481 | R220: 0.44204481 | S220: 0.44204481 | T220: 1.7572334 | U220: 1.7572334 | V220: 1.7572334 | W220: 1.7572334 | X220: 1.7572334 | Y220: 1.7572334 | Z220: 1.7572334 | AA220: 1.7572334 | AB220: 1.7572334 | AC220: 0.029435974 | AD220: 0.029435974 | AE220: 0.029435974 | AF220: 0.029435974 | AG220: 0.029435974 | AH220: 0.029435974 | AI220: 0.029435974 | AJ220: 0.029435974 | AK220: 0.029435974 | AL220: 0.07746309 | AM220: 0.07746309 | AN220: 0.07746309 | AO220: 0.07746309 | AP220: 0.07746309 | AQ220: 0.07746309 | AR220: 0.07746309 | AS220: 0.07746309 | AT220: 0.07746309
B221: TSDSHBL15 | C221: Water Shipping, Resid Bubble Lub, 2015 | D221: 2.8093689 | E221: 2.8093689 | F221: 2.8093689 | G221: 2.8093689 | H221: 2.8093689 | I221: 2.8093689 | J221: 2.8093689 | K221: 0.44204481 | L221: 0.44204481 | M221: 0.44204481 | N221: 0.44204481 | O221: 0.44204481 | P221: 0.44204481 | Q221: 0.44204481 | R221: 0.44204481 | S221: 0.44204481 | T221: 1.7572334 | U221: 1.7572334 | V221: 1.7572334 | W221: 1.7572334 | X221: 1.7572334 | Y221: 1.7572334 | Z221: 1.7572334 | AA221: 1.7572334 | AB221: 1.7572334 | AC221: 0.029435974 | AD221: 0.029435974 | AE221: 0.029435974 | AF221: 0.029435974 | AG221: 0.029435974 | AH221: 0.029435974 | AI221: 0.029435974 | AJ221: 0.029435974 | AK221: 0.029435974 | AL221: 0.07746309 | AM221: 0.07746309 | AN221: 0.07746309 | AO221: 0.07746309 | AP221: 0.07746309 | AQ221: 0.07746309 | AR221: 0.07746309 | AS221: 0.07746309 | AT221: 0.07746309
B222: TSDSLE | C222: Water Shipping, Diesel exisiting | D222: 1.9172147 | E222: 1.9172147 | F222: 1.9172147 | G222: 1.9172147 | H222: 1.9172147 | I222: 1.9172147 | J222: 1.9172147 | K222: 2.0867908 | L222: 2.0867908 | M222: 2.0867908 | N222: 2.0867908 | O222: 2.0867908 | P222: 2.0867908 | Q222: 2.0867908 | R222: 2.0867908 | S222: 2.0867908 | AC222: 0.0088221556 | AD222: 0.0088221556 | AE222: 0.0088221556 | AF222: 0.0088221556 | AG222: 0.0088221556 | AH222: 0.0088221556 | AI222: 0.0088221556 | AJ222: 0.0088221556 | AK222: 0.0088221556 | AL222: 0.060909108 | AM222: 0.060909108 | AN222: 0.060909108 | AO222: 0.060909108 | AP222: 0.060909108 | AQ222: 0.060909108 | AR222: 0.060909108 | AS222: 0.060909108 | AT222: 0.060909108
B223: TSDSL10 | C223: Water Shipping, Diesel,2010 | D223: 2.1302385 | E223: 2.1302385 | F223: 2.1302385 | G223: 2.1302385 | H223: 2.1302385 | I223: 2.1302385 | J223: 2.1302385 | K223: 1.2797735 | L223: 1.2797735 | M223: 1.2797735 | N223: 1.2797735 | O223: 1.2797735 | P223: 1.2797735 | Q223: 1.2797735 | R223: 1.2797735 | S223: 1.2797735 | T223: 0.4042307 | U223: 0.4042307 | V223: 0.4042307 | W223: 0.4042307 | X223: 0.4042307 | Y223: 0.4042307 | Z223: 0.4042307 | AA223: 0.4042307 | AB223: 0.4042307 | AC223: 0.0088221556 | AD223: 0.0088221556 | AE223: 0.0088221556 | AF223: 0.0088221556 | AG223: 0.0088221556 | AH223: 0.0088221556 | AI223: 0.0088221556 | AJ223: 0.0088221556 | AK223: 0.0088221556 | AL223: 0.060909108 | AM223: 0.060909108 | AN223: 0.060909108 | AO223: 0.060909108 | AP223: 0.060909108 | AQ223: 0.060909108 | AR223: 0.060909108 | AS223: 0.060909108 | AT223: 0.060909108
B224: TSDSLFI15 | C224: Water Shipping, Diesel Fuel Inj, 2015 | D224: 2.178653 | E224: 2.178653 | F224: 2.178653 | G224: 2.178653 | H224: 2.178653 | I224: 2.178653 | J224: 2.178653 | K224: 0.27100195 | L224: 0.27100195 | M224: 0.27100195 | N224: 0.27100195 | O224: 0.27100195 | P224: 0.27100195 | Q224: 0.27100195 | R224: 0.27100195 | S224: 0.27100195 | T224: 0.4042307 | U224: 0.4042307 | V224: 0.4042307 | W224: 0.4042307 | X224: 0.4042307 | Y224: 0.4042307 | Z224: 0.4042307 | AA224: 0.4042307 | AB224: 0.4042307 | AC224: 0.0088221556 | AD224: 0.0088221556 | AE224: 0.0088221556 | AF224: 0.0088221556 | AG224: 0.0088221556 | AH224: 0.0088221556 | AI224: 0.0088221556 | AJ224: 0.0088221556 | AK224: 0.0088221556 | AL224: 0.060909108 | AM224: 0.060909108 | AN224: 0.060909108 | AO224: 0.060909108 | AP224: 0.060909108 | AQ224: 0.060909108 | AR224: 0.060909108 | AS224: 0.060909108 | AT224: 0.060909108
B225: TSDSLHE15 | C225: Water Shipping, Diesel, Hybrid Electric, 2015 | D225: 2.3965183 | E225: 2.3965183 | F225: 2.3965183 | G225: 2.3965183 | H225: 2.3965183 | I225: 2.3965183 | J225: 2.3965183 | K225: 0.27100195 | L225: 0.27100195 | M225: 0.27100195 | N225: 0.27100195 | O225: 0.27100195 | P225: 0.27100195 | Q225: 0.27100195 | R225: 0.27100195 | S225: 0.27100195 | T225: 0.4042307 | U225: 0.4042307 | V225: 0.4042307 | W225: 0.4042307 | X225: 0.4042307 | Y225: 0.4042307 | Z225: 0.4042307 | AA225: 0.4042307 | AB225: 0.4042307 | AC225: 0.0088221556 | AD225: 0.0088221556 | AE225: 0.0088221556 | AF225: 0.0088221556 | AG225: 0.0088221556 | AH225: 0.0088221556 | AI225: 0.0088221556 | AJ225: 0.0088221556 | AK225: 0.0088221556 | AL225: 0.060909108 | AM225: 0.060909108 | AN225: 0.060909108 | AO225: 0.060909108 | AP225: 0.060909108 | AQ225: 0.060909108 | AR225: 0.060909108 | AS225: 0.060909108 | AT225: 0.060909108
B226: SETRDSL | C226: Emissions: DSL Rail fuel to TRDSL | D226: 1 | E226: 1 | F226: 1 | G226: 1 | H226: 1 | I226: 1 | J226: 1 | K226: 0.16204526 | L226: 0.16204526 | M226: 0.16204526 | N226: 0.16204526 | O226: 0.16204526 | P226: 0.16204526 | Q226: 0.16204526 | R226: 0.16204526 | S226: 0.16204526 | AC226: 0.0023677261 | AD226: 0.0023677261 | AE226: 0.0023677261 | AF226: 0.0023677261 | AG226: 0.0023677261 | AH226: 0.0023677261 | AI226: 0.0023677261 | AJ226: 0.0023677261 | AK226: 0.0023677261 | AL226: 0.0023577585 | AM226: 0.0023577585 | AN226: 0.0023577585 | AO226: 0.0023577585 | AP226: 0.0023577585 | AQ226: 0.0023577585 | AR226: 0.0023577585 | AS226: 0.0023577585 | AT226: 0.0023577585
B227: SETRB20 | C227: Emissions: B20 Rail fuel to TRB20X | D227: 1 | E227: 1 | F227: 1 | G227: 1 | H227: 1 | I227: 1 | J227: 1 | K227: 0.1578484 | L227: 0.1578484 | M227: 0.1578484 | N227: 0.1578484 | O227: 0.1578484 | P227: 0.1578484 | Q227: 0.1578484 | R227: 0.1578484 | S227: 0.1578484 | AC227: 0.0024306789 | AD227: 0.0024306789 | AE227: 0.0024306789 | AF227: 0.0024306789 | AG227: 0.0024306789 | AH227: 0.0024306789 | AI227: 0.0024306789 | AJ227: 0.0024306789 | AK227: 0.0024306789 | AL227: 0.0022966943 | AM227: 0.0022966943 | AN227: 0.0022966943 | AO227: 0.0022966943 | AP227: 0.0022966943 | AQ227: 0.0022966943 | AR227: 0.0022966943 | AS227: 0.0022966943 | AT227: 0.0022966943
B228: TAJ | C228: Air Jet, Passenger | D228: 0.45147637 | E228: 0.45147637 | F228: 0.45147637 | G228: 0.45147637 | H228: 0.45147637 | I228: 0.45147637 | J228: 0.45147637 | K228: 0.065 | L228: 0.065 | M228: 0.065 | N228: 0.065 | O228: 0.065 | P228: 0.065 | Q228: 0.065 | R228: 0.065 | S228: 0.065 | T228: 0.021508133 | U228: 0.021508133 | V228: 0.021508133 | W228: 0.021508133 | X228: 0.021508133 | Y228: 0.021508133 | Z228: 0.021508133 | AA228: 0.021508133 | AB228: 0.021508133 | AC228: 0.003983401 | AD228: 0.003983401 | AE228: 0.003983401 | AF228: 0.003983401 | AG228: 0.003983401 | AH228: 0.003983401 | AI228: 0.003983401 | AJ228: 0.003983401 | AK228: 0.003983401 | AL228: 0.0094153068 | AM228: 0.0094153068 | AN228: 0.0094153068 | AO228: 0.0094153068 | AP228: 0.0094153068 | AQ228: 0.0094153068 | AR228: 0.0094153068 | AS228: 0.0094153068 | AT228: 0.0094153068
B229: TAJSYN | C229: Air Jet, Passenger, Syn fuel | D229: 0.42712996 | E229: 0.42712996 | F229: 0.42712996 | G229: 0.42712996 | H229: 0.42712996 | I229: 0.42712996 | J229: 0.42712996 | K229: 0.065 | L229: 0.065 | M229: 0.065 | N229: 0.065 | O229: 0.065 | P229: 0.065 | Q229: 0.065 | R229: 0.065 | S229: 0.065 | T229: 0.021508133 | U229: 0.021508133 | V229: 0.021508133 | W229: 0.021508133 | X229: 0.021508133 | Y229: 0.021508133 | Z229: 0.021508133 | AA229: 0.021508133 | AB229: 0.021508133 | AC229: 0.003983401 | AD229: 0.003983401 | AE229: 0.003983401 | AF229: 0.003983401 | AG229: 0.003983401 | AH229: 0.003983401 | AI229: 0.003983401 | AJ229: 0.003983401 | AK229: 0.003983401 | AL229: 0.0094153068 | AM229: 0.0094153068 | AN229: 0.0094153068 | AO229: 0.0094153068 | AP229: 0.0094153068 | AQ229: 0.0094153068 | AR229: 0.0094153068 | AS229: 0.0094153068 | AT229: 0.0094153068
B230: TAJWT | C230: Air Jet, Passenger (Wing tips) | D230: 0.47275012 | E230: 0.47275012 | F230: 0.47275012 | G230: 0.47275012 | H230: 0.47275012 | I230: 0.47275012 | J230: 0.47275012 | K230: 0.065 | L230: 0.065 | M230: 0.065 | N230: 0.065 | O230: 0.065 | P230: 0.065 | Q230: 0.065 | R230: 0.065 | S230: 0.065 | T230: 0.021508133 | U230: 0.021508133 | V230: 0.021508133 | W230: 0.021508133 | X230: 0.021508133 | Y230: 0.021508133 | Z230: 0.021508133 | AA230: 0.021508133 | AB230: 0.021508133 | AC230: 0.003983401 | AD230: 0.003983401 | AE230: 0.003983401 | AF230: 0.003983401 | AG230: 0.003983401 | AH230: 0.003983401 | AI230: 0.003983401 | AJ230: 0.003983401 | AK230: 0.003983401 | AL230: 0.0094153068 | AM230: 0.0094153068 | AN230: 0.0094153068 | AO230: 0.0094153068 | AP230: 0.0094153068 | AQ230: 0.0094153068 | AR230: 0.0094153068 | AS230: 0.0094153068 | AT230: 0.0094153068
B231: TAJAPU | C231: Air Jet Passeneger (APU) | D231: 0.45358554 | E231: 0.45358554 | F231: 0.45358554 | G231: 0.45358554 | H231: 0.45358554 | I231: 0.45358554 | J231: 0.45358554 | K231: 0.065 | L231: 0.065 | M231: 0.065 | N231: 0.065 | O231: 0.065 | P231: 0.065 | Q231: 0.065 | R231: 0.065 | S231: 0.065 | T231: 0.021508133 | U231: 0.021508133 | V231: 0.021508133 | W231: 0.021508133 | X231: 0.021508133 | Y231: 0.021508133 | Z231: 0.021508133 | AA231: 0.021508133 | AB231: 0.021508133 | AC231: 0.003983401 | AD231: 0.003983401 | AE231: 0.003983401 | AF231: 0.003983401 | AG231: 0.003983401 | AH231: 0.003983401 | AI231: 0.003983401 | AJ231: 0.003983401 | AK231: 0.003983401 | AL231: 0.0094153068 | AM231: 0.0094153068 | AN231: 0.0094153068 | AO231: 0.0094153068 | AP231: 0.0094153068 | AQ231: 0.0094153068 | AR231: 0.0094153068 | AS231: 0.0094153068 | AT231: 0.0094153068
B232: TAJBW | C232: Air Jet, Passenger(blended wing) | D232: 0.64496624 | E232: 0.64496624 | F232: 0.64496624 | G232: 0.64496624 | H232: 0.64496624 | I232: 0.64496624 | J232: 0.64496624 | K232: 0.065 | L232: 0.065 | M232: 0.065 | N232: 0.065 | O232: 0.065 | P232: 0.065 | Q232: 0.065 | R232: 0.065 | S232: 0.065 | T232: 0.021508133 | U232: 0.021508133 | V232: 0.021508133 | W232: 0.021508133 | X232: 0.021508133 | Y232: 0.021508133 | Z232: 0.021508133 | AA232: 0.021508133 | AB232: 0.021508133 | AC232: 0.003983401 | AD232: 0.003983401 | AE232: 0.003983401 | AF232: 0.003983401 | AG232: 0.003983401 | AH232: 0.003983401 | AI232: 0.003983401 | AJ232: 0.003983401 | AK232: 0.003983401 | AL232: 0.0094153068 | AM232: 0.0094153068 | AN232: 0.0094153068 | AO232: 0.0094153068 | AP232: 0.0094153068 | AQ232: 0.0094153068 | AR232: 0.0094153068 | AS232: 0.0094153068 | AT232: 0.0094153068
B233: TAJAE | C233: Air Jet, Passenger (improved aero) | D233: 0.50164041 | E233: 0.50164041 | F233: 0.50164041 | G233: 0.50164041 | H233: 0.50164041 | I233: 0.50164041 | J233: 0.50164041 | K233: 0.065 | L233: 0.065 | M233: 0.065 | N233: 0.065 | O233: 0.065 | P233: 0.065 | Q233: 0.065 | R233: 0.065 | S233: 0.065 | T233: 0.021508133 | U233: 0.021508133 | V233: 0.021508133 | W233: 0.021508133 | X233: 0.021508133 | Y233: 0.021508133 | Z233: 0.021508133 | AA233: 0.021508133 | AB233: 0.021508133 | AC233: 0.003983401 | AD233: 0.003983401 | AE233: 0.003983401 | AF233: 0.003983401 | AG233: 0.003983401 | AH233: 0.003983401 | AI233: 0.003983401 | AJ233: 0.003983401 | AK233: 0.003983401 | AL233: 0.0094153068 | AM233: 0.0094153068 | AN233: 0.0094153068 | AO233: 0.0094153068 | AP233: 0.0094153068 | AQ233: 0.0094153068 | AR233: 0.0094153068 | AS233: 0.0094153068 | AT233: 0.0094153068
B234: TAJGE | C234: Air Jet Passenger, (geared engine) | D234: 0.51597299 | E234: 0.51597299 | F234: 0.51597299 | G234: 0.51597299 | H234: 0.51597299 | I234: 0.51597299 | J234: 0.51597299 | K234: 0.065 | L234: 0.065 | M234: 0.065 | N234: 0.065 | O234: 0.065 | P234: 0.065 | Q234: 0.065 | R234: 0.065 | S234: 0.065 | T234: 0.021508133 | U234: 0.021508133 | V234: 0.021508133 | W234: 0.021508133 | X234: 0.021508133 | Y234: 0.021508133 | Z234: 0.021508133 | AA234: 0.021508133 | AB234: 0.021508133 | AC234: 0.003983401 | AD234: 0.003983401 | AE234: 0.003983401 | AF234: 0.003983401 | AG234: 0.003983401 | AH234: 0.003983401 | AI234: 0.003983401 | AJ234: 0.003983401 | AK234: 0.003983401 | AL234: 0.0094153068 | AM234: 0.0094153068 | AN234: 0.0094153068 | AO234: 0.0094153068 | AP234: 0.0094153068 | AQ234: 0.0094153068 | AR234: 0.0094153068 | AS234: 0.0094153068 | AT234: 0.0094153068
B235: TAP | C235: Airplane, General Aviation | D235: 0.41728117 | E235: 0.41728117 | F235: 0.41728117 | G235: 0.41728117 | H235: 0.41728117 | I235: 0.41728117 | J235: 0.41728117 | K235: 0.1636 | L235: 0.1636 | M235: 0.1636 | N235: 0.1636 | O235: 0.1636 | P235: 0.1636 | Q235: 0.1636 | R235: 0.1636 | S235: 0.1636 | T235: 0.0010849609 | U235: 0.0010849609 | V235: 0.0010849609 | W235: 0.0010849609 | X235: 0.0010849609 | Y235: 0.0010849609 | Z235: 0.0010849609 | AA235: 0.0010849609 | AB235: 0.0010849609 | AC235: 0.0351988 | AD235: 0.0351988 | AE235: 0.0351988 | AF235: 0.0351988 | AG235: 0.0351988 | AH235: 0.0351988 | AI235: 0.0351988 | AJ235: 0.0351988 | AK235: 0.0351988 | AL235: 0.0094153068 | AM235: 0.0094153068 | AN235: 0.0094153068 | AO235: 0.0094153068 | AP235: 0.0094153068 | AQ235: 0.0094153068 | AR235: 0.0094153068 | AS235: 0.0094153068 | AT235: 0.0094153068

Sheet >> GC RESID

Sheet TRA RESID
A1: Sector | B1: Sub-sector | C1: Archetype | D1: Vintage | E1: End Use | F1: Technology | G1: Energy | H1: Input Label | I1: Output Label | J1: Technology Label | K1: Main fuel | L1: MODE DEMAND (MVkm) | M1: Demand SHARE (%) | N1: Minimum fuel share (%) | O1: Maximum fuel share (%) | P1: DEMAND (MVkm) | Q1: FINAL ENERGY (GJ) | R1: RESID (Mvkma) | S1: EFF (Vkm/MJ) | T1: Residual life (Yr) | U1: Fixed O&M (Thousands $/Mvkm/yr) | V1: Variable O&M (Thousands $/Mvkm) | W1: CFA | X1: C2A
A2: Transportation | B2: Passenger | C2: Passenger Car | F2: Gasoline ICE Vehicle (spark ignition) | G2: Gasoline | H2: TRAGSL | I2: TRAPASCARDMD | J2: TRAPASCARICEVGSL19 | K2: 1 | L2: 68921.251 | M2: 0.97948822 | N2: 0.9 | O2: 1 | P2: 67507.553 | Q2: 205180.58 | R2: 67507.553 | S2: 0.32901532 | T2: 12 | U2: 6.472949 | W2: 1 | X2: 1
A3: Transportation | B3: Passenger | C3: Passenger Car | F3: Gasoline ICE Vehicle (spark ignition) | G3: Ethanol | H3: TRAETH | I3: TRAPASCARDMD | J3: TRAPASCARICEVGSL19 | K3: 0 | L3: 68921.251 | M3: 0 | N3: 0 | O3: 0.1 | P3: 0 | Q3: 0 | R3: 0 | S3: 0.32901532 | T3: 12 | U3: 6.472949 | W3: 1 | X3: 1
A4: Transportation | B4: Passenger | C4: Passenger Car | F4: Diesel Conventional Compression Ignition Vehicle | G4: Diesel | H4: TRADSL | I4: TRAPASCARDMD | J4: TRAPASCARICEVDSL19 | K4: 1 | L4: 68921.251 | M4: 0.011074786 | N4: 0 | O4: 1 | P4: 763.2881 | Q4: 2284.357 | R4: 763.2881 | S4: 0.33413696 | T4: 12 | U4: 6.472949 | W4: 1 | X4: 1
A5: Transportation | B5: Passenger | C5: Passenger Car | F5: Diesel Conventional Compression Ignition Vehicle | G5: Renewable diesel | H5: TRARDS | I5: TRAPASCARDMD | J5: TRAPASCARICEVDSL19 | K5: 0 | L5: 68921.251 | M5: 0 | N5: 0 | O5: 1 | P5: 0 | Q5: 0 | R5: 0 | S5: 0.33413696 | T5: 12 | U5: 6.472949 | W5: 1 | X5: 1
A6: Transportation | B6: Passenger | C6: Passenger Car | F6: Diesel Conventional Compression Ignition Vehicle | G6: Bio diesel | H6: TRABDS | I6: TRAPASCARDMD | J6: TRAPASCARICEVDSL19 | K6: 0 | L6: 68921.251 | M6: 0 | N6: 0 | O6: 0.1 | P6: 0 | Q6: 0 | R6: 0 | S6: 0.33413696 | T6: 12 | U6: 6.472949 | W6: 1 | X6: 1
A7: Transportation | B7: Passenger | C7: Passenger Car | F7: Compressed Natural Gas Conventional Vehicle | G7: CNG | H7: TRACNG | I7: TRAPASCARDMD | J7: TRAPASCARICEVCNG19 | K7: 1 | L7: 68921.251 | M7: 0 | N7: 0 | O7: 1 | P7: 0 | Q7: 0 | R7: 0 | S7: 0.25976728 | T7: 12 | U7: 6.472949 | W7: 1 | X7: 1
A8: Transportation | B8: Passenger | C8: Passenger Car | F8: Compressed Natural Gas Conventional Vehicle | G8: RNG | H8: TRARNG | I8: TRAPASCARDMD | J8: TRAPASCARICEVCNG19 | K8: 0 | L8: 68921.251 | M8: 0 | N8: 0 | O8: 1 | P8: 0 | Q8: 0 | R8: 0 | S8: 0.25976728 | T8: 12 | U8: 6.472949 | W8: 1 | X8: 1
A9: Transportation | B9: Passenger | C9: Passenger Car | F9: Battery Electric Vehicle (300-mile range) | G9: Battery | H9: TRABAT | I9: TRAPASCARDMD | J9: TRAPASCAR300BEV19 | K9: 1 | L9: 68921.251 | M9: 0.0094369922 | N9: 1 | O9: 1 | P9: 650.4093 | Q9: 884.34672 | R9: 650.4093 | S9: 0.73546867 | T9: 12 | U9: 6.472949 | W9: 1 | X9: 1
A10: Transportation | B10: Passenger | C10: Passenger Car | F10: Hydrogen Fuel Cell Electric Vehicle (300-mile range) | G10: Hydrogen | H10: TRAH2G | I10: TRAPASCARDMD | J10: TRAPASCAR300FCEV19 | K10: 1 | L10: 68921.251 | M10: 0 | N10: 1 | O10: 1 | P10: 0 | Q10: 0 | R10: 0 | S10: 0.73546867 | T10: 12 | U10: 6.472949 | W10: 1 | X10: 1
A11: Transportation | B11: Passenger | C11: Passenger Truck | F11: Gasoline ICE Vehicle (spark ignition) | G11: Gasoline | H11: TRAGSL | I11: TRAPASLDTDMD | J11: TRAPASLDTICEVGSL19 | K11: 1 | L11: 0 | M11: 0 | N11: 0.9 | O11: 1 | P11: 0 | Q11: 0 | R11: 0 | S11: 0.24925979 | T11: 13 | U11: 5.8122532 | W11: 1 | X11: 1
A12: Transportation | B12: Passenger | C12: Passenger Truck | F12: Gasoline ICE Vehicle (spark ignition) | G12: Ethanol | H12: TRAETH | I12: TRAPASLDTDMD | J12: TRAPASLDTICEVGSL19 | K12: 0 | L12: 0 | M12: 0 | N12: 0 | O12: 0.1 | P12: 0 | Q12: 0 | R12: 0 | S12: 0.24925979 | T12: 13 | U12: 5.8122532 | W12: 1 | X12: 1
A13: Transportation | B13: Passenger | C13: Passenger Truck | F13: Diesel Conventional Compression Ignition Vehicle | G13: Diesel | H13: TRADSL | I13: TRAPASLDTDMD | J13: TRAPASLDTICEVDSL19 | K13: 1 | L13: 0 | M13: 0 | N13: 0 | O13: 1 | P13: 0 | Q13: 0 | R13: 0 | S13: 0.19756987 | T13: 13 | U13: 5.8122532 | W13: 1 | X13: 1
... A123: Transportation | B123: Passenger | C123: Subway | F123: Electric Propulsion Vehicle | G123: Electricity | H123: TRAELC | I123: TRAPASSUBDMD | J123: TRAPASSUBPROELC19 | K123: 1 | L123: 0 | M123: 0 | N123: 1 | O123: 1 | P123: 0 | Q123: 0 | R123: 0 | S123: 0.080703906 | T123: 30 | U123: 158.59239 | W123: 1 | X123: 1
A124: Transportation | B124: Passenger | C124: Bicycle | F124: N/a | G124: N/a | I124: TRAPASBICDMD | J124: TRAPASBIC19 | K124: 1 | L124: 783.71641 | M124: 1 | N124: 0 | O124: 0 | P124: 783.71641 | Q124: 0 | R124: 783.71641 | S124: 1 | T124: 50 | U124: 0 | W124: 1 | X124: 1
A125: Transportation | B125: Passenger | C125: Walk | F125: N/a | G125: N/a | I125: TRAPASWALDMD | J125: TRAPASWAL19 | K125: 1 | L125: 4185.0617 | M125: 1 | N125: 0 | O125: 0 | P125: 4185.0617 | Q125: 0 | R125: 4185.0617 | S125: 1 | T125: 100 | U125: 0 | W125: 1 | X125: 1
A126: Transportation | B126: Other | C126: Off-Road | F126: Gasoline ICE Vehicle | G126: Gasoline | H126: TRAGSL | I126: TRAOTHOFRDMD | J126: TRAOTHOFRICEVGSL19 | K126: 1 | L126: 0 | M126: 0 | N126: 0.9 | O126: 1 | P126: 0 | Q126: 0 | R126: 0 | S126: 0.10837963 | T126: 8 | U126: 10.491572 | W126: 1 | X126: 1
A127: Transportation | B127: Other | C127: Off-Road | F127: Gasoline ICE Vehicle | G127: Ethanol | H127: TRAETH | I127: TRAOTHOFRDMD | J127: TRAOTHOFRICEVGSL19 | K127: 0 | L127: 0 | M127: 0 | N127: 0 | O127: 0.1 | P127: 0 | Q127: 0 | R127: 0 | S127: 0.10837963 | T127: 8 | U127: 10.491572 | W127: 1 | X127: 1
A128: Transportation | B128: Other | C128: Off-Road | F128: Diesel ICE Vehicle | G128: Diesel | H128: TRADSL | I128: TRAOTHOFRDMD | J128: TRAOTHOFRICEVDSL19 | K128: 1 | L128: 0 | M128: 0 | N128: 0 | O128: 1 | P128: 0 | Q128: 0 | R128: 0 | S128: 0.1046149 | T128: 8 | U128: 10.491572 | W128: 1 | X128: 1
A129: Transportation | B129: Other | C129: Off-Road | F129: Diesel ICE Vehicle | G129: Renewable diesel | H129: TRARDS | I129: TRAOTHOFRDMD | J129: TRAOTHOFRICEVDSL19 | K129: 0 | L129: 0 | M129: 0 | N129: 0 | O129: 1 | P129: 0 | Q129: 0 | R129: 0 | S129: 0.1046149 | T129: 8 | U129: 10.491572 | W129: 1 | X129: 1
A130: Transportation | B130: Other | C130: Off-Road | F130: Diesel ICE Vehicle | G130: Bio diesel | H130: TRABDS | I130: TRAOTHOFRDMD | J130: TRAOTHOFRICEVDSL19 | K130: 0 | L130: 0 | M130: 0 | N130: 0 | O130: 0.1 | P130: 0 | Q130: 0 | R130: 0 | S130: 0.1046149 | T130: 8 | U130: 10.491572 | W130: 1 | X130: 1
A131: Transportation | B131: Other | C131: Off-Road | F131: Compressed Natural Gas Conventional Vehicle | G131: CNG | H131: TRACNG | I131: TRAOTHOFRDMD | J131: TRAOTHOFRICEVCNG19 | K131: 1 | L131: 0 | M131: 0 | N131: 0 | O131: 1 | P131: 0 | Q131: 0 | R131: 0 | S131: 0.10837963 | T131: 8 | U131: 10.491572 | W131: 1 | X131: 1
A132: Transportation | B132: Other | C132: Off-Road | F132: Compressed Natural Gas Conventional Vehicle | G132: RNG | H132: TRARNG | I132: TRAOTHOFRDMD | J132: TRAOTHOFRICEVCNG19 | K132: 0 | L132: 0 | M132: 0 | N132: 0 | O132: 1 | P132: 0 | Q132: 0 | R132: 0 | S132: 0.10837963 | T132: 8 | U132: 10.491572 | W132: 1 | X132: 1
A133: Transportation | B133: Other | C133: Off-Road | F133: Battery Electric Vehicle | G133: Battery Freight | H133: TRABAF | I133: TRAOTHOFRDMD | J133: TRAOTHOFRBEV19 | K133: 1 | L133: 0 | M133: 0 | N133: 1 | O133: 1 | P133: 0 | Q133: 0 | R133: 0 | S133: 0.21465702 | T133: 8 | U133: 10.491572 | W133: 1 | X133: 1
A134: Transportation | B134: Other | C134: Off-Road | F134: Hydrogen Fuel Cell Electric Vehicle | G134: Hydrogen | H134: TRAH2G | I134: TRAOTHOFRDMD | J134: TRAOTHOFRFCEV19 | K134: 1 | L134: 0 | M134: 0 | N134: 1 | O134: 1 | P134: 0 | Q134: 0 | R134: 0 | S134: 0.21465702 | T134: 8 | U134: 10.491572 | W134: 1 | X134: 1
A135: Transportation | B135: Other | C135: Waterborne | F135: Gasoline ICE Vehicle | G135: Gasoline | H135: TRAGSL | I135: TRAOTHWATDMD | J135: TRAOTHWATICEVGSL19 | K135: 1 | L135: 1.6054304 | M135: 0 | N135: 0.9 | O135: 1 | P135: 0 | Q135: 0 | R135: 0 | S135: 0.0012937722 | T135: 30 | U135: 6522.2354 | W135: 1 | X135: 1
A136: Transportation | B136: Other | C136: Waterborne | F136: Gasoline ICE Vehicle | G136: Ethanol | H136: TRAETH | I136: TRAOTHWATDMD | J136: TRAOTHWATICEVGSL19 | K136: 0 | L136: 1.6054304 | M136: 0 | N136: 0 | O136: 0.1 | P136: 0 | Q136: 0 | R136: 0 | S136: 0.0012937722 | T136: 30 | U136: 6522.2354 | W136: 1 | X136: 1
A137: Transportation | B137: Other | C137: Waterborne | F137: Diesel ICE Vehicle | G137: Diesel | H137: TRADSL | I137: TRAOTHWATDMD | J137: TRAOTHWATICEVDSL19 | K137: 1 | L137: 1.6054304 | M137: 1 | N137: 0 | O137: 1 | P137: 1.6054304 | Q137: 1400.5379 | R137: 1.6054304 | S137: 0.0011462956 | T137: 30 | U137: 6522.2354 | W137: 1 | X137: 1
... A143: Transportation | B143: Other | C143: Aviation | F143: Turbo-reactor | G143: Sustainable aviation fuel | H143: TRASAF | I143: TRAOTHAIRDMD | J143: TRAOTHAIRTURREA19 | K143: 0 | L143: 0.12571557 | M143: 0 | N143: 0 | O143: 1 | P143: 0 | Q143: 0 | R143: 0 | S143: 0.0043975374 | T143: 24 | U143: 1249.4626 | W143: 1 | X143: 1

Sheet ELC RESID
O1: 2019 | P1: 2020 | Q1: 2025 | R1: 2030 | S1: 2035 | T1: 2040 | U1: 2045 | V1: 2050 | W1: 2055 | X1: 2060 | Y1: 2065 | Z1: 2070 | AA1: 2075 | AB1: 2080 | AC1: 2085 | AD1: 2090 | AE1: 2095 | AF1: 2100 | AG1: 2019 | AH1: 2030 | AI1: 2050 | AJ1: 2100 | AK1: 2019 | AL1: 2030 | AM1: 2050 | AN1: 2100 | AO1: 2019 | AP1: 2030 | AQ1: 2050 | AR1: 2100
A2: Sector | B2: Sub-sector | C2: Archetype | D2: Vintage | E2: End Use | F2: Technology | G2: Energy | H2: Technology Label | I2: Generation (TJ) | J2: Fuel Input (MWh) | K2: Capacity Factor (%) | L2: Efficiency (%) | M2: Fixed OM 2023 US$ / kW . Yr | N2: Variable OM 2023 US$ / GJ | O2: Capacity base year (MW) | P2: Capacity 2020 (MW) | Q2: Capacity 2025 (MW) | R2: Capacity 2030 (MW) | S2: Capacity 2035 (MW) | T2: Capacity 2040 (MW) | U2: Capacity 2045 (MW) | V2: Capacity 2050 (MW) | W2: Capacity 2055 (MW) | X2: Capacity 2060 (MW) | Y2: Capacity 2065 (MW) | Z2: Capacity 2070 (MW) | AA2: Capacity 2075 (MW) | AB2: Capacity 2080 (MW) | AC2: Capacity 2085 (MW) | AD2: Capacity 2090 (MW) | AE2: Capacity 2095 (MW) | AF2: Capacity 2100 (MW) | AG2: Average CO2 emission factor ( t CO2 / TJ) | AH2: Average CO2 emission factor ( t CO2 / TJ) | AI2: Average CO2 emission factor ( t CO2 / TJ) | AJ2: Average CO2 emission factor ( t CO2 / TJ) | AK2: Average CH4 emission factor ( t CH4 / TJ) | AL2: Average CH4 emission factor ( t CH4 / TJ) | AM2: Average CH4 emission factor ( t CH4 / TJ) | AN2: Average CH4 emission factor ( t CH4 / TJ) | AO2: Average N2O emission factor ( t N2O / TJ) | AP2: Average N2O emission factor ( t N2O / TJ) | AQ2: Average N2O emission factor ( t N2O / TJ) | AR2: Average N2O emission factor ( t N2O / TJ)
A3: Electricity | B3: Grid | D3: 2019 | E3: Dispatchable | F3: Combustion turbine | G3: Natural gas | H3: ELCNGAGRDCTU19 | I3: 12173.114 | J3: 34569.709 | K3: 0.13746195 | L3: 0.35213238 | M3: 27.138389 | N3: 2.0228151 | O3: 2808.1 | P3: 1517.2 | Q3: 1517.2 | R3: 1517.2 | S3: 1517.2 | T3: 681.9 | U3: 677.3 | V3: 139.5 | W3: 0 | X3: 0 | Y3: 0 | Z3: 0 | AA3: 0 | AB3: 0 | AC3: 0 | AD3: 0 | AE3: 0 | AF3: 0
A4: Electricity | B4: Grid | D4: 2019 | E4: Dispatchable | F4: Steam turbine | G4: Natural gas | H4: ELCNGAGRDSTU19 | I4: 10774.678 | J4: 29246.467 | K4: 0.084997091 | L4: 0.36840957 | M4: 27.138389 | N4: 2.0228151 | O4: 4019.7 | P4: 16 | Q4: 16 | R4: 16 | S4: 16 | T4: 16 | U4: 16 | V4: 0 | W4: 0 | X4: 0 | Y4: 0 | Z4: 0 | AA4: 0 | AB4: 0 | AC4: 0 | AD4: 0 | AE4: 0 | AF4: 0
A5: Electricity | B5: Grid | D5: 2019 | E5: Dispatchable | F5: Combined cycle combustion turbine | G5: Natural gas | H5: ELCNGAGRDCCC19 | I5: 46780.596 | J5: 91771.957 | K5: 0.64588452 | L5: 0.50974827 | M5: 35.166828 | N5: 0.61563937 | O5: 2296.7 | P5: 2296.7 | Q5: 2296.7 | R5: 1726.5 | S5: 1484.5 | T5: 751 | U5: 400 | V5: 0 | W5: 0 | X5: 0 | Y5: 0 | Z5: 0 | AA5: 0 | AB5: 0 | AC5: 0 | AD5: 0 | AE5: 0 | AF5: 0
A6: Electricity | B6: Grid | D6: 2019 | E6: Dispatchable | F6: Combined cycle steam turbine | G6: Natural gas | H6: ELCNGAGRDCCS19 | I6: 17753.904 | J6: 34991.141 | K6: 0.47892182 | L6: 0.50738283 | M6: 35.166828 | N6: 0.61563937 | O6: 1175.5 | P6: 1173.1 | Q6: 1173.1 | R6: 860.5 | S6: 780.5 | T6: 505 | U6: 250 | V6: 0 | W6: 0 | X6: 0 | Y6: 0 | Z6: 0 | AA6: 0 | AB6: 0 | AC6: 0 | AD6: 0 | AE6: 0 | AF6: 0
A7: Electricity | B7: Grid | D7: 2019 | E7: Dispatchable | F7: Combined cycle - single shaft | G7: Natural gas | H7: ELCNGAGRDACC19 | I7: 0 | J7: 0 | M7: 34.827599 | N7: 0.61563937 | O7: 0 | P7: 0 | Q7: 0 | R7: 0 | S7: 0 | T7: 0 | U7: 0 | V7: 0 | W7: 0 | X7: 0 | Y7: 0 | Z7: 0 | AA7: 0 | AB7: 0 | AC7: 0 | AD7: 0 | AE7: 0 | AF7: 0
A8: Electricity | B8: Grid | D8: 2019 | E8: Dispatchable | F8: Other turbine | G8: Natural gas | H8: ELCNGAGRDOTT19 | I8: 0 | J8: 0 | M8: 34.827599 | N8: 0.61563937 | O8: 0 | P8: 0 | Q8: 0 | R8: 0 | S8: 0 | T8: 0 | U8: 0 | V8: 0 | W8: 0 | X8: 0 | Y8: 0 | Z8: 0 | AA8: 0 | AB8: 0 | AC8: 0 | AD8: 0 | AE8: 0 | AF8: 0
A9: Electricity | B9: Grid | D9: 2019 | E9: Dispatchable | F9: Internal combustion engine | G9: Natural gas | H9: ELCNGAGRDICE19 | I9: 234.73082 | J9: 538.0716 | K9: 0.23406495 | L9: 0.43624458 | M9: 27.138389 | N9: 2.0228151 | O9: 31.8 | P9: 31.8 | Q9: 31.8 | R9: 23.4 | S9: 22.5 | T9: 22.3 | U9: 2.4 | V9: 0 | W9: 0 | X9: 0 | Y9: 0 | Z9: 0 | AA9: 0 | AB9: 0 | AC9: 0 | AD9: 0 | AE9: 0 | AF9: 0
A10: Electricity | B10: Grid | D10: 2019 | E10: Dispatchable | F10: Fuel cell | G10: Natural gas | H10: ELCNGAGRDFCE19 | I10: 192.024 | J10: 392.5061 | K10: 0.92258198 | L10: 0.48922552 | M10: 34.827599 | N10: 0.61563937 | O10: 6.6 | P10: 6.6 | Q10: 6.6 | R10: 6.6 | S10: 6.6 | T10: 6.6 | U10: 6.6 | V10: 6.6 | W10: 0 | X10: 0 | Y10: 0 | Z10: 0 | AA10: 0 | AB10: 0 | AC10: 0 | AD10: 0 | AE10: 0 | AF10: 0
A11: Electricity | B11: Grid | D11: 2019 | E11: Dispatchable | F11: Combustion turbine | G11: RNG | H11: ELCRNGGRDCTU19 | I11: 0 | J11: 0 | M11: 27.138389 | N11: 2.0228151 | O11: 0 | P11: 0 | Q11: 0 | R11: 0 | S11: 0 | T11: 0 | U11: 0 | V11: 0 | W11: 0 | X11: 0 | Y11: 0 | Z11: 0 | AA11: 0 | AB11: 0 | AC11: 0 | AD11: 0 | AE11: 0 | AF11: 0
A12: Electricity | B12: Grid | D12: 2019 | E12: Dispatchable | F12: Steam turbine | G12: RNG | H12: ELCRNGGRDSTU19 | I12: 0 | J12: 0 | M12: 27.138389 | N12: 2.0228151 | O12: 0 | P12: 0 | Q12: 0 | R12: 0 | S12: 0 | T12: 0 | U12: 0 | V12: 0 | W12: 0 | X12: 0 | Y12: 0 | Z12: 0 | AA12: 0 | AB12: 0 | AC12: 0 | AD12: 0 | AE12: 0 | AF12: 0
A13: Electricity | B13: Grid | D13: 2019 | E13: Dispatchable | F13: Combined cycle combustion turbine | G13: RNG | H13: ELCRNGGRDCCC19 | I13: 0 | J13: 0 | M13: 35.166828 | N13: 0.61563937 | O13: 0 | P13: 0 | Q13: 0 | R13: 0 | S13: 0 | T13: 0 | U13: 0 | V13: 0 | W13: 0 | X13: 0 | Y13: 0 | Z13: 0 | AA13: 0 | AB13: 0 | AC13: 0 | AD13: 0 | AE13: 0 | AF13: 0
A14: Electricity | B14: Grid | D14: 2019 | E14: Dispatchable | F14: Combined cycle steam turbine | G14: RNG | H14: ELCRNGGRDCCS19 | I14: 0 | J14: 0 | M14: 35.166828 | N14: 0.61563937 | O14: 0 | P14: 0 | Q14: 0 | R14: 0 | S14: 0 | T14: 0 | U14: 0 | V14: 0 | W14: 0 | X14: 0 | Y14: 0 | Z14: 0 | AA14: 0 | AB14: 0 | AC14: 0 | AD14: 0 | AE14: 0 | AF14: 0
A15: Electricity | B15: Grid | D15: 2019 | E15: Dispatchable | F15: Internal combustion engine | G15: RNG | H15: ELCRNGGRDICE19 | I15: 0 | J15: 0 | M15: 27.138389 | N15: 2.0228151 | O15: 0 | P15: 0 | Q15: 0 | R15: 0 | S15: 0 | T15: 0 | U15: 0 | V15: 0 | W15: 0 | X15: 0 | Y15: 0 | Z15: 0 | AA15: 0 | AB15: 0 | AC15: 0 | AD15: 0 | AE15: 0 | AF15: 0
A16: Electricity | B16: Grid | D16: 2019 | E16: Dispatchable | F16: Fuel cell | G16: RNG | H16: ELCRNGGRDFCE19 | I16: 0 | J16: 0 | M16: 34.827599 | N16: 0.61563937 | O16: 0 | P16: 0 | Q16: 0 | R16: 0 | S16: 0 | T16: 0 | U16: 0 | V16: 0 | W16: 0 | X16: 0 | Y16: 0 | Z16: 0 | AA16: 0 | AB16: 0 | AC16: 0 | AD16: 0 | AE16: 0 | AF16: 0
A17: Electricity | B17: Grid | D17: 2019 | E17: Dispatchable | F17: Combustion turbine | G17: Fuel oil | H17: ELCFOIGRDCTU19 | I17: 16.1352 | J17: 99.921256 | K17: 0.0013132542 | L17: 0.16147915 | M17: 27.138389 | N17: 2.0228151 | O17: 389.6 | P17: 0 | Q17: 0 | R17: 0 | S17: 0 | T17: 0 | U17: 0 | V17: 0 | W17: 0 | X17: 0 | Y17: 0 | Z17: 0 | AA17: 0 | AB17: 0 | AC17: 0 | AD17: 0 | AE17: 0 | AF17: 0
A18: Electricity | B18: Grid | D18: 2019 | E18: Dispatchable | F18: Steam turbine | G18: Fuel oil | H18: ELCFOIGRDSTU19 | I18: 0 | J18: 0 | M18: 27.138389 | N18: 2.0228151 | O18: 0 | P18: 0 | Q18: 0 | R18: 0 | S18: 0 | T18: 0 | U18: 0 | V18: 0 | W18: 0 | X18: 0 | Y18: 0 | Z18: 0 | AA18: 0 | AB18: 0 | AC18: 0 | AD18: 0 | AE18: 0 | AF18: 0
A19: Electricity | B19: Grid | D19: 2019 | E19: Dispatchable | F19: Combined cycle combustion turbine | G19: Fuel oil | H19: ELCFOIGRDCCC19 | I19: 0 | J19: 0 | M19: 35.166828 | N19: 0.61563937 | O19: 0 | P19: 0 | Q19: 0 | R19: 0 | S19: 0 | T19: 0 | U19: 0 | V19: 0 | W19: 0 | X19: 0 | Y19: 0 | Z19: 0 | AA19: 0 | AB19: 0 | AC19: 0 | AD19: 0 | AE19: 0 | AF19: 0
A20: Electricity | B20: Grid | D20: 2019 | E20: Dispatchable | F20: Combined cycle steam turbine | G20: Fuel oil | H20: ELCFOIGRDCCS19 | I20: 0 | J20: 0 | M20: 35.166828 | N20: 0.61563937 | O20: 0 | P20: 0 | Q20: 0 | R20: 0 | S20: 0 | T20: 0 | U20: 0 | V20: 0 | W20: 0 | X20: 0 | Y20: 0 | Z20: 0 | AA20: 0 | AB20: 0 | AC20: 0 | AD20: 0 | AE20: 0 | AF20: 0
A21: Electricity | B21: Grid | D21: 2019 | E21: Dispatchable | F21: Other turbine | G21: Fuel oil | H21: ELCFOIGRDOTT19 | I21: 0 | J21: 0 | M21: 35.166828 | N21: 0.61563937 | O21: 0 | P21: 0 | Q21: 0 | R21: 0 | S21: 0 | T21: 0 | U21: 0 | V21: 0 | W21: 0 | X21: 0 | Y21: 0 | Z21: 0 | AA21: 0 | AB21: 0 | AC21: 0 | AD21: 0 | AE21: 0 | AF21: 0
A22: Electricity | B22: Grid | D22: 2019 | E22: Dispatchable | F22: Internal combustion engine | G22: Fuel oil | H22: ELCFOIGRDICE19 | I22: 8.6313024 | J22: 31.086118 | K22: 0.0012700548 | L22: 0.27765778 | M22: 34.827599 | N22: 0.61563937 | O22: 215.5 | P22: 186.1 | Q22: 178.8 | R22: 172 | S22: 141.7 | T22: 105 | U22: 55.6 | V22: 13 | W22: 0 | X22: 0 | Y22: 0 | Z22: 0 | AA22: 0 | AB22: 0 | AC22: 0 | AD22: 0 | AE22: 0 | AF22: 0
A23: Electricity | B23: Grid | D23: 2019 | E23: Dispatchable | F23: Steam turbine | G23: Coal | H23: ELCCOAGRDSTU19 | I23: 0 | J23: 0 | M23: 87.747456 | N23: 2.6573005 | O23: 0 | P23: 0 | Q23: 0 | R23: 0 | S23: 0 | T23: 0 | U23: 0 | V23: 0 | W23: 0 | X23: 0 | Y23: 0 | Z23: 0 | AA23: 0 | AB23: 0 | AC23: 0 | AD23: 0 | AE23: 0 | AF23: 0
A24: Electricity | B24: Grid | D24: 2019 | E24: Dispatchable | F24: Other turbine | G24: Coal | H24: ELCCOAGRDOTT19 | I24: 0 | J24: 0 | M24: 169.72801 | N24: 4.6392824 | O24: 0 | P24: 0 | Q24: 0 | R24: 0 | S24: 0 | T24: 0 | U24: 0 | V24: 0 | W24: 0 | X24: 0 | Y24: 0 | Z24: 0 | AA24: 0 | AB24: 0 | AC24: 0 | AD24: 0 | AE24: 0 | AF24: 0
A25: Electricity | B25: Grid | D25: 2019 | E25: Dispatchable | F25: Steam turbine | G25: Biomass | H25: ELCBIOGRDSTU19 | I25: 0 | J25: 0 | M25: 177.77906 | N25: 1.5830727 | O25: 0 | P25: 0 | Q25: 0 | R25: 0 | S25: 0 | T25: 0 | U25: 0 | V25: 0 | W25: 0 | X25: 0 | Y25: 0 | Z25: 0 | AA25: 0 | AB25: 0 | AC25: 0 | AD25: 0 | AE25: 0 | AF25: 0
A26: Electricity | B26: Grid | D26: 2019 | E26: Dispatchable | F26: Other turbine | G26: Biomass | H26: ELCBIOGRDOTT19 | I26: 0 | J26: 0 | M26: 177.77906 | N26: 1.5830727 | O26: 0 | P26: 0 | Q26: 0 | R26: 0 | S26: 0 | T26: 0 | U26: 0 | V26: 0 | W26: 0 | X26: 0 | Y26: 0 | Z26: 0 | AA26: 0 | AB26: 0 | AC26: 0 | AD26: 0 | AE26: 0 | AF26: 0
A27: Electricity | B27: Grid | D27: 2019 | E27: Dispatchable | F27: Internal combustion engine | G27: Other bioenergy | H27: ELCOTBGRDICE19 | I27: 0 | J27: 0 | M27: 177.77906 | N27: 1.5830727 | O27: 0 | P27: 0 | Q27: 0 | R27: 0 | S27: 0 | T27: 0 | U27: 0 | V27: 0 | W27: 0 | X27: 0 | Y27: 0 | Z27: 0 | AA27: 0 | AB27: 0 | AC27: 0 | AD27: 0 | AE27: 0 | AF27: 0
A28: Electricity | B28: Grid | D28: 2019 | E28: Dispatchable | F28: Steam turbine | G28: Waste | H28: ELCWASGRDSTU19 | I28: 1357.2108 | J28: 7369.616 | K28: 0.72088563 | L28: 0.18416303 | M28: 177.77906 | N28: 1.5830727 | O28: 59.7 | P28: 59.7 | Q28: 59.7 | R28: 59.7 | S28: 0 | T28: 0 | U28: 0 | V28: 0 | W28: 0 | X28: 0 | Y28: 0 | Z28: 0 | AA28: 0 | AB28: 0 | AC28: 0 | AD28: 0 | AE28: 0 | AF28: 0
A29: Electricity | B29: Grid | D29: 2019 | E29: Dispatchable | F29: Steam turbine | G29: Waste heat | H29: ELCHETGRDSTU19 | I29: 0 | J29: 0 | M29: 177.77906 | N29: 1.5830727 | O29: 0 | P29: 0 | Q29: 0 | R29: 0 | S29: 0 | T29: 0 | U29: 0 | V29: 0 | W29: 0 | X29: 0 | Y29: 0 | Z29: 0 | AA29: 0 | AB29: 0 | AC29: 0 | AD29: 0 | AE29: 0 | AF29: 0
A30: Electricity | B30: Grid | D30: 2019 | E30: Dispatchable | F30: Other turbine | G30: Waste heat | H30: ELCHETGRDOTT19 | I30: 0 | J30: 0 | M30: 177.77906 | N30: 1.5830727 | O30: 0 | P30: 0 | Q30: 0 | R30: 0 | S30: 0 | T30: 0 | U30: 0 | V30: 0 | W30: 0 | X30: 0 | Y30: 0 | Z30: 0 | AA30: 0 | AB30: 0 | AC30: 0 | AD30: 0 | AE30: 0 | AF30: 0
A31: Electricity | B31: Grid | D31: 2019 | E31: Dispatchable | F31: Steam turbine | G31: Steam | H31: ELCSTMGRDSTU19 | I31: 0 | J31: 0 | M31: 177.77906 | N31: 1.5830727 | O31: 0 | P31: 0 | Q31: 0 | R31: 0 | S31: 0 | T31: 0 | U31: 0 | V31: 0 | W31: 0 | X31: 0 | Y31: 0 | Z31: 0 | AA31: 0 | AB31: 0 | AC31: 0 | AD31: 0 | AE31: 0 | AF31: 0
A32: Electricity | B32: Grid | D32: 2019 | E32: Dispatchable | F32: Steam turbine | G32: Uranium | H32: ELCURNGRDSTU19 | I32: 60101.435 | J32: 182125.56 | K32: 0.82466638 | L32: 0.33 | M32: 172.01215 | N32: 0.77583125 | O32: 2311 | P32: 2311 | Q32: 0 | R32: 0 | S32: 0 | T32: 0 | U32: 0 | V32: 0 | W32: 0 | X32: 0 | Y32: 0 | Z32: 0 | AA32: 0 | AB32: 0 | AC32: 0 | AD32: 0 | AE32: 0 | AF32: 0
A33: Electricity | B33: Grid | D33: 2019 | E33: Storage | F33: Compressed air energy storage | G33: Storage | H33: ELCSTGGRDCES19 | I33: 0 | J33: 0 | M33: 44.870272 | N33: 0 | O33: 0 | P33: 0 | Q33: 0 | R33: 0 | S33: 0 | T33: 0 | U33: 0 | V33: 0 | W33: 0 | X33: 0 | Y33: 0 | Z33: 0 | AA33: 0 | AB33: 0 | AC33: 0 | AD33: 0 | AE33: 0 | AF33: 0
A34: Electricity | B34: Grid | D34: 2019 | E34: Storage | F34: Flywheel energy storage | G34: Storage | H34: ELCSTGGRDFES19 | I34: 0 | J34: 0 | M34: 44.870272 | N34: 0 | O34: 0 | P34: 0 | Q34: 0 | R34: 0 | S34: 0 | T34: 0 | U34: 0 | V34: 0 | W34: 0 | X34: 0 | Y34: 0 | Z34: 0 | AA34: 0 | AB34: 0 | AC34: 0 | AD34: 0 | AE34: 0 | AF34: 0
A35: Electricity | B35: Grid | D35: 2019 | E35: Storage | F35: Battery energy storage | G35: Storage | H35: ELCSTGGRDBES19 | I35: 0 | J35: 0 | L35: 0.8 | M35: 44.870272 | N35: 0 | O35: 0 | P35: 0 | Q35: 0 | R35: 0 | S35: 0 | T35: 0 | U35: 0 | V35: 0 | W35: 0 | X35: 0 | Y35: 0 | Z35: 0 | AA35: 0 | AB35: 0 | AC35: 0 | AD35: 0 | AE35: 0 | AF35: 0
A36: Electricity | B36: Grid | D36: 2019 | E36: Baseload | F36: Steam turbine | G36: Geothermal | H36: ELCGEOGRDSTU19 | I36: 0 | J36: 0 | L36: 1 | M36: 170.80991 | N36: 0 | O36: 0 | P36: 0 | Q36: 0 | R36: 0 | S36: 0 | T36: 0 | U36: 0 | V36: 0 | W36: 0 | X36: 0 | Y36: 0 | Z36: 0 | AA36: 0 | AB36: 0 | AC36: 0 | AD36: 0 | AE36: 0 | AF36: 0
A37: Electricity | B37: Grid | D37: 2019 | E37: Baseload | F37: Binary cycle turbine | G37: Geothermal | H37: ELCGEOGRDBCT19 | I37: 0 | J37: 0 | L37: 1 | M37: 128.47969 | N37: 0 | O37: 0 | P37: 0 | Q37: 0 | R37: 0 | S37: 0 | T37: 0 | U37: 0 | V37: 0 | W37: 0 | X37: 0 | Y37: 0 | Z37: 0 | AA37: 0 | AB37: 0 | AC37: 0 | AD37: 0 | AE37: 0 | AF37: 0
A38: Electricity | B38: Grid | D38: 2019 | E38: Non Dispatchable | F38: Wind turbine - onshore | G38: Wind | H38: ELCWNDGRDWON19 | I38: 0 | J38: 0 | L38: 1 | M38: 34.974598 | N38: 0 | O38: 0 | P38: 0 | Q38: 0 | R38: 0 | S38: 0 | T38: 0 | U38: 0 | V38: 0 | W38: 0 | X38: 0 | Y38: 0 | Z38: 0 | AA38: 0 | AB38: 0 | AC38: 0 | AD38: 0 | AE38: 0 | AF38: 0
A39: Electricity | B39: Grid | D39: 2019 | E39: Non Dispatchable | F39: Wind turbine - offshore | G39: Wind | H39: ELCWNDGRDWOF19 | I39: 0 | J39: 0 | L39: 1 | M39: 112.55896 | N39: 0 | O39: 0 | P39: 0 | Q39: 0 | R39: 0 | S39: 0 | T39: 0 | U39: 0 | V39: 0 | W39: 0 | X39: 0 | Y39: 0 | Z39: 0 | AA39: 0 | AB39: 0 | AC39: 0 | AD39: 0 | AE39: 0 | AF39: 0
A40: Electricity | B40: Grid | D40: 2019 | E40: Storage | F40: Hydraulic turbine - reversible | G40: Storage | H40: ELCSTGGRDHES19 | I40: 0 | J40: 0 | L40: 0.7 | M40: 21.100097 | N40: 0.16961493 | O40: 0 | P40: 0 | Q40: 0 | R40: 0 | S40: 0 | T40: 0 | U40: 0 | V40: 0 | W40: 0 | X40: 0 | Y40: 0 | Z40: 0 | AA40: 0 | AB40: 0 | AC40: 0 | AD40: 0 | AE40: 0 | AF40: 0
A41: Electricity | B41: Grid | D41: 2019 | E41: Partly Dispatchable | F41: Hydroelectric tubine | G41: Hydro | H41: ELCHYDGRDHTU19 | I41: 0 | J41: 0 | M41: 122.23493 | N41: 0 | O41: 0 | P41: 0 | Q41: 0 | R41: 0 | S41: 0 | T41: 0 | U41: 0 | V41: 0 | W41: 0 | X41: 0 | Y41: 0 | Z41: 0 | AA41: 0 | AB41: 0 | AC41: 0 | AD41: 0 | AE41: 0 | AF41: 0
A42: Electricity | B42: Grid | D42: 2019 | E42: Non Dispatchable | F42: Photovoltaic | G42: Solar | H42: ELCSOLGRDUPV19 | I42: 29.9808 | J42: 78.242942 | K42: 0.15584999 | L42: 0.38317578 | M42: 25.474929 | N42: 0 | O42: 6.1 | P42: 6.1 | Q42: 6.1 | R42: 6.1 | S42: 6.1 | T42: 6.1 | U42: 6.1 | V42: 3.5 | W42: 0 | X42: 0 | Y42: 0 | Z42: 0 | AA42: 0 | AB42: 0 | AC42: 0 | AD42: 0 | AE42: 0 | AF42: 0
A43: Electricity | B43: Grid | D43: 2019 | E43: Non Dispatchable | F43: Concentrated solar power energy storage | G43: Solar | H43: ELCSOLGRDCSP19 | I43: 0 | J43: 0 | L43: 1 | M43: 78.138205 | N43: 1.1510258 | O43: 0 | P43: 0 | Q43: 0 | R43: 0 | S43: 0 | T43: 0 | U43: 0 | V43: 0 | W43: 0 | X43: 0 | Y43: 0 | Z43: 0 | AA43: 0 | AB43: 0 | AC43: 0 | AD43: 0 | AE43: 0 | AF43: 0
A44: Electricity | B44: Grid | D44: 2019 | E44: Non Dispatchable | F44: Steam turbine | G44: Solar | H44: ELCSOLGRDSTU19 | I44: 0 | J44: 0 | L44: 1 | M44: 78.138205 | N44: 1.1510258 | O44: 0 | P44: 0 | Q44: 0 | R44: 0 | S44: 0 | T44: 0 | U44: 0 | V44: 0 | W44: 0 | X44: 0 | Y44: 0 | Z44: 0 | AA44: 0 | AB44: 0 | AC44: 0 | AD44: 0 | AE44: 0 | AF44: 0
A45: Electricity | B45: Grid | D45: 2019 | E45: Non Dispatchable | F45: Other turbine | G45: Solar | H45: ELCSOLGRDOTT19 | I45: 0 | J45: 0 | L45: 1 | M45: 78.138205 | N45: 1.1510258 | O45: 0 | P45: 0 | Q45: 0 | R45: 0 | S45: 0 | T45: 0 | U45: 0 | V45: 0 | W45: 0 | X45: 0 | Y45: 0 | Z45: 0 | AA45: 0 | AB45: 0 | AC45: 0 | AD45: 0 | AE45: 0 | AF45: 0
A46: Electricity | B46: Decentralized | D46: 2019 | E46: Non Dispatchable | F46: Commercial Solar (Photovoltaic) | G46: Solar | H46: ELCSOLDCECPV19 | I46: 2334.3681 | J46: 2334.3681 | K46: 0.15584999 | L46: 1 | M46: 20.242248 | N46: 0 | O46: 474.95882 | P46: 474.95882 | Q46: 474.95882 | R46: 474.95882 | S46: 474.95882 | T46: 474.95882 | U46: 474.95882 | V46: 474.95882 | W46: 474.95882 | X46: 474.95882 | Y46: 474.95882 | Z46: 474.95882 | AA46: 474.95882 | AB46: 474.95882 | AC46: 474.95882 | AD46: 474.95882 | AE46: 474.95882 | AF46: 474.95882
A47: Electricity | B47: Decentralized | D47: 2019 | E47: Non Dispatchable | F47: Residential Solar (Photovoltaic) | G47: Solar | H47: ELCSOLDCERPV19 | I47: 3448.5131 | J47: 3448.5131 | K47: 0.15584999 | L47: 1 | M47: 34.293446 | N47: 0 | O47: 701.64672 | P47: 701.64672 | Q47: 701.64672 | R47: 701.64672 | S47: 701.64672 | T47: 701.64672 | U47: 701.64672 | V47: 701.64672 | W47: 701.64672 | X47: 701.64672 | Y47: 701.64672 | Z47: 701.64672 | AA47: 701.64672 | AB47: 701.64672 | AC47: 701.64672 | AD47: 701.64672 | AE47: 701.64672 | AF47: 701.64672
A48: Electricity | B48: Decentralized | D48: 2019 | E48: Non Dispatchable | F48: Municipal Solar (Photovoltaic) | G48: Solar | H48: ELCSOLDCEMPV19 | I48: 0 | J48: 0 | K48: 0.15584999 | L48: 1 | M48: 20.242248 | N48: 0 | O48: 0 | P48: 0 | Q48: 0 | R48: 0 | S48: 0 | T48: 0 | U48: 0 | V48: 0 | W48: 0 | X48: 0 | Y48: 0 | Z48: 0 | AA48: 0 | AB48: 0 | AC48: 0 | AD48: 0 | AE48: 0 | AF48: 0
A49: Electricity | B49: Decentralized | D49: 2019 | E49: Non Dispatchable | F49: Industrial Solar (Photovoltaic) | G49: Solar | H49: ELCSOLDCEIPV19 | I49: 67.681706 | J49: 67.681706 | K49: 0.15584999 | L49: 1 | M49: 20.242248 | N49: 0 | O49: 13.77076 | P49: 13.77076 | Q49: 13.77076 | R49: 13.77076 | S49: 13.77076 | T49: 13.77076 | U49: 13.77076 | V49: 13.77076 | W49: 13.77076 | X49: 13.77076 | Y49: 13.77076 | Z49: 13.77076 | AA49: 13.77076 | AB49: 13.77076 | AC49: 13.77076 | AD49: 13.77076 | AE49: 13.77076 | AF49: 13.77076
A50: Electricty | B50: Grid | D50: 2019 | E50: Transmission | F50: EGRID to CITY | G50: Electricity | H50: TU_CELC_EGRID_CITY_V01 | I50: 183214.53 | L50: 1 | O50: 17429.084
A51: Electricty | B51: Grid | D51: 2019 | E51: Import | F51: Import to EGRID | G51: Electricity | H51: IMPELCEGRID | I51: 43034.141 | K51: 1 | L51: 1 | O51: 1364.6037 | P51: 1364.6037 | Q51: 1364.6037 | R51: 1364.6037 | S51: 1364.6037 | T51: 1364.6037 | U51: 1364.6037 | V51: 1364.6037 | W51: 1364.6037 | X51: 1364.6037 | Y51: 1364.6037 | Z51: 1364.6037 | AA51: 1364.6037 | AB51: 1364.6037 | AC51: 1364.6037 | AD51: 1364.6037 | AE51: 1364.6037 | AF51: 1364.6037 | AG51: 67.865561 | AH51: 67.865561 | AI51: 67.865561 | AJ51: 67.865561 | AK51: 0.0026429914 | AL51: 0.0026429914 | AM51: 0.0026429914 | AN51: 0.0026429914 | AO51: 0.00030952952 | AP51: 0.00030952952 | AQ51: 0.00030952952 | AR51: 0.00030952952

Sheet TRA_Mapping
B1: Label | C1: Technology Label
B2: TLCP10G | C2: TRAPASCARICEVGSL
B3: TLCP10E | C3: TRAPASCARICEVGSL
B4: TLCDSL | C4: TRAPASCARICEVDSL
B5: TLCDSL | C5: TRAPASCARICEVDSL
B6: TLCDSL | C6: TRAPASCARICEVDSL
B7: TLCCNG | C7: TRAPASCARICEVCNG
B8: TLCCNG | C8: TRAPASCARICEVCNG
C9: TRAPASCAR300BEV
C10: TRAPASCAR300FCEV
B11: TLSSP10G | C11: TRAPASLDTICEVGSL
B12: TLSSP10E | C12: TRAPASLDTICEVGSL
B13: TLLSDSL | C13: TRAPASLDTICEVDSL
B14: TLLSDSL | C14: TRAPASLDTICEVDSL
B15: TLLSDSL | C15: TRAPASLDTICEVDSL
B16: TLCCNG | C16: TRAPASLDTICEVCNG
B17: TLCCNG | C17: TRAPASLDTICEVCNG
C18: TRAPASLDT300BEV
C19: TRAPASLDT300FCEV
B20: TLMP10G | C20: TRAPASMOTICEVGSL
B21: TLMP10E | C21: TRAPASMOTICEVGSL
B22: TLMDSL | C22: TRAPASMOTICEVDSL
B23: TLMDSL | C23: TRAPASMOTICEVDSL
B24: TLMDSL | C24: TRAPASMOTICEVDSL
B25: TLMCNG | C25: TRAPASMOTICEVCNG
B26: TLMCNG | C26: TRAPASMOTICEVCNG
C27: TRAPASMOT300BEV
C28: TRAPASMOT300FCEV
B29: TCGSLC | C29: TRAFRECLTICEVGSL
B30: TCE85C | C30: TRAFRECLTICEVGSL
B31: TCB20C | C31: TRAFRECLTICEVDSL
B32: TCB20C | C32: TRAFRECLTICEVDSL
B33: TCB20C | C33: TRAFRECLTICEVDSL
B34: TCCNGC | C34: TRAFRECLTICEVCNG
B35: TCCNGC | C35: TRAFRECLTICEVCNG
C36: TRAFRECLT300BEV
C37: TRAFRECLT300FCEV
B38: TMGSLC | C38: TRAFRERFTICEVGSL
B39: TMGSLC | C39: TRAFRERFTICEVGSL
B40: TMB20C | C40: TRAFRERFTICEVDSL
B41: TMB20C | C41: TRAFRERFTICEVDSL
B42: TMB20C | C42: TRAFRERFTICEVDSL
B43: TMCNGC | C43: TRAFRERFTICEVCNG
B44: TMCNGC | C44: TRAFRERFTICEVCNG
C45: TRAFRERFT300BEV
C46: TRAFRERFT300FCEV
C47: TRAFRESLHICEVGSL
C48: TRAFRESLHICEVGSL
B49: THLB20C | C49: TRAFRESLHICEVDSL
B50: THLB20C | C50: TRAFRESLHICEVDSL
B51: THLB20C | C51: TRAFRESLHICEVDSL
B52: THSCNGIM | C52: TRAFRESLHICEVCNG
B53: THSCNGIM | C53: TRAFRESLHICEVCNG
C54: TRAFRESLHBEV
C55: TRAFRESLHFCEV
C56: TRAFRESSHICEVGSL
C57: TRAFRESSHICEVGSL
B58: THSB20C | C58: TRAFRESSHICEVDSL
B59: THSB20C | C59: TRAFRESSHICEVDSL
B60: THSB20C | C60: TRAFRESSHICEVDSL
B61: THSCNGIM | C61: TRAFRESSHICEVCNG
B62: THSCNGIM | C62: TRAFRESSHICEVCNG
C63: TRAFRESSHBEV
C64: TRAFRESSHFCEV
C65: TRAFRECLHICEVGSL
C66: TRAFRECLHICEVGSL
B67: THLB20C | C67: TRAFRECLHICEVDSL
B68: THLB20C | C68: TRAFRECLHICEVDSL
B69: THLB20C | C69: TRAFRECLHICEVDSL
B70: THSCNGIM | C70: TRAFRECLHICEVCNG
B71: THSCNGIM | C71: TRAFRECLHICEVCNG
C72: TRAFRECLHBEV
C73: TRAFRECLHFCEV
C74: TRAFRECSHICEVGSL
C75: TRAFRECSHICEVGSL
B76: THSB20C | C76: TRAFRECSHICEVDSL
B77: THSB20C | C77: TRAFRECSHICEVDSL
B78: THSB20C | C78: TRAFRECSHICEVDSL
B79: THSCNGIM | C79: TRAFRECSHICEVCNG
B80: THSCNGIM | C80: TRAFRECSHICEVCNG
C81: TRAFRECSHBEV
C82: TRAFRECSHFCEV
B83: TBGSLE | C83: TRAPASTBUICEVGSL
B84: TBGSLE | C84: TRAPASTBUICEVGSL
B85: TBB20C | C85: TRAPASTBUICEVDSL
B86: TBB20C | C86: TRAPASTBUICEVDSL
B87: TBB20C | C87: TRAPASTBUICEVDSL
B88: TBCNGC | C88: TRAPASTBUICEVCNG
B89: TBCNGC | C89: TRAPASTBUICEVCNG
C90: TRAPASTBUBEV
C91: TRAPASTBUFCEV
B92: TBGSLE | C92: TRAPASSBUICEVGSL
B93: TBGSLE | C93: TRAPASSBUICEVGSL
B94: TBB20C | C94: TRAPASSBUICEVDSL
B95: TBB20C | C95: TRAPASSBUICEVDSL
B96: TBB20C | C96: TRAPASSBUICEVDSL
B97: TBCNGC | C97: TRAPASSBUICEVCNG
B98: TBCNGC | C98: TRAPASSBUICEVCNG
C99: TRAPASSBUBEV
C100: TRAPASSBUFCEV
...

Sheet ELC_Mapping
B1: Label | C1: Technology Label
B2: SEELCBIBHO | C2: ELCBIOGRDBIODPP
B3: SECSTMBH | C3: ELCCOAGRD95CCS
B4: SECSTMBH | C4: ELCCOAGRD99CCS
B5: SECSTMBH | C5: ELCCOAGRDCONV
B6: SECIGCCBH | C6: ELCCOAGRDIGCC
B7: SECSTMRBH | C7: ELCCOAGRD90RCCS
B8: SECSTMRBH | C8: ELCCOAGRD95RCCS
B9: SEELCNGT | C9: ELCNGAGRDFFCT
B10: SEELCNGC | C10: ELCNGAGRDFFCC
B11: SEELCNGC | C11: ELCNGAGRDFFCC95CCS
B12: SEELCNGC | C12: ELCNGAGRDFFCC97CCS
... B43: SEELCWTE | C43: ELCWASGRDSTU

Sheet >> GC TECH

Sheet TRA TECH
Q1: 2020 | R1: 2025 | S1: 2030 | T1: 2035 | U1: 2040 | V1: 2045 | W1: 2050 | X1: 2020 | Y1: 2025 | Z1: 2030 | AA1: 2035 | AB1: 2040 | AC1: 2045 | AD1: 2050 | AE1: 2020 | AF1: 2025 | AG1: 2030 | AH1: 2035 | AI1: 2040 | AJ1: 2045 | AK1: 2050
A2: Sector | B2: Sub-sector | C2: Archetype | D2: Vintage | E2: End Use | F2: Technology | G2: Energy | H2: Input Label | I2: Output Label | J2: Technology Label | K2: Capacity Unit | L2: Main fuel | M2: To include | N2: First year of availability | O2: Lifetime (yr) | P2: MAX FUEL SHARE (%) | Q2: EFF (Vkm/MJ) | X2: CAPEX (Thousands US$ 2023 / Mvkm) | AE2: Fixed OPEX (Thousands US$ 2023 / Mvkm)
A3: Transportation | B3: Passenger | C3: Passenger Car | F3: Gasoline ICE Vehicle (spark ignition) | G3: Gasoline | H3: TRAGSL | I3: TRAPASCARDMD | J3: TRAPASCARICEVGSL20 | K3: Mvkm | L3: 1 | M3: 1 | N3: 2020 | O3: 16.861274 | P3: 1 | Q3: 0.37474421 | R3: 0.3694381 | S3: 0.42979513 | T3: 0.46959098 | U3: 0.49413175 | V3: 0.51800926 | W3: 0.54255003 | X3: 149.37153 | Y3: 151.86106 | Z3: 152.21671 | AA3: 163.95304 | AB3: 162.17481 | AC3: 160.04093 | AD3: 157.90705 | AE3: 5.2309413 | AF3: 5.2309413 | AG3: 5.2309413 | AH3: 5.2309413 | AI3: 5.2309413 | AJ3: 5.2309413 | AK3: 5.2309413
A4: Transportation | B4: Passenger | C4: Passenger Car | F4: Gasoline ICE Vehicle (spark ignition) | G4: Ethanol | H4: TRAETH | I4: TRAPASCARDMD | J4: TRAPASCARICEVGSL20 | K4: Mvkm | L4: 0 | M4: 1 | N4: 2020 | O4: 16.861274 | P4: 0.1 | Q4: 0.37474421 | R4: 0.3694381 | S4: 0.42979513 | T4: 0.46959098 | U4: 0.49413175 | V4: 0.51800926 | W4: 0.54255003 | X4: 149.37153 | Y4: 151.86106 | Z4: 152.21671 | AA4: 163.95304 | AB4: 162.17481 | AC4: 160.04093 | AD4: 157.90705 | AE4: 5.2309413 | AF4: 5.2309413 | AG4: 5.2309413 | AH4: 5.2309413 | AI4: 5.2309413 | AJ4: 5.2309413 | AK4: 5.2309413
A5: Transportation | B5: Passenger | C5: Passenger Car | F5: Gasoline ICE Vehicle (spark ignition with turbo) | G5: Gasoline | H5: TRAGSL | I5: TRAPASCARDMD | J5: TRAPASCARICEVTGSL20 | K5: Mvkm | L5: 1 | M5: 1 | N5: 2020 | O5: 16.861274 | P5: 1 | Q5: 0.41785638 | R5: 0.41586659 | S5: 0.46627466 | T5: 0.50540724 | U5: 0.53326433 | V5: 0.56112142 | W5: 0.59030504 | X5: 157.19576 | Y5: 156.12882 | Z5: 159.32964 | AA5: 165.73127 | AB5: 165.37563 | AC5: 165.01998 | AD5: 164.66433 | AE5: 5.2309413 | AF5: 5.2309413 | AG5: 5.2309413 | AH5: 5.2309413 | AI5: 5.2309413 | AJ5: 5.2309413 | AK5: 5.2309413
A6: Transportation | B6: Passenger | C6: Passenger Car | F6: Gasoline ICE Vehicle (spark ignition with turbo) | G6: Ethanol | H6: TRAETH | I6: TRAPASCARDMD | J6: TRAPASCARICEVTGSL20 | K6: Mvkm | L6: 0 | M6: 1 | N6: 2020 | O6: 16.861274 | P6: 0.1 | Q6: 0.41785638 | R6: 0.41586659 | S6: 0.46627466 | T6: 0.50540724 | U6: 0.53326433 | V6: 0.56112142 | W6: 0.59030504 | X6: 157.19576 | Y6: 156.12882 | Z6: 159.32964 | AA6: 165.73127 | AB6: 165.37563 | AC6: 165.01998 | AD6: 164.66433 | AE6: 5.2309413 | AF6: 5.2309413 | AG6: 5.2309413 | AH6: 5.2309413 | AI6: 5.2309413 | AJ6: 5.2309413 | AK6: 5.2309413
A7: Transportation | B7: Passenger | C7: Passenger Car | F7: Gasoline Micro Hybrid Electric Vehicle (spark ignition) | G7: Gasoline | H7: TRAGSL | I7: TRAPASCARDMD | J7: TRAPASCARHEVGSL20 | K7: Mvkm | L7: 1 | M7: 1 | N7: 2020 | O7: 16.861274 | P7: 1 | Q7: 0.38469318 | R7: 0.37938706 | S7: 0.44173389 | T7: 0.48351953 | U7: 0.5080603 | V7: 0.53326433 | W7: 0.55846837 | X7: 150.79412 | Y7: 153.28364 | Z7: 153.63929 | AA7: 165.01998 | AB7: 162.8861 | AC7: 161.10787 | AD7: 158.97399 | AE7: 4.9356462 | AF7: 4.9356462 | AG7: 4.9356462 | AH7: 4.9356462 | AI7: 4.9356462 | AJ7: 4.9356462 | AK7: 4.9356462
A8: Transportation | B8: Passenger | C8: Passenger Car | F8: Gasoline Micro Hybrid Electric Vehicle (spark ignition) | G8: Ethanol | H8: TRAETH | I8: TRAPASCARDMD | J8: TRAPASCARHEVGSL20 | K8: Mvkm | L8: 0 | M8: 1 | N8: 2020 | O8: 16.861274 | P8: 0.1 | Q8: 0.38469318 | R8: 0.37938706 | S8: 0.44173389 | T8: 0.48351953 | U8: 0.5080603 | V8: 0.53326433 | W8: 0.55846837 | X8: 150.79412 | Y8: 153.28364 | Z8: 153.63929 | AA8: 165.01998 | AB8: 162.8861 | AC8: 161.10787 | AD8: 158.97399 | AE8: 4.9356462 | AF8: 4.9356462 | AG8: 4.9356462 | AH8: 4.9356462 | AI8: 4.9356462 | AJ8: 4.9356462 | AK8: 4.9356462
A9: Transportation | B9: Passenger | C9: Passenger Car | F9: Gasoline Micro Hybrid Electric Vehicle (spark ignition with turbo) | G9: Gasoline | H9: TRAGSL | I9: TRAPASCARDMD | J9: TRAPASCARHEVTGSL20 | K9: Mvkm | L9: 1 | M9: 1 | N9: 2020 | O9: 16.861274 | P9: 1 | Q9: 0.42515228 | R9: 0.42249923 | S9: 0.47489709 | T9: 0.51601947 | U9: 0.54453982 | V9: 0.57306018 | W9: 0.6022438 | X9: 158.97399 | Y9: 157.5514 | Z9: 160.39657 | AA9: 166.79821 | AB9: 166.44257 | AC9: 166.08692 | AD9: 165.73127 | AE9: 4.9356462 | AF9: 4.9356462 | AG9: 4.9356462 | AH9: 4.9356462 | AI9: 4.9356462 | AJ9: 4.9356462 | AK9: 4.9356462
A10: Transportation | B10: Passenger | C10: Passenger Car | F10: Gasoline Micro Hybrid Electric Vehicle (spark ignition with turbo) | G10: Ethanol | H10: TRAETH | I10: TRAPASCARDMD | J10: TRAPASCARHEVTGSL20 | K10: Mvkm | L10: 0 | M10: 1 | N10: 2020 | O10: 16.861274 | P10: 0.1 | Q10: 0.42515228 | R10: 0.42249923 | S10: 0.47489709 | T10: 0.51601947 | U10: 0.54453982 | V10: 0.57306018 | W10: 0.6022438 | X10: 158.97399 | Y10: 157.5514 | Z10: 160.39657 | AA10: 166.79821 | AB10: 166.44257 | AC10: 166.08692 | AD10: 165.73127 | AE10: 4.9356462 | AF10: 4.9356462 | AG10: 4.9356462 | AH10: 4.9356462 | AI10: 4.9356462 | AJ10: 4.9356462 | AK10: 4.9356462
A11: Transportation | B11: Passenger | C11: Passenger Car | F11: Gasoline Mild Hybrid Electric Vehicle (belt-driven integrated starter generator with spark ignition) | G11: Gasoline | H11: TRAGSL | I11: TRAPASCARDMD | J11: TRAPASCARHEVIGSL20 | K11: Mvkm | L11: 1 | M11: 1 | N11: 2020 | O11: 16.861274 | P11: 1 | Q11: 0.3953054 | R11: 0.38933602 | S11: 0.45433591 | T11: 0.49612154 | U11: 0.52397864 | V11: 0.55117246 | W11: 0.57969282 | X11: 155.06188 | Y11: 156.84011 | Z11: 156.48446 | AA11: 167.5095 | AB11: 165.01998 | AC11: 163.24175 | AD11: 160.75222 | AE11: 4.9356462 | AF11: 4.9356462 | AG11: 4.9356462 | AH11: 4.9356462 | AI11: 4.9356462 | AJ11: 4.9356462 | AK11: 4.9356462
A12: Transportation | B12: Passenger | C12: Passenger Car | F12: Gasoline Mild Hybrid Electric Vehicle (belt-driven integrated starter generator with spark ignition) | G12: Ethanol | H12: TRAETH | I12: TRAPASCARDMD | J12: TRAPASCARHEVIGSL20 | K12: Mvkm | L12: 0 | M12: 1 | N12: 2020 | O12: 16.861274 | P12: 0.1 | Q12: 0.3953054 | R12: 0.38933602 | S12: 0.45433591 | T12: 0.49612154 | U12: 0.52397864 | V12: 0.55117246 | W12: 0.57969282 | X12: 155.06188 | Y12: 156.84011 | Z12: 156.48446 | AA12: 167.5095 | AB12: 165.01998 | AC12: 163.24175 | AD12: 160.75222 | AE12: 4.9356462 | AF12: 4.9356462 | AG12: 4.9356462 | AH12: 4.9356462 | AI12: 4.9356462 | AJ12: 4.9356462 | AK12: 4.9356462
A13: Transportation | B13: Passenger | C13: Passenger Car | F13: Gasoline Mild Hybrid Electric Vehicle (belt-driven integrated starter generator with spark ignition and turbo) | G13: Gasoline | H13: TRAGSL | I13: TRAPASCARDMD | J13: TRAPASCARHEVIGSL20 | K13: Mvkm | L13: 0 | M13: 1 | N13: 2020 | O13: 16.861274 | P13: 1 | Q13: 0.44505021 | R13: 0.44040736 | S13: 0.49744807 | T13: 0.53989697 | U13: 0.57173365 | V13: 0.60423359 | W13: 0.63607027 | X13: 162.8861 | Y13: 160.75222 | Z13: 163.24175 | AA13: 169.28774 | AB13: 168.57644 | AC13: 167.86515 | AD13: 167.15386 | AE13: 4.9356462 | AF13: 4.9356462 | AG13: 4.9356462 | AH13: 4.9356462 | AI13: 4.9356462 | AJ13: 4.9356462 | AK13: 4.9356462
A14: Transportation | B14: Passenger | C14: Passenger Car | F14: Gasoline Mild Hybrid Electric Vehicle (belt-driven integrated starter generator with spark ignition and turbo) | G14: Ethanol | H14: TRAETH | I14: TRAPASCARDMD | J14: TRAPASCARHEVIGSL20 | K14: Mvkm | L14: 0 | M14: 1 | N14: 2020 | O14: 16.861274 | P14: 0.1 | Q14: 0.44505021 | R14: 0.44040736 | S14: 0.49744807 | T14: 0.53989697 | U14: 0.57173365 | V14: 0.60423359 | W14: 0.63607027 | X14: 162.8861 | Y14: 160.75222 | Z14: 163.24175 | AA14: 169.28774 | AB14: 168.57644 | AC14: 167.86515 | AD14: 167.15386 | AE14: 4.9356462 | AF14: 4.9356462 | AG14: 4.9356462 | AH14: 4.9356462 | AI14: 4.9356462 | AJ14: 4.9356462 | AK14: 4.9356462
... A279: Transportation | B279: Other | C279: Off-Road | F279: Battery Electric Vehicle | G279: Battery Freight | H279: TRABAF | I279: TRAOTHOFRDMD | J279: TRAOTHOFRBEV20 | K279: Mvkm | L279: 1 | M279: 1 | N279: 2020 | O279: 8 | P279: 1 | Q279: 0.36877484 | R279: 0.36877484 | S279: 0.40061151 | T279: 0.43510125 | U279: 0.44969306 | V279: 0.46428487 | W279: 0.48152973 | X279: 508.57451 | Y279: 508.57451 | Z279: 462.34046 | AA279: 437.4452 | AB279: 426.06452 | AC279: 414.68383 | AD279: 403.30314 | AE279: 6.7572836 | AF279: 6.7572836 | AG279: 6.7572836 | AH279: 6.7572836 | AI279: 6.7572836 | AJ279: 6.7572836 | AK279: 6.7572836
A280: Transportation | B280: Passenger | C280: Bicycle | F280: N/a | G280: N/a | H280: TRA | I280: TRAPASBICDMD | J280: TRAPASBIC20 | K280: Mvkm | L280: 1 | M280: 1 | N280: 2020 | P280: 0
A281: Transportation | B281: Passenger | C281: Walk | F281: N/a | G281: N/a | H281: TRA | I281: TRAPASWALDMD | J281: TRAPASWAL20 | K281: Mvkm | L281: 1 | M281: 1 | N281: 2020 | P281: 0
A282: Transportation | B282: Passenger | C282: Rail | F282: Diesel ICE Vehicle | G282: Diesel | H282: TRADSL | I282: TRAPASRAIDMD | J282: TRAPASRAIICEVDSL20 | K282: Mvkm | L282: 1 | M282: 1 | N282: 2020 | O282: 30 | P282: 1 | Q282: 0.040874687 | R282: 0.040874687 | S282: 0.040874687 | T282: 0.040874687 | U282: 0.040874687 | V282: 0.040874687 | W282: 0.040874687 | X282: 35064.744 | Y282: 35064.744 | Z282: 35064.744 | AA282: 35064.744 | AB282: 35064.744 | AC282: 35064.744 | AD282: 35064.744 | AE282: 3506.4744 | AF282: 3506.4744 | AG282: 3506.4744 | AH282: 3506.4744 | AI282: 3506.4744 | AJ282: 3506.4744 | AK282: 3506.4744
A283: Transportation | B283: Passenger | C283: Rail | F283: Diesel ICE Vehicle | G283: Renewable diesel | H283: TRARDS | I283: TRAPASRAIDMD | J283: TRAPASRAIICEVDSL20 | K283: Mvkm | L283: 0 | M283: 1 | N283: 2020 | O283: 30 | P283: 1 | Q283: 0.040874687 | R283: 0.040874687 | S283: 0.040874687 | T283: 0.040874687 | U283: 0.040874687 | V283: 0.040874687 | W283: 0.040874687 | X283: 35064.744 | Y283: 35064.744 | Z283: 35064.744 | AA283: 35064.744 | AB283: 35064.744 | AC283: 35064.744 | AD283: 35064.744 | AE283: 3506.4744 | AF283: 3506.4744 | AG283: 3506.4744 | AH283: 3506.4744 | AI283: 3506.4744 | AJ283: 3506.4744 | AK283: 3506.4744
A284: Transportation | B284: Passenger | C284: Rail | F284: Diesel ICE Vehicle | G284: Bio diesel | H284: TRABDS | I284: TRAPASRAIDMD | J284: TRAPASRAIICEVDSL20 | K284: Mvkm | L284: 0 | M284: 1 | N284: 2020 | O284: 30 | P284: 0.1 | Q284: 0.040874687 | R284: 0.040874687 | S284: 0.040874687 | T284: 0.040874687 | U284: 0.040874687 | V284: 0.040874687 | W284: 0.040874687 | X284: 35064.744 | Y284: 35064.744 | Z284: 35064.744 | AA284: 35064.744 | AB284: 35064.744 | AC284: 35064.744 | AD284: 35064.744 | AE284: 3506.4744 | AF284: 3506.4744 | AG284: 3506.4744 | AH284: 3506.4744 | AI284: 3506.4744 | AJ284: 3506.4744 | AK284: 3506.4744
A285: Transportation | B285: Passenger | C285: Rail | F285: Electric Propulsion Vehicle | G285: Electricity | H285: TRAELC | I285: TRAPASRAIDMD | J285: TRAPASRAIPROELC20 | K285: Mvkm | L285: 1 | M285: 1 | N285: 2020 | O285: 30 | P285: 1 | Q285: 0.040874687 | R285: 0.040874687 | S285: 0.040874687 | T285: 0.040874687 | U285: 0.040874687 | V285: 0.040874687 | W285: 0.040874687 | X285: 35064.744 | Y285: 35064.744 | Z285: 35064.744 | AA285: 35064.744 | AB285: 35064.744 | AC285: 35064.744 | AD285: 35064.744 | AE285: 3506.4744 | AF285: 3506.4744 | AG285: 3506.4744 | AH285: 3506.4744 | AI285: 3506.4744 | AJ285: 3506.4744 | AK285: 3506.4744
A286: Transportation | B286: Passenger | C286: Rail | F286: Hydrogen Fuel Cell Electric Vehicle | G286: Hydrogen | H286: TRAH2G | I286: TRAPASRAIDMD | J286: TRAPASRAIFCEV20 | K286: Mvkm | L286: 1 | M286: 1 | N286: 2020 | O286: 30 | P286: 1 | Q286: 0.040874687 | R286: 0.040874687 | S286: 0.040874687 | T286: 0.040874687 | U286: 0.040874687 | V286: 0.040874687 | W286: 0.040874687 | X286: 35064.744 | Y286: 35064.744 | Z286: 35064.744 | AA286: 35064.744 | AB286: 35064.744 | AC286: 35064.744 | AD286: 35064.744 | AE286: 3506.4744 | AF286: 3506.4744 | AG286: 3506.4744 | AH286: 3506.4744 | AI286: 3506.4744 | AJ286: 3506.4744 | AK286: 3506.4744
A287: Transportation | B287: Passenger | C287: Tram | F287: Electric Propulsion Vehicle | G287: Electricity | H287: TRAELC | I287: TRAPASTRMDMD | J287: TRAPASTRMPROELC20 | K287: Mvkm | L287: 1 | M287: 1 | N287: 2020 | O287: 30 | P287: 1 | Q287: 0.07814652 | R287: 0.07814652 | S287: 0.07814652 | T287: 0.07814652 | U287: 0.07814652 | V287: 0.07814652 | W287: 0.07814652 | X287: 1585.9239 | Y287: 1585.9239 | Z287: 1585.9239 | AA287: 1585.9239 | AB287: 1585.9239 | AC287: 1585.9239 | AD287: 1585.9239 | AE287: 158.59239 | AF287: 158.59239 | AG287: 158.59239 | AH287: 158.59239 | AI287: 158.59239 | AJ287: 158.59239 | AK287: 158.59239
A288: Transportation | B288: Passenger | C288: Subway | F288: Electric Propulsion Vehicle | G288: Electricity | H288: TRAELC | I288: TRAPASSUBDMD | J288: TRAPASSUBPROELC20 | K288: Mvkm | L288: 1 | M288: 1 | N288: 2020 | O288: 30 | P288: 1 | Q288: 0.07814652 | R288: 0.07814652 | S288: 0.07814652 | T288: 0.07814652 | U288: 0.07814652 | V288: 0.07814652 | W288: 0.07814652 | X288: 1585.9239 | Y288: 1585.9239 | Z288: 1585.9239 | AA288: 1585.9239 | AB288: 1585.9239 | AC288: 1585.9239 | AD288: 1585.9239 | AE288: 158.59239 | AF288: 158.59239 | AG288: 158.59239 | AH288: 158.59239 | AI288: 158.59239 | AJ288: 158.59239 | AK288: 158.59239
A289: Transportation | B289: Other | C289: Waterborne | F289: Diesel ICE Vehicle | G289: Diesel | H289: TRADSL | I289: TRAOTHWATDMD | J289: TRAOTHWATICEVDSL20 | K289: Mvkm | L289: 1 | M289: 1 | N289: 2020 | O289: 30 | P289: 1 | Q289: 0.0011427622 | R289: 0.0011427622 | S289: 0.0011427622 | T289: 0.0011427622 | U289: 0.0011427622 | V289: 0.0011427622 | W289: 0.0011427622 | X289: 59271.955 | Y289: 59271.955 | Z289: 59271.955 | AA289: 59271.955 | AB289: 59271.955 | AC289: 59271.955 | AD289: 59271.955 | AE289: 2963.5978 | AF289: 2963.5978 | AG289: 2963.5978 | AH289: 2963.5978 | AI289: 2963.5978 | AJ289: 2963.5978 | AK289: 2963.5978
A290: Transportation | B290: Other | C290: Waterborne | F290: Diesel ICE Vehicle | G290: Renewable diesel | H290: TRARDS | I290: TRAOTHWATDMD | J290: TRAOTHWATICEVDSL20 | K290: Mvkm | L290: 0 | M290: 1 | N290: 2020 | O290: 30 | P290: 1 | Q290: 0.0011427622 | R290: 0.0011427622 | S290: 0.0011427622 | T290: 0.0011427622 | U290: 0.0011427622 | V290: 0.0011427622 | W290: 0.0011427622 | X290: 59271.955 | Y290: 59271.955 | Z290: 59271.955 | AA290: 59271.955 | AB290: 59271.955 | AC290: 59271.955 | AD290: 59271.955 | AE290: 2963.5978 | AF290: 2963.5978 | AG290: 2963.5978 | AH290: 2963.5978 | AI290: 2963.5978 | AJ290: 2963.5978 | AK290: 2963.5978
A291: Transportation | B291: Other | C291: Waterborne | F291: Diesel ICE Vehicle | G291: Bio diesel | H291: TRABDS | I291: TRAOTHWATDMD | J291: TRAOTHWATICEVDSL20 | K291: Mvkm | L291: 0 | M291: 1 | N291: 2020 | O291: 30 | P291: 0.1 | Q291: 0.0011427622 | R291: 0.0011427622 | S291: 0.0011427622 | T291: 0.0011427622 | U291: 0.0011427622 | V291: 0.0011427622 | W291: 0.0011427622 | X291: 59271.955 | Y291: 59271.955 | Z291: 59271.955 | AA291: 59271.955 | AB291: 59271.955 | AC291: 59271.955 | AD291: 59271.955 | AE291: 2963.5978 | AF291: 2963.5978 | AG291: 2963.5978 | AH291: 2963.5978 | AI291: 2963.5978 | AJ291: 2963.5978 | AK291: 2963.5978
A292: Transportation | B292: Other | C292: Waterborne | F292: Diesel ICE Vehicle Direct Injection | G292: Diesel | H292: TRADSL | I292: TRAOTHWATDMD | J292: TRAOTHWATICEVDSL20 | K292: Mvkm | L292: 0 | M292: 1 | N292: 2020 | O292: 30 | P292: 1 | Q292: 0.0012985934 | R292: 0.0012985934 | S292: 0.0012985934 | T292: 0.0012985934 | U292: 0.0012985934 | V292: 0.0012985934 | W292: 0.0012985934 | X292: 61074.415 | Y292: 61074.415 | Z292: 61074.415 | AA292: 61074.415 | AB292: 61074.415 | AC292: 61074.415 | AD292: 61074.415 | AE292: 3029.7957 | AF292: 3029.7957 | AG292: 3029.7957 | AH292: 3029.7957 | AI292: 3029.7957 | AJ292: 3029.7957 | AK292: 3029.7957
A293: Transportation | B293: Other | C293: Waterborne | F293: Diesel ICE Vehicle Direct Injection | G293: Renewable diesel | H293: TRARDS | I293: TRAOTHWATDMD | J293: TRAOTHWATICEVDSL20 | K293: Mvkm | L293: 0 | M293: 1 | N293: 2020 | O293: 30 | P293: 1 | Q293: 0.0012985934 | R293: 0.0012985934 | S293: 0.0012985934 | T293: 0.0012985934 | U293: 0.0012985934 | V293: 0.0012985934 | W293: 0.0012985934 | X293: 61074.415 | Y293: 61074.415 | Z293: 61074.415 | AA293: 61074.415 | AB293: 61074.415 | AC293: 61074.415 | AD293: 61074.415 | AE293: 3029.7957 | AF293: 3029.7957 | AG293: 3029.7957 | AH293: 3029.7957 | AI293: 3029.7957 | AJ293: 3029.7957 | AK293: 3029.7957
... A319: Transportation | B319: Other | C319: Aviation | F319: Aviation Gasoline ICE Vehicle Improved | G319: Aviation gasoline | H319: TRAAGA | I319: TRAOTHAIRDMD | J319: TRAOTHAIRICEIAGA20 | K319: Mvkm | L319: 1 | M319: 1 | N319: 2020 | O319: 20 | P319: 1 | Q319: 0.0040699936 | R319: 0.0040699936 | S319: 0.0040699936 | T319: 0.0040699936 | U319: 0.0040699936 | V319: 0.0040699936 | W319: 0.0040699936 | X319: 3154.2202 | Y319: 3154.2202 | Z319: 3154.2202 | AA319: 3154.2202 | AB319: 3154.2202 | AC319: 3154.2202 | AD319: 3154.2202 | AE319: 315.42202 | AF319: 315.42202 | AG319: 315.42202 | AH319: 315.42202 | AI319: 315.42202 | AJ319: 315.42202 | AK319: 315.42202
A320: * | B320: https://theicct.org/sites/default/files/publications/ICCT_EV_HDVs_Infrastructure_20190809.pdf | J320: * | L320: 0 | M320: *
A321: Transportation | B321: Light-duty | E321: Battery | F321: Residential Charging Station | G321: Electricity | H321: TRAELC | I321: TRABAT | J321: TRALDTRESCHA19 | K321: MW | L321: 1 | M321: 1 | N321: 2019 | O321: 25 | Q321: 0.9 | R321: 0.91 | S321: 0.92 | T321: 0.93 | U321: 0.94 | V321: 0.95 | W321: 0.95 | X321: 1083.8776 | Y321: 757.54886 | Z321: 692.28311 | AA321: 627.01737 | AB321: 561.75162 | AC321: 496.48587 | AD321: 431.22012 | AE321: 29.136495 | AF321: 26.805575 | AG321: 24.474656 | AH321: 22.143736 | AI321: 19.812816 | AJ321: 17.481897 | AK321: 15.150977
A322: Transportation | B322: Light-duty | E322: Battery | F322: Commercial 120V Charging Station | G322: Electricity | H322: TRAELC | I322: TRABAT | J322: TRALDTCOM1CHA19 | K322: MW | L322: 1 | M322: 1 | N322: 2019 | O322: 25 | Q322: 0.9 | R322: 0.91 | S322: 0.92 | T322: 0.93 | U322: 0.94 | V322: 0.95 | W322: 0.95 | X322: 970.828 | Y322: 675.96668 | Z322: 617.69369 | AA322: 559.4207 | AB322: 501.14771 | AC322: 442.87472 | AD322: 384.60173 | AE322: 37.294713 | AF322: 34.18682 | AG322: 31.078928 | AH322: 27.971035 | AI322: 24.863142 | AJ322: 21.755249 | AK322: 18.647357
A323: Transportation | B323: Light-duty | E323: Battery | F323: Commercial 240V Charging Station | G323: Electricity | H323: TRAELC | I323: TRABAT | J323: TRALDTCOM2CHA19 | K323: MW | L323: 1 | M323: 1 | N323: 2019 | O323: 25 | Q323: 0.9 | R323: 0.91 | S323: 0.92 | T323: 0.93 | U323: 0.94 | V323: 0.95 | W323: 0.95 | X323: 1165.4598 | Y323: 815.82185 | Z323: 745.89426 | AA323: 675.96668 | AB323: 606.03909 | AC323: 536.1115 | AD323: 466.18392 | AE323: 44.287472 | AF323: 40.596849 | AG323: 36.906227 | AH323: 33.215604 | AI323: 29.524981 | AJ323: 25.834359 | AK323: 22.143736
A324: Transportation | B324: Light-duty | E324: Battery | F324: Public Charging Station | G324: Electricity | H324: TRAELC | I324: TRABAT | J324: TRALDTPUBCHA19 | K324: MW | L324: 1 | M324: 1 | N324: 2019 | O324: 25 | Q324: 0.9 | R324: 0.91 | S324: 0.92 | T324: 0.93 | U324: 0.94 | V324: 0.95 | W324: 0.95 | X324: 1748.1897 | Y324: 1223.7328 | Z324: 1118.8414 | AA324: 1118.8414 | AB324: 1118.8414 | AC324: 1118.8414 | AD324: 699.27587 | AE324: 60.603909 | AF324: 55.553583 | AG324: 50.503257 | AH324: 45.452932 | AI324: 40.402606 | AJ324: 35.35228 | AK324: 30.301954
A325: Transportation | B325: Heavy-duty | E325: Battery Freight | F325: Slow Charging Station | G325: Electricity | H325: TRAELC | I325: TRABAF | J325: TRAHDTSLWCHA19 | K325: MW | L325: 1 | M325: 1 | N325: 2019 | O325: 25 | Q325: 0.9 | R325: 0.91 | S325: 0.92 | T325: 0.93 | U325: 0.94 | V325: 0.95 | W325: 0.95 | X325: 582.72989 | Y325: 524.4569 | Z325: 466.18392 | AA325: 466.18392 | AB325: 466.18392 | AC325: 466.18392 | AD325: 466.18392 | AE325: 163.16437 | AF325: 143.93428 | AG325: 124.7042 | AH325: 105.47411 | AI325: 86.244024 | AJ325: 67.013938 | AK325: 47.783851
A326: Transportation | B326: Heavy-duty | E326: Battery Freight | F326: Fast Charging Station | G326: Electricity | H326: TRAELC | I326: TRABAF | J326: TRAHDTFASCHA19 | K326: MW | L326: 1 | M326: 1 | N326: 2019 | O326: 25 | Q326: 0.9 | R326: 0.91 | S326: 0.92 | T326: 0.93 | U326: 0.94 | V326: 0.95 | W326: 0.95 | X326: 874.09484 | Y326: 757.54886 | Z326: 641.00288 | AA326: 641.00288 | AB326: 641.00288 | AC326: 641.00288 | AD326: 641.00288 | AE326: 174.81897 | AF326: 156.36585 | AG326: 137.91274 | AH326: 119.45963 | AI326: 101.00651 | AJ326: 82.553402 | AK326: 64.100288

Sheet ELC TECH
M1: 2021 | N1: 2025 | O1: 2030 | P1: 2035 | Q1: 2040 | R1: 2045 | S1: 2050 | T1: 2100 | U1: 2021 | V1: 2025 | W1: 2030 | X1: 2035 | Y1: 2040 | Z1: 2045 | AA1: 2050 | AB1: 2100 | AC1: 2021 | AD1: 2025 | AE1: 2030 | AF1: 2035 | AG1: 2040 | AH1: 2045 | AI1: 2050 | AJ1: 2100 | AK1: 2021 | AL1: 2025 | AM1: 2030 | AN1: 2035 | AO1: 2040 | AP1: 2045 | AQ1: 2050 | AR1: 2100 | AS1: 2021 | AT1: 2025 | AU1: 2030 | AV1: 2035 | AW1: 2040 | AX1: 2045 | AY1: 2050 | AZ1: 2100
M2: OCC | N2: OCC | O2: OCC | P2: OCC | Q2: OCC | R2: OCC | S2: OCC | T2: OCC | U2: Fixed O&M | V2: Fixed O&M | W2: Fixed O&M | X2: Fixed O&M | Y2: Fixed O&M | Z2: Fixed O&M | AA2: Fixed O&M | AB2: Fixed O&M | AC2: Variable O&M | AD2: Variable O&M | AE2: Variable O&M | AF2: Variable O&M | AG2: Variable O&M | AH2: Variable O&M | AI2: Variable O&M | AJ2: Variable O&M | AK2: Heat Rate | AL2: Heat Rate | AM2: Heat Rate | AN2: Heat Rate | AO2: Heat Rate | AP2: Heat Rate | AQ2: Heat Rate | AR2: Heat Rate | AS2: CF | AT2: CF | AU2: CF | AV2: CF | AW2: CF | AX2: CF | AY2: CF | AZ2: CF
A3: Sector | B3: Sub-sector | C3: Archetype | D3: Vintage | E3: End Use | F3: Technology | G3: Energy | H3: Technology Label | I3: To include | J3: Capacity Potential (MW) | K3: Lifetime (yr) | L3: Capacity2Activity | M3: ATB CAPEX 2023 US$ / kW | U3: ATB Fixed OM 2023 US$ / kW . Yr | AC3: ATB Variable OM 2023 US$ / GJ | AK3: ATB Efficiency (Mwh e /Mwh th) | AS3: ATB ANNUAL CF %
A4: Electricity | B4: Grid | D4: 2020 | E4: Dispatchable | F4: Hydro New-Stream Dispatchable Class 1 | G4: Hydro | H4: ELCHYDGRDHNSDC120 | I4: 1 | J4: 0 | K4: 100 | L4: 31.536 | M4: 8970.3682 | N4: 8970.3682 | O4: 8970.3682 | P4: 8970.3682 | Q4: 8970.3682 | R4: 8970.3682 | S4: 8970.3682 | T4: 8970.3682 | U4: 161.69957 | V4: 161.69957 | W4: 161.69957 | X4: 161.69957 | Y4: 161.69957 | Z4: 161.69957 | AA4: 161.69957 | AB4: 161.69957 | AS4: 0.66 | AT4: 0.66 | AU4: 0.66 | AV4: 0.66 | AW4: 0.66 | AX4: 0.66 | AY4: 0.66 | AZ4: 0.66
A5: Electricity | B5: Grid | D5: 2020 | E5: Dispatchable | F5: Hydro New-Stream Dispatchable Class 2 | G5: Hydro | H5: ELCHYDGRDHNSDC220 | I5: 1 | J5: 0 | K5: 100 | L5: 31.536 | M5: 8008.0862 | N5: 8008.0862 | O5: 8008.0862 | P5: 8008.0862 | Q5: 8008.0862 | R5: 8008.0862 | S5: 8008.0862 | T5: 8008.0862 | U5: 53.146011 | V5: 53.146011 | W5: 53.146011 | X5: 53.146011 | Y5: 53.146011 | Z5: 53.146011 | AA5: 53.146011 | AB5: 53.146011 | AS5: 0.66 | AT5: 0.66 | AU5: 0.66 | AV5: 0.66 | AW5: 0.66 | AX5: 0.66 | AY5: 0.66 | AZ5: 0.66
A6: Electricity | B6: Grid | D6: 2020 | E6: Dispatchable | F6: Hydro New-Stream Dispatchable Class 3 | G6: Hydro | H6: ELCHYDGRDHNSDC320 | I6: 1 | J6: 0 | K6: 100 | L6: 31.536 | M6: 7842.9943 | N6: 7842.9943 | O6: 7842.9943 | P6: 7842.9943 | Q6: 7842.9943 | R6: 7842.9943 | S6: 7842.9943 | T6: 7842.9943 | U6: 152.65344 | V6: 152.65344 | W6: 152.65344 | X6: 152.65344 | Y6: 152.65344 | Z6: 152.65344 | AA6: 152.65344 | AB6: 152.65344 | AS6: 0.62 | AT6: 0.62 | AU6: 0.62 | AV6: 0.62 | AW6: 0.62 | AX6: 0.62 | AY6: 0.62 | AZ6: 0.62
A7: Electricity | B7: Grid | D7: 2020 | E7: Dispatchable | F7: Hydro New-Stream Dispatchable Class 4 | G7: Hydro | H7: ELCHYDGRDHNSDC420 | I7: 1 | J7: 0 | K7: 100 | L7: 31.536 | M7: 7060.5041 | N7: 7060.5041 | O7: 7060.5041 | P7: 7060.5041 | Q7: 7060.5041 | R7: 7060.5041 | S7: 7060.5041 | T7: 7060.5041 | U7: 37.315284 | V7: 37.315284 | W7: 37.315284 | X7: 37.315284 | Y7: 37.315284 | Z7: 37.315284 | AA7: 37.315284 | AB7: 37.315284 | AS7: 0.66 | AT7: 0.66 | AU7: 0.66 | AV7: 0.66 | AW7: 0.66 | AX7: 0.66 | AY7: 0.66 | AZ7: 0.66
A8: Electricity | B8: Grid | D8: 2020 | E8: Dispatchable | F8: Hydro New-Stream Dispatchable Class 5 | G8: Hydro | H8: ELCHYDGRDHNSDC520 | I8: 1 | J8: 0 | K8: 100 | L8: 31.536 | M8: 7060.5041 | N8: 7060.5041 | O8: 7060.5041 | P8: 7060.5041 | Q8: 7060.5041 | R8: 7060.5041 | S8: 7060.5041 | T8: 7060.5041 | U8: 37.315284 | V8: 37.315284 | W8: 37.315284 | X8: 37.315284 | Y8: 37.315284 | Z8: 37.315284 | AA8: 37.315284 | AB8: 37.315284 | AS8: 0.66 | AT8: 0.66 | AU8: 0.66 | AV8: 0.66 | AW8: 0.66 | AX8: 0.66 | AY8: 0.66 | AZ8: 0.66
A9: Electricity | B9: Grid | D9: 2020 | E9: Non Dispatchable | F9: Hydro New-Stream Non Dispatchable Class 1 | G9: Hydro | H9: ELCHYDGRDHNSNDC120 | I9: 1 | J9: 0 | K9: 100 | L9: 31.536 | M9: 8970.3682 | N9: 8970.3682 | O9: 8970.3682 | P9: 8970.3682 | Q9: 8970.3682 | R9: 8970.3682 | S9: 8970.3682 | T9: 8970.3682 | U9: 161.69957 | V9: 161.69957 | W9: 161.69957 | X9: 161.69957 | Y9: 161.69957 | Z9: 161.69957 | AA9: 161.69957 | AB9: 161.69957 | AS9: 0.66 | AT9: 0.66 | AU9: 0.66 | AV9: 0.66 | AW9: 0.66 | AX9: 0.66 | AY9: 0.66 | AZ9: 0.66
A10: Electricity | B10: Grid | D10: 2020 | E10: Non Dispatchable | F10: Hydro New-Stream Non Dispatchable Class 2 | G10: Hydro | H10: ELCHYDGRDHNSNDC220 | I10: 1 | J10: 0 | K10: 100 | L10: 31.536 | M10: 8008.0862 | N10: 8008.0862 | O10: 8008.0862 | P10: 8008.0862 | Q10: 8008.0862 | R10: 8008.0862 | S10: 8008.0862 | T10: 8008.0862 | U10: 53.146011 | V10: 53.146011 | W10: 53.146011 | X10: 53.146011 | Y10: 53.146011 | Z10: 53.146011 | AA10: 53.146011 | AB10: 53.146011 | AS10: 0.66 | AT10: 0.66 | AU10: 0.66 | AV10: 0.66 | AW10: 0.66 | AX10: 0.66 | AY10: 0.66 | AZ10: 0.66
A11: Electricity | B11: Grid | D11: 2020 | E11: Non Dispatchable | F11: Hydro New-Stream Non Dispatchable Class 3 | G11: Hydro | H11: ELCHYDGRDHNSNDC320 | I11: 1 | J11: 0 | K11: 100 | L11: 31.536 | M11: 7842.9943 | N11: 7842.9943 | O11: 7842.9943 | P11: 7842.9943 | Q11: 7842.9943 | R11: 7842.9943 | S11: 7842.9943 | T11: 7842.9943 | U11: 152.65344 | V11: 152.65344 | W11: 152.65344 | X11: 152.65344 | Y11: 152.65344 | Z11: 152.65344 | AA11: 152.65344 | AB11: 152.65344 | AS11: 0.62 | AT11: 0.62 | AU11: 0.62 | AV11: 0.62 | AW11: 0.62 | AX11: 0.62 | AY11: 0.62 | AZ11: 0.62
A12: Electricity | B12: Grid | D12: 2020 | E12: Non Dispatchable | F12: Hydro New-Stream Non Dispatchable Class 4 | G12: Hydro | H12: ELCHYDGRDHNSNDC420 | I12: 1 | J12: 0 | K12: 100 | L12: 31.536 | M12: 7060.5041 | N12: 7060.5041 | O12: 7060.5041 | P12: 7060.5041 | Q12: 7060.5041 | R12: 7060.5041 | S12: 7060.5041 | T12: 7060.5041 | U12: 37.315284 | V12: 37.315284 | W12: 37.315284 | X12: 37.315284 | Y12: 37.315284 | Z12: 37.315284 | AA12: 37.315284 | AB12: 37.315284 | AS12: 0.66 | AT12: 0.66 | AU12: 0.66 | AV12: 0.66 | AW12: 0.66 | AX12: 0.66 | AY12: 0.66 | AZ12: 0.66
A13: Electricity | B13: Grid | D13: 2020 | E13: Non Dispatchable | F13: Hydro New-Stream Non Dispatchable Class 5 | G13: Hydro | H13: ELCHYDGRDHNSNDC520 | I13: 1 | J13: 0 | K13: 100 | L13: 31.536 | M13: 7060.5041 | N13: 7060.5041 | O13: 7060.5041 | P13: 7060.5041 | Q13: 7060.5041 | R13: 7060.5041 | S13: 7060.5041 | T13: 7060.5041 | U13: 37.315284 | V13: 37.315284 | W13: 37.315284 | X13: 37.315284 | Y13: 37.315284 | Z13: 37.315284 | AA13: 37.315284 | AB13: 37.315284 | AS13: 0.66 | AT13: 0.66 | AU13: 0.66 | AV13: 0.66 | AW13: 0.66 | AX13: 0.66 | AY13: 0.66 | AZ13: 0.66
A14: Electricity | B14: Grid | D14: 2020 | E14: Non Dispatchable | F14: Hydro Non-Powered Non Dispatchable Class 1 | G14: Hydro | H14: ELCHYDGRDHNPNDC120 | I14: 1 | J14: 0 | K14: 100 | L14: 31.536 | M14: 3188.7607 | N14: 3188.7607 | O14: 3188.7607 | P14: 3188.7607 | Q14: 3060.9841 | R14: 3060.9841 | S14: 3060.9841 | T14: 3060.9841 | U14: 96.115126 | V14: 96.115126 | W14: 96.115126 | X14: 96.115126 | Y14: 92.722828 | Z14: 92.722828 | AA14: 92.722828 | AB14: 92.722828 | AS14: 0.33 | AT14: 0.33 | AU14: 0.33 | AV14: 0.33 | AW14: 0.33 | AX14: 0.33 | AY14: 0.33 | AZ14: 0.33
A15: Electricity | B15: Grid | D15: 2020 | E15: Non Dispatchable | F15: Hydro Non-Powered Non Dispatchable Class 2 | G15: Hydro | H15: ELCHYDGRDHNPNDC220 | I15: 1 | J15: 0 | K15: 100 | L15: 31.536 | M15: 6253.137 | N15: 6253.137 | O15: 4777.4871 | P15: 3300.7065 | Q15: 3168.4069 | R15: 3168.4069 | S15: 3168.4069 | T15: 3168.4069 | U15: 98.376658 | V15: 98.376658 | W15: 98.376658 | X15: 98.376658 | Y15: 93.853594 | Z15: 93.853594 | AA15: 93.853594 | AB15: 93.853594 | AS15: 0.41 | AT15: 0.41 | AU15: 0.38 | AV15: 0.38 | AW15: 0.38 | AX15: 0.38 | AY15: 0.38 | AZ15: 0.38
... A28: Electricity | B28: Grid | D28: 2020 | E28: Non Dispatchable | F28: Hydro Upgrade Non Dispatchable Class 5 | G28: Hydro | H28: ELCHYDGRDHUPNDC520 | I28: 1 | J28: 0 | K28: 100 | L28: 31.536 | M28: 14006.801 | N28: 14006.801 | O28: 11382.292 | P28: 8758.9149 | Q28: 8408.3774 | R28: 8408.3774 | S28: 8408.3774 | T28: 8408.3774 | U28: 196.75332 | V28: 196.75332 | W28: 196.75332 | X28: 196.75332 | Y28: 188.83795 | Z28: 188.83795 | AA28: 188.83795 | AB28: 188.83795 | AS28: 0.38 | AT28: 0.38 | AU28: 0.38 | AV28: 0.38 | AW28: 0.38 | AX28: 0.38 | AY28: 0.38 | AZ28: 0.38
A29: Electricity | B29: Grid | D29: 2020 | E29: Storage | F29: Pumped Hydro 12h Class 1 | G29: Storage | H29: ELCSTGGRDPSH12HC120 | I29: 1 | J29: 0 | K29: 100 | L29: 31.536 | M29: 2385.0938 | N29: 2385.0938 | O29: 2385.0938 | P29: 2385.0938 | Q29: 2385.0938 | R29: 2385.0938 | S29: 2385.0938 | T29: 2385.0938 | U29: 21.100097 | V29: 21.100097 | W29: 21.100097 | X29: 21.100097 | Y29: 21.100097 | Z29: 21.100097 | AA29: 21.100097 | AB29: 21.100097 | AC29: 0.16961493 | AD29: 0.16961493 | AE29: 0.16961493 | AF29: 0.16961493 | AG29: 0.16961493 | AH29: 0.16961493 | AI29: 0.16961493 | AJ29: 0.16961493 | AS29: 0.5 | AT29: 0.5 | AU29: 0.5 | AV29: 0.5 | AW29: 0.5 | AX29: 0.5 | AY29: 0.5 | AZ29: 0.5
A30: Electricity | B30: Grid | D30: 2020 | E30: Storage | F30: Pumped Hydro 12h Class 2 | G30: Storage | H30: ELCSTGGRDPSH12HC220 | I30: 1 | J30: 0 | K30: 100 | L30: 31.536 | M30: 2703.9531 | N30: 2703.9531 | O30: 2703.9531 | P30: 2703.9531 | Q30: 2703.9531 | R30: 2703.9531 | S30: 2703.9531 | T30: 2703.9531 | U30: 21.100097 | V30: 21.100097 | W30: 21.100097 | X30: 21.100097 | Y30: 21.100097 | Z30: 21.100097 | AA30: 21.100097 | AB30: 21.100097 | AC30: 0.16961493 | AD30: 0.16961493 | AE30: 0.16961493 | AF30: 0.16961493 | AG30: 0.16961493 | AH30: 0.16961493 | AI30: 0.16961493 | AJ30: 0.16961493 | AS30: 0.5 | AT30: 0.5 | AU30: 0.5 | AV30: 0.5 | AW30: 0.5 | AX30: 0.5 | AY30: 0.5 | AZ30: 0.5
A31: Electricity | B31: Grid | D31: 2020 | E31: Storage | F31: Pumped Hydro 12h Class 3 | G31: Storage | H31: ELCSTGGRDPSH12HC320 | I31: 1 | J31: 0 | K31: 100 | L31: 31.536 | M31: 2902.3052 | N31: 2902.3052 | O31: 2902.3052 | P31: 2902.3052 | Q31: 2902.3052 | R31: 2902.3052 | S31: 2902.3052 | T31: 2902.3052 | U31: 21.100097 | V31: 21.100097 | W31: 21.100097 | X31: 21.100097 | Y31: 21.100097 | Z31: 21.100097 | AA31: 21.100097 | AB31: 21.100097 | AC31: 0.16961493 | AD31: 0.16961493 | AE31: 0.16961493 | AF31: 0.16961493 | AG31: 0.16961493 | AH31: 0.16961493 | AI31: 0.16961493 | AJ31: 0.16961493 | AS31: 0.5 | AT31: 0.5 | AU31: 0.5 | AV31: 0.5 | AW31: 0.5 | AX31: 0.5 | AY31: 0.5 | AZ31: 0.5
A32: Electricity | B32: Grid | D32: 2020 | E32: Storage | F32: Pumped Hydro 12h Class 4 | G32: Storage | H32: ELCSTGGRDPSH12HC420 | I32: 1 | J32: 0 | K32: 100 | L32: 31.536 | M32: 3059.5593 | N32: 3059.5593 | O32: 3059.5593 | P32: 3059.5593 | Q32: 3059.5593 | R32: 3059.5593 | S32: 3059.5593 | T32: 3059.5593 | U32: 21.100097 | V32: 21.100097 | W32: 21.100097 | X32: 21.100097 | Y32: 21.100097 | Z32: 21.100097 | AA32: 21.100097 | AB32: 21.100097 | AC32: 0.16961493 | AD32: 0.16961493 | AE32: 0.16961493 | AF32: 0.16961493 | AG32: 0.16961493 | AH32: 0.16961493 | AI32: 0.16961493 | AJ32: 0.16961493 | AS32: 0.5 | AT32: 0.5 | AU32: 0.5 | AV32: 0.5 | AW32: 0.5 | AX32: 0.5 | AY32: 0.5 | AZ32: 0.5
A33: Electricity | B33: Grid | D33: 2020 | E33: Storage | F33: Pumped Hydro 12h Class 5 | G33: Storage | H33: ELCSTGGRDPSH12HC520 | I33: 1 | J33: 0 | K33: 100 | L33: 31.536 | M33: 3198.7824 | N33: 3198.7824 | O33: 3198.7824 | P33: 3198.7824 | Q33: 3198.7824 | R33: 3198.7824 | S33: 3198.7824 | T33: 3198.7824 | U33: 21.100097 | V33: 21.100097 | W33: 21.100097 | X33: 21.100097 | Y33: 21.100097 | Z33: 21.100097 | AA33: 21.100097 | AB33: 21.100097 | AC33: 0.16961493 | AD33: 0.16961493 | AE33: 0.16961493 | AF33: 0.16961493 | AG33: 0.16961493 | AH33: 0.16961493 | AI33: 0.16961493 | AJ33: 0.16961493 | AS33: 0.5 | AT33: 0.5 | AU33: 0.5 | AV33: 0.5 | AW33: 0.5 | AX33: 0.5 | AY33: 0.5 | AZ33: 0.5
A34: Electricity | B34: Grid | D34: 2020 | E34: Storage | F34: Pumped Hydro 12h Class 6 | G34: Storage | H34: ELCSTGGRDPSH12HC620 | I34: 1 | J34: 0 | K34: 100 | L34: 31.536 | M34: 3332.5121 | N34: 3332.5121 | O34: 3332.5121 | P34: 3332.5121 | Q34: 3332.5121 | R34: 3332.5121 | S34: 3332.5121 | T34: 3332.5121 | U34: 21.100097 | V34: 21.100097 | W34: 21.100097 | X34: 21.100097 | Y34: 21.100097 | Z34: 21.100097 | AA34: 21.100097 | AB34: 21.100097 | AC34: 0.16961493 | AD34: 0.16961493 | AE34: 0.16961493 | AF34: 0.16961493 | AG34: 0.16961493 | AH34: 0.16961493 | AI34: 0.16961493 | AJ34: 0.16961493 | AS34: 0.5 | AT34: 0.5 | AU34: 0.5 | AV34: 0.5 | AW34: 0.5 | AX34: 0.5 | AY34: 0.5 | AZ34: 0.5
A35: Electricity | B35: Grid | D35: 2020 | E35: Storage | F35: Pumped Hydro 12h Class 7 | G35: Storage | H35: ELCSTGGRDPSH12HC720 | I35: 1 | J35: 0 | K35: 100 | L35: 31.536 | M35: 3454.6144 | N35: 3454.6144 | O35: 3454.6144 | P35: 3454.6144 | Q35: 3454.6144 | R35: 3454.6144 | S35: 3454.6144 | T35: 3454.6144 | U35: 21.100097 | V35: 21.100097 | W35: 21.100097 | X35: 21.100097 | Y35: 21.100097 | Z35: 21.100097 | AA35: 21.100097 | AB35: 21.100097 | AC35: 0.16961493 | AD35: 0.16961493 | AE35: 0.16961493 | AF35: 0.16961493 | AG35: 0.16961493 | AH35: 0.16961493 | AI35: 0.16961493 | AJ35: 0.16961493 | AS35: 0.5 | AT35: 0.5 | AU35: 0.5 | AV35: 0.5 | AW35: 0.5 | AX35: 0.5 | AY35: 0.5 | AZ35: 0.5
A36: Electricity | B36: Grid | D36: 2020 | E36: Storage | F36: Pumped Hydro 12h Class 8 | G36: Storage | H36: ELCSTGGRDPSH12HC820 | I36: 1 | J36: 0 | K36: 100 | L36: 31.536 | M36: 3580.1996 | N36: 3580.1996 | O36: 3580.1996 | P36: 3580.1996 | Q36: 3580.1996 | R36: 3580.1996 | S36: 3580.1996 | T36: 3580.1996 | U36: 21.100097 | V36: 21.100097 | W36: 21.100097 | X36: 21.100097 | Y36: 21.100097 | Z36: 21.100097 | AA36: 21.100097 | AB36: 21.100097 | AC36: 0.16961493 | AD36: 0.16961493 | AE36: 0.16961493 | AF36: 0.16961493 | AG36: 0.16961493 | AH36: 0.16961493 | AI36: 0.16961493 | AJ36: 0.16961493 | AS36: 0.5 | AT36: 0.5 | AU36: 0.5 | AV36: 0.5 | AW36: 0.5 | AX36: 0.5 | AY36: 0.5 | AZ36: 0.5
A37: Electricity | B37: Grid | D37: 2020 | E37: Storage | F37: Pumped Hydro 12h Class 9 | G37: Storage | H37: ELCSTGGRDPSH12HC920 | I37: 1 | J37: 0 | K37: 100 | L37: 31.536 | M37: 3708.5882 | N37: 3708.5882 | O37: 3708.5882 | P37: 3708.5882 | Q37: 3708.5882 | R37: 3708.5882 | S37: 3708.5882 | T37: 3708.5882 | U37: 21.100097 | V37: 21.100097 | W37: 21.100097 | X37: 21.100097 | Y37: 21.100097 | Z37: 21.100097 | AA37: 21.100097 | AB37: 21.100097 | AC37: 0.16961493 | AD37: 0.16961493 | AE37: 0.16961493 | AF37: 0.16961493 | AG37: 0.16961493 | AH37: 0.16961493 | AI37: 0.16961493 | AJ37: 0.16961493 | AS37: 0.5 | AT37: 0.5 | AU37: 0.5 | AV37: 0.5 | AW37: 0.5 | AX37: 0.5 | AY37: 0.5 | AZ37: 0.5
A38: Electricity | B38: Grid | D38: 2020 | E38: Storage | F38: Pumped Hydro 12h Class 10 | G38: Storage | H38: ELCSTGGRDPSH12HC1020 | I38: 1 | J38: 0 | K38: 100 | L38: 31.536 | M38: 3847.159 | N38: 3847.159 | O38: 3847.159 | P38: 3847.159 | Q38: 3847.159 | R38: 3847.159 | S38: 3847.159 | T38: 3847.159 | U38: 21.100097 | V38: 21.100097 | W38: 21.100097 | X38: 21.100097 | Y38: 21.100097 | Z38: 21.100097 | AA38: 21.100097 | AB38: 21.100097 | AC38: 0.16961493 | AD38: 0.16961493 | AE38: 0.16961493 | AF38: 0.16961493 | AG38: 0.16961493 | AH38: 0.16961493 | AI38: 0.16961493 | AJ38: 0.16961493 | AS38: 0.5 | AT38: 0.5 | AU38: 0.5 | AV38: 0.5 | AW38: 0.5 | AX38: 0.5 | AY38: 0.5 | AZ38: 0.5
A39: Electricity | B39: Grid | D39: 2020 | E39: Storage | F39: Pumped Hydro 12h Class 11 | G39: Storage | H39: ELCSTGGRDPSH12HC1120 | I39: 1 | J39: 0 | K39: 100 | L39: 31.536 | M39: 3989.3388 | N39: 3989.3388 | O39: 3989.3388 | P39: 3989.3388 | Q39: 3989.3388 | R39: 3989.3388 | S39: 3989.3388 | T39: 3989.3388 | U39: 21.100097 | V39: 21.100097 | W39: 21.100097 | X39: 21.100097 | Y39: 21.100097 | Z39: 21.100097 | AA39: 21.100097 | AB39: 21.100097 | AC39: 0.16961493 | AD39: 0.16961493 | AE39: 0.16961493 | AF39: 0.16961493 | AG39: 0.16961493 | AH39: 0.16961493 | AI39: 0.16961493 | AJ39: 0.16961493 | AS39: 0.5 | AT39: 0.5 | AU39: 0.5 | AV39: 0.5 | AW39: 0.5 | AX39: 0.5 | AY39: 0.5 | AZ39: 0.5
A40: Electricity | B40: Grid | D40: 2020 | E40: Storage | F40: Pumped Hydro 12h Class 12 | G40: Storage | H40: ELCSTGGRDPSH12HC1220 | I40: 1 | J40: 0 | K40: 100 | L40: 31.536 | M40: 4141.3324 | N40: 4141.3324 | O40: 4141.3324 | P40: 4141.3324 | Q40: 4141.3324 | R40: 4141.3324 | S40: 4141.3324 | T40: 4141.3324 | U40: 21.100097 | V40: 21.100097 | W40: 21.100097 | X40: 21.100097 | Y40: 21.100097 | Z40: 21.100097 | AA40: 21.100097 | AB40: 21.100097 | AC40: 0.16961493 | AD40: 0.16961493 | AE40: 0.16961493 | AF40: 0.16961493 | AG40: 0.16961493 | AH40: 0.16961493 | AI40: 0.16961493 | AJ40: 0.16961493 | AS40: 0.5 | AT40: 0.5 | AU40: 0.5 | AV40: 0.5 | AW40: 0.5 | AX40: 0.5 | AY40: 0.5 | AZ40: 0.5
... A76: Electricity | B76: Grid | D76: 2020 | E76: Partly Dispatchable | F76: Concentrated Solar Class 3 | G76: Solar | H76: ELCSOLGRDCSPC320 | I76: 1 | J76: 0 | K76: 30 | L76: 31.536 | M76: 7714.0905 | N76: 6685.5451 | O76: 5399.8634 | P76: 5207.0111 | Q76: 5014.1588 | R76: 4821.3066 | S76: 4628.4543 | T76: 4628.4543 | U76: 78.138205 | V76: 69.456182 | W76: 58.603654 | X76: 58.603654 | Y76: 58.603654 | Z76: 58.603654 | AA76: 58.603654 | AB76: 58.603654 | AC76: 1.1510258 | AD76: 1.058261 | AE76: 0.94230516 | AF76: 0.94230516 | AG76: 0.94230516 | AH76: 0.94230516 | AI76: 0.94230516 | AJ76: 0.94230516 | AS76: 0.514 | AT76: 0.514 | AU76: 0.514 | AV76: 0.514 | AW76: 0.514 | AX76: 0.514 | AY76: 0.514 | AZ76: 0.514
A77: Electricity | B77: Grid | D77: 2020 | E77: Non Dispatchable | F77: Onshore Wind Turbine Class 1 | G77: Wind | H77: ELCWNDGRDWONC120 | I77: 1 | J77: 0 | K77: 30 | L77: 31.536 | M77: 1451.7715 | N77: 1350.9393 | O77: 1224.8989 | P77: 1164.5945 | Q77: 1104.2901 | R77: 1043.9857 | S77: 983.68133 | T77: 983.68133 | U77: 34.262216 | V77: 32.603758 | W77: 30.530687 | X77: 29.484728 | Y77: 28.43877 | Z77: 27.392811 | AA77: 26.346852 | AB77: 26.346852 | AS77: 0.49815 | AT77: 0.51345667 | AU77: 0.53259 | AV77: 0.5347425 | AW77: 0.536895 | AX77: 0.5390475 | AY77: 0.5412 | AZ77: 0.5412
A78: Electricity | B78: Grid | D78: 2020 | E78: Non Dispatchable | F78: Onshore Wind Turbine Class 2 | G78: Wind | H78: ELCWNDGRDWONC220 | I78: 1 | J78: 0 | K78: 30 | L78: 31.536 | M78: 1451.7715 | N78: 1350.9393 | O78: 1224.8989 | P78: 1164.5945 | Q78: 1104.2901 | R78: 1043.9857 | S78: 983.68133 | T78: 983.68133 | U78: 34.262216 | V78: 32.603758 | W78: 30.530687 | X78: 29.484728 | Y78: 28.43877 | Z78: 27.392811 | AA78: 26.346852 | AB78: 26.346852 | AS78: 0.46737 | AT78: 0.48173089 | AU78: 0.499682 | AV78: 0.5017015 | AW78: 0.503721 | AX78: 0.5057405 | AY78: 0.50776 | AZ78: 0.50776
A79: Electricity | B79: Grid | D79: 2020 | E79: Non Dispatchable | F79: Onshore Wind Turbine Class 3 | G79: Wind | H79: ELCWNDGRDWONC320 | I79: 1 | J79: 0 | K79: 30 | L79: 31.536 | M79: 1451.7715 | N79: 1350.9393 | O79: 1224.8989 | P79: 1164.5945 | Q79: 1104.2901 | R79: 1043.9857 | S79: 983.68133 | T79: 983.68133 | U79: 34.262216 | V79: 32.603758 | W79: 30.530687 | X79: 29.484728 | Y79: 28.43877 | Z79: 27.392811 | AA79: 26.346852 | AB79: 26.346852 | AS79: 0.45684 | AT79: 0.47087733 | AU79: 0.488424 | AV79: 0.490398 | AW79: 0.492372 | AX79: 0.494346 | AY79: 0.49632 | AZ79: 0.49632
A80: Electricity | B80: Grid | D80: 2020 | E80: Non Dispatchable | F80: Onshore Wind Turbine Class 4 | G80: Wind | H80: ELCWNDGRDWONC420 | I80: 1 | J80: 0 | K80: 30 | L80: 31.536 | M80: 1451.7715 | N80: 1350.9393 | O80: 1224.8989 | P80: 1164.5945 | Q80: 1104.2901 | R80: 1043.9857 | S80: 983.68133 | T80: 983.68133 | U80: 34.262216 | V80: 32.603758 | W80: 30.530687 | X80: 29.484728 | Y80: 28.43877 | Z80: 27.392811 | AA80: 26.346852 | AB80: 26.346852 | AS80: 0.44469 | AT80: 0.458354 | AU80: 0.475434 | AV80: 0.4773555 | AW80: 0.479277 | AX80: 0.4811985 | AY80: 0.48312 | AZ80: 0.48312
A81: Electricity | B81: Grid | D81: 2020 | E81: Non Dispatchable | F81: Onshore Wind Turbine Class 5 | G81: Wind | H81: ELCWNDGRDWONC520 | I81: 1 | J81: 0 | K81: 30 | L81: 31.536 | M81: 1451.7715 | N81: 1350.9393 | O81: 1224.8989 | P81: 1164.5945 | Q81: 1104.2901 | R81: 1043.9857 | S81: 983.68133 | T81: 983.68133 | U81: 34.262216 | V81: 32.603758 | W81: 30.530687 | X81: 29.484728 | Y81: 28.43877 | Z81: 27.392811 | AA81: 26.346852 | AB81: 26.346852 | AS81: 0.43011 | AT81: 0.443326 | AU81: 0.459846 | AV81: 0.4617045 | AW81: 0.463563 | AX81: 0.4654215 | AY81: 0.46728 | AZ81: 0.46728
A82: Electricity | B82: Grid | D82: 2020 | E82: Non Dispatchable | F82: Onshore Wind Turbine Class 6 | G82: Wind | H82: ELCWNDGRDWONC620 | I82: 1 | J82: 0 | K82: 30 | L82: 31.536 | M82: 1451.7715 | N82: 1350.9393 | O82: 1224.8989 | P82: 1164.5945 | Q82: 1104.2901 | R82: 1043.9857 | S82: 983.68133 | T82: 983.68133 | U82: 34.262216 | V82: 32.603758 | W82: 30.530687 | X82: 29.484728 | Y82: 28.43877 | Z82: 27.392811 | AA82: 26.346852 | AB82: 26.346852 | AS82: 0.40743 | AT82: 0.41994911 | AU82: 0.435598 | AV82: 0.4373585 | AW82: 0.439119 | AX82: 0.4408795 | AY82: 0.44264 | AZ82: 0.44264
A83: Electricity | B83: Grid | D83: 2020 | E83: Non Dispatchable | F83: Onshore Wind Turbine Class 7 | G83: Wind | H83: ELCWNDGRDWONC720 | I83: 1 | J83: 0 | K83: 30 | L83: 31.536 | M83: 1451.7715 | N83: 1350.9393 | O83: 1224.8989 | P83: 1164.5945 | Q83: 1104.2901 | R83: 1043.9857 | S83: 983.68133 | T83: 983.68133 | U83: 34.262216 | V83: 32.603758 | W83: 30.530687 | X83: 29.484728 | Y83: 28.43877 | Z83: 27.392811 | AA83: 26.346852 | AB83: 26.346852 | AS83: 0.37584 | AT83: 0.38738844 | AU83: 0.401824 | AV83: 0.403448 | AW83: 0.405072 | AX83: 0.406696 | AY83: 0.40832 | AZ83: 0.40832
A84: Electricity | B84: Grid | D84: 2020 | E84: Non Dispatchable | F84: Onshore Wind Turbine Class 8 | G84: Wind | H84: ELCWNDGRDWONC820 | I84: 1 | J84: 0 | K84: 30 | L84: 31.536 | M84: 1585.9778 | N84: 1451.0614 | O84: 1282.4159 | P84: 1219.7005 | Q84: 1156.985 | R84: 1094.2695 | S84: 1031.5541 | T84: 1031.5541 | U84: 32.226836 | V84: 30.266842 | W84: 27.816848 | X84: 26.883966 | Y84: 25.951084 | Z84: 25.018202 | AA84: 24.08532 | AB84: 24.08532 | AS84: 0.33939 | AT84: 0.34981844 | AU84: 0.362854 | AV84: 0.3643205 | AW84: 0.365787 | AX84: 0.3672535 | AY84: 0.36872 | AZ84: 0.36872
A85: Electricity | B85: Grid | D85: 2020 | E85: Non Dispatchable | F85: Onshore Wind Turbine Class 9 | G85: Wind | H85: ELCWNDGRDWONC920 | I85: 1 | J85: 0 | K85: 30 | L85: 31.536 | M85: 1508.2234 | N85: 1435.7946 | O85: 1345.2586 | P85: 1281.5798 | Q85: 1217.9009 | R85: 1154.2221 | S85: 1090.5433 | T85: 1090.5433 | U85: 43.421422 | V85: 41.762965 | W85: 39.689893 | X85: 38.13509 | Y85: 36.580286 | Z85: 35.025483 | AA85: 33.470679 | AB85: 33.470679 | AS85: 0.32805 | AT85: 0.33813 | AU85: 0.35073 | AV85: 0.3521475 | AW85: 0.353565 | AX85: 0.3549825 | AY85: 0.3564 | AZ85: 0.3564
A86: Electricity | B86: Grid | D86: 2020 | E86: Non Dispatchable | F86: Onshore Wind Turbine Class 10 | G86: Wind | H86: ELCWNDGRDWONC1020 | I86: 1 | J86: 0 | K86: 30 | L86: 31.536 | M86: 2088.719 | N86: 1887.5278 | O86: 1636.0389 | P86: 1557.4874 | Q86: 1478.9358 | R86: 1400.3842 | S86: 1321.8326 | T86: 1321.8326 | U86: 34.262216 | V86: 32.603758 | W86: 30.530687 | X86: 29.484728 | Y86: 28.43877 | Z86: 27.392811 | AA86: 26.346852 | AB86: 26.346852 | AS86: 0.25839 | AT86: 0.26632956 | AU86: 0.276254 | AV86: 0.2773705 | AW86: 0.278487 | AX86: 0.2796035 | AY86: 0.28072 | AZ86: 0.28072
A87: Electricity | B87: Grid | D87: 2020 | E87: Non Dispatchable | F87: Offshore Wind Turbine Class 1 | G87: Wind | H87: ELCWNDGRDWOFC120 | I87: 1 | J87: 0 | K87: 30 | L87: 31.536 | M87: 2535.3823 | N87: 2211.51 | O87: 2032.8204 | P87: 1922.3603 | Q87: 1842.1939 | R87: 1779.232 | S87: 1727.3792 | T87: 1727.3792 | U87: 121.32756 | V87: 107.77056 | W87: 98.274699 | X87: 91.909887 | Y87: 87.11563 | Z87: 83.268249 | AA87: 80.054708 | AB87: 80.054708 | AS87: 0.46351979 | AT87: 0.48634191 | AU87: 0.50892216 | AV87: 0.51900298 | AW87: 0.52783008 | AX87: 0.53590133 | AY87: 0.54346659 | AZ87: 0.54346659
A88: Electricity | B88: Grid | D88: 2020 | E88: Non Dispatchable | F88: Offshore Wind Turbine Class 2 | G88: Wind | H88: ELCWNDGRDWOFC220 | I88: 1 | J88: 0 | K88: 30 | L88: 31.536 | M88: 2543.1481 | N88: 2218.2839 | O88: 2039.0469 | P88: 1928.2485 | Q88: 1847.8366 | R88: 1784.6818 | S88: 1732.6702 | T88: 1732.6702 | U88: 123.93596 | V88: 110.0875 | W88: 100.38749 | X88: 93.88584 | Y88: 88.988513 | Z88: 85.058417 | AA88: 81.775789 | AB88: 81.775789 | AS88: 0.45177936 | AT88: 0.47432558 | AU88: 0.49671258 | AV88: 0.50666387 | AW88: 0.51539341 | AX88: 0.52338635 | AY88: 0.53088622 | AZ88: 0.53088622
... A111: Electricity | B111: Grid | D111: 2020 | E111: Baseload | F111: Near Field EGS Flash | G111: Geothermal | H111: ELCGEOGRDNEGSF20 | I111: 1 | J111: 0 | K111: 30 | L111: 31.536 | M111: 10912.239 | N111: 8830.3734 | O111: 7281.7718 | P111: 6496.0134 | Q111: 6335.229 | R111: 6178.4242 | S111: 6025.5005 | T111: 6025.5005 | U111: 229.03185 | V111: 208.81873 | W111: 183.55234 | X111: 158.28595 | Y111: 158.28595 | Z111: 158.28595 | AA111: 158.28595 | AB111: 158.28595 | AS111: 0.9 | AT111: 0.9 | AU111: 0.9 | AV111: 0.9 | AW111: 0.9 | AX111: 0.9 | AY111: 0.9 | AZ111: 0.9
A112: Electricity | B112: Grid | D112: 2020 | E112: Baseload | F112: Nuclear Power Plant | G112: Uranium | H112: ELCURNGRDNUCPP20 | I112: 1 | K112: 60 | L112: 31.536 | M112: 8444.1993 | N112: 7250.8324 | O112: 6914.1113 | P112: 6684.4877 | Q112: 6448.5118 | R112: 6226.9914 | S112: 5964.6352 | T112: 5964.6352 | U112: 172.01215 | V112: 172.01215 | W112: 172.01215 | X112: 172.01215 | Y112: 172.01215 | Z112: 172.01215 | AA112: 172.01215 | AB112: 172.01215 | AC112: 0.77583125 | AD112: 0.77583125 | AE112: 0.77583125 | AF112: 0.77583125 | AG112: 0.77583125 | AH112: 0.77583125 | AI112: 0.77583125 | AJ112: 0.77583125 | AK112: 0.3266145 | AL112: 0.3266145 | AM112: 0.3266145 | AN112: 0.3266145 | AO112: 0.3266145 | AP112: 0.3266145 | AQ112: 0.3266145 | AR112: 0.3266145 | AS112: 0.927 | AT112: 0.927 | AU112: 0.927 | AV112: 0.927 | AW112: 0.927 | AX112: 0.927 | AY112: 0.927 | AZ112: 0.927
A113: Electricity | B113: Grid | D113: 2020 | E113: Baseload | F113: Small Modular Reactor | G113: Uranium | H113: ELCURNGRDSMRPP20 | I113: 1 | K113: 45 | L113: 31.536 | M113: 9065.383 | N113: 7918.8504 | O113: 7552.3338 | P113: 7302.7832 | Q113: 7046.2922 | R113: 6805.5984 | S113: 6520.2689 | T113: 6520.2689 | U113: 134.33502 | V113: 134.33502 | W113: 134.33502 | X113: 134.33502 | Y113: 134.33502 | Z113: 134.33502 | AA113: 134.33502 | AB113: 134.33502 | AC113: 0.98313838 | AD113: 0.98313838 | AE113: 0.98313838 | AF113: 0.98313838 | AG113: 0.98313838 | AH113: 0.98313838 | AI113: 0.98313838 | AJ113: 0.98313838 | AK113: 0.3266145 | AL113: 0.3266145 | AM113: 0.3266145 | AN113: 0.3266145 | AO113: 0.3266145 | AP113: 0.3266145 | AQ113: 0.3266145 | AR113: 0.3266145 | AS113: 0.927 | AT113: 0.927 | AU113: 0.927 | AV113: 0.927 | AW113: 0.927 | AX113: 0.927 | AY113: 0.927 | AZ113: 0.927
A114: Electricity | B114: Grid | D114: 2020 | E114: Dispatchable | F114: Dedicated Biopower Plant | G114: Biomass | H114: ELCBIOGRDBIODPP20 | I114: 1 | K114: 15 | L114: 31.536 | M114: 5427.3483 | N114: 4740.3001 | O114: 4519.7512 | P114: 4369.112 | Q114: 4214.772 | R114: 4069.8801 | S114: 3897.253 | T114: 3897.253 | U114: 177.77906 | V114: 177.77906 | W114: 177.77906 | X114: 177.77906 | Y114: 177.77906 | Z114: 177.77906 | AA114: 177.77906 | AB114: 177.77906 | AC114: 1.5830727 | AD114: 1.5830727 | AE114: 1.5830727 | AF114: 1.5830727 | AG114: 1.5830727 | AH114: 1.5830727 | AI114: 1.5830727 | AJ114: 1.5830727 | AK114: 0.25275123 | AL114: 0.25275123 | AM114: 0.25275123 | AN114: 0.25275123 | AO114: 0.25275123 | AP114: 0.25275123 | AQ114: 0.25275123 | AR114: 0.25275123 | AS114: 0.635 | AT114: 0.635 | AU114: 0.635 | AV114: 0.635 | AW114: 0.635 | AX114: 0.635 | AY114: 0.635 | AZ114: 0.635
A115: Electricity | B115: Grid | D115: 2020 | E115: Storage | F115: Utility-Scale Battery Storage 10H | G115: Storage | H115: ELCSTGGRDUBES10H20 | I115: 1 | K115: 15 | L115: 31.536 | M115: 3979.7975 | N115: 3570.9589 | O115: 2904.7141 | P115: 2659.4797 | Q115: 2415.0338 | R115: 2171.5587 | S115: 1929.2968 | T115: 1929.2968 | U115: 99.494938 | V115: 89.273971 | W115: 72.617854 | X115: 66.486991 | Y115: 60.375846 | Z115: 54.288966 | AA115: 48.232419 | AB115: 48.232419 | AS115: 0.41666667 | AT115: 0.41666667 | AU115: 0.41666667 | AV115: 0.41666667 | AW115: 0.41666667 | AX115: 0.41666667 | AY115: 0.41666667 | AZ115: 0.41666667
A116: Electricity | B116: Grid | D116: 2020 | E116: Storage | F116: Utility-Scale Battery Storage 2H | G116: Storage | H116: ELCSTGGRDUBES2H20 | I116: 1 | K116: 15 | L116: 31.536 | M116: 1066.482 | N116: 974.98777 | O116: 846.78511 | P116: 788.57211 | Q116: 730.1218 | R116: 671.37944 | S116: 612.27201 | T116: 612.27201 | U116: 26.66205 | V116: 24.374694 | W116: 21.169628 | X116: 19.714303 | Y116: 18.253045 | Z116: 16.784486 | AA116: 15.3068 | AB116: 15.3068 | AS116: 0.083333333 | AT116: 0.083333333 | AU116: 0.083333333 | AV116: 0.083333333 | AW116: 0.083333333 | AX116: 0.083333333 | AY116: 0.083333333 | AZ116: 0.083333333
A117: Electricity | B117: Grid | D117: 2020 | E117: Storage | F117: Utility-Scale Battery Storage 4H | G117: Storage | H117: ELCSTGGRDUBES4H20 | I117: 1 | K117: 15 | L117: 31.536 | M117: 1794.8109 | N117: 1623.9805 | O117: 1361.2674 | P117: 1256.299 | Q117: 1151.3498 | R117: 1046.4242 | S117: 941.5282 | T117: 941.5282 | U117: 44.870272 | V117: 40.599513 | W117: 34.031684 | X117: 31.407475 | Y117: 28.783745 | Z117: 26.160606 | AA117: 23.538205 | AB117: 23.538205 | AS117: 0.16666667 | AT117: 0.16666667 | AU117: 0.16666667 | AV117: 0.16666667 | AW117: 0.16666667 | AX117: 0.16666667 | AY117: 0.16666667 | AZ117: 0.16666667
A118: Electricity | B118: Grid | D118: 2020 | E118: Storage | F118: Utility-Scale Battery Storage 6H | G118: Storage | H118: ELCSTGGRDUBES6H20 | I118: 1 | K118: 15 | L118: 31.536 | M118: 2523.1398 | N118: 2272.9733 | O118: 1875.7496 | P118: 1724.0259 | Q118: 1572.5778 | R118: 1421.469 | S118: 1270.7844 | T118: 1270.7844 | U118: 63.078494 | V118: 56.824333 | W118: 46.893741 | X118: 43.100647 | Y118: 39.314445 | Z118: 35.536726 | AA118: 31.76961 | AB118: 31.76961 | AS118: 0.25 | AT118: 0.25 | AU118: 0.25 | AV118: 0.25 | AW118: 0.25 | AX118: 0.25 | AY118: 0.25 | AZ118: 0.25
A119: Electricity | B119: Grid | D119: 2020 | E119: Storage | F119: Utility-Scale Battery Storage 8H | G119: Storage | H119: ELCSTGGRDUBES8H20 | I119: 1 | K119: 15 | L119: 31.536 | M119: 3251.4686 | N119: 2921.9661 | O119: 2390.2319 | P119: 2191.7528 | Q119: 1993.8058 | R119: 1796.5139 | S119: 1600.0406 | T119: 1600.0406 | U119: 81.286716 | V119: 73.049152 | W119: 59.755797 | X119: 54.793819 | Y119: 49.845146 | Z119: 44.912846 | AA119: 40.001015 | AB119: 40.001015 | AS119: 0.33333333 | AT119: 0.33333333 | AU119: 0.33333333 | AV119: 0.33333333 | AW119: 0.33333333 | AX119: 0.33333333 | AY119: 0.33333333 | AZ119: 0.33333333
A120: Electricity | B120: Grid | D120: 2020 | E120: Dispatchable | F120: Coal Power Plant w/ 95% CCS | G120: Coal | H120: ELCCOAGRD95CCS20 | I120: 1 | K120: 30 | L120: 31.536 | M120: 5365.9379 | N120: 5176.1953 | O120: 4859.8069 | P120: 4543.5316 | Q120: 4295.7808 | R120: 4048.0299 | S120: 3800.279 | T120: 3800.279 | U120: 138.06655 | V120: 135.23964 | W120: 127.88966 | X120: 120.65275 | Y120: 114.88584 | Z120: 109.11894 | AA120: 103.35203 | AB120: 103.35203 | AC120: 4.6141543 | AD120: 4.4885136 | AE120: 4.2780654 | AF120: 4.0707583 | AG120: 3.9985149 | AH120: 3.9231305 | AI120: 3.8508871 | AJ120: 3.8508871 | AK120: 0.31195298 | AL120: 0.31684851 | AM120: 0.32533769 | AN120: 0.33429427 | AO120: 0.33429427 | AP120: 0.33429427 | AQ120: 0.33429427 | AR120: 0.33429427 | AS120: 0.9 | AT120: 0.9 | AU120: 0.9 | AV120: 0.9 | AW120: 0.9 | AX120: 0.9 | AY120: 0.9 | AZ120: 0.9
A121: Electricity | B121: Grid | D121: 2020 | E121: Dispatchable | F121: Coal Power Plant w/ 99% CCS | G121: Coal | H121: ELCCOAGRD99CCS20 | I121: 1 | K121: 30 | L121: 31.536 | M121: 5490.096 | N121: 5291.7596 | O121: 4961.1236 | P121: 4630.4875 | Q121: 4377.9875 | R121: 4125.6004 | S121: 3873.1004 | T121: 3873.1004 | U121: 140.89347 | V121: 137.8404 | W121: 130.26427 | X121: 122.57505 | Y121: 116.69507 | Z121: 110.92816 | AA121: 105.04818 | AB121: 105.04818 | AC121: 4.7272309 | AD121: 4.5953082 | AE121: 4.3754369 | AF121: 4.1587068 | AG121: 4.0833224 | AH121: 4.0079379 | AI121: 3.9325535 | AJ121: 3.9325535 | AK121: 0.30695769 | AL121: 0.31195298 | AM121: 0.32059961 | AN121: 0.32973924 | AO121: 0.32973924 | AP121: 0.32973924 | AQ121: 0.32973924 | AR121: 0.32973924 | AS121: 0.9 | AT121: 0.9 | AU121: 0.9 | AV121: 0.9 | AW121: 0.9 | AX121: 0.9 | AY121: 0.9 | AZ121: 0.9
A122: Electricity | B122: Grid | D122: 2020 | E122: Dispatchable | F122: Coal Power Plant Conventional | G122: Coal | H122: ELCCOAGRDCONV20 | I122: 1 | K122: 30 | L122: 31.536 | M122: 3230.2598 | N122: 3177.453 | O122: 3089.5925 | P122: 3001.6188 | Q122: 2857.6723 | R122: 2713.8389 | S122: 2569.8923 | T122: 2569.8923 | U122: 87.747456 | V122: 86.842843 | W122: 84.920541 | X122: 82.885162 | Y122: 79.492863 | Z122: 76.213641 | AA122: 72.821343 | AB122: 72.821343 | AC122: 2.6573005 | AD122: 2.6258904 | AE122: 2.5693521 | AF122: 2.5159548 | AG122: 2.4719805 | AH122: 2.4311473 | AI122: 2.3871731 | AJ122: 2.3871731 | AK122: 0.40190125 | AL122: 0.40529061 | AM122: 0.4111014 | AN122: 0.41703027 | AO122: 0.41703027 | AP122: 0.41703027 | AQ122: 0.41703027 | AR122: 0.41703027 | AS122: 0.9 | AT122: 0.9 | AU122: 0.9 | AV122: 0.9 | AW122: 0.9 | AX122: 0.9 | AY122: 0.9 | AZ122: 0.9
A123: Electricity | B123: Grid | D123: 2020 | E123: Dispatchable | F123: Coal Power Plant IGCC | G123: Coal | H123: ELCCOAGRDIGCC20 | I123: 1 | K123: 30 | L123: 31.536 | M123: 5656.5448 | N123: 5623.0741 | O123: 5567.3273 | P123: 5511.6936 | Q123: 5455.9469 | R123: 5400.3132 | S123: 5344.5664 | T123: 5344.5664 | U123: 169.72801 | V123: 169.16262 | W123: 167.69263 | X123: 166.10955 | Y123: 164.63956 | Z123: 163.05648 | AA123: 161.58649 | AB123: 161.58649 | AC123: 4.6392824 | AD123: 4.6172953 | AE123: 4.5827441 | AF123: 4.5481929 | AG123: 4.5105007 | AH123: 4.4759495 | AI123: 4.4413983 | AJ123: 4.4413983 | AK123: 0.41070554 | AL123: 0.41070554 | AM123: 0.41070554 | AN123: 0.41070554 | AO123: 0.41070554 | AP123: 0.41070554 | AQ123: 0.41070554 | AR123: 0.41070554 | AS123: 0.9 | AT123: 0.9 | AU123: 0.9 | AV123: 0.9 | AW123: 0.9 | AX123: 0.9 | AY123: 0.9 | AZ123: 0.9
A124: Electricity | B124: Grid | D124: 2020 | E124: Dispatchable | F124: Retrofit Coal Power Plant w/ 90% CCS | G124: Coal | H124: ELCCOAGRD90RCCS20 | I124: 1 | K124: 30 | L124: 31.536 | M124: 2270.1262 | N124: 2135.4519 | O124: 1910.7687 | P124: 1686.1985 | Q124: 1593.7019 | R124: 1501.0921 | S124: 1408.5954 | T124: 1408.5954 | U124: 162.37802 | V124: 158.75957 | W124: 152.65344 | X124: 146.43422 | Y124: 141.2327 | Z124: 135.9181 | AA124: 130.71657 | AB124: 130.71657 | AC124: 5.0287685 | AD124: 4.937679 | AE124: 4.7837692 | AF124: 4.6330004 | AG124: 4.567039 | AH124: 4.4979366 | AI124: 4.4319753 | AJ124: 4.4319753 | AK124: 0.29384616 | AL124: 0.29603866 | AM124: 0.29973135 | AN124: 0.30354431 | AO124: 0.30354431 | AP124: 0.30354431 | AQ124: 0.30354431 | AR124: 0.30354431 | AS124: 0.9 | AT124: 0.9 | AU124: 0.9 | AV124: 0.9 | AW124: 0.9 | AX124: 0.9 | AY124: 0.9 | AZ124: 0.9
A125: Electricity | B125: Grid | D125: 2020 | E125: Dispatchable | F125: Retrofit Coal Power Plant w/ 95% CCS | G125: Coal | H125: ELCCOAGRD95RCCS20 | I125: 1 | K125: 30 | L125: 31.536 | M125: 2372.3475 | N125: 2230.7755 | O125: 1994.6716 | P125: 1758.6807 | Q125: 1662.1132 | R125: 1565.6589 | S125: 1469.2045 | T125: 1469.2045 | U125: 166.33571 | V125: 162.4911 | W125: 155.93266 | X125: 149.48729 | Y125: 144.05961 | Z125: 138.74501 | AA125: 133.31733 | AB125: 133.31733 | AC125: 5.1449862 | AD125: 5.0507556 | AE125: 4.8905638 | AF125: 4.7303719 | AG125: 4.6612695 | AH125: 4.5921671 | AI125: 4.5230648 | AJ125: 4.5230648 | AK125: 0.28933619 | AL125: 0.29163604 | AM125: 0.29552587 | AN125: 0.29952086 | AO125: 0.29952086 | AP125: 0.29952086 | AQ125: 0.29952086 | AR125: 0.29952086 | AS125: 0.9 | AT125: 0.9 | AU125: 0.9 | AV125: 0.9 | AW125: 0.9 | AX125: 0.9 | AY125: 0.9 | AZ125: 0.9
A126: Electricity | B126: Grid | D126: 2020 | E126: Dispatchable | F126: F-Frame Combustion Turbine | G126: Natural gas | H126: ELCNGAGRDFFCT20 | I126: 1 | K126: 30 | L126: 31.536 | M126: 1133.7062 | N126: 1106.7939 | O126: 1062.0156 | P126: 1017.2373 | Q126: 972.34585 | R126: 927.56751 | S126: 882.78916 | T126: 882.78916 | U126: 27.138389 | V126: 26.686082 | W126: 25.894546 | X126: 25.216086 | Y126: 24.42455 | Z126: 23.633013 | AA126: 22.954554 | AB126: 22.954554 | AC126: 2.0228151 | AD126: 2.0228151 | AE126: 2.0228151 | AF126: 2.0228151 | AG126: 2.0228151 | AH126: 2.0228151 | AI126: 2.0228151 | AJ126: 2.0228151 | AK126: 0.35115176 | AL126: 0.35115176 | AM126: 0.35115176 | AN126: 0.35115176 | AO126: 0.35115176 | AP126: 0.35115176 | AQ126: 0.35115176 | AR126: 0.35115176 | AS126: 0.9 | AT126: 0.9 | AU126: 0.9 | AV126: 0.9 | AW126: 0.9 | AX126: 0.9 | AY126: 0.9 | AZ126: 0.9
A127: Electricity | B127: Grid | D127: 2020 | E127: Dispatchable | F127: F-Frame Combined Cycle | G127: Natural gas | H127: ELCNGAGRDFFCC20 | I127: 1 | K127: 30 | L127: 31.536 | M127: 1262.3874 | N127: 1229.7082 | O127: 1175.2053 | P127: 1120.7024 | Q127: 1074.5671 | R127: 1028.4318 | S127: 982.40967 | T127: 982.40967 | U127: 35.166828 | V127: 34.149139 | W127: 32.45299 | X127: 30.643764 | Y127: 29.512998 | Z127: 28.382231 | AA127: 27.251465 | AB127: 27.251465 | AC127: 0.61563937 | AD127: 0.59993428 | AE127: 0.57794716 | AF127: 0.55596004 | AG127: 0.54025496 | AH127: 0.52454987 | AI127: 0.50884479 | AJ127: 0.50884479 | AK127: 0.53624731 | AL127: 0.54023775 | AM127: 0.54699289 | AN127: 0.55400903 | AO127: 0.55400903 | AP127: 0.55400903 | AQ127: 0.55400903 | AR127: 0.55400903 | AS127: 0.9 | AT127: 0.9 | AU127: 0.9 | AV127: 0.9 | AW127: 0.9 | AX127: 0.9 | AY127: 0.9 | AZ127: 0.9
A128: Electricity | B128: Grid | D128: 2020 | E128: Dispatchable | F128: F-Frame Combined Cycle w/ 95% CCS | G128: Natural gas | H128: ELCNGAGRDFFCC95CCS20 | I128: 1 | K128: 30 | L128: 31.536 | M128: 2692.9197 | N128: 2538.7962 | O128: 2281.8862 | P128: 2024.9761 | Q128: 1909.2987 | R128: 1793.7344 | S128: 1678.1701 | T128: 1678.1701 | U128: 72.029806 | V128: 67.959048 | W128: 61.061374 | X128: 54.1637 | Y128: 51.336785 | Z128: 48.50987 | AA128: 45.682954 | AB128: 45.682954 | AC128: 1.454291 | AD128: 1.3883296 | AE128: 1.275253 | AF128: 1.1653174 | AG128: 1.1244842 | AH128: 1.0836509 | AI128: 1.0428177 | AJ128: 1.0428177 | AK128: 0.4725958 | AL128: 0.47829291 | AM128: 0.48814616 | AN128: 0.49834112 | AO128: 0.49834112 | AP128: 0.49834112 | AQ128: 0.49834112 | AR128: 0.49834112 | AS128: 0.9 | AT128: 0.9 | AU128: 0.9 | AV128: 0.9 | AW128: 0.9 | AX128: 0.9 | AY128: 0.9 | AZ128: 0.9
A129: Electricity | B129: Grid | D129: 2020 | E129: Dispatchable | F129: F-Frame Combined Cycle w/ 97% CCS | G129: Natural gas | H129: ELCNGAGRDFFCC97CCS20 | I129: 1 | K129: 30 | L129: 31.536 | M129: 2734.0796 | N129: 2576.3377 | O129: 2313.4345 | P129: 2050.5314 | Q129: 1933.4971 | R129: 1816.4628 | S129: 1699.3154 | T129: 1699.3154 | U129: 73.047496 | V129: 68.863661 | W129: 61.852911 | X129: 54.84216 | Y129: 52.015245 | Z129: 49.075253 | AA129: 46.248337 | AB129: 46.248337 | AC129: 1.4794191 | AD129: 1.4103167 | AE129: 1.2972401 | AF129: 1.1841635 | AG129: 1.1433303 | AH129: 1.102497 | AI129: 1.0616638 | AJ129: 1.0616638 | AK129: 0.46999196 | AL129: 0.47582508 | AM129: 0.48571411 | AN129: 0.49609503 | AO129: 0.49609503 | AP129: 0.49609503 | AQ129: 0.49609503 | AR129: 0.49609503 | AS129: 0.9 | AT129: 0.9 | AU129: 0.9 | AV129: 0.9 | AW129: 0.9 | AX129: 0.9 | AY129: 0.9 | AZ129: 0.9
A130: Electricity | B130: Grid | D130: 2020 | E130: Dispatchable | F130: Retrofit F-Frame Combined Cycle w/ 90% CCS | G130: Natural gas | H130: ELCNGAGRDFFCC90RCCS20 | I130: 1 | K130: 30 | L130: 31.536 | M130: 1410.6308 | N130: 1322.9964 | O130: 1176.9014 | P130: 1030.8065 | Q130: 971.78046 | R130: 912.86754 | S130: 853.84155 | T130: 853.84155 | U130: 72.934419 | V130: 70.446734 | W130: 66.262899 | X130: 62.19214 | Y130: 59.252148 | Z130: 56.312156 | AA130: 53.372164 | AB130: 53.372164 | AC130: 1.454291 | AD130: 1.4103167 | AE130: 1.3380733 | AF130: 1.2689709 | AG130: 1.2249967 | AH130: 1.1841635 | AI130: 1.1401892 | AJ130: 1.1401892 | AK130: 0.47272674 | AL130: 0.47456768 | AM130: 0.47769028 | AN130: 0.48078648 | AO130: 0.48078648 | AP130: 0.48078648 | AQ130: 0.48078648 | AR130: 0.48078648 | AS130: 0.9 | AT130: 0.9 | AU130: 0.9 | AV130: 0.9 | AW130: 0.9 | AX130: 0.9 | AY130: 0.9 | AZ130: 0.9
A131: Electricity | B131: Grid | D131: 2020 | E131: Dispatchable | F131: Retrofit F-Frame Combined Cycle w/ 95% CCS | G131: Natural gas | H131: ELCNGAGRDFFCC95RCCS20 | I131: 1 | K131: 30 | L131: 31.536 | M131: 1473.2753 | N131: 1381.2309 | O131: 1227.899 | P131: 1074.454 | Q131: 1012.9404 | R131: 951.53975 | S131: 890.02607 | T131: 890.02607 | U131: 74.630568 | V131: 72.029806 | W131: 67.732895 | X131: 63.435983 | Y131: 60.382915 | Z131: 57.329846 | AA131: 54.389854 | AB131: 54.389854 | AC131: 1.4919832 | AD131: 1.4480089 | AE131: 1.3726245 | AF131: 1.2972401 | AG131: 1.2564069 | AH131: 1.2124326 | AI131: 1.1684584 | AJ131: 1.1684584 | AK131: 0.46934548 | AL131: 0.4712252 | AM131: 0.47450169 | AN131: 0.47782406 | AO131: 0.47782406 | AP131: 0.47782406 | AQ131: 0.47782406 | AR131: 0.47782406 | AS131: 0.9 | AT131: 0.9 | AU131: 0.9 | AV131: 0.9 | AW131: 0.9 | AX131: 0.9 | AY131: 0.9 | AZ131: 0.9
... A136: Electricity | B136: Grid | D136: 2020 | E136: Dispatchable | F136: Retrofit H-Frame Combined Cycle w/ 95% CCS | G136: Natural gas | H136: ELCNGAGRDHFCC95RCCS20 | I136: 1 | K136: 30 | L136: 31.536 | M136: 1280.8189 | N136: 1200.8737 | O136: 1067.6694 | P136: 934.46518 | Q136: 880.97994 | R136: 827.4947 | S136: 774.00946 | T136: 774.00946 | U136: 69.315967 | V136: 67.054435 | W136: 63.20983 | X136: 59.365225 | Y136: 56.425233 | Z136: 53.598317 | AA136: 50.658325 | AB136: 50.658325 | AC136: 1.4165988 | AD136: 1.3757655 | AE136: 1.3098042 | AF136: 1.2407018 | AG136: 1.1998686 | AH136: 1.1590353 | AI136: 1.1182021 | AJ136: 1.1182021 | AK136: 0.48392308 | AL136: 0.48592162 | AM136: 0.48926608 | AN136: 0.49272803 | AO136: 0.49272803 | AP136: 0.49272803 | AQ136: 0.49272803 | AR136: 0.49272803 | AS136: 0.9 | AT136: 0.9 | AU136: 0.9 | AV136: 0.9 | AW136: 0.9 | AX136: 0.9 | AY136: 0.9 | AZ136: 0.9
A137: Electricity | B137: Decentralized | D137: 2020 | E137: Non Dispatchable | F137: Commercial DW - Class 10 | G137: Wind | H137: ELCWNDDCECDWC1020 | I137: 1 | J137: 233.39318 | K137: 30 | L137: 31.536 | M137: 4917.4185 | N137: 4821.6848 | O137: 2984.1898 | P137: 2539.1897 | Q137: 2093.98 | R137: 1896.0959 | S137: 1698.2119 | T137: 1698.2119 | U137: 41.271179 | V137: 40.608188 | W137: 39.77945 | X137: 39.157896 | Y137: 38.536342 | Z137: 37.914788 | AA137: 37.293234 | AB137: 37.293234 | AS137: 0.1269585 | AT137: 0.1691445 | AU137: 0.221877 | AV137: 0.221877 | AW137: 0.221877 | AX137: 0.221877 | AY137: 0.221877 | AZ137: 0.221877
A138: Electricity | B138: Decentralized | D138: 2020 | E138: Non Dispatchable | F138: Commercial DW - Class 1 | G138: Wind | H138: ELCWNDDCECDWC120 | I138: 1 | J138: 233.39318 | K138: 30 | L138: 31.536 | M138: 4917.4185 | N138: 4821.6848 | O138: 2984.1898 | P138: 2539.1897 | Q138: 2093.98 | R138: 1896.0959 | S138: 1698.2119 | T138: 1698.2119 | U138: 41.271179 | V138: 40.608188 | W138: 39.77945 | X138: 39.157896 | Y138: 38.536342 | Z138: 37.914788 | AA138: 37.293234 | AB138: 37.293234 | AS138: 0.4520577 | AT138: 0.5055645 | AU138: 0.572448 | AV138: 0.572448 | AW138: 0.572448 | AX138: 0.572448 | AY138: 0.572448 | AZ138: 0.572448
A139: Electricity | B139: Decentralized | D139: 2020 | E139: Non Dispatchable | F139: Commercial DW - Class 2 | G139: Wind | H139: ELCWNDDCECDWC220 | I139: 1 | J139: 233.39318 | K139: 30 | L139: 31.536 | M139: 4917.4185 | N139: 4821.6848 | O139: 2984.1898 | P139: 2539.1897 | Q139: 2093.98 | R139: 1896.0959 | S139: 1698.2119 | T139: 1698.2119 | U139: 41.271179 | V139: 40.608188 | W139: 39.77945 | X139: 39.157896 | Y139: 38.536342 | Z139: 37.914788 | AA139: 37.293234 | AB139: 37.293234 | AS139: 0.4120255 | AT139: 0.4677395 | AU139: 0.537382 | AV139: 0.537382 | AW139: 0.537382 | AX139: 0.537382 | AY139: 0.537382 | AZ139: 0.537382
A140: Electricity | B140: Decentralized | D140: 2020 | E140: Non Dispatchable | F140: Commercial DW - Class 3 | G140: Wind | H140: ELCWNDDCECDWC320 | I140: 1 | J140: 233.39318 | K140: 30 | L140: 31.536 | M140: 4917.4185 | N140: 4821.6848 | O140: 2984.1898 | P140: 2539.1897 | Q140: 2093.98 | R140: 1896.0959 | S140: 1698.2119 | T140: 1698.2119 | U140: 41.271179 | V140: 40.608188 | W140: 39.77945 | X140: 39.157896 | Y140: 38.536342 | Z140: 37.914788 | AA140: 37.293234 | AB140: 37.293234 | AS140: 0.3982038 | AT140: 0.454523 | AU140: 0.524922 | AV140: 0.524922 | AW140: 0.524922 | AX140: 0.524922 | AY140: 0.524922 | AZ140: 0.524922
A141: Electricity | B141: Decentralized | D141: 2020 | E141: Non Dispatchable | F141: Commercial DW - Class 4 | G141: Wind | H141: ELCWNDDCECDWC420 | I141: 1 | J141: 233.39318 | K141: 30 | L141: 31.536 | M141: 4917.4185 | N141: 4878.2231 | O141: 3372.0239 | P141: 2767.064 | Q141: 2154.1096 | R141: 1956.2255 | S141: 1758.3414 | T141: 1758.3414 | U141: 41.271179 | V141: 40.608188 | W141: 39.77945 | X141: 39.157896 | Y141: 38.536342 | Z141: 37.914788 | AA141: 37.293234 | AB141: 37.293234 | AS141: 0.3839193 | AT141: 0.4407725 | AU141: 0.511839 | AV141: 0.511839 | AW141: 0.511839 | AX141: 0.511839 | AY141: 0.511839 | AZ141: 0.511839
A142: Electricity | B142: Decentralized | D142: 2020 | E142: Non Dispatchable | F142: Commercial DW - Class 5 | G142: Wind | H142: ELCWNDDCECDWC520 | I142: 1 | J142: 233.39318 | K142: 30 | L142: 31.536 | M142: 4917.4185 | N142: 4821.6848 | O142: 2984.1898 | P142: 2539.1897 | Q142: 2093.98 | R142: 1896.0959 | S142: 1698.2119 | T142: 1698.2119 | U142: 41.271179 | V142: 40.608188 | W142: 39.77945 | X142: 39.157896 | Y142: 38.536342 | Z142: 37.914788 | AA142: 37.293234 | AB142: 37.293234 | AS142: 0.3663418 | AT142: 0.423729 | AU142: 0.495463 | AV142: 0.495463 | AW142: 0.495463 | AX142: 0.495463 | AY142: 0.495463 | AZ142: 0.495463
A143: Electricity | B143: Decentralized | D143: 2020 | E143: Non Dispatchable | F143: Commercial DW - Class 6 | G143: Wind | H143: ELCWNDDCECDWC620 | I143: 1 | J143: 233.39318 | K143: 30 | L143: 31.536 | M143: 4917.4185 | N143: 4821.6848 | O143: 2984.1898 | P143: 2539.1897 | Q143: 2093.98 | R143: 1896.0959 | S143: 1698.2119 | T143: 1698.2119 | U143: 41.271179 | V143: 40.608188 | W143: 39.77945 | X143: 39.157896 | Y143: 38.536342 | Z143: 37.914788 | AA143: 37.293234 | AB143: 37.293234 | AS143: 0.3402025 | AT143: 0.3980525 | AU143: 0.470365 | AV143: 0.470365 | AW143: 0.470365 | AX143: 0.470365 | AY143: 0.470365 | AZ143: 0.470365
A144: Electricity | B144: Decentralized | D144: 2020 | E144: Non Dispatchable | F144: Commercial DW - Class 7 | G144: Wind | H144: ELCWNDDCECDWC720 | I144: 1 | J144: 233.39318 | K144: 30 | L144: 31.536 | M144: 4917.4185 | N144: 4821.6848 | O144: 2984.1898 | P144: 2539.1897 | Q144: 2093.98 | R144: 1896.0959 | S144: 1698.2119 | T144: 1698.2119 | U144: 41.271179 | V144: 40.608188 | W144: 39.77945 | X144: 39.157896 | Y144: 38.536342 | Z144: 37.914788 | AA144: 37.293234 | AB144: 37.293234 | AS144: 0.3037036 | AT144: 0.361518 | AU144: 0.433786 | AV144: 0.433786 | AW144: 0.433786 | AX144: 0.433786 | AY144: 0.433786 | AZ144: 0.433786
A145: Electricity | B145: Decentralized | D145: 2020 | E145: Non Dispatchable | F145: Commercial DW - Class 8 | G145: Wind | H145: ELCWNDDCECDWC820 | I145: 1 | J145: 233.39318 | K145: 30 | L145: 31.536 | M145: 4917.4185 | N145: 4821.6848 | O145: 2984.1898 | P145: 2539.1897 | Q145: 2093.98 | R145: 1896.0959 | S145: 1698.2119 | T145: 1698.2119 | U145: 41.271179 | V145: 40.608188 | W145: 39.77945 | X145: 39.157896 | Y145: 38.536342 | Z145: 37.914788 | AA145: 37.293234 | AB145: 37.293234 | AS145: 0.2594083 | AT145: 0.3166175 | AU145: 0.388129 | AV145: 0.388129 | AW145: 0.388129 | AX145: 0.388129 | AY145: 0.388129 | AZ145: 0.388129
A146: Electricity | B146: Decentralized | D146: 2020 | E146: Non Dispatchable | F146: Commercial DW - Class 9 | G146: Wind | H146: ELCWNDDCECDWC920 | I146: 1 | J146: 233.39318 | K146: 30 | L146: 31.536 | M146: 4917.4185 | N146: 4821.6848 | O146: 2984.1898 | P146: 2539.1897 | Q146: 2093.98 | R146: 1896.0959 | S146: 1698.2119 | T146: 1698.2119 | U146: 41.271179 | V146: 40.608188 | W146: 39.77945 | X146: 39.157896 | Y146: 38.536342 | Z146: 37.914788 | AA146: 37.293234 | AB146: 37.293234 | AS146: 0.2115263 | AT146: 0.2651755 | AU146: 0.332237 | AV146: 0.332237 | AW146: 0.332237 | AX146: 0.332237 | AY146: 0.332237 | AZ146: 0.332237
A147: Electricity | B147: Decentralized | D147: 2020 | E147: Non Dispatchable | F147: Residential DW - Class 10 | G147: Wind | H147: ELCWNDDCERDWC1020 | I147: 1 | J147: 233.39318 | K147: 30 | L147: 31.536 | M147: 6549.0142 | N147: 6421.1426 | O147: 3968.0772 | P147: 3222.0032 | Q147: 2629.6923 | R147: 2226.8699 | S147: 1953.2584 | T147: 1953.2584 | U147: 41.271179 | V147: 40.608188 | W147: 39.77945 | X147: 39.157896 | Y147: 38.536342 | Z147: 37.914788 | AA147: 37.293234 | AB147: 37.293234 | AS147: 0.18580308 | AT147: 0.19076038 | AU147: 0.196957 | AV147: 0.196957 | AW147: 0.196957 | AX147: 0.196957 | AY147: 0.196957 | AZ147: 0.196957
A148: Electricity | B148: Decentralized | D148: 2020 | E148: Non Dispatchable | F148: Residential DW - Class 1 | G148: Wind | H148: ELCWNDDCERDWC120 | I148: 1 | J148: 233.39318 | K148: 30 | L148: 31.536 | M148: 6549.0142 | N148: 6421.1426 | O148: 3968.0772 | P148: 3222.0032 | Q148: 2629.6923 | R148: 2226.8699 | S148: 1953.2584 | T148: 1953.2584 | U148: 41.271179 | V148: 40.608188 | W148: 39.77945 | X148: 39.157896 | Y148: 38.536342 | Z148: 37.914788 | AA148: 37.293234 | AB148: 37.293234 | AS148: 0.3975897 | AT148: 0.4404165 | AU148: 0.49395 | AV148: 0.49395 | AW148: 0.49395 | AX148: 0.49395 | AY148: 0.49395 | AZ148: 0.49395
... A176: Electricity | B176: Decentralized | D176: 2020 | E176: Non Dispatchable | F176: Commercial PV - Class 9 | G176: Solar | H176: ELCSOLDCECDPV920 | I176: 1 | J176: 700.17955 | K176: 30 | L176: 31.536 | M176: 1912.2643 | N176: 1887.7034 | O176: 1569.6288 | P176: 1251.5542 | Q176: 1147.1546 | R176: 1042.7549 | S176: 938.35527 | T176: 938.35527 | U176: 20.242248 | V176: 19.891925 | W176: 17.127058 | X176: 14.362191 | Y176: 13.454696 | Z176: 12.5472 | AA176: 11.639705 | AB176: 11.639705 | AS176: 0.13298485 | AT176: 0.13567732 | AU176: 0.1390429 | AV176: 0.14240849 | AW176: 0.14476702 | AX176: 0.14712555 | AY176: 0.14948408 | AZ176: 0.14948408
A177: Electricity | B177: Decentralized | D177: 2020 | E177: Storage | F177: Residential Battery Storage - 5 kW - 12.5 kWh | G177: Storage | H177: ELCSTGDCERBES2.5H20 | I177: 1 | K177: 15 | L177: 31.536 | M177: 4162.5408 | N177: 3570.6787 | O177: 3116.0249 | P177: 2921.2733 | Q177: 2726.5218 | R177: 2531.7702 | S177: 2337.0187 | T177: 2337.0187 | U177: 104.06352 | V177: 89.266968 | W177: 77.900622 | X177: 73.031833 | Y177: 68.163044 | Z177: 63.294255 | AA177: 58.425466 | AB177: 58.425466 | AS177: 0.10416667 | AT177: 0.10416667 | AU177: 0.10416667 | AV177: 0.10416667 | AW177: 0.10416667 | AX177: 0.10416667 | AY177: 0.10416667 | AZ177: 0.10416667
A178: Electricity | B178: Decentralized | D178: 2020 | E178: Storage | F178: Residential Battery Storage - 5 kW - 20 kWh | G178: Storage | H178: ELCSTGDCERBES4H20 | I178: 1 | K178: 15 | L178: 31.536 | M178: 5380.281 | N178: 4339.0575 | O178: 3736.158 | P178: 3502.6481 | Q178: 3269.1382 | R178: 3035.6284 | S178: 2802.1185 | T178: 2802.1185 | U178: 134.50702 | V178: 108.47644 | W178: 93.40395 | X178: 87.566203 | Y178: 81.728456 | Z178: 75.890709 | AA178: 70.052962 | AB178: 70.052962 | AS178: 0.16666667 | AT178: 0.16666667 | AU178: 0.16666667 | AV178: 0.16666667 | AW178: 0.16666667 | AX178: 0.16666667 | AY178: 0.16666667 | AZ178: 0.16666667
A179: Electricity | B179: Decentralized | D179: 2020 | E179: Storage | F179: Commercial Battery Storage 1Hr | G179: Storage | H179: ELCSTGDCECBES1H20 | I179: 1 | K179: 15 | L179: 31.536 | M179: 1385.4371 | N179: 1492.1377 | O179: 1275.5618 | P179: 1195.8392 | Q179: 1116.1166 | R179: 1036.394 | S179: 956.67138 | T179: 956.67138 | U179: 34.635927 | V179: 37.303443 | W179: 31.889046 | X179: 29.895981 | Y179: 27.902915 | Z179: 25.90985 | AA179: 23.916785 | AB179: 23.916785 | AS179: 0.041666667 | AT179: 0.041666667 | AU179: 0.041666667 | AV179: 0.041666667 | AW179: 0.041666667 | AX179: 0.041666667 | AY179: 0.041666667 | AZ179: 0.041666667
A180: Electricity | B180: Decentralized | D180: 2020 | E180: Storage | F180: Commercial Battery Storage 2Hr | G180: Storage | H180: ELCSTGDCECBES2H20 | I180: 1 | K180: 15 | L180: 31.536 | M180: 1650.7408 | N180: 1728.1483 | O180: 1457.1876 | P180: 1366.1134 | Q180: 1275.0391 | R180: 1183.9649 | S180: 1092.8907 | T180: 1092.8907 | U180: 41.268519 | V180: 43.203709 | W180: 36.42969 | X180: 34.152834 | Y180: 31.875979 | Z180: 29.599123 | AA180: 27.322267 | AB180: 27.322267 | AS180: 0.083333333 | AT180: 0.083333333 | AU180: 0.083333333 | AV180: 0.083333333 | AW180: 0.083333333 | AX180: 0.083333333 | AY180: 0.083333333 | AZ180: 0.083333333
A181: Electricity | B181: Decentralized | D181: 2020 | E181: Storage | F181: Commercial Battery Storage 4Hr | G181: Storage | H181: ELCSTGDCECBES4H20 | I181: 1 | K181: 15 | L181: 31.536 | M181: 2181.3481 | N181: 2200.1696 | O181: 1820.4391 | P181: 1706.6617 | Q181: 1592.8842 | R181: 1479.1068 | S181: 1365.3293 | T181: 1365.3293 | U181: 54.533703 | V181: 55.004241 | W181: 45.510977 | X181: 42.666541 | Y181: 39.822105 | Z181: 36.977669 | AA181: 34.133233 | AB181: 34.133233 | AS181: 0.16666667 | AT181: 0.16666667 | AU181: 0.16666667 | AV181: 0.16666667 | AW181: 0.16666667 | AX181: 0.16666667 | AY181: 0.16666667 | AZ181: 0.16666667
A182: Electricity | B182: Decentralized | D182: 2020 | E182: Storage | F182: Commercial Battery Storage 6Hr | G182: Storage | H182: ELCSTGDCECBES6H20 | I182: 1 | K182: 15 | L182: 31.536 | M182: 2711.9555 | N182: 2672.1909 | O182: 2183.6906 | P182: 2047.2099 | Q182: 1910.7293 | R182: 1774.2486 | S182: 1637.768 | T182: 1637.768 | U182: 67.798887 | V182: 66.804772 | W182: 54.592265 | X182: 51.180248 | Y182: 47.768232 | Z182: 44.356215 | AA182: 40.944199 | AB182: 40.944199 | AS182: 0.25 | AT182: 0.25 | AU182: 0.25 | AV182: 0.25 | AW182: 0.25 | AX182: 0.25 | AY182: 0.25 | AZ182: 0.25
A183: Electricity | B183: Decentralized | D183: 2020 | E183: Storage | F183: Commercial Battery Storage 8Hr | G183: Storage | H183: ELCSTGDCECBES8H20 | I183: 1 | K183: 15 | L183: 31.536 | M183: 3242.5629 | N183: 3144.2122 | O183: 2546.9421 | P183: 2387.7582 | Q183: 2228.5743 | R183: 2069.3905 | S183: 1910.2066 | T183: 1910.2066 | U183: 81.064072 | V183: 78.605304 | W183: 63.673553 | X183: 59.693956 | Y183: 55.714359 | Z183: 51.734761 | AA183: 47.755164 | AB183: 47.755164 | AS183: 0.33333333 | AT183: 0.33333333 | AU183: 0.33333333 | AV183: 0.33333333 | AW183: 0.33333333 | AX183: 0.33333333 | AY183: 0.33333333 | AZ183: 0.33333333

Sheet ENE TECH
H1: 2023 Dollar / GJ
A2: GHGI Sector | B2: GHGI Energy | C2: AEO Sector | D2: AEO Energy | E2: Description | F2: Multiplicateur | G2: Commodity Label | H2: 2019 | I2: 2020 | J2: 2021 | K2: 2022 | L2: 2023 | M2: 2024 | N2: 2025 | O2: 2030 | P2: 2035 | Q2: 2040 | R2: 2045 | S2: 2050 | T2: 2055 | U2: 2060 | V2: 2065 | W2: 2070 | X2: 2075 | Y2: 2080 | Z2: 2085 | AA2: 2090 | AB2: 2095 | AC2: 2100
A3: Residential | B3: LPG | C3: Residential | D3: Propane | E3: Hydrocarbon gas liquids price in the residential sector | F3: 1 | G3: RESLPG | H3: 33.139282 | I3: 28.404792 | J3: 34.017648 | K3: 36.740013 | L3: 38.524662 | M3: 38.53425 | N3: 37.487506 | O3: 36.540775 | P3: 42.127352 | Q3: 46.993146 | R3: 51.097312 | S3: 54.209147 | T3: 54.209147 | U3: 54.209147 | V3: 54.209147 | W3: 54.209147 | X3: 54.209147 | Y3: 54.209147 | Z3: 54.209147 | AA3: 54.209147 | AB3: 54.209147 | AC3: 54.209147
A4: Residential | B4: Fuel oil | C4: Residential | D4: Distillate Fuel Oil | E4: Distillate fuel oil price in the residential sector | F4: 1 | G4: RESFOI | H4: 21.264373 | I4: 17.088445 | J4: 19.92401 | K4: 21.518489 | L4: 19.660523 | M4: 18.79016 | N4: 17.783449 | O4: 17.917993 | P4: 19.239678 | Q4: 20.738888 | R4: 22.093132 | S4: 23.258847 | T4: 23.258847 | U4: 23.258847 | V4: 23.258847 | W4: 23.258847 | X4: 23.258847 | Y4: 23.258847 | Z4: 23.258847 | AA4: 23.258847 | AB4: 23.258847 | AC4: 23.258847
A5: Residential | B5: Kerosene | C5: Residential | D5: Distillate Fuel Oil | E5: Kerosene price in the residential sector | F5: 1 | G5: RESKER | H5: 24.732951 | I5: 15.775618 | J5: 24.575447 | K5: 26.54217 | L5: 24.250446 | M5: 23.176889 | N5: 21.935152 | O5: 22.101108 | P5: 23.731351 | Q5: 25.580565 | R5: 27.250969 | S5: 28.68883 | T5: 28.68883 | U5: 28.68883 | V5: 28.68883 | W5: 28.68883 | X5: 28.68883 | Y5: 28.68883 | Z5: 28.68883 | AA5: 28.68883 | AB5: 28.68883 | AC5: 28.68883
A6: Residential | B6: Natural gas | C6: Residential | D6: Natural Gas | E6: Natural gas price in the residential sector (including supplemental gaseous fuels) | F6: 1 | G6: RESNGA | H6: 13.498734 | I6: 13.43206 | J6: 14.30799 | K6: 15.45303 | L6: 14.920712 | M6: 13.39134 | N6: 12.76654 | O6: 12.386274 | P6: 13.885007 | Q6: 15.199748 | R6: 16.020235 | S6: 16.83725 | T6: 16.83725 | U6: 16.83725 | V6: 16.83725 | W6: 16.83725 | X6: 16.83725 | Y6: 16.83725 | Z6: 16.83725 | AA6: 16.83725 | AB6: 16.83725 | AC6: 16.83725
A7: Residential | B7: RNG | C7: Residential | D7: Natural Gas | E7: Natural gas price in the residential sector (including supplemental gaseous fuels) | F7: 2 | G7: RESRNG | H7: 26.997469 | I7: 26.86412 | J7: 28.61598 | K7: 30.90606 | L7: 29.841423 | M7: 26.78268 | N7: 25.533081 | O7: 24.772548 | P7: 27.770013 | Q7: 30.399496 | R7: 32.04047 | S7: 33.6745 | T7: 33.6745 | U7: 33.6745 | V7: 33.6745 | W7: 33.6745 | X7: 33.6745 | Y7: 33.6745 | Z7: 33.6745 | AA7: 33.6745 | AB7: 33.6745 | AC7: 33.6745
A8: Residential | B8: Electricity | C8: Residential | D8: Electricity | E8: Electricity price in the residential sector | F8: 1 | G8: RESELC | H8: 58.082115 | I8: 58.393657 | J8: 61.197471 | K8: 66.094982 | L8: 62.991999 | M8: 60.939902 | N8: 59.863655 | O8: 61.403024 | P8: 67.073536 | Q8: 72.818505 | R8: 77.93633 | S8: 81.383542 | T8: 81.383542 | U8: 81.383542 | V8: 81.383542 | W8: 81.383542 | X8: 81.383542 | Y8: 81.383542 | Z8: 81.383542 | AA8: 81.383542 | AB8: 81.383542 | AC8: 81.383542
